<Annotations MicronsPerPixel="0.493400">
	<Annotation Id="1" Name="" ReadOnly="0" NameReadOnly="0" LineColorReadOnly="0" Incremental="0" Type="4" LineColor="16776960" Visible="1" Selected="1" MarkupImagePath="" MacroName=""><Attributes></Attributes><Regions><RegionAttributeHeaders></RegionAttributeHeaders><Region Id="1" Type="0" Zoom="0.131426" Selected="0" ImageLocation="" ImageFocus="-1" Length="10603.3" Area="5076187.0" LengthMicrons="5231.7" AreaMicrons="1235765.1" Text="" NegativeROA="0" InputRegionId="0" Analyze="1" DisplayId="1"><Attributes></Attributes><Vertices><Vertex X="3142" Y="12859" Z="0"/><Vertex X="3127" Y="12859" Z="0"/><Vertex X="3112" Y="12859" Z="0"/><Vertex X="3112" Y="12852" Z="0"/><Vertex X="3104" Y="12852" Z="0"/><Vertex X="3089" Y="12852" Z="0"/><Vertex X="3081" Y="12852" Z="0"/><Vertex X="3081" Y="12837" Z="0"/><Vertex X="3058" Y="12837" Z="0"/><Vertex X="3036" Y="12821" Z="0"/><Vertex X="3020" Y="12821" Z="0"/><Vertex X="2998" Y="12806" Z="0"/><Vertex X="2975" Y="12806" Z="0"/><Vertex X="2952" Y="12791" Z="0"/><Vertex X="2937" Y="12791" Z="0"/><Vertex X="2914" Y="12791" Z="0"/><Vertex X="2914" Y="12783" Z="0"/><Vertex X="2891" Y="12783" Z="0"/><Vertex X="2883" Y="12783" Z="0"/><Vertex X="2868" Y="12783" Z="0"/><Vertex X="2868" Y="12768" Z="0"/><Vertex X="2845" Y="12768" Z="0"/><Vertex X="2838" Y="12768" Z="0"/><Vertex X="2815" Y="12768" Z="0"/><Vertex X="2807" Y="12768" Z="0"/><Vertex X="2785" Y="12768" Z="0"/><Vertex X="2769" Y="12768" Z="0"/><Vertex X="2754" Y="12753" Z="0"/><Vertex X="2747" Y="12753" Z="0"/><Vertex X="2724" Y="12753" Z="0"/><Vertex X="2708" Y="12753" Z="0"/><Vertex X="2693" Y="12753" Z="0"/><Vertex X="2678" Y="12753" Z="0"/><Vertex X="2663" Y="12753" Z="0"/><Vertex X="2648" Y="12753" Z="0"/><Vertex X="2625" Y="12753" Z="0"/><Vertex X="2610" Y="12753" Z="0"/><Vertex X="2610" Y="12761" Z="0"/><Vertex X="2587" Y="12761" Z="0"/><Vertex X="2564" Y="12776" Z="0"/><Vertex X="2549" Y="12776" Z="0"/><Vertex X="2549" Y="12783" Z="0"/><Vertex X="2526" Y="12783" Z="0"/><Vertex X="2526" Y="12799" Z="0"/><Vertex X="2511" Y="12799" Z="0"/><Vertex X="2511" Y="12814" Z="0"/><Vertex X="2503" Y="12814" Z="0"/><Vertex X="2503" Y="12829" Z="0"/><Vertex X="2488" Y="12829" Z="0"/><Vertex X="2488" Y="12852" Z="0"/><Vertex X="2480" Y="12852" Z="0"/><Vertex X="2480" Y="12875" Z="0"/><Vertex X="2465" Y="12875" Z="0"/><Vertex X="2465" Y="12890" Z="0"/><Vertex X="2450" Y="12890" Z="0"/><Vertex X="2450" Y="12913" Z="0"/><Vertex X="2442" Y="12913" Z="0"/><Vertex X="2442" Y="12936" Z="0"/><Vertex X="2442" Y="12951" Z="0"/><Vertex X="2442" Y="12966" Z="0"/><Vertex X="2442" Y="12996" Z="0"/><Vertex X="2442" Y="13004" Z="0"/><Vertex X="2442" Y="13034" Z="0"/><Vertex X="2442" Y="13065" Z="0"/><Vertex X="2442" Y="13073" Z="0"/><Vertex X="2442" Y="13103" Z="0"/><Vertex X="2442" Y="13118" Z="0"/><Vertex X="2450" Y="13133" Z="0"/><Vertex X="2450" Y="13156" Z="0"/><Vertex X="2457" Y="13179" Z="0"/><Vertex X="2457" Y="13202" Z="0"/><Vertex X="2457" Y="13217" Z="0"/><Vertex X="2473" Y="13217" Z="0"/><Vertex X="2473" Y="13240" Z="0"/><Vertex X="2473" Y="13263" Z="0"/><Vertex X="2473" Y="13270" Z="0"/><Vertex X="2488" Y="13293" Z="0"/><Vertex X="2488" Y="13308" Z="0"/><Vertex X="2488" Y="13316" Z="0"/><Vertex X="2488" Y="13339" Z="0"/><Vertex X="2488" Y="13346" Z="0"/><Vertex X="2488" Y="13362" Z="0"/><Vertex X="2503" Y="13362" Z="0"/><Vertex X="2503" Y="13384" Z="0"/><Vertex X="2503" Y="13415" Z="0"/><Vertex X="2503" Y="13430" Z="0"/><Vertex X="2511" Y="13453" Z="0"/><Vertex X="2511" Y="13468" Z="0"/><Vertex X="2511" Y="13476" Z="0"/><Vertex X="2511" Y="13491" Z="0"/><Vertex X="2526" Y="13506" Z="0"/><Vertex X="2526" Y="13514" Z="0"/><Vertex X="2526" Y="13529" Z="0"/><Vertex X="2526" Y="13537" Z="0"/><Vertex X="2541" Y="13552" Z="0"/><Vertex X="2541" Y="13575" Z="0"/><Vertex X="2541" Y="13590" Z="0"/><Vertex X="2556" Y="13613" Z="0"/><Vertex X="2556" Y="13636" Z="0"/><Vertex X="2556" Y="13651" Z="0"/><Vertex X="2556" Y="13666" Z="0"/><Vertex X="2556" Y="13681" Z="0"/><Vertex X="2556" Y="13689" Z="0"/><Vertex X="2556" Y="13704" Z="0"/><Vertex X="2572" Y="13719" Z="0"/><Vertex X="2572" Y="13727" Z="0"/><Vertex X="2572" Y="13742" Z="0"/><Vertex X="2579" Y="13742" Z="0"/><Vertex X="2579" Y="13757" Z="0"/><Vertex X="2579" Y="13765" Z="0"/><Vertex X="2579" Y="13780" Z="0"/><Vertex X="2594" Y="13780" Z="0"/><Vertex X="2594" Y="13788" Z="0"/><Vertex X="2594" Y="13803" Z="0"/><Vertex X="2602" Y="13803" Z="0"/><Vertex X="2602" Y="13818" Z="0"/><Vertex X="2602" Y="13826" Z="0"/><Vertex X="2617" Y="13826" Z="0"/><Vertex X="2617" Y="13841" Z="0"/><Vertex X="2617" Y="13849" Z="0"/><Vertex X="2632" Y="13864" Z="0"/><Vertex X="2632" Y="13879" Z="0"/><Vertex X="2648" Y="13894" Z="0"/><Vertex X="2648" Y="13902" Z="0"/><Vertex X="2655" Y="13902" Z="0"/><Vertex X="2655" Y="13917" Z="0"/><Vertex X="2670" Y="13932" Z="0"/><Vertex X="2670" Y="13948" Z="0"/><Vertex X="2686" Y="13948" Z="0"/><Vertex X="2686" Y="13963" Z="0"/><Vertex X="2686" Y="13970" Z="0"/><Vertex X="2693" Y="13970" Z="0"/><Vertex X="2693" Y="13993" Z="0"/><Vertex X="2693" Y="14016" Z="0"/><Vertex X="2708" Y="14016" Z="0"/><Vertex X="2708" Y="14031" Z="0"/><Vertex X="2708" Y="14054" Z="0"/><Vertex X="2716" Y="14054" Z="0"/><Vertex X="2716" Y="14069" Z="0"/><Vertex X="2716" Y="14077" Z="0"/><Vertex X="2731" Y="14077" Z="0"/><Vertex X="2731" Y="14092" Z="0"/><Vertex X="2747" Y="14092" Z="0"/><Vertex X="2747" Y="14100" Z="0"/><Vertex X="2754" Y="14100" Z="0"/><Vertex X="2754" Y="14115" Z="0"/><Vertex X="2769" Y="14115" Z="0"/><Vertex X="2769" Y="14130" Z="0"/><Vertex X="2777" Y="14130" Z="0"/><Vertex X="2777" Y="14138" Z="0"/><Vertex X="2792" Y="14138" Z="0"/><Vertex X="2792" Y="14153" Z="0"/><Vertex X="2807" Y="14153" Z="0"/><Vertex X="2807" Y="14161" Z="0"/><Vertex X="2815" Y="14161" Z="0"/><Vertex X="2815" Y="14176" Z="0"/><Vertex X="2830" Y="14191" Z="0"/><Vertex X="2830" Y="14214" Z="0"/><Vertex X="2830" Y="14229" Z="0"/><Vertex X="2845" Y="14229" Z="0"/><Vertex X="2845" Y="14252" Z="0"/><Vertex X="2845" Y="14260" Z="0"/><Vertex X="2845" Y="14275" Z="0"/><Vertex X="2845" Y="14290" Z="0"/><Vertex X="2845" Y="14305" Z="0"/><Vertex X="2845" Y="14328" Z="0"/><Vertex X="2845" Y="14351" Z="0"/><Vertex X="2853" Y="14366" Z="0"/><Vertex X="2853" Y="14389" Z="0"/><Vertex X="2853" Y="14412" Z="0"/><Vertex X="2853" Y="14427" Z="0"/><Vertex X="2853" Y="14450" Z="0"/><Vertex X="2853" Y="14473" Z="0"/><Vertex X="2868" Y="14488" Z="0"/><Vertex X="2868" Y="14503" Z="0"/><Vertex X="2883" Y="14518" Z="0"/><Vertex X="2883" Y="14533" Z="0"/><Vertex X="2899" Y="14549" Z="0"/><Vertex X="2899" Y="14564" Z="0"/><Vertex X="2906" Y="14564" Z="0"/><Vertex X="2906" Y="14579" Z="0"/><Vertex X="2922" Y="14579" Z="0"/><Vertex X="2922" Y="14594" Z="0"/><Vertex X="2944" Y="14617" Z="0"/><Vertex X="2944" Y="14632" Z="0"/><Vertex X="2960" Y="14648" Z="0"/><Vertex X="2960" Y="14655" Z="0"/><Vertex X="2967" Y="14670" Z="0"/><Vertex X="2967" Y="14686" Z="0"/><Vertex X="2982" Y="14686" Z="0"/><Vertex X="2982" Y="14708" Z="0"/><Vertex X="2998" Y="14708" Z="0"/><Vertex X="2998" Y="14731" Z="0"/><Vertex X="3005" Y="14731" Z="0"/><Vertex X="3005" Y="14754" Z="0"/><Vertex X="3020" Y="14754" Z="0"/><Vertex X="3020" Y="14769" Z="0"/><Vertex X="3043" Y="14769" Z="0"/><Vertex X="3043" Y="14785" Z="0"/><Vertex X="3051" Y="14785" Z="0"/><Vertex X="3051" Y="14800" Z="0"/><Vertex X="3066" Y="14800" Z="0"/><Vertex X="3066" Y="14807" Z="0"/><Vertex X="3074" Y="14807" Z="0"/><Vertex X="3074" Y="14830" Z="0"/><Vertex X="3097" Y="14830" Z="0"/><Vertex X="3097" Y="14845" Z="0"/><Vertex X="3112" Y="14845" Z="0"/><Vertex X="3112" Y="14861" Z="0"/><Vertex X="3119" Y="14861" Z="0"/><Vertex X="3119" Y="14883" Z="0"/><Vertex X="3135" Y="14883" Z="0"/><Vertex X="3135" Y="14899" Z="0"/><Vertex X="3150" Y="14899" Z="0"/><Vertex X="3150" Y="14921" Z="0"/><Vertex X="3173" Y="14921" Z="0"/><Vertex X="3173" Y="14944" Z="0"/><Vertex X="3188" Y="14944" Z="0"/><Vertex X="3188" Y="14952" Z="0"/><Vertex X="3203" Y="14952" Z="0"/><Vertex X="3203" Y="14967" Z="0"/><Vertex X="3226" Y="14967" Z="0"/><Vertex X="3226" Y="14982" Z="0"/><Vertex X="3249" Y="14982" Z="0"/><Vertex X="3272" Y="14990" Z="0"/><Vertex X="3279" Y="14990" Z="0"/><Vertex X="3302" Y="14990" Z="0"/><Vertex X="3317" Y="14990" Z="0"/><Vertex X="3340" Y="14990" Z="0"/><Vertex X="3355" Y="14990" Z="0"/><Vertex X="3378" Y="14990" Z="0"/><Vertex X="3393" Y="14990" Z="0"/><Vertex X="3408" Y="14990" Z="0"/><Vertex X="3416" Y="14990" Z="0"/><Vertex X="3431" Y="14990" Z="0"/><Vertex X="3439" Y="14990" Z="0"/><Vertex X="3454" Y="14990" Z="0"/><Vertex X="3469" Y="14990" Z="0"/><Vertex X="3477" Y="14990" Z="0"/><Vertex X="3492" Y="14990" Z="0"/><Vertex X="3500" Y="14990" Z="0"/><Vertex X="3523" Y="14990" Z="0"/><Vertex X="3545" Y="14990" Z="0"/><Vertex X="3568" Y="14975" Z="0"/><Vertex X="3576" Y="14975" Z="0"/><Vertex X="3599" Y="14975" Z="0"/><Vertex X="3599" Y="14960" Z="0"/><Vertex X="3622" Y="14960" Z="0"/><Vertex X="3637" Y="14960" Z="0"/><Vertex X="3652" Y="14960" Z="0"/><Vertex X="3652" Y="14952" Z="0"/><Vertex X="3675" Y="14952" Z="0"/><Vertex X="3682" Y="14952" Z="0"/><Vertex X="3698" Y="14952" Z="0"/><Vertex X="3698" Y="14937" Z="0"/><Vertex X="3720" Y="14937" Z="0"/><Vertex X="3736" Y="14937" Z="0"/><Vertex X="3751" Y="14921" Z="0"/><Vertex X="3766" Y="14921" Z="0"/><Vertex X="3781" Y="14921" Z="0"/><Vertex X="3781" Y="14914" Z="0"/><Vertex X="3804" Y="14914" Z="0"/><Vertex X="3819" Y="14914" Z="0"/><Vertex X="3819" Y="14899" Z="0"/><Vertex X="3842" Y="14899" Z="0"/><Vertex X="3857" Y="14883" Z="0"/><Vertex X="3865" Y="14883" Z="0"/><Vertex X="3880" Y="14876" Z="0"/><Vertex X="3911" Y="14861" Z="0"/><Vertex X="3933" Y="14861" Z="0"/><Vertex X="3933" Y="14845" Z="0"/><Vertex X="3956" Y="14845" Z="0"/><Vertex X="3964" Y="14845" Z="0"/><Vertex X="3964" Y="14830" Z="0"/><Vertex X="3979" Y="14830" Z="0"/><Vertex X="3987" Y="14830" Z="0"/><Vertex X="4002" Y="14823" Z="0"/><Vertex X="4025" Y="14823" Z="0"/><Vertex X="4048" Y="14823" Z="0"/><Vertex X="4063" Y="14823" Z="0"/><Vertex X="4086" Y="14823" Z="0"/><Vertex X="4108" Y="14823" Z="0"/><Vertex X="4124" Y="14823" Z="0"/><Vertex X="4139" Y="14823" Z="0"/><Vertex X="4147" Y="14823" Z="0"/><Vertex X="4162" Y="14823" Z="0"/><Vertex X="4177" Y="14823" Z="0"/><Vertex X="4185" Y="14823" Z="0"/><Vertex X="4200" Y="14823" Z="0"/><Vertex X="4207" Y="14823" Z="0"/><Vertex X="4223" Y="14823" Z="0"/><Vertex X="4238" Y="14823" Z="0"/><Vertex X="4245" Y="14823" Z="0"/><Vertex X="4268" Y="14823" Z="0"/><Vertex X="4291" Y="14823" Z="0"/><Vertex X="4299" Y="14823" Z="0"/><Vertex X="4314" Y="14823" Z="0"/><Vertex X="4322" Y="14823" Z="0"/><Vertex X="4337" Y="14823" Z="0"/><Vertex X="4352" Y="14823" Z="0"/><Vertex X="4360" Y="14823" Z="0"/><Vertex X="4375" Y="14823" Z="0"/><Vertex X="4382" Y="14823" Z="0"/><Vertex X="4413" Y="14823" Z="0"/><Vertex X="4428" Y="14823" Z="0"/><Vertex X="4436" Y="14823" Z="0"/><Vertex X="4451" Y="14823" Z="0"/><Vertex X="4459" Y="14823" Z="0"/><Vertex X="4474" Y="14823" Z="0"/><Vertex X="4489" Y="14823" Z="0"/><Vertex X="4512" Y="14823" Z="0"/><Vertex X="4527" Y="14823" Z="0"/><Vertex X="4550" Y="14823" Z="0"/><Vertex X="4565" Y="14823" Z="0"/><Vertex X="4565" Y="14838" Z="0"/><Vertex X="4588" Y="14838" Z="0"/><Vertex X="4611" Y="14838" Z="0"/><Vertex X="4618" Y="14853" Z="0"/><Vertex X="4634" Y="14853" Z="0"/><Vertex X="4649" Y="14853" Z="0"/><Vertex X="4656" Y="14861" Z="0"/><Vertex X="4672" Y="14861" Z="0"/><Vertex X="4687" Y="14876" Z="0"/><Vertex X="4702" Y="14876" Z="0"/><Vertex X="4702" Y="14891" Z="0"/><Vertex X="4717" Y="14891" Z="0"/><Vertex X="4732" Y="14891" Z="0"/><Vertex X="4732" Y="14899" Z="0"/><Vertex X="4740" Y="14899" Z="0"/><Vertex X="4755" Y="14914" Z="0"/><Vertex X="4770" Y="14914" Z="0"/><Vertex X="4770" Y="14929" Z="0"/><Vertex X="4778" Y="14929" Z="0"/><Vertex X="4801" Y="14944" Z="0"/><Vertex X="4824" Y="14944" Z="0"/><Vertex X="4824" Y="14952" Z="0"/><Vertex X="4831" Y="14952" Z="0"/><Vertex X="4847" Y="14967" Z="0"/><Vertex X="4862" Y="14967" Z="0"/><Vertex X="4862" Y="14982" Z="0"/><Vertex X="4869" Y="14982" Z="0"/><Vertex X="4885" Y="14982" Z="0"/><Vertex X="4885" Y="14990" Z="0"/><Vertex X="4900" Y="14990" Z="0"/><Vertex X="4907" Y="14990" Z="0"/><Vertex X="4923" Y="15005" Z="0"/><Vertex X="4930" Y="15005" Z="0"/><Vertex X="4945" Y="15005" Z="0"/><Vertex X="4961" Y="15005" Z="0"/><Vertex X="4976" Y="15005" Z="0"/><Vertex X="4991" Y="15020" Z="0"/><Vertex X="5006" Y="15020" Z="0"/><Vertex X="5014" Y="15020" Z="0"/><Vertex X="5029" Y="15036" Z="0"/><Vertex X="5044" Y="15036" Z="0"/><Vertex X="5067" Y="15043" Z="0"/><Vertex X="5075" Y="15043" Z="0"/><Vertex X="5090" Y="15058" Z="0"/><Vertex X="5105" Y="15058" Z="0"/><Vertex X="5105" Y="15074" Z="0"/><Vertex X="5113" Y="15074" Z="0"/><Vertex X="5128" Y="15074" Z="0"/><Vertex X="5128" Y="15081" Z="0"/><Vertex X="5136" Y="15081" Z="0"/><Vertex X="5151" Y="15081" Z="0"/><Vertex X="5166" Y="15081" Z="0"/><Vertex X="5174" Y="15081" Z="0"/><Vertex X="5189" Y="15081" Z="0"/><Vertex X="5197" Y="15081" Z="0"/><Vertex X="5219" Y="15081" Z="0"/><Vertex X="5242" Y="15081" Z="0"/><Vertex X="5257" Y="15081" Z="0"/><Vertex X="5280" Y="15081" Z="0"/><Vertex X="5280" Y="15066" Z="0"/><Vertex X="5295" Y="15066" Z="0"/><Vertex X="5303" Y="15051" Z="0"/><Vertex X="5326" Y="15051" Z="0"/><Vertex X="5326" Y="15043" Z="0"/><Vertex X="5341" Y="15043" Z="0"/><Vertex X="5364" Y="15028" Z="0"/><Vertex X="5372" Y="15028" Z="0"/><Vertex X="5372" Y="15013" Z="0"/><Vertex X="5387" Y="15013" Z="0"/><Vertex X="5402" Y="14998" Z="0"/><Vertex X="5410" Y="14998" Z="0"/><Vertex X="5410" Y="14990" Z="0"/><Vertex X="5425" Y="14990" Z="0"/><Vertex X="5425" Y="14975" Z="0"/><Vertex X="5432" Y="14975" Z="0"/><Vertex X="5432" Y="14960" Z="0"/><Vertex X="5448" Y="14960" Z="0"/><Vertex X="5448" Y="14952" Z="0"/><Vertex X="5463" Y="14952" Z="0"/><Vertex X="5463" Y="14937" Z="0"/><Vertex X="5470" Y="14937" Z="0"/><Vertex X="5486" Y="14929" Z="0"/><Vertex X="5501" Y="14929" Z="0"/><Vertex X="5501" Y="14906" Z="0"/><Vertex X="5509" Y="14906" Z="0"/><Vertex X="5509" Y="14883" Z="0"/><Vertex X="5524" Y="14868" Z="0"/><Vertex X="5524" Y="14861" Z="0"/><Vertex X="5524" Y="14845" Z="0"/><Vertex X="5539" Y="14845" Z="0"/><Vertex X="5539" Y="14838" Z="0"/><Vertex X="5539" Y="14815" Z="0"/><Vertex X="5539" Y="14792" Z="0"/><Vertex X="5539" Y="14769" Z="0"/><Vertex X="5539" Y="14754" Z="0"/><Vertex X="5539" Y="14739" Z="0"/><Vertex X="5539" Y="14731" Z="0"/><Vertex X="5539" Y="14708" Z="0"/><Vertex X="5539" Y="14686" Z="0"/><Vertex X="5539" Y="14670" Z="0"/><Vertex X="5539" Y="14655" Z="0"/><Vertex X="5539" Y="14640" Z="0"/><Vertex X="5539" Y="14632" Z="0"/><Vertex X="5531" Y="14617" Z="0"/><Vertex X="5531" Y="14610" Z="0"/><Vertex X="5516" Y="14587" Z="0"/><Vertex X="5516" Y="14564" Z="0"/><Vertex X="5501" Y="14564" Z="0"/><Vertex X="5501" Y="14549" Z="0"/><Vertex X="5486" Y="14541" Z="0"/><Vertex X="5486" Y="14526" Z="0"/><Vertex X="5478" Y="14526" Z="0"/><Vertex X="5478" Y="14503" Z="0"/><Vertex X="5463" Y="14488" Z="0"/><Vertex X="5463" Y="14473" Z="0"/><Vertex X="5448" Y="14473" Z="0"/><Vertex X="5448" Y="14450" Z="0"/><Vertex X="5440" Y="14450" Z="0"/><Vertex X="5440" Y="14435" Z="0"/><Vertex X="5425" Y="14435" Z="0"/><Vertex X="5425" Y="14412" Z="0"/><Vertex X="5410" Y="14412" Z="0"/><Vertex X="5410" Y="14389" Z="0"/><Vertex X="5387" Y="14389" Z="0"/><Vertex X="5387" Y="14374" Z="0"/><Vertex X="5372" Y="14374" Z="0"/><Vertex X="5372" Y="14351" Z="0"/><Vertex X="5364" Y="14351" Z="0"/><Vertex X="5364" Y="14328" Z="0"/><Vertex X="5349" Y="14328" Z="0"/><Vertex X="5349" Y="14313" Z="0"/><Vertex X="5334" Y="14313" Z="0"/><Vertex X="5334" Y="14290" Z="0"/><Vertex X="5326" Y="14275" Z="0"/><Vertex X="5311" Y="14244" Z="0"/><Vertex X="5311" Y="14237" Z="0"/><Vertex X="5295" Y="14221" Z="0"/><Vertex X="5295" Y="14199" Z="0"/><Vertex X="5280" Y="14199" Z="0"/><Vertex X="5280" Y="14176" Z="0"/><Vertex X="5265" Y="14161" Z="0"/><Vertex X="5265" Y="14138" Z="0"/><Vertex X="5257" Y="14138" Z="0"/><Vertex X="5257" Y="14123" Z="0"/><Vertex X="5242" Y="14115" Z="0"/><Vertex X="5227" Y="14092" Z="0"/><Vertex X="5212" Y="14077" Z="0"/><Vertex X="5204" Y="14054" Z="0"/><Vertex X="5189" Y="14031" Z="0"/><Vertex X="5174" Y="14024" Z="0"/><Vertex X="5159" Y="14001" Z="0"/><Vertex X="5143" Y="13986" Z="0"/><Vertex X="5128" Y="13970" Z="0"/><Vertex X="5120" Y="13963" Z="0"/><Vertex X="5120" Y="13948" Z="0"/><Vertex X="5105" Y="13948" Z="0"/><Vertex X="5105" Y="13932" Z="0"/><Vertex X="5090" Y="13925" Z="0"/><Vertex X="5082" Y="13910" Z="0"/><Vertex X="5067" Y="13887" Z="0"/><Vertex X="5052" Y="13871" Z="0"/><Vertex X="5037" Y="13871" Z="0"/><Vertex X="5037" Y="13864" Z="0"/><Vertex X="5029" Y="13864" Z="0"/><Vertex X="5014" Y="13841" Z="0"/><Vertex X="4999" Y="13826" Z="0"/><Vertex X="4984" Y="13811" Z="0"/><Vertex X="4968" Y="13795" Z="0"/><Vertex X="4968" Y="13788" Z="0"/><Vertex X="4961" Y="13788" Z="0"/><Vertex X="4961" Y="13773" Z="0"/><Vertex X="4945" Y="13757" Z="0"/><Vertex X="4930" Y="13750" Z="0"/><Vertex X="4930" Y="13735" Z="0"/><Vertex X="4923" Y="13735" Z="0"/><Vertex X="4923" Y="13719" Z="0"/><Vertex X="4907" Y="13704" Z="0"/><Vertex X="4907" Y="13681" Z="0"/><Vertex X="4892" Y="13681" Z="0"/><Vertex X="4892" Y="13666" Z="0"/><Vertex X="4877" Y="13651" Z="0"/><Vertex X="4877" Y="13628" Z="0"/><Vertex X="4869" Y="13605" Z="0"/><Vertex X="4869" Y="13582" Z="0"/><Vertex X="4869" Y="13567" Z="0"/><Vertex X="4869" Y="13552" Z="0"/><Vertex X="4869" Y="13529" Z="0"/><Vertex X="4854" Y="13514" Z="0"/><Vertex X="4854" Y="13491" Z="0"/><Vertex X="4854" Y="13476" Z="0"/><Vertex X="4854" Y="13461" Z="0"/><Vertex X="4854" Y="13438" Z="0"/><Vertex X="4854" Y="13415" Z="0"/><Vertex X="4854" Y="13400" Z="0"/><Vertex X="4854" Y="13377" Z="0"/><Vertex X="4854" Y="13354" Z="0"/><Vertex X="4854" Y="13339" Z="0"/><Vertex X="4854" Y="13316" Z="0"/><Vertex X="4854" Y="13293" Z="0"/><Vertex X="4854" Y="13286" Z="0"/><Vertex X="4854" Y="13263" Z="0"/><Vertex X="4854" Y="13255" Z="0"/><Vertex X="4854" Y="13232" Z="0"/><Vertex X="4854" Y="13217" Z="0"/><Vertex X="4854" Y="13209" Z="0"/><Vertex X="4854" Y="13194" Z="0"/><Vertex X="4854" Y="13179" Z="0"/><Vertex X="4839" Y="13164" Z="0"/><Vertex X="4839" Y="13141" Z="0"/><Vertex X="4824" Y="13118" Z="0"/><Vertex X="4824" Y="13103" Z="0"/><Vertex X="4809" Y="13103" Z="0"/><Vertex X="4809" Y="13080" Z="0"/><Vertex X="4801" Y="13065" Z="0"/><Vertex X="4786" Y="13042" Z="0"/><Vertex X="4786" Y="13034" Z="0"/><Vertex X="4770" Y="13034" Z="0"/><Vertex X="4770" Y="13012" Z="0"/><Vertex X="4755" Y="13012" Z="0"/><Vertex X="4755" Y="12989" Z="0"/><Vertex X="4740" Y="12989" Z="0"/><Vertex X="4740" Y="12974" Z="0"/><Vertex X="4717" Y="12974" Z="0"/><Vertex X="4717" Y="12951" Z="0"/><Vertex X="4710" Y="12951" Z="0"/><Vertex X="4710" Y="12936" Z="0"/><Vertex X="4687" Y="12936" Z="0"/><Vertex X="4687" Y="12928" Z="0"/><Vertex X="4664" Y="12928" Z="0"/><Vertex X="4664" Y="12913" Z="0"/><Vertex X="4649" Y="12913" Z="0"/><Vertex X="4649" Y="12905" Z="0"/><Vertex X="4626" Y="12905" Z="0"/><Vertex X="4626" Y="12890" Z="0"/><Vertex X="4603" Y="12890" Z="0"/><Vertex X="4580" Y="12875" Z="0"/><Vertex X="4565" Y="12875" Z="0"/><Vertex X="4542" Y="12859" Z="0"/><Vertex X="4519" Y="12859" Z="0"/><Vertex X="4504" Y="12844" Z="0"/><Vertex X="4497" Y="12844" Z="0"/><Vertex X="4474" Y="12844" Z="0"/><Vertex X="4466" Y="12844" Z="0"/><Vertex X="4451" Y="12844" Z="0"/><Vertex X="4451" Y="12837" Z="0"/><Vertex X="4428" Y="12837" Z="0"/><Vertex X="4420" Y="12837" Z="0"/><Vertex X="4405" Y="12837" Z="0"/><Vertex X="4390" Y="12837" Z="0"/><Vertex X="4382" Y="12837" Z="0"/><Vertex X="4367" Y="12821" Z="0"/><Vertex X="4360" Y="12821" Z="0"/><Vertex X="4344" Y="12821" Z="0"/><Vertex X="4329" Y="12821" Z="0"/><Vertex X="4322" Y="12821" Z="0"/><Vertex X="4306" Y="12821" Z="0"/><Vertex X="4299" Y="12821" Z="0"/><Vertex X="4276" Y="12821" Z="0"/><Vertex X="4276" Y="12829" Z="0"/><Vertex X="4253" Y="12829" Z="0"/><Vertex X="4238" Y="12829" Z="0"/><Vertex X="4215" Y="12829" Z="0"/><Vertex X="4215" Y="12837" Z="0"/><Vertex X="4192" Y="12837" Z="0"/><Vertex X="4177" Y="12837" Z="0"/><Vertex X="4154" Y="12837" Z="0"/><Vertex X="4139" Y="12852" Z="0"/><Vertex X="4124" Y="12852" Z="0"/><Vertex X="4108" Y="12852" Z="0"/><Vertex X="4086" Y="12852" Z="0"/><Vertex X="4063" Y="12867" Z="0"/><Vertex X="4048" Y="12867" Z="0"/><Vertex X="4025" Y="12867" Z="0"/><Vertex X="4002" Y="12867" Z="0"/><Vertex X="3987" Y="12867" Z="0"/><Vertex X="3987" Y="12882" Z="0"/><Vertex X="3964" Y="12882" Z="0"/><Vertex X="3941" Y="12882" Z="0"/><Vertex X="3933" Y="12882" Z="0"/><Vertex X="3918" Y="12882" Z="0"/><Vertex X="3895" Y="12882" Z="0"/><Vertex X="3888" Y="12882" Z="0"/><Vertex X="3873" Y="12882" Z="0"/><Vertex X="3865" Y="12882" Z="0"/><Vertex X="3850" Y="12882" Z="0"/><Vertex X="3835" Y="12882" Z="0"/><Vertex X="3827" Y="12882" Z="0"/><Vertex X="3812" Y="12882" Z="0"/><Vertex X="3804" Y="12882" Z="0"/><Vertex X="3789" Y="12882" Z="0"/><Vertex X="3774" Y="12882" Z="0"/><Vertex X="3766" Y="12882" Z="0"/><Vertex X="3751" Y="12882" Z="0"/><Vertex X="3743" Y="12882" Z="0"/><Vertex X="3728" Y="12882" Z="0"/><Vertex X="3698" Y="12882" Z="0"/><Vertex X="3682" Y="12882" Z="0"/><Vertex X="3660" Y="12882" Z="0"/><Vertex X="3644" Y="12882" Z="0"/><Vertex X="3637" Y="12882" Z="0"/><Vertex X="3622" Y="12882" Z="0"/><Vertex X="3614" Y="12882" Z="0"/><Vertex X="3599" Y="12882" Z="0"/><Vertex X="3599" Y="12875" Z="0"/><Vertex X="3583" Y="12875" Z="0"/><Vertex X="3576" Y="12875" Z="0"/><Vertex X="3561" Y="12859" Z="0"/><Vertex X="3545" Y="12859" Z="0"/><Vertex X="3538" Y="12859" Z="0"/><Vertex X="3538" Y="12852" Z="0"/><Vertex X="3523" Y="12852" Z="0"/><Vertex X="3515" Y="12852" Z="0"/><Vertex X="3492" Y="12852" Z="0"/><Vertex X="3492" Y="12837" Z="0"/><Vertex X="3469" Y="12837" Z="0"/><Vertex X="3462" Y="12837" Z="0"/><Vertex X="3439" Y="12837" Z="0"/><Vertex X="3416" Y="12837" Z="0"/><Vertex X="3401" Y="12837" Z="0"/><Vertex X="3386" Y="12837" Z="0"/><Vertex X="3363" Y="12837" Z="0"/><Vertex X="3348" Y="12837" Z="0"/><Vertex X="3325" Y="12837" Z="0"/><Vertex X="3310" Y="12837" Z="0"/><Vertex X="3294" Y="12837" Z="0"/><Vertex X="3279" Y="12837" Z="0"/><Vertex X="3256" Y="12837" Z="0"/><Vertex X="3241" Y="12837" Z="0"/><Vertex X="3218" Y="12837" Z="0"/><Vertex X="3211" Y="12837" Z="0"/><Vertex X="3195" Y="12837" Z="0"/><Vertex X="3180" Y="12837" Z="0"/><Vertex X="3173" Y="12837" Z="0"/><Vertex X="3173" Y="12844" Z="0"/><Vertex X="3157" Y="12844" Z="0"/><Vertex X="3150" Y="12844" Z="0"/><Vertex X="3135" Y="12844" Z="0"/><Vertex X="3135" Y="12837" Z="0"/><Vertex X="3142" Y="12859" Z="0"/></Vertices></Region><Region Id="2" Type="0" Zoom="0.131426" Selected="0" ImageLocation="" ImageFocus="-1" Length="12858.5" Area="8561407.5" LengthMicrons="6344.4" AreaMicrons="2084219.6" Text="" NegativeROA="0" InputRegionId="0" Analyze="1" DisplayId="2"><Attributes></Attributes><Vertices><Vertex X="8978" Y="14183" Z="0"/><Vertex X="8971" Y="14183" Z="0"/><Vertex X="8971" Y="14176" Z="0"/><Vertex X="8955" Y="14176" Z="0"/><Vertex X="8955" Y="14161" Z="0"/><Vertex X="8948" Y="14161" Z="0"/><Vertex X="8948" Y="14145" Z="0"/><Vertex X="8933" Y="14145" Z="0"/><Vertex X="8917" Y="14138" Z="0"/><Vertex X="8910" Y="14138" Z="0"/><Vertex X="8910" Y="14123" Z="0"/><Vertex X="8894" Y="14123" Z="0"/><Vertex X="8879" Y="14107" Z="0"/><Vertex X="8872" Y="14107" Z="0"/><Vertex X="8872" Y="14100" Z="0"/><Vertex X="8856" Y="14100" Z="0"/><Vertex X="8841" Y="14100" Z="0"/><Vertex X="8834" Y="14085" Z="0"/><Vertex X="8818" Y="14085" Z="0"/><Vertex X="8818" Y="14069" Z="0"/><Vertex X="8803" Y="14069" Z="0"/><Vertex X="8803" Y="14062" Z="0"/><Vertex X="8796" Y="14062" Z="0"/><Vertex X="8796" Y="14046" Z="0"/><Vertex X="8780" Y="14031" Z="0"/><Vertex X="8765" Y="14016" Z="0"/><Vertex X="8750" Y="14008" Z="0"/><Vertex X="8742" Y="13993" Z="0"/><Vertex X="8727" Y="13978" Z="0"/><Vertex X="8727" Y="13970" Z="0"/><Vertex X="8712" Y="13970" Z="0"/><Vertex X="8712" Y="13955" Z="0"/><Vertex X="8704" Y="13955" Z="0"/><Vertex X="8704" Y="13940" Z="0"/><Vertex X="8689" Y="13940" Z="0"/><Vertex X="8674" Y="13925" Z="0"/><Vertex X="8666" Y="13925" Z="0"/><Vertex X="8666" Y="13910" Z="0"/><Vertex X="8651" Y="13910" Z="0"/><Vertex X="8651" Y="13894" Z="0"/><Vertex X="8636" Y="13887" Z="0"/><Vertex X="8628" Y="13871" Z="0"/><Vertex X="8613" Y="13856" Z="0"/><Vertex X="8598" Y="13841" Z="0"/><Vertex X="8583" Y="13826" Z="0"/><Vertex X="8567" Y="13818" Z="0"/><Vertex X="8560" Y="13803" Z="0"/><Vertex X="8544" Y="13788" Z="0"/><Vertex X="8544" Y="13765" Z="0"/><Vertex X="8529" Y="13765" Z="0"/><Vertex X="8529" Y="13757" Z="0"/><Vertex X="8522" Y="13757" Z="0"/><Vertex X="8522" Y="13742" Z="0"/><Vertex X="8506" Y="13727" Z="0"/><Vertex X="8506" Y="13719" Z="0"/><Vertex X="8491" Y="13719" Z="0"/><Vertex X="8491" Y="13704" Z="0"/><Vertex X="8484" Y="13704" Z="0"/><Vertex X="8484" Y="13696" Z="0"/><Vertex X="8468" Y="13696" Z="0"/><Vertex X="8453" Y="13681" Z="0"/><Vertex X="8453" Y="13666" Z="0"/><Vertex X="8446" Y="13666" Z="0"/><Vertex X="8446" Y="13658" Z="0"/><Vertex X="8430" Y="13658" Z="0"/><Vertex X="8430" Y="13643" Z="0"/><Vertex X="8423" Y="13643" Z="0"/><Vertex X="8423" Y="13636" Z="0"/><Vertex X="8408" Y="13620" Z="0"/><Vertex X="8392" Y="13620" Z="0"/><Vertex X="8392" Y="13605" Z="0"/><Vertex X="8385" Y="13605" Z="0"/><Vertex X="8385" Y="13598" Z="0"/><Vertex X="8369" Y="13598" Z="0"/><Vertex X="8369" Y="13582" Z="0"/><Vertex X="8362" Y="13575" Z="0"/><Vertex X="8347" Y="13575" Z="0"/><Vertex X="8347" Y="13560" Z="0"/><Vertex X="8331" Y="13560" Z="0"/><Vertex X="8331" Y="13544" Z="0"/><Vertex X="8324" Y="13544" Z="0"/><Vertex X="8324" Y="13537" Z="0"/><Vertex X="8309" Y="13537" Z="0"/><Vertex X="8309" Y="13521" Z="0"/><Vertex X="8301" Y="13521" Z="0"/><Vertex X="8301" Y="13514" Z="0"/><Vertex X="8286" Y="13514" Z="0"/><Vertex X="8271" Y="13499" Z="0"/><Vertex X="8263" Y="13499" Z="0"/><Vertex X="8263" Y="13483" Z="0"/><Vertex X="8248" Y="13483" Z="0"/><Vertex X="8248" Y="13476" Z="0"/><Vertex X="8233" Y="13476" Z="0"/><Vertex X="8225" Y="13461" Z="0"/><Vertex X="8210" Y="13461" Z="0"/><Vertex X="8210" Y="13445" Z="0"/><Vertex X="8194" Y="13445" Z="0"/><Vertex X="8187" Y="13430" Z="0"/><Vertex X="8172" Y="13430" Z="0"/><Vertex X="8156" Y="13423" Z="0"/><Vertex X="8149" Y="13423" Z="0"/><Vertex X="8134" Y="13407" Z="0"/><Vertex X="8118" Y="13407" Z="0"/><Vertex X="8111" Y="13407" Z="0"/><Vertex X="8111" Y="13392" Z="0"/><Vertex X="8088" Y="13392" Z="0"/><Vertex X="8065" Y="13392" Z="0"/><Vertex X="8058" Y="13392" Z="0"/><Vertex X="8042" Y="13384" Z="0"/><Vertex X="8027" Y="13384" Z="0"/><Vertex X="8019" Y="13384" Z="0"/><Vertex X="7989" Y="13384" Z="0"/><Vertex X="7974" Y="13384" Z="0"/><Vertex X="7966" Y="13384" Z="0"/><Vertex X="7951" Y="13369" Z="0"/><Vertex X="7928" Y="13369" Z="0"/><Vertex X="7921" Y="13369" Z="0"/><Vertex X="7890" Y="13369" Z="0"/><Vertex X="7875" Y="13354" Z="0"/><Vertex X="7867" Y="13354" Z="0"/><Vertex X="7852" Y="13354" Z="0"/><Vertex X="7829" Y="13354" Z="0"/><Vertex X="7814" Y="13354" Z="0"/><Vertex X="7814" Y="13339" Z="0"/><Vertex X="7791" Y="13339" Z="0"/><Vertex X="7768" Y="13339" Z="0"/><Vertex X="7768" Y="13331" Z="0"/><Vertex X="7753" Y="13331" Z="0"/><Vertex X="7730" Y="13331" Z="0"/><Vertex X="7707" Y="13331" Z="0"/><Vertex X="7707" Y="13316" Z="0"/><Vertex X="7700" Y="13316" Z="0"/><Vertex X="7685" Y="13316" Z="0"/><Vertex X="7685" Y="13308" Z="0"/><Vertex X="7677" Y="13308" Z="0"/><Vertex X="7662" Y="13308" Z="0"/><Vertex X="7662" Y="13293" Z="0"/><Vertex X="7647" Y="13293" Z="0"/><Vertex X="7639" Y="13278" Z="0"/><Vertex X="7616" Y="13278" Z="0"/><Vertex X="7616" Y="13270" Z="0"/><Vertex X="7601" Y="13270" Z="0"/><Vertex X="7593" Y="13255" Z="0"/><Vertex X="7578" Y="13255" Z="0"/><Vertex X="7578" Y="13240" Z="0"/><Vertex X="7563" Y="13240" Z="0"/><Vertex X="7548" Y="13225" Z="0"/><Vertex X="7532" Y="13217" Z="0"/><Vertex X="7510" Y="13217" Z="0"/><Vertex X="7510" Y="13202" Z="0"/><Vertex X="7502" Y="13202" Z="0"/><Vertex X="7487" Y="13187" Z="0"/><Vertex X="7464" Y="13187" Z="0"/><Vertex X="7464" Y="13179" Z="0"/><Vertex X="7441" Y="13179" Z="0"/><Vertex X="7434" Y="13164" Z="0"/><Vertex X="7411" Y="13164" Z="0"/><Vertex X="7388" Y="13149" Z="0"/><Vertex X="7373" Y="13149" Z="0"/><Vertex X="7350" Y="13149" Z="0"/><Vertex X="7350" Y="13133" Z="0"/><Vertex X="7335" Y="13133" Z="0"/><Vertex X="7327" Y="13133" Z="0"/><Vertex X="7312" Y="13133" Z="0"/><Vertex X="7297" Y="13133" Z="0"/><Vertex X="7289" Y="13133" Z="0"/><Vertex X="7274" Y="13133" Z="0"/><Vertex X="7251" Y="13133" Z="0"/><Vertex X="7228" Y="13133" Z="0"/><Vertex X="7205" Y="13133" Z="0"/><Vertex X="7182" Y="13133" Z="0"/><Vertex X="7175" Y="13133" Z="0"/><Vertex X="7160" Y="13133" Z="0"/><Vertex X="7152" Y="13133" Z="0"/><Vertex X="7137" Y="13133" Z="0"/><Vertex X="7129" Y="13133" Z="0"/><Vertex X="7106" Y="13133" Z="0"/><Vertex X="7091" Y="13133" Z="0"/><Vertex X="7084" Y="13133" Z="0"/><Vertex X="7068" Y="13133" Z="0"/><Vertex X="7053" Y="13133" Z="0"/><Vertex X="7046" Y="13133" Z="0"/><Vertex X="7023" Y="13133" Z="0"/><Vertex X="7000" Y="13133" Z="0"/><Vertex X="6985" Y="13133" Z="0"/><Vertex X="6962" Y="13133" Z="0"/><Vertex X="6939" Y="13133" Z="0"/><Vertex X="6931" Y="13133" Z="0"/><Vertex X="6916" Y="13133" Z="0"/><Vertex X="6909" Y="13133" Z="0"/><Vertex X="6893" Y="13133" Z="0"/><Vertex X="6878" Y="13133" Z="0"/><Vertex X="6871" Y="13133" Z="0"/><Vertex X="6855" Y="13133" Z="0"/><Vertex X="6848" Y="13133" Z="0"/><Vertex X="6832" Y="13133" Z="0"/><Vertex X="6817" Y="13133" Z="0"/><Vertex X="6810" Y="13133" Z="0"/><Vertex X="6794" Y="13133" Z="0"/><Vertex X="6787" Y="13133" Z="0"/><Vertex X="6772" Y="13133" Z="0"/><Vertex X="6756" Y="13133" Z="0"/><Vertex X="6749" Y="13133" Z="0"/><Vertex X="6734" Y="13133" Z="0"/><Vertex X="6726" Y="13133" Z="0"/><Vertex X="6711" Y="13133" Z="0"/><Vertex X="6696" Y="13133" Z="0"/><Vertex X="6688" Y="13133" Z="0"/><Vertex X="6673" Y="13133" Z="0"/><Vertex X="6665" Y="13133" Z="0"/><Vertex X="6650" Y="13133" Z="0"/><Vertex X="6627" Y="13133" Z="0"/><Vertex X="6612" Y="13133" Z="0"/><Vertex X="6589" Y="13133" Z="0"/><Vertex X="6566" Y="13133" Z="0"/><Vertex X="6551" Y="13133" Z="0"/><Vertex X="6528" Y="13133" Z="0"/><Vertex X="6505" Y="13133" Z="0"/><Vertex X="6490" Y="13133" Z="0"/><Vertex X="6467" Y="13133" Z="0"/><Vertex X="6467" Y="13141" Z="0"/><Vertex X="6444" Y="13141" Z="0"/><Vertex X="6437" Y="13141" Z="0"/><Vertex X="6422" Y="13141" Z="0"/><Vertex X="6414" Y="13141" Z="0"/><Vertex X="6399" Y="13141" Z="0"/><Vertex X="6384" Y="13141" Z="0"/><Vertex X="6376" Y="13141" Z="0"/><Vertex X="6361" Y="13156" Z="0"/><Vertex X="6346" Y="13156" Z="0"/><Vertex X="6338" Y="13156" Z="0"/><Vertex X="6323" Y="13156" Z="0"/><Vertex X="6307" Y="13171" Z="0"/><Vertex X="6300" Y="13171" Z="0"/><Vertex X="6285" Y="13171" Z="0"/><Vertex X="6277" Y="13171" Z="0"/><Vertex X="6262" Y="13171" Z="0"/><Vertex X="6247" Y="13171" Z="0"/><Vertex X="6239" Y="13171" Z="0"/><Vertex X="6224" Y="13171" Z="0"/><Vertex X="6216" Y="13171" Z="0"/><Vertex X="6201" Y="13171" Z="0"/><Vertex X="6186" Y="13171" Z="0"/><Vertex X="6178" Y="13171" Z="0"/><Vertex X="6163" Y="13171" Z="0"/><Vertex X="6155" Y="13171" Z="0"/><Vertex X="6140" Y="13171" Z="0"/><Vertex X="6125" Y="13171" Z="0"/><Vertex X="6117" Y="13171" Z="0"/><Vertex X="6110" Y="13171" Z="0"/><Vertex X="6110" Y="13171" Z="0"/><Vertex X="6102" Y="13171" Z="0"/><Vertex X="6102" Y="13179" Z="0"/><Vertex X="6079" Y="13179" Z="0"/><Vertex X="6056" Y="13179" Z="0"/><Vertex X="6056" Y="13187" Z="0"/><Vertex X="6026" Y="13187" Z="0"/><Vertex X="6018" Y="13202" Z="0"/><Vertex X="6003" Y="13202" Z="0"/><Vertex X="5988" Y="13225" Z="0"/><Vertex X="5980" Y="13225" Z="0"/><Vertex X="5965" Y="13248" Z="0"/><Vertex X="5950" Y="13255" Z="0"/><Vertex X="5935" Y="13270" Z="0"/><Vertex X="5919" Y="13286" Z="0"/><Vertex X="5904" Y="13308" Z="0"/><Vertex X="5881" Y="13331" Z="0"/><Vertex X="5866" Y="13346" Z="0"/><Vertex X="5866" Y="13362" Z="0"/><Vertex X="5851" Y="13362" Z="0"/><Vertex X="5851" Y="13392" Z="0"/><Vertex X="5836" Y="13407" Z="0"/><Vertex X="5836" Y="13415" Z="0"/><Vertex X="5828" Y="13430" Z="0"/><Vertex X="5828" Y="13445" Z="0"/><Vertex X="5813" Y="13461" Z="0"/><Vertex X="5813" Y="13483" Z="0"/><Vertex X="5798" Y="13483" Z="0"/><Vertex X="5798" Y="13506" Z="0"/><Vertex X="5798" Y="13529" Z="0"/><Vertex X="5782" Y="13544" Z="0"/><Vertex X="5782" Y="13560" Z="0"/><Vertex X="5782" Y="13567" Z="0"/><Vertex X="5782" Y="13582" Z="0"/><Vertex X="5782" Y="13598" Z="0"/><Vertex X="5782" Y="13613" Z="0"/><Vertex X="5782" Y="13636" Z="0"/><Vertex X="5782" Y="13651" Z="0"/><Vertex X="5782" Y="13658" Z="0"/><Vertex X="5782" Y="13681" Z="0"/><Vertex X="5782" Y="13712" Z="0"/><Vertex X="5782" Y="13719" Z="0"/><Vertex X="5790" Y="13742" Z="0"/><Vertex X="5790" Y="13765" Z="0"/><Vertex X="5805" Y="13773" Z="0"/><Vertex X="5805" Y="13788" Z="0"/><Vertex X="5805" Y="13803" Z="0"/><Vertex X="5820" Y="13811" Z="0"/><Vertex X="5820" Y="13826" Z="0"/><Vertex X="5820" Y="13841" Z="0"/><Vertex X="5820" Y="13849" Z="0"/><Vertex X="5836" Y="13864" Z="0"/><Vertex X="5836" Y="13879" Z="0"/><Vertex X="5836" Y="13894" Z="0"/><Vertex X="5843" Y="13910" Z="0"/><Vertex X="5843" Y="13932" Z="0"/><Vertex X="5859" Y="13955" Z="0"/><Vertex X="5859" Y="13963" Z="0"/><Vertex X="5859" Y="13986" Z="0"/><Vertex X="5874" Y="14001" Z="0"/><Vertex X="5874" Y="14008" Z="0"/><Vertex X="5874" Y="14031" Z="0"/><Vertex X="5889" Y="14031" Z="0"/><Vertex X="5889" Y="14046" Z="0"/><Vertex X="5897" Y="14069" Z="0"/><Vertex X="5897" Y="14092" Z="0"/><Vertex X="5912" Y="14092" Z="0"/><Vertex X="5912" Y="14115" Z="0"/><Vertex X="5927" Y="14130" Z="0"/><Vertex X="5927" Y="14145" Z="0"/><Vertex X="5942" Y="14168" Z="0"/><Vertex X="5942" Y="14191" Z="0"/><Vertex X="5957" Y="14206" Z="0"/><Vertex X="5957" Y="14229" Z="0"/><Vertex X="5965" Y="14229" Z="0"/><Vertex X="5965" Y="14252" Z="0"/><Vertex X="5980" Y="14260" Z="0"/><Vertex X="5980" Y="14282" Z="0"/><Vertex X="5995" Y="14282" Z="0"/><Vertex X="5995" Y="14305" Z="0"/><Vertex X="6003" Y="14320" Z="0"/><Vertex X="6003" Y="14328" Z="0"/><Vertex X="6018" Y="14328" Z="0"/><Vertex X="6018" Y="14343" Z="0"/><Vertex X="6034" Y="14358" Z="0"/><Vertex X="6034" Y="14366" Z="0"/><Vertex X="6041" Y="14366" Z="0"/><Vertex X="6041" Y="14381" Z="0"/><Vertex X="6041" Y="14389" Z="0"/><Vertex X="6056" Y="14389" Z="0"/><Vertex X="6056" Y="14404" Z="0"/><Vertex X="6056" Y="14419" Z="0"/><Vertex X="6072" Y="14419" Z="0"/><Vertex X="6072" Y="14427" Z="0"/><Vertex X="6072" Y="14442" Z="0"/><Vertex X="6079" Y="14442" Z="0"/><Vertex X="6079" Y="14450" Z="0"/><Vertex X="6094" Y="14465" Z="0"/><Vertex X="6094" Y="14480" Z="0"/><Vertex X="6110" Y="14480" Z="0"/><Vertex X="6110" Y="14488" Z="0"/><Vertex X="6117" Y="14488" Z="0"/><Vertex X="6117" Y="14503" Z="0"/><Vertex X="6132" Y="14503" Z="0"/><Vertex X="6132" Y="14518" Z="0"/><Vertex X="6148" Y="14526" Z="0"/><Vertex X="6148" Y="14541" Z="0"/><Vertex X="6155" Y="14541" Z="0"/><Vertex X="6155" Y="14549" Z="0"/><Vertex X="6171" Y="14564" Z="0"/><Vertex X="6171" Y="14579" Z="0"/><Vertex X="6186" Y="14579" Z="0"/><Vertex X="6186" Y="14587" Z="0"/><Vertex X="6193" Y="14602" Z="0"/><Vertex X="6193" Y="14617" Z="0"/><Vertex X="6209" Y="14617" Z="0"/><Vertex X="6209" Y="14625" Z="0"/><Vertex X="6224" Y="14640" Z="0"/><Vertex X="6224" Y="14655" Z="0"/><Vertex X="6231" Y="14655" Z="0"/><Vertex X="6231" Y="14663" Z="0"/><Vertex X="6231" Y="14678" Z="0"/><Vertex X="6247" Y="14678" Z="0"/><Vertex X="6247" Y="14693" Z="0"/><Vertex X="6247" Y="14701" Z="0"/><Vertex X="6262" Y="14701" Z="0"/><Vertex X="6262" Y="14716" Z="0"/><Vertex X="6262" Y="14724" Z="0"/><Vertex X="6269" Y="14724" Z="0"/><Vertex X="6269" Y="14739" Z="0"/><Vertex X="6269" Y="14754" Z="0"/><Vertex X="6269" Y="14762" Z="0"/><Vertex X="6262" Y="14777" Z="0"/><Vertex X="6254" Y="14792" Z="0"/><Vertex X="6254" Y="14800" Z="0"/><Vertex X="6239" Y="14815" Z="0"/><Vertex X="6239" Y="14830" Z="0"/><Vertex X="6239" Y="14838" Z="0"/><Vertex X="6224" Y="14838" Z="0"/><Vertex X="6224" Y="14853" Z="0"/><Vertex X="6224" Y="14868" Z="0"/><Vertex X="6224" Y="14876" Z="0"/><Vertex X="6216" Y="14876" Z="0"/><Vertex X="6216" Y="14891" Z="0"/><Vertex X="6216" Y="14906" Z="0"/><Vertex X="6216" Y="14921" Z="0"/><Vertex X="6201" Y="14937" Z="0"/><Vertex X="6201" Y="14944" Z="0"/><Vertex X="6201" Y="14960" Z="0"/><Vertex X="6186" Y="14982" Z="0"/><Vertex X="6186" Y="14990" Z="0"/><Vertex X="6186" Y="15005" Z="0"/><Vertex X="6171" Y="15020" Z="0"/><Vertex X="6171" Y="15028" Z="0"/><Vertex X="6171" Y="15043" Z="0"/><Vertex X="6163" Y="15043" Z="0"/><Vertex X="6163" Y="15066" Z="0"/><Vertex X="6163" Y="15074" Z="0"/><Vertex X="6163" Y="15096" Z="0"/><Vertex X="6148" Y="15096" Z="0"/><Vertex X="6148" Y="15119" Z="0"/><Vertex X="6148" Y="15135" Z="0"/><Vertex X="6148" Y="15150" Z="0"/><Vertex X="6132" Y="15150" Z="0"/><Vertex X="6132" Y="15173" Z="0"/><Vertex X="6132" Y="15188" Z="0"/><Vertex X="6132" Y="15203" Z="0"/><Vertex X="6132" Y="15211" Z="0"/><Vertex X="6132" Y="15226" Z="0"/><Vertex X="6132" Y="15241" Z="0"/><Vertex X="6132" Y="15249" Z="0"/><Vertex X="6132" Y="15264" Z="0"/><Vertex X="6132" Y="15271" Z="0"/><Vertex X="6132" Y="15287" Z="0"/><Vertex X="6132" Y="15302" Z="0"/><Vertex X="6132" Y="15310" Z="0"/><Vertex X="6140" Y="15310" Z="0"/><Vertex X="6140" Y="15325" Z="0"/><Vertex X="6155" Y="15340" Z="0"/><Vertex X="6155" Y="15348" Z="0"/><Vertex X="6171" Y="15363" Z="0"/><Vertex X="6171" Y="15386" Z="0"/><Vertex X="6178" Y="15386" Z="0"/><Vertex X="6178" Y="15393" Z="0"/><Vertex X="6193" Y="15416" Z="0"/><Vertex X="6209" Y="15431" Z="0"/><Vertex X="6224" Y="15454" Z="0"/><Vertex X="6239" Y="15469" Z="0"/><Vertex X="6247" Y="15492" Z="0"/><Vertex X="6262" Y="15515" Z="0"/><Vertex X="6277" Y="15530" Z="0"/><Vertex X="6292" Y="15545" Z="0"/><Vertex X="6307" Y="15553" Z="0"/><Vertex X="6315" Y="15568" Z="0"/><Vertex X="6330" Y="15583" Z="0"/><Vertex X="6346" Y="15583" Z="0"/><Vertex X="6346" Y="15599" Z="0"/><Vertex X="6353" Y="15599" Z="0"/><Vertex X="6353" Y="15606" Z="0"/><Vertex X="6368" Y="15606" Z="0"/><Vertex X="6368" Y="15622" Z="0"/><Vertex X="6384" Y="15622" Z="0"/><Vertex X="6391" Y="15622" Z="0"/><Vertex X="6391" Y="15629" Z="0"/><Vertex X="6406" Y="15629" Z="0"/><Vertex X="6414" Y="15629" Z="0"/><Vertex X="6429" Y="15629" Z="0"/><Vertex X="6444" Y="15644" Z="0"/><Vertex X="6460" Y="15644" Z="0"/><Vertex X="6475" Y="15644" Z="0"/><Vertex X="6490" Y="15660" Z="0"/><Vertex X="6498" Y="15660" Z="0"/><Vertex X="6513" Y="15675" Z="0"/><Vertex X="6528" Y="15675" Z="0"/><Vertex X="6528" Y="15682" Z="0"/><Vertex X="6536" Y="15682" Z="0"/><Vertex X="6551" Y="15698" Z="0"/><Vertex X="6566" Y="15698" Z="0"/><Vertex X="6566" Y="15713" Z="0"/><Vertex X="6574" Y="15713" Z="0"/><Vertex X="6589" Y="15720" Z="0"/><Vertex X="6604" Y="15720" Z="0"/><Vertex X="6604" Y="15743" Z="0"/><Vertex X="6612" Y="15743" Z="0"/><Vertex X="6627" Y="15758" Z="0"/><Vertex X="6642" Y="15774" Z="0"/><Vertex X="6650" Y="15774" Z="0"/><Vertex X="6650" Y="15781" Z="0"/><Vertex X="6665" Y="15781" Z="0"/><Vertex X="6680" Y="15797" Z="0"/><Vertex X="6696" Y="15812" Z="0"/><Vertex X="6696" Y="15819" Z="0"/><Vertex X="6711" Y="15819" Z="0"/><Vertex X="6711" Y="15835" Z="0"/><Vertex X="6726" Y="15850" Z="0"/><Vertex X="6741" Y="15865" Z="0"/><Vertex X="6741" Y="15873" Z="0"/><Vertex X="6749" Y="15873" Z="0"/><Vertex X="6749" Y="15895" Z="0"/><Vertex X="6764" Y="15895" Z="0"/><Vertex X="6764" Y="15903" Z="0"/><Vertex X="6779" Y="15903" Z="0"/><Vertex X="6779" Y="15918" Z="0"/><Vertex X="6787" Y="15918" Z="0"/><Vertex X="6787" Y="15933" Z="0"/><Vertex X="6802" Y="15941" Z="0"/><Vertex X="6802" Y="15956" Z="0"/><Vertex X="6817" Y="15956" Z="0"/><Vertex X="6817" Y="15972" Z="0"/><Vertex X="6825" Y="15979" Z="0"/><Vertex X="6825" Y="15994" Z="0"/><Vertex X="6840" Y="15994" Z="0"/><Vertex X="6840" Y="16010" Z="0"/><Vertex X="6855" Y="16010" Z="0"/><Vertex X="6855" Y="16017" Z="0"/><Vertex X="6863" Y="16032" Z="0"/><Vertex X="6878" Y="16048" Z="0"/><Vertex X="6893" Y="16048" Z="0"/><Vertex X="6893" Y="16055" Z="0"/><Vertex X="6901" Y="16055" Z="0"/><Vertex X="6901" Y="16070" Z="0"/><Vertex X="6916" Y="16070" Z="0"/><Vertex X="6916" Y="16086" Z="0"/><Vertex X="6939" Y="16086" Z="0"/><Vertex X="6954" Y="16101" Z="0"/><Vertex X="6969" Y="16116" Z="0"/><Vertex X="6992" Y="16131" Z="0"/><Vertex X="7015" Y="16147" Z="0"/><Vertex X="7038" Y="16162" Z="0"/><Vertex X="7061" Y="16177" Z="0"/><Vertex X="7068" Y="16177" Z="0"/><Vertex X="7084" Y="16192" Z="0"/><Vertex X="7099" Y="16192" Z="0"/><Vertex X="7099" Y="16200" Z="0"/><Vertex X="7114" Y="16200" Z="0"/><Vertex X="7129" Y="16215" Z="0"/><Vertex X="7152" Y="16230" Z="0"/><Vertex X="7175" Y="16245" Z="0"/><Vertex X="7190" Y="16253" Z="0"/><Vertex X="7205" Y="16268" Z="0"/><Vertex X="7221" Y="16283" Z="0"/><Vertex X="7236" Y="16299" Z="0"/><Vertex X="7243" Y="16314" Z="0"/><Vertex X="7259" Y="16314" Z="0"/><Vertex X="7259" Y="16322" Z="0"/><Vertex X="7274" Y="16337" Z="0"/><Vertex X="7289" Y="16352" Z="0"/><Vertex X="7297" Y="16367" Z="0"/><Vertex X="7312" Y="16367" Z="0"/><Vertex X="7312" Y="16375" Z="0"/><Vertex X="7327" Y="16375" Z="0"/><Vertex X="7335" Y="16390" Z="0"/><Vertex X="7350" Y="16390" Z="0"/><Vertex X="7373" Y="16405" Z="0"/><Vertex X="7380" Y="16405" Z="0"/><Vertex X="7396" Y="16405" Z="0"/><Vertex X="7396" Y="16413" Z="0"/><Vertex X="7411" Y="16413" Z="0"/><Vertex X="7426" Y="16413" Z="0"/><Vertex X="7449" Y="16413" Z="0"/><Vertex X="7472" Y="16413" Z="0"/><Vertex X="7472" Y="16428" Z="0"/><Vertex X="7487" Y="16428" Z="0"/><Vertex X="7510" Y="16428" Z="0"/><Vertex X="7525" Y="16428" Z="0"/><Vertex X="7540" Y="16428" Z="0"/><Vertex X="7555" Y="16428" Z="0"/><Vertex X="7578" Y="16428" Z="0"/><Vertex X="7593" Y="16443" Z="0"/><Vertex X="7609" Y="16443" Z="0"/><Vertex X="7624" Y="16443" Z="0"/><Vertex X="7631" Y="16443" Z="0"/><Vertex X="7631" Y="16451" Z="0"/><Vertex X="7647" Y="16451" Z="0"/><Vertex X="7654" Y="16451" Z="0"/><Vertex X="7669" Y="16451" Z="0"/><Vertex X="7669" Y="16466" Z="0"/><Vertex X="7685" Y="16466" Z="0"/><Vertex X="7692" Y="16481" Z="0"/><Vertex X="7707" Y="16481" Z="0"/><Vertex X="7707" Y="16489" Z="0"/><Vertex X="7715" Y="16489" Z="0"/><Vertex X="7730" Y="16489" Z="0"/><Vertex X="7730" Y="16504" Z="0"/><Vertex X="7746" Y="16504" Z="0"/><Vertex X="7753" Y="16504" Z="0"/><Vertex X="7768" Y="16504" Z="0"/><Vertex X="7768" Y="16519" Z="0"/><Vertex X="7776" Y="16519" Z="0"/><Vertex X="7791" Y="16519" Z="0"/><Vertex X="7806" Y="16519" Z="0"/><Vertex X="7822" Y="16519" Z="0"/><Vertex X="7822" Y="16527" Z="0"/><Vertex X="7837" Y="16527" Z="0"/><Vertex X="7852" Y="16527" Z="0"/><Vertex X="7867" Y="16527" Z="0"/><Vertex X="7882" Y="16527" Z="0"/><Vertex X="7898" Y="16527" Z="0"/><Vertex X="7921" Y="16527" Z="0"/><Vertex X="7936" Y="16527" Z="0"/><Vertex X="7951" Y="16527" Z="0"/><Vertex X="7966" Y="16527" Z="0"/><Vertex X="7981" Y="16527" Z="0"/><Vertex X="7989" Y="16527" Z="0"/><Vertex X="8004" Y="16527" Z="0"/><Vertex X="8012" Y="16527" Z="0"/><Vertex X="8027" Y="16527" Z="0"/><Vertex X="8042" Y="16527" Z="0"/><Vertex X="8050" Y="16519" Z="0"/><Vertex X="8073" Y="16519" Z="0"/><Vertex X="8088" Y="16519" Z="0"/><Vertex X="8088" Y="16512" Z="0"/><Vertex X="8096" Y="16512" Z="0"/><Vertex X="8118" Y="16512" Z="0"/><Vertex X="8141" Y="16497" Z="0"/><Vertex X="8156" Y="16497" Z="0"/><Vertex X="8172" Y="16481" Z="0"/><Vertex X="8187" Y="16481" Z="0"/><Vertex X="8194" Y="16481" Z="0"/><Vertex X="8217" Y="16481" Z="0"/><Vertex X="8240" Y="16481" Z="0"/><Vertex X="8248" Y="16481" Z="0"/><Vertex X="8271" Y="16481" Z="0"/><Vertex X="8293" Y="16481" Z="0"/><Vertex X="8309" Y="16489" Z="0"/><Vertex X="8331" Y="16489" Z="0"/><Vertex X="8347" Y="16489" Z="0"/><Vertex X="8347" Y="16504" Z="0"/><Vertex X="8354" Y="16504" Z="0"/><Vertex X="8369" Y="16512" Z="0"/><Vertex X="8385" Y="16512" Z="0"/><Vertex X="8400" Y="16512" Z="0"/><Vertex X="8400" Y="16527" Z="0"/><Vertex X="8423" Y="16527" Z="0"/><Vertex X="8446" Y="16527" Z="0"/><Vertex X="8461" Y="16527" Z="0"/><Vertex X="8461" Y="16542" Z="0"/><Vertex X="8484" Y="16542" Z="0"/><Vertex X="8499" Y="16542" Z="0"/><Vertex X="8499" Y="16550" Z="0"/><Vertex X="8514" Y="16550" Z="0"/><Vertex X="8529" Y="16550" Z="0"/><Vertex X="8529" Y="16565" Z="0"/><Vertex X="8544" Y="16565" Z="0"/><Vertex X="8552" Y="16580" Z="0"/><Vertex X="8567" Y="16580" Z="0"/><Vertex X="8583" Y="16588" Z="0"/><Vertex X="8590" Y="16588" Z="0"/><Vertex X="8605" Y="16603" Z="0"/><Vertex X="8621" Y="16603" Z="0"/><Vertex X="8636" Y="16603" Z="0"/><Vertex X="8636" Y="16618" Z="0"/><Vertex X="8651" Y="16618" Z="0"/><Vertex X="8666" Y="16618" Z="0"/><Vertex X="8674" Y="16618" Z="0"/><Vertex X="8689" Y="16618" Z="0"/><Vertex X="8697" Y="16618" Z="0"/><Vertex X="8712" Y="16618" Z="0"/><Vertex X="8727" Y="16618" Z="0"/><Vertex X="8735" Y="16618" Z="0"/><Vertex X="8758" Y="16618" Z="0"/><Vertex X="8758" Y="16611" Z="0"/><Vertex X="8765" Y="16611" Z="0"/><Vertex X="8780" Y="16611" Z="0"/><Vertex X="8796" Y="16611" Z="0"/><Vertex X="8803" Y="16611" Z="0"/><Vertex X="8818" Y="16611" Z="0"/><Vertex X="8834" Y="16595" Z="0"/><Vertex X="8841" Y="16595" Z="0"/><Vertex X="8856" Y="16595" Z="0"/><Vertex X="8872" Y="16588" Z="0"/><Vertex X="8879" Y="16588" Z="0"/><Vertex X="8894" Y="16588" Z="0"/><Vertex X="8894" Y="16573" Z="0"/><Vertex X="8902" Y="16573" Z="0"/><Vertex X="8917" Y="16557" Z="0"/><Vertex X="8933" Y="16542" Z="0"/><Vertex X="8948" Y="16535" Z="0"/><Vertex X="8948" Y="16519" Z="0"/><Vertex X="8955" Y="16519" Z="0"/><Vertex X="8955" Y="16512" Z="0"/><Vertex X="8971" Y="16512" Z="0"/><Vertex X="8971" Y="16497" Z="0"/><Vertex X="8986" Y="16497" Z="0"/><Vertex X="8986" Y="16481" Z="0"/><Vertex X="8993" Y="16474" Z="0"/><Vertex X="8993" Y="16458" Z="0"/><Vertex X="9009" Y="16443" Z="0"/><Vertex X="9009" Y="16436" Z="0"/><Vertex X="9024" Y="16420" Z="0"/><Vertex X="9024" Y="16405" Z="0"/><Vertex X="9024" Y="16390" Z="0"/><Vertex X="9031" Y="16390" Z="0"/><Vertex X="9031" Y="16375" Z="0"/><Vertex X="9031" Y="16352" Z="0"/><Vertex X="9031" Y="16344" Z="0"/><Vertex X="9047" Y="16322" Z="0"/><Vertex X="9047" Y="16299" Z="0"/><Vertex X="9047" Y="16276" Z="0"/><Vertex X="9062" Y="16276" Z="0"/><Vertex X="9062" Y="16261" Z="0"/><Vertex X="9062" Y="16238" Z="0"/><Vertex X="9077" Y="16223" Z="0"/><Vertex X="9077" Y="16215" Z="0"/><Vertex X="9077" Y="16200" Z="0"/><Vertex X="9077" Y="16192" Z="0"/><Vertex X="9077" Y="16177" Z="0"/><Vertex X="9077" Y="16154" Z="0"/><Vertex X="9077" Y="16139" Z="0"/><Vertex X="9077" Y="16116" Z="0"/><Vertex X="9077" Y="16093" Z="0"/><Vertex X="9077" Y="16078" Z="0"/><Vertex X="9069" Y="16063" Z="0"/><Vertex X="9069" Y="16048" Z="0"/><Vertex X="9069" Y="16040" Z="0"/><Vertex X="9069" Y="16025" Z="0"/><Vertex X="9069" Y="16002" Z="0"/><Vertex X="9054" Y="15994" Z="0"/><Vertex X="9054" Y="15979" Z="0"/><Vertex X="9054" Y="15956" Z="0"/><Vertex X="9039" Y="15941" Z="0"/><Vertex X="9039" Y="15911" Z="0"/><Vertex X="9039" Y="15895" Z="0"/><Vertex X="9039" Y="15888" Z="0"/><Vertex X="9039" Y="15873" Z="0"/><Vertex X="9039" Y="15857" Z="0"/><Vertex X="9031" Y="15850" Z="0"/><Vertex X="9031" Y="15827" Z="0"/><Vertex X="9031" Y="15812" Z="0"/><Vertex X="9016" Y="15797" Z="0"/><Vertex X="9016" Y="15781" Z="0"/><Vertex X="9016" Y="15758" Z="0"/><Vertex X="9016" Y="15743" Z="0"/><Vertex X="9001" Y="15720" Z="0"/><Vertex X="9001" Y="15705" Z="0"/><Vertex X="9001" Y="15698" Z="0"/><Vertex X="9001" Y="15682" Z="0"/><Vertex X="9001" Y="15667" Z="0"/><Vertex X="9001" Y="15660" Z="0"/><Vertex X="9001" Y="15644" Z="0"/><Vertex X="9001" Y="15637" Z="0"/><Vertex X="9001" Y="15622" Z="0"/><Vertex X="9001" Y="15606" Z="0"/><Vertex X="9001" Y="15599" Z="0"/><Vertex X="9001" Y="15583" Z="0"/><Vertex X="9001" Y="15576" Z="0"/><Vertex X="9001" Y="15561" Z="0"/><Vertex X="9001" Y="15545" Z="0"/><Vertex X="9001" Y="15523" Z="0"/><Vertex X="9001" Y="15515" Z="0"/><Vertex X="9001" Y="15500" Z="0"/><Vertex X="9001" Y="15485" Z="0"/><Vertex X="9009" Y="15477" Z="0"/><Vertex X="9009" Y="15462" Z="0"/><Vertex X="9009" Y="15439" Z="0"/><Vertex X="9009" Y="15424" Z="0"/><Vertex X="9009" Y="15401" Z="0"/><Vertex X="9009" Y="15378" Z="0"/><Vertex X="9009" Y="15363" Z="0"/><Vertex X="9009" Y="15348" Z="0"/><Vertex X="9009" Y="15332" Z="0"/><Vertex X="9009" Y="15325" Z="0"/><Vertex X="9009" Y="15310" Z="0"/><Vertex X="9009" Y="15302" Z="0"/><Vertex X="9009" Y="15279" Z="0"/><Vertex X="9009" Y="15264" Z="0"/><Vertex X="9009" Y="15256" Z="0"/><Vertex X="9016" Y="15241" Z="0"/><Vertex X="9016" Y="15226" Z="0"/><Vertex X="9016" Y="15218" Z="0"/><Vertex X="9016" Y="15188" Z="0"/><Vertex X="9016" Y="15157" Z="0"/><Vertex X="9062" Y="14237" Z="0"/><Vertex X="9054" Y="14267" Z="0"/><Vertex X="9054" Y="14252" Z="0"/><Vertex X="9054" Y="14260" Z="0"/><Vertex X="9039" Y="14260" Z="0"/><Vertex X="9039" Y="14244" Z="0"/><Vertex X="9031" Y="14244" Z="0"/><Vertex X="9031" Y="14237" Z="0"/><Vertex X="9016" Y="14237" Z="0"/><Vertex X="9009" Y="14237" Z="0"/><Vertex X="9009" Y="14221" Z="0"/><Vertex X="8993" Y="14221" Z="0"/><Vertex X="8993" Y="14206" Z="0"/><Vertex X="8978" Y="14206" Z="0"/><Vertex X="8978" Y="14199" Z="0"/><Vertex X="8978" Y="14183" Z="0"/></Vertices></Region></Regions><Plots></Plots></Annotation></Annotations>
