<Annotations MicronsPerPixel="0.493400">
	<Annotation Id="1" Name="" ReadOnly="0" NameReadOnly="0" LineColorReadOnly="0" Incremental="0" Type="4" LineColor="16776960" Visible="1" Selected="1" MarkupImagePath="" MacroName=""><Attributes></Attributes><Regions><RegionAttributeHeaders></RegionAttributeHeaders><Region Id="1" Type="0" Zoom="0.026389" Selected="0" ImageLocation="" ImageFocus="-1" Length="67197.3" Area="71082855.5" LengthMicrons="33155.1" AreaMicrons="17304663.9" Text="" NegativeROA="0" InputRegionId="0" Analyze="1" DisplayId="1"><Attributes></Attributes><Vertices><Vertex X="3562" Y="7238" Z="0"/><Vertex X="3486" Y="7238" Z="0"/><Vertex X="3449" Y="7238" Z="0"/><Vertex X="3373" Y="7238" Z="0"/><Vertex X="3297" Y="7238" Z="0"/><Vertex X="3221" Y="7314" Z="0"/><Vertex X="3107" Y="7314" Z="0"/><Vertex X="3032" Y="7314" Z="0"/><Vertex X="2994" Y="7390" Z="0"/><Vertex X="2918" Y="7390" Z="0"/><Vertex X="2842" Y="7390" Z="0"/><Vertex X="2804" Y="7390" Z="0"/><Vertex X="2729" Y="7465" Z="0"/><Vertex X="2653" Y="7465" Z="0"/><Vertex X="2615" Y="7465" Z="0"/><Vertex X="2539" Y="7465" Z="0"/><Vertex X="2463" Y="7503" Z="0"/><Vertex X="2425" Y="7503" Z="0"/><Vertex X="2350" Y="7503" Z="0"/><Vertex X="2350" Y="7579" Z="0"/><Vertex X="2274" Y="7579" Z="0"/><Vertex X="2160" Y="7655" Z="0"/><Vertex X="2046" Y="7655" Z="0"/><Vertex X="2046" Y="7693" Z="0"/><Vertex X="1933" Y="7693" Z="0"/><Vertex X="1857" Y="7769" Z="0"/><Vertex X="1781" Y="7769" Z="0"/><Vertex X="1781" Y="7844" Z="0"/><Vertex X="1667" Y="7844" Z="0"/><Vertex X="1667" Y="7920" Z="0"/><Vertex X="1592" Y="7920" Z="0"/><Vertex X="1592" Y="7958" Z="0"/><Vertex X="1478" Y="7958" Z="0"/><Vertex X="1478" Y="8034" Z="0"/><Vertex X="1364" Y="8034" Z="0"/><Vertex X="1364" Y="8072" Z="0"/><Vertex X="1326" Y="8072" Z="0"/><Vertex X="1326" Y="8147" Z="0"/><Vertex X="1251" Y="8147" Z="0"/><Vertex X="1251" Y="8261" Z="0"/><Vertex X="1213" Y="8261" Z="0"/><Vertex X="1213" Y="8337" Z="0"/><Vertex X="1137" Y="8451" Z="0"/><Vertex X="1061" Y="8564" Z="0"/><Vertex X="1061" Y="8716" Z="0"/><Vertex X="985" Y="8754" Z="0"/><Vertex X="985" Y="8830" Z="0"/><Vertex X="985" Y="8905" Z="0"/><Vertex X="910" Y="8905" Z="0"/><Vertex X="910" Y="9019" Z="0"/><Vertex X="910" Y="9095" Z="0"/><Vertex X="872" Y="9095" Z="0"/><Vertex X="872" Y="9209" Z="0"/><Vertex X="872" Y="9246" Z="0"/><Vertex X="872" Y="9360" Z="0"/><Vertex X="872" Y="9398" Z="0"/><Vertex X="872" Y="9474" Z="0"/><Vertex X="872" Y="9550" Z="0"/><Vertex X="872" Y="9625" Z="0"/><Vertex X="910" Y="9701" Z="0"/><Vertex X="910" Y="9815" Z="0"/><Vertex X="947" Y="9815" Z="0"/><Vertex X="947" Y="9853" Z="0"/><Vertex X="1023" Y="9929" Z="0"/><Vertex X="1023" Y="10042" Z="0"/><Vertex X="1099" Y="10042" Z="0"/><Vertex X="1099" Y="10080" Z="0"/><Vertex X="1137" Y="10080" Z="0"/><Vertex X="1213" Y="10156" Z="0"/><Vertex X="1326" Y="10156" Z="0"/><Vertex X="1326" Y="10232" Z="0"/><Vertex X="1364" Y="10232" Z="0"/><Vertex X="1478" Y="10232" Z="0"/><Vertex X="1516" Y="10232" Z="0"/><Vertex X="1630" Y="10307" Z="0"/><Vertex X="1781" Y="10307" Z="0"/><Vertex X="1857" Y="10307" Z="0"/><Vertex X="1895" Y="10307" Z="0"/><Vertex X="1971" Y="10307" Z="0"/><Vertex X="2009" Y="10307" Z="0"/><Vertex X="2084" Y="10307" Z="0"/><Vertex X="2160" Y="10307" Z="0"/><Vertex X="2198" Y="10307" Z="0"/><Vertex X="2274" Y="10307" Z="0"/><Vertex X="2350" Y="10307" Z="0"/><Vertex X="2463" Y="10307" Z="0"/><Vertex X="2577" Y="10307" Z="0"/><Vertex X="2653" Y="10307" Z="0"/><Vertex X="2766" Y="10307" Z="0"/><Vertex X="2842" Y="10307" Z="0"/><Vertex X="2880" Y="10307" Z="0"/><Vertex X="2956" Y="10307" Z="0"/><Vertex X="3032" Y="10307" Z="0"/><Vertex X="3070" Y="10307" Z="0"/><Vertex X="3183" Y="10307" Z="0"/><Vertex X="3221" Y="10307" Z="0"/><Vertex X="3335" Y="10307" Z="0"/><Vertex X="3411" Y="10307" Z="0"/><Vertex X="3449" Y="10307" Z="0"/><Vertex X="3524" Y="10307" Z="0"/><Vertex X="3638" Y="10270" Z="0"/><Vertex X="3752" Y="10270" Z="0"/><Vertex X="3827" Y="10270" Z="0"/><Vertex X="3903" Y="10270" Z="0"/><Vertex X="3941" Y="10270" Z="0"/><Vertex X="4055" Y="10270" Z="0"/><Vertex X="4131" Y="10270" Z="0"/><Vertex X="4206" Y="10194" Z="0"/><Vertex X="4320" Y="10194" Z="0"/><Vertex X="4434" Y="10194" Z="0"/><Vertex X="4472" Y="10118" Z="0"/><Vertex X="4547" Y="10118" Z="0"/><Vertex X="4623" Y="10118" Z="0"/><Vertex X="4699" Y="10042" Z="0"/><Vertex X="4775" Y="10042" Z="0"/><Vertex X="4851" Y="10042" Z="0"/><Vertex X="4926" Y="9966" Z="0"/><Vertex X="5002" Y="9966" Z="0"/><Vertex X="5116" Y="9966" Z="0"/><Vertex X="5230" Y="9929" Z="0"/><Vertex X="5268" Y="9929" Z="0"/><Vertex X="5381" Y="9929" Z="0"/><Vertex X="5457" Y="9853" Z="0"/><Vertex X="5495" Y="9853" Z="0"/><Vertex X="5609" Y="9853" Z="0"/><Vertex X="5684" Y="9777" Z="0"/><Vertex X="5760" Y="9777" Z="0"/><Vertex X="5836" Y="9701" Z="0"/><Vertex X="5912" Y="9701" Z="0"/><Vertex X="5950" Y="9701" Z="0"/><Vertex X="6025" Y="9625" Z="0"/><Vertex X="6139" Y="9625" Z="0"/><Vertex X="6177" Y="9625" Z="0"/><Vertex X="6253" Y="9625" Z="0"/><Vertex X="6329" Y="9587" Z="0"/><Vertex X="6366" Y="9587" Z="0"/><Vertex X="6442" Y="9587" Z="0"/><Vertex X="6480" Y="9587" Z="0"/><Vertex X="6556" Y="9587" Z="0"/><Vertex X="6632" Y="9587" Z="0"/><Vertex X="6670" Y="9512" Z="0"/><Vertex X="6745" Y="9512" Z="0"/><Vertex X="6821" Y="9512" Z="0"/><Vertex X="6859" Y="9512" Z="0"/><Vertex X="6935" Y="9512" Z="0"/><Vertex X="6973" Y="9512" Z="0"/><Vertex X="7049" Y="9436" Z="0"/><Vertex X="7162" Y="9436" Z="0"/><Vertex X="7276" Y="9436" Z="0"/><Vertex X="7276" Y="9398" Z="0"/><Vertex X="7352" Y="9398" Z="0"/><Vertex X="7465" Y="9398" Z="0"/><Vertex X="7465" Y="9322" Z="0"/><Vertex X="7579" Y="9322" Z="0"/><Vertex X="7655" Y="9322" Z="0"/><Vertex X="7655" Y="9246" Z="0"/><Vertex X="7769" Y="9246" Z="0"/><Vertex X="7882" Y="9246" Z="0"/><Vertex X="7958" Y="9171" Z="0"/><Vertex X="8072" Y="9171" Z="0"/><Vertex X="8148" Y="9171" Z="0"/><Vertex X="8185" Y="9171" Z="0"/><Vertex X="8261" Y="9133" Z="0"/><Vertex X="8337" Y="9133" Z="0"/><Vertex X="8413" Y="9133" Z="0"/><Vertex X="8526" Y="9133" Z="0"/><Vertex X="8602" Y="9133" Z="0"/><Vertex X="8640" Y="9057" Z="0"/><Vertex X="8716" Y="9057" Z="0"/><Vertex X="8792" Y="9057" Z="0"/><Vertex X="8868" Y="9057" Z="0"/><Vertex X="8981" Y="8981" Z="0"/><Vertex X="9095" Y="8981" Z="0"/><Vertex X="9171" Y="8981" Z="0"/><Vertex X="9284" Y="8905" Z="0"/><Vertex X="9398" Y="8905" Z="0"/><Vertex X="9512" Y="8905" Z="0"/><Vertex X="9588" Y="8830" Z="0"/><Vertex X="9663" Y="8830" Z="0"/><Vertex X="9739" Y="8754" Z="0"/><Vertex X="9777" Y="8754" Z="0"/><Vertex X="9853" Y="8754" Z="0"/><Vertex X="9929" Y="8716" Z="0"/><Vertex X="9967" Y="8716" Z="0"/><Vertex X="10042" Y="8716" Z="0"/><Vertex X="10118" Y="8640" Z="0"/><Vertex X="10156" Y="8640" Z="0"/><Vertex X="10308" Y="8564" Z="0"/><Vertex X="10383" Y="8564" Z="0"/><Vertex X="10421" Y="8564" Z="0"/><Vertex X="10497" Y="8489" Z="0"/><Vertex X="10573" Y="8489" Z="0"/><Vertex X="10611" Y="8489" Z="0"/><Vertex X="10687" Y="8413" Z="0"/><Vertex X="10762" Y="8413" Z="0"/><Vertex X="10800" Y="8413" Z="0"/><Vertex X="10876" Y="8413" Z="0"/><Vertex X="10952" Y="8375" Z="0"/><Vertex X="10990" Y="8375" Z="0"/><Vertex X="11141" Y="8375" Z="0"/><Vertex X="11217" Y="8375" Z="0"/><Vertex X="11255" Y="8375" Z="0"/><Vertex X="11331" Y="8299" Z="0"/><Vertex X="11407" Y="8299" Z="0"/><Vertex X="11444" Y="8299" Z="0"/><Vertex X="11520" Y="8299" Z="0"/><Vertex X="11596" Y="8299" Z="0"/><Vertex X="11634" Y="8223" Z="0"/><Vertex X="11710" Y="8223" Z="0"/><Vertex X="11785" Y="8223" Z="0"/><Vertex X="11823" Y="8223" Z="0"/><Vertex X="11899" Y="8223" Z="0"/><Vertex X="11937" Y="8223" Z="0"/><Vertex X="12013" Y="8147" Z="0"/><Vertex X="12089" Y="8147" Z="0"/><Vertex X="12127" Y="8147" Z="0"/><Vertex X="12202" Y="8147" Z="0"/><Vertex X="12240" Y="8147" Z="0"/><Vertex X="12316" Y="8147" Z="0"/><Vertex X="12392" Y="8072" Z="0"/><Vertex X="12505" Y="8072" Z="0"/><Vertex X="12543" Y="8072" Z="0"/><Vertex X="12657" Y="8072" Z="0"/><Vertex X="12695" Y="8072" Z="0"/><Vertex X="12771" Y="8072" Z="0"/><Vertex X="12771" Y="8034" Z="0"/><Vertex X="12884" Y="8034" Z="0"/><Vertex X="12960" Y="8034" Z="0"/><Vertex X="13074" Y="7958" Z="0"/><Vertex X="13150" Y="7958" Z="0"/><Vertex X="13150" Y="7920" Z="0"/><Vertex X="13188" Y="7920" Z="0"/><Vertex X="13263" Y="7920" Z="0"/><Vertex X="13339" Y="7920" Z="0"/><Vertex X="13453" Y="7920" Z="0"/><Vertex X="13529" Y="7920" Z="0"/><Vertex X="13642" Y="7844" Z="0"/><Vertex X="13680" Y="7844" Z="0"/><Vertex X="13794" Y="7844" Z="0"/><Vertex X="13832" Y="7844" Z="0"/><Vertex X="13908" Y="7844" Z="0"/><Vertex X="13908" Y="7769" Z="0"/><Vertex X="13983" Y="7769" Z="0"/><Vertex X="14021" Y="7769" Z="0"/><Vertex X="14097" Y="7769" Z="0"/><Vertex X="14173" Y="7693" Z="0"/><Vertex X="14211" Y="7693" Z="0"/><Vertex X="14211" Y="7655" Z="0"/><Vertex X="14324" Y="7655" Z="0"/><Vertex X="14400" Y="7579" Z="0"/><Vertex X="14438" Y="7579" Z="0"/><Vertex X="14552" Y="7503" Z="0"/><Vertex X="14666" Y="7503" Z="0"/><Vertex X="14779" Y="7390" Z="0"/><Vertex X="14855" Y="7390" Z="0"/><Vertex X="14931" Y="7390" Z="0"/><Vertex X="15007" Y="7352" Z="0"/><Vertex X="15044" Y="7352" Z="0"/><Vertex X="15120" Y="7352" Z="0"/><Vertex X="15158" Y="7352" Z="0"/><Vertex X="15234" Y="7276" Z="0"/><Vertex X="15310" Y="7276" Z="0"/><Vertex X="15348" Y="7276" Z="0"/><Vertex X="15423" Y="7276" Z="0"/><Vertex X="15499" Y="7276" Z="0"/><Vertex X="15537" Y="7200" Z="0"/><Vertex X="15651" Y="7200" Z="0"/><Vertex X="15764" Y="7200" Z="0"/><Vertex X="15802" Y="7200" Z="0"/><Vertex X="15878" Y="7124" Z="0"/><Vertex X="15954" Y="7124" Z="0"/><Vertex X="15992" Y="7124" Z="0"/><Vertex X="16068" Y="7124" Z="0"/><Vertex X="16143" Y="7124" Z="0"/><Vertex X="16181" Y="7124" Z="0"/><Vertex X="16257" Y="7124" Z="0"/><Vertex X="16333" Y="7049" Z="0"/><Vertex X="16371" Y="7049" Z="0"/><Vertex X="16447" Y="7049" Z="0"/><Vertex X="16484" Y="7049" Z="0"/><Vertex X="16560" Y="7049" Z="0"/><Vertex X="16636" Y="7049" Z="0"/><Vertex X="16674" Y="7049" Z="0"/><Vertex X="16750" Y="7011" Z="0"/><Vertex X="16788" Y="7011" Z="0"/><Vertex X="16863" Y="7011" Z="0"/><Vertex X="16939" Y="7011" Z="0"/><Vertex X="16977" Y="7011" Z="0"/><Vertex X="17091" Y="6935" Z="0"/><Vertex X="17167" Y="6935" Z="0"/><Vertex X="17242" Y="6935" Z="0"/><Vertex X="17318" Y="6935" Z="0"/><Vertex X="17394" Y="6935" Z="0"/><Vertex X="17432" Y="6859" Z="0"/><Vertex X="17508" Y="6859" Z="0"/><Vertex X="17583" Y="6859" Z="0"/><Vertex X="17621" Y="6859" Z="0"/><Vertex X="17697" Y="6783" Z="0"/><Vertex X="17773" Y="6783" Z="0"/><Vertex X="17811" Y="6783" Z="0"/><Vertex X="17887" Y="6783" Z="0"/><Vertex X="17924" Y="6783" Z="0"/><Vertex X="18000" Y="6707" Z="0"/><Vertex X="18076" Y="6707" Z="0"/><Vertex X="18114" Y="6707" Z="0"/><Vertex X="18190" Y="6707" Z="0"/><Vertex X="18228" Y="6707" Z="0"/><Vertex X="18303" Y="6707" Z="0"/><Vertex X="18379" Y="6707" Z="0"/><Vertex X="18417" Y="6707" Z="0"/><Vertex X="18493" Y="6707" Z="0"/><Vertex X="18531" Y="6707" Z="0"/><Vertex X="18607" Y="6707" Z="0"/><Vertex X="18682" Y="6707" Z="0"/><Vertex X="18720" Y="6707" Z="0"/><Vertex X="18796" Y="6707" Z="0"/><Vertex X="18834" Y="6707" Z="0"/><Vertex X="18910" Y="6707" Z="0"/><Vertex X="19023" Y="6707" Z="0"/><Vertex X="19061" Y="6707" Z="0"/><Vertex X="19175" Y="6707" Z="0"/><Vertex X="19251" Y="6707" Z="0"/><Vertex X="19289" Y="6707" Z="0"/><Vertex X="19365" Y="6707" Z="0"/><Vertex X="19402" Y="6707" Z="0"/><Vertex X="19478" Y="6707" Z="0"/><Vertex X="19630" Y="6707" Z="0"/><Vertex X="19668" Y="6707" Z="0"/><Vertex X="19743" Y="6707" Z="0"/><Vertex X="19819" Y="6707" Z="0"/><Vertex X="19857" Y="6707" Z="0"/><Vertex X="19933" Y="6707" Z="0"/><Vertex X="19971" Y="6707" Z="0"/><Vertex X="20047" Y="6707" Z="0"/><Vertex X="20122" Y="6707" Z="0"/><Vertex X="20160" Y="6707" Z="0"/><Vertex X="20236" Y="6707" Z="0"/><Vertex X="20274" Y="6707" Z="0"/><Vertex X="20350" Y="6707" Z="0"/><Vertex X="20463" Y="6707" Z="0"/><Vertex X="20577" Y="6707" Z="0"/><Vertex X="20653" Y="6670" Z="0"/><Vertex X="20729" Y="6670" Z="0"/><Vertex X="20767" Y="6670" Z="0"/><Vertex X="20842" Y="6670" Z="0"/><Vertex X="20918" Y="6670" Z="0"/><Vertex X="20956" Y="6670" Z="0"/><Vertex X="21032" Y="6670" Z="0"/><Vertex X="21070" Y="6670" Z="0"/><Vertex X="21146" Y="6670" Z="0"/><Vertex X="21221" Y="6670" Z="0"/><Vertex X="21259" Y="6670" Z="0"/><Vertex X="21373" Y="6594" Z="0"/><Vertex X="21449" Y="6594" Z="0"/><Vertex X="21487" Y="6594" Z="0"/><Vertex X="21562" Y="6594" Z="0"/><Vertex X="21638" Y="6518" Z="0"/><Vertex X="21676" Y="6518" Z="0"/><Vertex X="21752" Y="6518" Z="0"/><Vertex X="21790" Y="6518" Z="0"/><Vertex X="21866" Y="6518" Z="0"/><Vertex X="21941" Y="6518" Z="0"/><Vertex X="22017" Y="6518" Z="0"/><Vertex X="22131" Y="6442" Z="0"/><Vertex X="22207" Y="6442" Z="0"/><Vertex X="22245" Y="6442" Z="0"/><Vertex X="22358" Y="6366" Z="0"/><Vertex X="22434" Y="6366" Z="0"/><Vertex X="22472" Y="6291" Z="0"/><Vertex X="22548" Y="6291" Z="0"/><Vertex X="22624" Y="6291" Z="0"/><Vertex X="22661" Y="6253" Z="0"/><Vertex X="22737" Y="6253" Z="0"/><Vertex X="22813" Y="6253" Z="0"/><Vertex X="22851" Y="6253" Z="0"/><Vertex X="22927" Y="6253" Z="0"/><Vertex X="22965" Y="6253" Z="0"/><Vertex X="23040" Y="6253" Z="0"/><Vertex X="23116" Y="6253" Z="0"/><Vertex X="23154" Y="6253" Z="0"/><Vertex X="23230" Y="6177" Z="0"/><Vertex X="23344" Y="6177" Z="0"/><Vertex X="23381" Y="6177" Z="0"/><Vertex X="23457" Y="6177" Z="0"/><Vertex X="23495" Y="6177" Z="0"/><Vertex X="23571" Y="6101" Z="0"/><Vertex X="23647" Y="6101" Z="0"/><Vertex X="23685" Y="6101" Z="0"/><Vertex X="23760" Y="6101" Z="0"/><Vertex X="23836" Y="6101" Z="0"/><Vertex X="23874" Y="6101" Z="0"/><Vertex X="23950" Y="6101" Z="0"/><Vertex X="23988" Y="6101" Z="0"/><Vertex X="24064" Y="6101" Z="0"/><Vertex X="24139" Y="6101" Z="0"/><Vertex X="24177" Y="6101" Z="0"/><Vertex X="24253" Y="6101" Z="0"/><Vertex X="24291" Y="6101" Z="0"/><Vertex X="24405" Y="6101" Z="0"/><Vertex X="24518" Y="6101" Z="0"/><Vertex X="24594" Y="6101" Z="0"/><Vertex X="24670" Y="6101" Z="0"/><Vertex X="24746" Y="6101" Z="0"/><Vertex X="24784" Y="6101" Z="0"/><Vertex X="24859" Y="6025" Z="0"/><Vertex X="24935" Y="6025" Z="0"/><Vertex X="24973" Y="6025" Z="0"/><Vertex X="25049" Y="6025" Z="0"/><Vertex X="25087" Y="6025" Z="0"/><Vertex X="25162" Y="6025" Z="0"/><Vertex X="25238" Y="6025" Z="0"/><Vertex X="25276" Y="6025" Z="0"/><Vertex X="25352" Y="6025" Z="0"/><Vertex X="25390" Y="6025" Z="0"/><Vertex X="25466" Y="6025" Z="0"/><Vertex X="25541" Y="6025" Z="0"/><Vertex X="25617" Y="6025" Z="0"/><Vertex X="25731" Y="6025" Z="0"/><Vertex X="25807" Y="6025" Z="0"/><Vertex X="25845" Y="6025" Z="0"/><Vertex X="25958" Y="6025" Z="0"/><Vertex X="25996" Y="6025" Z="0"/><Vertex X="26072" Y="6025" Z="0"/><Vertex X="26148" Y="6025" Z="0"/><Vertex X="26186" Y="6025" Z="0"/><Vertex X="26261" Y="6063" Z="0"/><Vertex X="26337" Y="6063" Z="0"/><Vertex X="26375" Y="6063" Z="0"/><Vertex X="26489" Y="6063" Z="0"/><Vertex X="26602" Y="6063" Z="0"/><Vertex X="26678" Y="6139" Z="0"/><Vertex X="26754" Y="6139" Z="0"/><Vertex X="26830" Y="6139" Z="0"/><Vertex X="26868" Y="6139" Z="0"/><Vertex X="26944" Y="6139" Z="0"/><Vertex X="26981" Y="6139" Z="0"/><Vertex X="27095" Y="6139" Z="0"/><Vertex X="27209" Y="6139" Z="0"/><Vertex X="27247" Y="6101" Z="0"/><Vertex X="27323" Y="6101" Z="0"/><Vertex X="27398" Y="6101" Z="0"/><Vertex X="27436" Y="6025" Z="0"/><Vertex X="27512" Y="6025" Z="0"/><Vertex X="27626" Y="6025" Z="0"/><Vertex X="27664" Y="5987" Z="0"/><Vertex X="27739" Y="5987" Z="0"/><Vertex X="27815" Y="5912" Z="0"/><Vertex X="27853" Y="5912" Z="0"/><Vertex X="27929" Y="5836" Z="0"/><Vertex X="28080" Y="5760" Z="0"/><Vertex X="28156" Y="5760" Z="0"/><Vertex X="28232" Y="5684" Z="0"/><Vertex X="28270" Y="5684" Z="0"/><Vertex X="28384" Y="5608" Z="0"/><Vertex X="28459" Y="5608" Z="0"/><Vertex X="28497" Y="5571" Z="0"/><Vertex X="28573" Y="5571" Z="0"/><Vertex X="28573" Y="5457" Z="0"/><Vertex X="28687" Y="5457" Z="0"/><Vertex X="28687" Y="5343" Z="0"/><Vertex X="28763" Y="5343" Z="0"/><Vertex X="28838" Y="5267" Z="0"/><Vertex X="28914" Y="5192" Z="0"/><Vertex X="28990" Y="5192" Z="0"/><Vertex X="29028" Y="5078" Z="0"/><Vertex X="29104" Y="5078" Z="0"/><Vertex X="29104" Y="4964" Z="0"/><Vertex X="29217" Y="4964" Z="0"/><Vertex X="29217" Y="4926" Z="0"/><Vertex X="29255" Y="4926" Z="0"/><Vertex X="29255" Y="4813" Z="0"/><Vertex X="29331" Y="4813" Z="0"/><Vertex X="29331" Y="4699" Z="0"/><Vertex X="29407" Y="4699" Z="0"/><Vertex X="29407" Y="4623" Z="0"/><Vertex X="29445" Y="4510" Z="0"/><Vertex X="29445" Y="4396" Z="0"/><Vertex X="29445" Y="4358" Z="0"/><Vertex X="29445" Y="4282" Z="0"/><Vertex X="29520" Y="4168" Z="0"/><Vertex X="29520" Y="4093" Z="0"/><Vertex X="29520" Y="3979" Z="0"/><Vertex X="29520" Y="3865" Z="0"/><Vertex X="29596" Y="3752" Z="0"/><Vertex X="29596" Y="3676" Z="0"/><Vertex X="29596" Y="3562" Z="0"/><Vertex X="29596" Y="3448" Z="0"/><Vertex X="29596" Y="3411" Z="0"/><Vertex X="29596" Y="3297" Z="0"/><Vertex X="29596" Y="3183" Z="0"/><Vertex X="29596" Y="3145" Z="0"/><Vertex X="29596" Y="3032" Z="0"/><Vertex X="29520" Y="2918" Z="0"/><Vertex X="29520" Y="2880" Z="0"/><Vertex X="29445" Y="2880" Z="0"/><Vertex X="29445" Y="2804" Z="0"/><Vertex X="29369" Y="2804" Z="0"/><Vertex X="29331" Y="2804" Z="0"/><Vertex X="29255" Y="2804" Z="0"/><Vertex X="29141" Y="2804" Z="0"/><Vertex X="28990" Y="2842" Z="0"/><Vertex X="28876" Y="2842" Z="0"/><Vertex X="28800" Y="2918" Z="0"/><Vertex X="28649" Y="2918" Z="0"/><Vertex X="28535" Y="2918" Z="0"/><Vertex X="28421" Y="2918" Z="0"/><Vertex X="28270" Y="2918" Z="0"/><Vertex X="28156" Y="2918" Z="0"/><Vertex X="28043" Y="2994" Z="0"/><Vertex X="27967" Y="2994" Z="0"/><Vertex X="27853" Y="2994" Z="0"/><Vertex X="27739" Y="2994" Z="0"/><Vertex X="27664" Y="2994" Z="0"/><Vertex X="27550" Y="2994" Z="0"/><Vertex X="27474" Y="3032" Z="0"/><Vertex X="27436" Y="3032" Z="0"/><Vertex X="27360" Y="3032" Z="0"/><Vertex X="27285" Y="3107" Z="0"/><Vertex X="27247" Y="3107" Z="0"/><Vertex X="27171" Y="3183" Z="0"/><Vertex X="27095" Y="3183" Z="0"/><Vertex X="27095" Y="3259" Z="0"/><Vertex X="27019" Y="3259" Z="0"/><Vertex X="27019" Y="3297" Z="0"/><Vertex X="26944" Y="3297" Z="0"/><Vertex X="26944" Y="3373" Z="0"/><Vertex X="26830" Y="3373" Z="0"/><Vertex X="26830" Y="3411" Z="0"/><Vertex X="26792" Y="3411" Z="0"/><Vertex X="26792" Y="3486" Z="0"/><Vertex X="26716" Y="3486" Z="0"/><Vertex X="26640" Y="3562" Z="0"/><Vertex X="26602" Y="3562" Z="0"/><Vertex X="26602" Y="3600" Z="0"/><Vertex X="26527" Y="3600" Z="0"/><Vertex X="26413" Y="3676" Z="0"/><Vertex X="26337" Y="3676" Z="0"/><Vertex X="26337" Y="3752" Z="0"/><Vertex X="26261" Y="3752" Z="0"/><Vertex X="26186" Y="3752" Z="0"/><Vertex X="26148" Y="3827" Z="0"/><Vertex X="26072" Y="3827" Z="0"/><Vertex X="25996" Y="3865" Z="0"/><Vertex X="25958" Y="3865" Z="0"/><Vertex X="25882" Y="3865" Z="0"/><Vertex X="25807" Y="3865" Z="0"/><Vertex X="25807" Y="3941" Z="0"/><Vertex X="25731" Y="3941" Z="0"/><Vertex X="25655" Y="3941" Z="0"/><Vertex X="25541" Y="3941" Z="0"/><Vertex X="25466" Y="3941" Z="0"/><Vertex X="25428" Y="3941" Z="0"/><Vertex X="25352" Y="3941" Z="0"/><Vertex X="25314" Y="3941" Z="0"/><Vertex X="25238" Y="4017" Z="0"/><Vertex X="25162" Y="4017" Z="0"/><Vertex X="25125" Y="4017" Z="0"/><Vertex X="25011" Y="4017" Z="0"/><Vertex X="24897" Y="4017" Z="0"/><Vertex X="24708" Y="4017" Z="0"/><Vertex X="24632" Y="4017" Z="0"/><Vertex X="24594" Y="4017" Z="0"/><Vertex X="24480" Y="4093" Z="0"/><Vertex X="24367" Y="4093" Z="0"/><Vertex X="24291" Y="4093" Z="0"/><Vertex X="24253" Y="4093" Z="0"/><Vertex X="24101" Y="4093" Z="0"/><Vertex X="24064" Y="4093" Z="0"/><Vertex X="23950" Y="4093" Z="0"/><Vertex X="23950" Y="4131" Z="0"/><Vertex X="23874" Y="4131" Z="0"/><Vertex X="23836" Y="4131" Z="0"/><Vertex X="23760" Y="4131" Z="0"/><Vertex X="23685" Y="4206" Z="0"/><Vertex X="23647" Y="4206" Z="0"/><Vertex X="23533" Y="4206" Z="0"/><Vertex X="23533" Y="4282" Z="0"/><Vertex X="23457" Y="4282" Z="0"/><Vertex X="23306" Y="4282" Z="0"/><Vertex X="23268" Y="4282" Z="0"/><Vertex X="23192" Y="4282" Z="0"/><Vertex X="23154" Y="4282" Z="0"/><Vertex X="23078" Y="4320" Z="0"/><Vertex X="23002" Y="4320" Z="0"/><Vertex X="22965" Y="4320" Z="0"/><Vertex X="22889" Y="4320" Z="0"/><Vertex X="22813" Y="4396" Z="0"/><Vertex X="22775" Y="4396" Z="0"/><Vertex X="22699" Y="4396" Z="0"/><Vertex X="22624" Y="4396" Z="0"/><Vertex X="22586" Y="4472" Z="0"/><Vertex X="22510" Y="4472" Z="0"/><Vertex X="22434" Y="4472" Z="0"/><Vertex X="22396" Y="4472" Z="0"/><Vertex X="22320" Y="4585" Z="0"/><Vertex X="22245" Y="4585" Z="0"/><Vertex X="22207" Y="4585" Z="0"/><Vertex X="22131" Y="4661" Z="0"/><Vertex X="22055" Y="4661" Z="0"/><Vertex X="22017" Y="4661" Z="0"/><Vertex X="21941" Y="4699" Z="0"/><Vertex X="21866" Y="4699" Z="0"/><Vertex X="21790" Y="4699" Z="0"/><Vertex X="21790" Y="4775" Z="0"/><Vertex X="21676" Y="4775" Z="0"/><Vertex X="21600" Y="4775" Z="0"/><Vertex X="21600" Y="4851" Z="0"/><Vertex X="21562" Y="4851" Z="0"/><Vertex X="21487" Y="4851" Z="0"/><Vertex X="21411" Y="4888" Z="0"/><Vertex X="21373" Y="4888" Z="0"/><Vertex X="21297" Y="4888" Z="0"/><Vertex X="21221" Y="4888" Z="0"/><Vertex X="21108" Y="4964" Z="0"/><Vertex X="21032" Y="4964" Z="0"/><Vertex X="20994" Y="4964" Z="0"/><Vertex X="20918" Y="4964" Z="0"/><Vertex X="20767" Y="4964" Z="0"/><Vertex X="20729" Y="4964" Z="0"/><Vertex X="20653" Y="5040" Z="0"/><Vertex X="20577" Y="5040" Z="0"/><Vertex X="20539" Y="5040" Z="0"/><Vertex X="20463" Y="5040" Z="0"/><Vertex X="20388" Y="5040" Z="0"/><Vertex X="20350" Y="5040" Z="0"/><Vertex X="20274" Y="5040" Z="0"/><Vertex X="20236" Y="5040" Z="0"/><Vertex X="20160" Y="5040" Z="0"/><Vertex X="20085" Y="5040" Z="0"/><Vertex X="20047" Y="5040" Z="0"/><Vertex X="19971" Y="5040" Z="0"/><Vertex X="19933" Y="5040" Z="0"/><Vertex X="19857" Y="5040" Z="0"/><Vertex X="19781" Y="5040" Z="0"/><Vertex X="19743" Y="5040" Z="0"/><Vertex X="19592" Y="5040" Z="0"/><Vertex X="19592" Y="5002" Z="0"/><Vertex X="19478" Y="5002" Z="0"/><Vertex X="19365" Y="5002" Z="0"/><Vertex X="19251" Y="5002" Z="0"/><Vertex X="19137" Y="5002" Z="0"/><Vertex X="19099" Y="5002" Z="0"/><Vertex X="18986" Y="5002" Z="0"/><Vertex X="18948" Y="5002" Z="0"/><Vertex X="18872" Y="5002" Z="0"/><Vertex X="18796" Y="5002" Z="0"/><Vertex X="18758" Y="5002" Z="0"/><Vertex X="18682" Y="5002" Z="0"/><Vertex X="18645" Y="5002" Z="0"/><Vertex X="18531" Y="5002" Z="0"/><Vertex X="18379" Y="5002" Z="0"/><Vertex X="18303" Y="5002" Z="0"/><Vertex X="18266" Y="5002" Z="0"/><Vertex X="18152" Y="5040" Z="0"/><Vertex X="18000" Y="5040" Z="0"/><Vertex X="17962" Y="5040" Z="0"/><Vertex X="17849" Y="5040" Z="0"/><Vertex X="17773" Y="5040" Z="0"/><Vertex X="17697" Y="5040" Z="0"/><Vertex X="17583" Y="5040" Z="0"/><Vertex X="17470" Y="5040" Z="0"/><Vertex X="17394" Y="5040" Z="0"/><Vertex X="17280" Y="5040" Z="0"/><Vertex X="17204" Y="5040" Z="0"/><Vertex X="17167" Y="5040" Z="0"/><Vertex X="16977" Y="5040" Z="0"/><Vertex X="16863" Y="5040" Z="0"/><Vertex X="16674" Y="5040" Z="0"/><Vertex X="16598" Y="5040" Z="0"/><Vertex X="16522" Y="5040" Z="0"/><Vertex X="16409" Y="5040" Z="0"/><Vertex X="16371" Y="5040" Z="0"/><Vertex X="16219" Y="5040" Z="0"/><Vertex X="16106" Y="5040" Z="0"/><Vertex X="16030" Y="5040" Z="0"/><Vertex X="15954" Y="5040" Z="0"/><Vertex X="15878" Y="5040" Z="0"/><Vertex X="15764" Y="5040" Z="0"/><Vertex X="15689" Y="5040" Z="0"/><Vertex X="15575" Y="5040" Z="0"/><Vertex X="15423" Y="5040" Z="0"/><Vertex X="15348" Y="5040" Z="0"/><Vertex X="15310" Y="5040" Z="0"/><Vertex X="15234" Y="5040" Z="0"/><Vertex X="15196" Y="5040" Z="0"/><Vertex X="15120" Y="5040" Z="0"/><Vertex X="15044" Y="5040" Z="0"/><Vertex X="15007" Y="5040" Z="0"/><Vertex X="14893" Y="5040" Z="0"/><Vertex X="14817" Y="5040" Z="0"/><Vertex X="14741" Y="5040" Z="0"/><Vertex X="14628" Y="5040" Z="0"/><Vertex X="14552" Y="5040" Z="0"/><Vertex X="14400" Y="5040" Z="0"/><Vertex X="14362" Y="5040" Z="0"/><Vertex X="14287" Y="5040" Z="0"/><Vertex X="14249" Y="5040" Z="0"/><Vertex X="14135" Y="5040" Z="0"/><Vertex X="14059" Y="5040" Z="0"/><Vertex X="13983" Y="5040" Z="0"/><Vertex X="13870" Y="5040" Z="0"/><Vertex X="13756" Y="5040" Z="0"/><Vertex X="13680" Y="5040" Z="0"/><Vertex X="13642" Y="5040" Z="0"/><Vertex X="13415" Y="5116" Z="0"/><Vertex X="13377" Y="5116" Z="0"/><Vertex X="13301" Y="5116" Z="0"/><Vertex X="13225" Y="5116" Z="0"/><Vertex X="13188" Y="5116" Z="0"/><Vertex X="13112" Y="5192" Z="0"/><Vertex X="13074" Y="5192" Z="0"/><Vertex X="12998" Y="5192" Z="0"/><Vertex X="12922" Y="5192" Z="0"/><Vertex X="12884" Y="5192" Z="0"/><Vertex X="12809" Y="5192" Z="0"/><Vertex X="12771" Y="5192" Z="0"/><Vertex X="12695" Y="5192" Z="0"/><Vertex X="12619" Y="5267" Z="0"/><Vertex X="12581" Y="5267" Z="0"/><Vertex X="12505" Y="5267" Z="0"/><Vertex X="12430" Y="5267" Z="0"/><Vertex X="12316" Y="5267" Z="0"/><Vertex X="12240" Y="5267" Z="0"/><Vertex X="12164" Y="5343" Z="0"/><Vertex X="12051" Y="5343" Z="0"/><Vertex X="11937" Y="5343" Z="0"/><Vertex X="11785" Y="5381" Z="0"/><Vertex X="11710" Y="5381" Z="0"/><Vertex X="11672" Y="5381" Z="0"/><Vertex X="11596" Y="5457" Z="0"/><Vertex X="11482" Y="5457" Z="0"/><Vertex X="11407" Y="5533" Z="0"/><Vertex X="11369" Y="5533" Z="0"/><Vertex X="11293" Y="5533" Z="0"/><Vertex X="11217" Y="5533" Z="0"/><Vertex X="11217" Y="5571" Z="0"/><Vertex X="11103" Y="5571" Z="0"/><Vertex X="11028" Y="5571" Z="0"/><Vertex X="10914" Y="5571" Z="0"/><Vertex X="10914" Y="5646" Z="0"/><Vertex X="10838" Y="5646" Z="0"/><Vertex X="10724" Y="5646" Z="0"/><Vertex X="10573" Y="5646" Z="0"/><Vertex X="10535" Y="5646" Z="0"/><Vertex X="10459" Y="5722" Z="0"/><Vertex X="10345" Y="5722" Z="0"/><Vertex X="10270" Y="5722" Z="0"/><Vertex X="10118" Y="5722" Z="0"/><Vertex X="10042" Y="5722" Z="0"/><Vertex X="10004" Y="5722" Z="0"/><Vertex X="9929" Y="5722" Z="0"/><Vertex X="9891" Y="5722" Z="0"/><Vertex X="9815" Y="5722" Z="0"/><Vertex X="9739" Y="5722" Z="0"/><Vertex X="9701" Y="5760" Z="0"/><Vertex X="9625" Y="5760" Z="0"/><Vertex X="9550" Y="5760" Z="0"/><Vertex X="9512" Y="5760" Z="0"/><Vertex X="9436" Y="5760" Z="0"/><Vertex X="9398" Y="5760" Z="0"/><Vertex X="9322" Y="5760" Z="0"/><Vertex X="9246" Y="5760" Z="0"/><Vertex X="9209" Y="5836" Z="0"/><Vertex X="9133" Y="5836" Z="0"/><Vertex X="9057" Y="5836" Z="0"/><Vertex X="9019" Y="5836" Z="0"/><Vertex X="8943" Y="5836" Z="0"/><Vertex X="8905" Y="5836" Z="0"/><Vertex X="8830" Y="5836" Z="0"/><Vertex X="8754" Y="5836" Z="0"/><Vertex X="8716" Y="5836" Z="0"/><Vertex X="8640" Y="5836" Z="0"/><Vertex X="8526" Y="5836" Z="0"/><Vertex X="8451" Y="5836" Z="0"/><Vertex X="8413" Y="5912" Z="0"/><Vertex X="8337" Y="5912" Z="0"/><Vertex X="8261" Y="5912" Z="0"/><Vertex X="8148" Y="5912" Z="0"/><Vertex X="8110" Y="5912" Z="0"/><Vertex X="7958" Y="5912" Z="0"/><Vertex X="7920" Y="5987" Z="0"/><Vertex X="7769" Y="5987" Z="0"/><Vertex X="7731" Y="5987" Z="0"/><Vertex X="7617" Y="5987" Z="0"/><Vertex X="7541" Y="6063" Z="0"/><Vertex X="7503" Y="6063" Z="0"/><Vertex X="7390" Y="6063" Z="0"/><Vertex X="7276" Y="6063" Z="0"/><Vertex X="7276" Y="6101" Z="0"/><Vertex X="7200" Y="6101" Z="0"/><Vertex X="7124" Y="6101" Z="0"/><Vertex X="7086" Y="6101" Z="0"/><Vertex X="7011" Y="6177" Z="0"/><Vertex X="6897" Y="6177" Z="0"/><Vertex X="6859" Y="6177" Z="0"/><Vertex X="6859" Y="6253" Z="0"/><Vertex X="6745" Y="6253" Z="0"/><Vertex X="6670" Y="6253" Z="0"/><Vertex X="6594" Y="6253" Z="0"/><Vertex X="6518" Y="6291" Z="0"/><Vertex X="6366" Y="6291" Z="0"/><Vertex X="6291" Y="6291" Z="0"/><Vertex X="6177" Y="6366" Z="0"/><Vertex X="6101" Y="6366" Z="0"/><Vertex X="5988" Y="6442" Z="0"/><Vertex X="5950" Y="6442" Z="0"/><Vertex X="5798" Y="6518" Z="0"/><Vertex X="5760" Y="6518" Z="0"/><Vertex X="5609" Y="6556" Z="0"/><Vertex X="5495" Y="6556" Z="0"/><Vertex X="5419" Y="6632" Z="0"/><Vertex X="5381" Y="6632" Z="0"/><Vertex X="5230" Y="6707" Z="0"/><Vertex X="5192" Y="6707" Z="0"/><Vertex X="5078" Y="6783" Z="0"/><Vertex X="4964" Y="6783" Z="0"/><Vertex X="4851" Y="6859" Z="0"/><Vertex X="4813" Y="6859" Z="0"/><Vertex X="4661" Y="6897" Z="0"/><Vertex X="4585" Y="6897" Z="0"/><Vertex X="4510" Y="6973" Z="0"/><Vertex X="4434" Y="6973" Z="0"/><Vertex X="4396" Y="7049" Z="0"/><Vertex X="4320" Y="7049" Z="0"/><Vertex X="4244" Y="7124" Z="0"/><Vertex X="4206" Y="7124" Z="0"/><Vertex X="4131" Y="7162" Z="0"/><Vertex X="4055" Y="7162" Z="0"/><Vertex X="4055" Y="7238" Z="0"/><Vertex X="4017" Y="7238" Z="0"/><Vertex X="3941" Y="7238" Z="0"/><Vertex X="3903" Y="7238" Z="0"/><Vertex X="3903" Y="7314" Z="0"/><Vertex X="3827" Y="7314" Z="0"/><Vertex X="3752" Y="7314" Z="0"/><Vertex X="3752" Y="7352" Z="0"/><Vertex X="3714" Y="7352" Z="0"/><Vertex X="3562" Y="7238" Z="0"/></Vertices></Region><Region Id="2" Type="0" Zoom="0.026389" Selected="0" ImageLocation="" ImageFocus="-1" Length="66547.4" Area="62394214.0" LengthMicrons="32834.5" AreaMicrons="15189470.0" Text="" NegativeROA="0" InputRegionId="0" Analyze="1" DisplayId="2"><Attributes></Attributes><Vertices><Vertex X="5533" Y="21638" Z="0"/><Vertex X="5533" Y="21562" Z="0"/><Vertex X="5495" Y="21562" Z="0"/><Vertex X="5419" Y="21562" Z="0"/><Vertex X="5305" Y="21562" Z="0"/><Vertex X="5268" Y="21562" Z="0"/><Vertex X="5192" Y="21562" Z="0"/><Vertex X="5116" Y="21562" Z="0"/><Vertex X="5002" Y="21562" Z="0"/><Vertex X="4851" Y="21562" Z="0"/><Vertex X="4813" Y="21562" Z="0"/><Vertex X="4737" Y="21600" Z="0"/><Vertex X="4661" Y="21600" Z="0"/><Vertex X="4623" Y="21600" Z="0"/><Vertex X="4547" Y="21600" Z="0"/><Vertex X="4434" Y="21676" Z="0"/><Vertex X="4320" Y="21676" Z="0"/><Vertex X="4282" Y="21752" Z="0"/><Vertex X="4169" Y="21752" Z="0"/><Vertex X="4055" Y="21828" Z="0"/><Vertex X="4017" Y="21828" Z="0"/><Vertex X="3941" Y="21866" Z="0"/><Vertex X="3865" Y="21866" Z="0"/><Vertex X="3790" Y="21979" Z="0"/><Vertex X="3752" Y="21979" Z="0"/><Vertex X="3676" Y="22093" Z="0"/><Vertex X="3524" Y="22207" Z="0"/><Vertex X="3524" Y="22244" Z="0"/><Vertex X="3373" Y="22320" Z="0"/><Vertex X="3335" Y="22434" Z="0"/><Vertex X="3259" Y="22548" Z="0"/><Vertex X="3259" Y="22623" Z="0"/><Vertex X="3183" Y="22661" Z="0"/><Vertex X="3183" Y="22737" Z="0"/><Vertex X="3107" Y="22813" Z="0"/><Vertex X="3107" Y="22851" Z="0"/><Vertex X="3032" Y="22927" Z="0"/><Vertex X="3032" Y="23002" Z="0"/><Vertex X="2994" Y="23040" Z="0"/><Vertex X="2994" Y="23116" Z="0"/><Vertex X="2918" Y="23192" Z="0"/><Vertex X="2918" Y="23230" Z="0"/><Vertex X="2918" Y="23306" Z="0"/><Vertex X="2842" Y="23381" Z="0"/><Vertex X="2842" Y="23419" Z="0"/><Vertex X="2842" Y="23495" Z="0"/><Vertex X="2766" Y="23571" Z="0"/><Vertex X="2766" Y="23609" Z="0"/><Vertex X="2766" Y="23684" Z="0"/><Vertex X="2691" Y="23760" Z="0"/><Vertex X="2691" Y="23798" Z="0"/><Vertex X="2691" Y="23874" Z="0"/><Vertex X="2691" Y="23988" Z="0"/><Vertex X="2653" Y="24026" Z="0"/><Vertex X="2653" Y="24139" Z="0"/><Vertex X="2653" Y="24215" Z="0"/><Vertex X="2653" Y="24291" Z="0"/><Vertex X="2691" Y="24405" Z="0"/><Vertex X="2691" Y="24480" Z="0"/><Vertex X="2729" Y="24556" Z="0"/><Vertex X="2729" Y="24594" Z="0"/><Vertex X="2804" Y="24594" Z="0"/><Vertex X="2804" Y="24670" Z="0"/><Vertex X="2880" Y="24670" Z="0"/><Vertex X="2880" Y="24708" Z="0"/><Vertex X="2956" Y="24708" Z="0"/><Vertex X="2956" Y="24783" Z="0"/><Vertex X="3107" Y="24783" Z="0"/><Vertex X="3183" Y="24859" Z="0"/><Vertex X="3221" Y="24859" Z="0"/><Vertex X="3335" Y="24859" Z="0"/><Vertex X="3449" Y="24935" Z="0"/><Vertex X="3524" Y="24935" Z="0"/><Vertex X="3638" Y="24935" Z="0"/><Vertex X="3752" Y="24935" Z="0"/><Vertex X="3827" Y="24935" Z="0"/><Vertex X="3941" Y="24935" Z="0"/><Vertex X="4055" Y="24935" Z="0"/><Vertex X="4131" Y="24935" Z="0"/><Vertex X="4244" Y="24935" Z="0"/><Vertex X="4358" Y="24935" Z="0"/><Vertex X="4510" Y="24935" Z="0"/><Vertex X="4623" Y="24935" Z="0"/><Vertex X="4737" Y="24935" Z="0"/><Vertex X="4851" Y="24935" Z="0"/><Vertex X="4926" Y="24935" Z="0"/><Vertex X="5040" Y="24935" Z="0"/><Vertex X="5154" Y="24935" Z="0"/><Vertex X="5230" Y="24935" Z="0"/><Vertex X="5305" Y="24935" Z="0"/><Vertex X="5419" Y="24935" Z="0"/><Vertex X="5495" Y="24935" Z="0"/><Vertex X="5609" Y="24935" Z="0"/><Vertex X="5760" Y="24935" Z="0"/><Vertex X="5874" Y="24935" Z="0"/><Vertex X="5988" Y="24935" Z="0"/><Vertex X="6101" Y="24897" Z="0"/><Vertex X="6215" Y="24897" Z="0"/><Vertex X="6291" Y="24897" Z="0"/><Vertex X="6404" Y="24897" Z="0"/><Vertex X="6518" Y="24897" Z="0"/><Vertex X="6594" Y="24821" Z="0"/><Vertex X="6745" Y="24821" Z="0"/><Vertex X="6859" Y="24821" Z="0"/><Vertex X="6935" Y="24821" Z="0"/><Vertex X="7049" Y="24821" Z="0"/><Vertex X="7162" Y="24746" Z="0"/><Vertex X="7276" Y="24746" Z="0"/><Vertex X="7352" Y="24746" Z="0"/><Vertex X="7465" Y="24746" Z="0"/><Vertex X="7579" Y="24746" Z="0"/><Vertex X="7655" Y="24746" Z="0"/><Vertex X="7769" Y="24746" Z="0"/><Vertex X="7882" Y="24670" Z="0"/><Vertex X="7958" Y="24670" Z="0"/><Vertex X="8072" Y="24670" Z="0"/><Vertex X="8185" Y="24670" Z="0"/><Vertex X="8261" Y="24670" Z="0"/><Vertex X="8375" Y="24670" Z="0"/><Vertex X="8451" Y="24670" Z="0"/><Vertex X="8489" Y="24670" Z="0"/><Vertex X="8564" Y="24670" Z="0"/><Vertex X="8602" Y="24670" Z="0"/><Vertex X="8678" Y="24670" Z="0"/><Vertex X="8754" Y="24670" Z="0"/><Vertex X="8792" Y="24594" Z="0"/><Vertex X="8868" Y="24594" Z="0"/><Vertex X="8943" Y="24594" Z="0"/><Vertex X="8981" Y="24594" Z="0"/><Vertex X="9057" Y="24594" Z="0"/><Vertex X="9095" Y="24594" Z="0"/><Vertex X="9209" Y="24594" Z="0"/><Vertex X="9209" Y="24556" Z="0"/><Vertex X="9322" Y="24556" Z="0"/><Vertex X="9360" Y="24556" Z="0"/><Vertex X="9512" Y="24556" Z="0"/><Vertex X="9550" Y="24556" Z="0"/><Vertex X="9625" Y="24556" Z="0"/><Vertex X="9701" Y="24480" Z="0"/><Vertex X="9739" Y="24480" Z="0"/><Vertex X="9815" Y="24480" Z="0"/><Vertex X="9853" Y="24480" Z="0"/><Vertex X="9929" Y="24480" Z="0"/><Vertex X="10042" Y="24480" Z="0"/><Vertex X="10118" Y="24480" Z="0"/><Vertex X="10156" Y="24480" Z="0"/><Vertex X="10270" Y="24480" Z="0"/><Vertex X="10497" Y="24405" Z="0"/><Vertex X="10573" Y="24405" Z="0"/><Vertex X="10687" Y="24405" Z="0"/><Vertex X="10800" Y="24405" Z="0"/><Vertex X="10876" Y="24405" Z="0"/><Vertex X="10990" Y="24405" Z="0"/><Vertex X="11103" Y="24405" Z="0"/><Vertex X="11179" Y="24405" Z="0"/><Vertex X="11293" Y="24405" Z="0"/><Vertex X="11407" Y="24329" Z="0"/><Vertex X="11482" Y="24329" Z="0"/><Vertex X="11596" Y="24329" Z="0"/><Vertex X="11672" Y="24329" Z="0"/><Vertex X="11710" Y="24329" Z="0"/><Vertex X="11785" Y="24253" Z="0"/><Vertex X="11861" Y="24253" Z="0"/><Vertex X="11899" Y="24253" Z="0"/><Vertex X="11975" Y="24253" Z="0"/><Vertex X="12013" Y="24253" Z="0"/><Vertex X="12089" Y="24253" Z="0"/><Vertex X="12164" Y="24253" Z="0"/><Vertex X="12164" Y="24215" Z="0"/><Vertex X="12278" Y="24215" Z="0"/><Vertex X="12354" Y="24215" Z="0"/><Vertex X="12430" Y="24215" Z="0"/><Vertex X="12468" Y="24215" Z="0"/><Vertex X="12543" Y="24139" Z="0"/><Vertex X="12619" Y="24139" Z="0"/><Vertex X="12657" Y="24139" Z="0"/><Vertex X="12733" Y="24139" Z="0"/><Vertex X="12809" Y="24139" Z="0"/><Vertex X="12809" Y="24063" Z="0"/><Vertex X="12922" Y="24063" Z="0"/><Vertex X="12998" Y="24063" Z="0"/><Vertex X="13074" Y="24063" Z="0"/><Vertex X="13188" Y="24063" Z="0"/><Vertex X="13263" Y="24026" Z="0"/><Vertex X="13301" Y="24026" Z="0"/><Vertex X="13377" Y="24026" Z="0"/><Vertex X="13491" Y="24026" Z="0"/><Vertex X="13491" Y="23950" Z="0"/><Vertex X="13567" Y="23950" Z="0"/><Vertex X="13680" Y="23950" Z="0"/><Vertex X="13756" Y="23950" Z="0"/><Vertex X="13794" Y="23950" Z="0"/><Vertex X="13870" Y="23874" Z="0"/><Vertex X="13946" Y="23874" Z="0"/><Vertex X="13983" Y="23874" Z="0"/><Vertex X="14059" Y="23836" Z="0"/><Vertex X="14135" Y="23836" Z="0"/><Vertex X="14173" Y="23836" Z="0"/><Vertex X="14249" Y="23760" Z="0"/><Vertex X="14324" Y="23760" Z="0"/><Vertex X="14362" Y="23760" Z="0"/><Vertex X="14362" Y="23684" Z="0"/><Vertex X="14476" Y="23684" Z="0"/><Vertex X="14514" Y="23684" Z="0"/><Vertex X="14590" Y="23684" Z="0"/><Vertex X="14666" Y="23609" Z="0"/><Vertex X="14779" Y="23609" Z="0"/><Vertex X="14855" Y="23571" Z="0"/><Vertex X="14931" Y="23571" Z="0"/><Vertex X="15007" Y="23495" Z="0"/><Vertex X="15082" Y="23495" Z="0"/><Vertex X="15158" Y="23419" Z="0"/><Vertex X="15196" Y="23419" Z="0"/><Vertex X="15423" Y="23306" Z="0"/><Vertex X="15537" Y="23230" Z="0"/><Vertex X="15613" Y="23230" Z="0"/><Vertex X="15727" Y="23230" Z="0"/><Vertex X="15840" Y="23154" Z="0"/><Vertex X="15916" Y="23154" Z="0"/><Vertex X="16030" Y="23154" Z="0"/><Vertex X="16143" Y="23154" Z="0"/><Vertex X="16219" Y="23116" Z="0"/><Vertex X="16333" Y="23116" Z="0"/><Vertex X="16447" Y="23116" Z="0"/><Vertex X="16484" Y="23116" Z="0"/><Vertex X="16560" Y="23040" Z="0"/><Vertex X="16636" Y="23040" Z="0"/><Vertex X="16674" Y="23040" Z="0"/><Vertex X="16750" Y="22964" Z="0"/><Vertex X="16863" Y="22964" Z="0"/><Vertex X="16901" Y="22964" Z="0"/><Vertex X="16901" Y="22889" Z="0"/><Vertex X="16977" Y="22889" Z="0"/><Vertex X="17053" Y="22889" Z="0"/><Vertex X="17091" Y="22889" Z="0"/><Vertex X="17167" Y="22851" Z="0"/><Vertex X="17242" Y="22851" Z="0"/><Vertex X="17280" Y="22775" Z="0"/><Vertex X="17394" Y="22699" Z="0"/><Vertex X="17508" Y="22699" Z="0"/><Vertex X="17508" Y="22623" Z="0"/><Vertex X="17621" Y="22623" Z="0"/><Vertex X="17659" Y="22586" Z="0"/><Vertex X="17735" Y="22586" Z="0"/><Vertex X="17811" Y="22510" Z="0"/><Vertex X="17849" Y="22510" Z="0"/><Vertex X="17924" Y="22434" Z="0"/><Vertex X="18000" Y="22434" Z="0"/><Vertex X="18038" Y="22434" Z="0"/><Vertex X="18038" Y="22358" Z="0"/><Vertex X="18152" Y="22358" Z="0"/><Vertex X="18228" Y="22358" Z="0"/><Vertex X="18266" Y="22320" Z="0"/><Vertex X="18341" Y="22320" Z="0"/><Vertex X="18417" Y="22320" Z="0"/><Vertex X="18455" Y="22244" Z="0"/><Vertex X="18531" Y="22244" Z="0"/><Vertex X="18607" Y="22169" Z="0"/><Vertex X="18645" Y="22169" Z="0"/><Vertex X="18720" Y="22093" Z="0"/><Vertex X="18796" Y="22093" Z="0"/><Vertex X="18910" Y="21979" Z="0"/><Vertex X="18910" Y="21941" Z="0"/><Vertex X="19061" Y="21941" Z="0"/><Vertex X="19061" Y="21866" Z="0"/><Vertex X="19213" Y="21866" Z="0"/><Vertex X="19289" Y="21866" Z="0"/><Vertex X="19402" Y="21828" Z="0"/><Vertex X="19478" Y="21752" Z="0"/><Vertex X="19630" Y="21676" Z="0"/><Vertex X="19706" Y="21676" Z="0"/><Vertex X="19743" Y="21600" Z="0"/><Vertex X="19857" Y="21600" Z="0"/><Vertex X="19857" Y="21524" Z="0"/><Vertex X="19933" Y="21524" Z="0"/><Vertex X="19971" Y="21524" Z="0"/><Vertex X="20047" Y="21487" Z="0"/><Vertex X="20122" Y="21487" Z="0"/><Vertex X="20160" Y="21411" Z="0"/><Vertex X="20274" Y="21411" Z="0"/><Vertex X="20274" Y="21335" Z="0"/><Vertex X="20388" Y="21335" Z="0"/><Vertex X="20463" Y="21259" Z="0"/><Vertex X="20539" Y="21259" Z="0"/><Vertex X="20615" Y="21259" Z="0"/><Vertex X="20653" Y="21259" Z="0"/><Vertex X="20729" Y="21221" Z="0"/><Vertex X="20918" Y="21221" Z="0"/><Vertex X="21032" Y="21221" Z="0"/><Vertex X="21146" Y="21221" Z="0"/><Vertex X="21221" Y="21221" Z="0"/><Vertex X="21335" Y="21221" Z="0"/><Vertex X="21449" Y="21221" Z="0"/><Vertex X="21525" Y="21221" Z="0"/><Vertex X="21638" Y="21221" Z="0"/><Vertex X="21752" Y="21221" Z="0"/><Vertex X="21790" Y="21221" Z="0"/><Vertex X="21903" Y="21221" Z="0"/><Vertex X="22017" Y="21221" Z="0"/><Vertex X="22093" Y="21221" Z="0"/><Vertex X="22207" Y="21221" Z="0"/><Vertex X="22320" Y="21221" Z="0"/><Vertex X="22358" Y="21221" Z="0"/><Vertex X="22434" Y="21221" Z="0"/><Vertex X="22472" Y="21221" Z="0"/><Vertex X="22548" Y="21146" Z="0"/><Vertex X="22624" Y="21146" Z="0"/><Vertex X="22661" Y="21146" Z="0"/><Vertex X="22737" Y="21146" Z="0"/><Vertex X="22813" Y="21146" Z="0"/><Vertex X="22851" Y="21146" Z="0"/><Vertex X="22965" Y="21146" Z="0"/><Vertex X="23078" Y="21146" Z="0"/><Vertex X="23154" Y="21146" Z="0"/><Vertex X="23268" Y="21146" Z="0"/><Vertex X="23381" Y="21070" Z="0"/><Vertex X="23495" Y="21070" Z="0"/><Vertex X="23571" Y="21070" Z="0"/><Vertex X="23571" Y="20994" Z="0"/><Vertex X="23722" Y="20994" Z="0"/><Vertex X="23760" Y="20994" Z="0"/><Vertex X="23874" Y="20994" Z="0"/><Vertex X="23950" Y="20956" Z="0"/><Vertex X="23988" Y="20956" Z="0"/><Vertex X="24177" Y="20880" Z="0"/><Vertex X="24215" Y="20880" Z="0"/><Vertex X="24442" Y="20804" Z="0"/><Vertex X="24556" Y="20804" Z="0"/><Vertex X="24594" Y="20804" Z="0"/><Vertex X="24670" Y="20729" Z="0"/><Vertex X="24784" Y="20729" Z="0"/><Vertex X="24859" Y="20653" Z="0"/><Vertex X="25011" Y="20653" Z="0"/><Vertex X="25125" Y="20577" Z="0"/><Vertex X="25276" Y="20577" Z="0"/><Vertex X="25352" Y="20539" Z="0"/><Vertex X="25428" Y="20539" Z="0"/><Vertex X="25466" Y="20539" Z="0"/><Vertex X="25541" Y="20539" Z="0"/><Vertex X="25617" Y="20539" Z="0"/><Vertex X="25655" Y="20463" Z="0"/><Vertex X="25731" Y="20463" Z="0"/><Vertex X="25769" Y="20463" Z="0"/><Vertex X="25845" Y="20463" Z="0"/><Vertex X="25958" Y="20463" Z="0"/><Vertex X="26072" Y="20388" Z="0"/><Vertex X="26110" Y="20388" Z="0"/><Vertex X="26186" Y="20312" Z="0"/><Vertex X="26261" Y="20312" Z="0"/><Vertex X="26299" Y="20312" Z="0"/><Vertex X="26375" Y="20312" Z="0"/><Vertex X="26413" Y="20312" Z="0"/><Vertex X="26565" Y="20312" Z="0"/><Vertex X="26640" Y="20312" Z="0"/><Vertex X="26678" Y="20236" Z="0"/><Vertex X="26754" Y="20236" Z="0"/><Vertex X="26830" Y="20236" Z="0"/><Vertex X="26868" Y="20236" Z="0"/><Vertex X="26944" Y="20198" Z="0"/><Vertex X="27019" Y="20198" Z="0"/><Vertex X="27057" Y="20198" Z="0"/><Vertex X="27171" Y="20198" Z="0"/><Vertex X="27285" Y="20198" Z="0"/><Vertex X="27360" Y="20198" Z="0"/><Vertex X="27436" Y="20198" Z="0"/><Vertex X="27550" Y="20198" Z="0"/><Vertex X="27588" Y="20198" Z="0"/><Vertex X="27664" Y="20198" Z="0"/><Vertex X="27701" Y="20198" Z="0"/><Vertex X="27777" Y="20198" Z="0"/><Vertex X="27853" Y="20198" Z="0"/><Vertex X="27853" Y="20122" Z="0"/><Vertex X="27929" Y="20122" Z="0"/><Vertex X="28043" Y="20122" Z="0"/><Vertex X="28080" Y="20122" Z="0"/><Vertex X="28194" Y="20047" Z="0"/><Vertex X="28270" Y="20047" Z="0"/><Vertex X="28308" Y="20047" Z="0"/><Vertex X="28421" Y="20047" Z="0"/><Vertex X="28535" Y="20047" Z="0"/><Vertex X="28611" Y="20047" Z="0"/><Vertex X="28687" Y="20047" Z="0"/><Vertex X="28800" Y="20047" Z="0"/><Vertex X="28876" Y="20047" Z="0"/><Vertex X="28990" Y="20047" Z="0"/><Vertex X="29179" Y="20047" Z="0"/><Vertex X="29293" Y="20047" Z="0"/><Vertex X="29520" Y="19971" Z="0"/><Vertex X="29710" Y="19971" Z="0"/><Vertex X="29824" Y="19971" Z="0"/><Vertex X="29899" Y="19971" Z="0"/><Vertex X="30127" Y="19895" Z="0"/><Vertex X="30165" Y="19895" Z="0"/><Vertex X="30240" Y="19895" Z="0"/><Vertex X="30316" Y="19895" Z="0"/><Vertex X="30354" Y="19857" Z="0"/><Vertex X="30430" Y="19857" Z="0"/><Vertex X="30544" Y="19743" Z="0"/><Vertex X="30619" Y="19743" Z="0"/><Vertex X="30733" Y="19668" Z="0"/><Vertex X="30809" Y="19592" Z="0"/><Vertex X="30923" Y="19516" Z="0"/><Vertex X="30998" Y="19478" Z="0"/><Vertex X="31036" Y="19402" Z="0"/><Vertex X="31036" Y="19289" Z="0"/><Vertex X="31112" Y="19289" Z="0"/><Vertex X="31112" Y="19175" Z="0"/><Vertex X="31188" Y="19099" Z="0"/><Vertex X="31188" Y="19023" Z="0"/><Vertex X="31264" Y="18910" Z="0"/><Vertex X="31264" Y="18872" Z="0"/><Vertex X="31264" Y="18796" Z="0"/><Vertex X="31264" Y="18720" Z="0"/><Vertex X="31264" Y="18682" Z="0"/><Vertex X="31264" Y="18607" Z="0"/><Vertex X="31264" Y="18569" Z="0"/><Vertex X="31226" Y="18455" Z="0"/><Vertex X="31226" Y="18341" Z="0"/><Vertex X="31150" Y="18341" Z="0"/><Vertex X="31150" Y="18265" Z="0"/><Vertex X="31112" Y="18265" Z="0"/><Vertex X="31112" Y="18152" Z="0"/><Vertex X="30998" Y="18152" Z="0"/><Vertex X="30998" Y="18076" Z="0"/><Vertex X="30923" Y="18076" Z="0"/><Vertex X="30923" Y="18000" Z="0"/><Vertex X="30847" Y="18000" Z="0"/><Vertex X="30847" Y="17887" Z="0"/><Vertex X="30771" Y="17887" Z="0"/><Vertex X="30771" Y="17773" Z="0"/><Vertex X="30733" Y="17773" Z="0"/><Vertex X="30733" Y="17735" Z="0"/><Vertex X="30657" Y="17735" Z="0"/><Vertex X="30657" Y="17659" Z="0"/><Vertex X="30581" Y="17659" Z="0"/><Vertex X="30581" Y="17583" Z="0"/><Vertex X="30544" Y="17583" Z="0"/><Vertex X="30544" Y="17545" Z="0"/><Vertex X="30468" Y="17545" Z="0"/><Vertex X="30430" Y="17545" Z="0"/><Vertex X="30316" Y="17545" Z="0"/><Vertex X="30240" Y="17545" Z="0"/><Vertex X="30127" Y="17545" Z="0"/><Vertex X="30013" Y="17545" Z="0"/><Vertex X="29899" Y="17545" Z="0"/><Vertex X="29861" Y="17545" Z="0"/><Vertex X="29786" Y="17583" Z="0"/><Vertex X="29710" Y="17583" Z="0"/><Vertex X="29634" Y="17583" Z="0"/><Vertex X="29445" Y="17621" Z="0"/><Vertex X="29407" Y="17621" Z="0"/><Vertex X="29179" Y="17697" Z="0"/><Vertex X="29066" Y="17697" Z="0"/><Vertex X="28990" Y="17773" Z="0"/><Vertex X="28876" Y="17773" Z="0"/><Vertex X="28649" Y="17849" Z="0"/><Vertex X="28611" Y="17924" Z="0"/><Vertex X="28421" Y="18000" Z="0"/><Vertex X="28346" Y="18000" Z="0"/><Vertex X="28156" Y="18038" Z="0"/><Vertex X="28118" Y="18038" Z="0"/><Vertex X="27967" Y="18114" Z="0"/><Vertex X="27929" Y="18114" Z="0"/><Vertex X="27777" Y="18190" Z="0"/><Vertex X="27701" Y="18190" Z="0"/><Vertex X="27626" Y="18190" Z="0"/><Vertex X="27550" Y="18190" Z="0"/><Vertex X="27512" Y="18265" Z="0"/><Vertex X="27436" Y="18265" Z="0"/><Vertex X="27323" Y="18265" Z="0"/><Vertex X="27247" Y="18265" Z="0"/><Vertex X="27133" Y="18265" Z="0"/><Vertex X="27057" Y="18265" Z="0"/><Vertex X="27057" Y="18303" Z="0"/><Vertex X="26981" Y="18303" Z="0"/><Vertex X="26868" Y="18303" Z="0"/><Vertex X="26716" Y="18379" Z="0"/><Vertex X="26640" Y="18379" Z="0"/><Vertex X="26602" Y="18379" Z="0"/><Vertex X="26527" Y="18379" Z="0"/><Vertex X="26489" Y="18379" Z="0"/><Vertex X="26413" Y="18455" Z="0"/><Vertex X="26337" Y="18455" Z="0"/><Vertex X="26224" Y="18455" Z="0"/><Vertex X="26148" Y="18531" Z="0"/><Vertex X="26072" Y="18531" Z="0"/><Vertex X="25958" Y="18531" Z="0"/><Vertex X="25845" Y="18531" Z="0"/><Vertex X="25769" Y="18607" Z="0"/><Vertex X="25731" Y="18607" Z="0"/><Vertex X="25655" Y="18607" Z="0"/><Vertex X="25617" Y="18607" Z="0"/><Vertex X="25541" Y="18644" Z="0"/><Vertex X="25466" Y="18644" Z="0"/><Vertex X="25428" Y="18644" Z="0"/><Vertex X="25276" Y="18720" Z="0"/><Vertex X="25238" Y="18720" Z="0"/><Vertex X="25162" Y="18796" Z="0"/><Vertex X="25087" Y="18796" Z="0"/><Vertex X="25049" Y="18872" Z="0"/><Vertex X="24935" Y="18872" Z="0"/><Vertex X="24935" Y="18910" Z="0"/><Vertex X="24784" Y="18910" Z="0"/><Vertex X="24708" Y="18985" Z="0"/><Vertex X="24670" Y="18985" Z="0"/><Vertex X="24518" Y="19061" Z="0"/><Vertex X="24480" Y="19137" Z="0"/><Vertex X="24405" Y="19137" Z="0"/><Vertex X="24329" Y="19137" Z="0"/><Vertex X="24291" Y="19213" Z="0"/><Vertex X="24215" Y="19213" Z="0"/><Vertex X="24139" Y="19213" Z="0"/><Vertex X="24101" Y="19251" Z="0"/><Vertex X="24026" Y="19251" Z="0"/><Vertex X="23874" Y="19327" Z="0"/><Vertex X="23798" Y="19327" Z="0"/><Vertex X="23722" Y="19327" Z="0"/><Vertex X="23685" Y="19327" Z="0"/><Vertex X="23609" Y="19402" Z="0"/><Vertex X="23495" Y="19402" Z="0"/><Vertex X="23306" Y="19402" Z="0"/><Vertex X="23192" Y="19402" Z="0"/><Vertex X="23116" Y="19478" Z="0"/><Vertex X="23002" Y="19478" Z="0"/><Vertex X="22851" Y="19478" Z="0"/><Vertex X="22737" Y="19478" Z="0"/><Vertex X="22624" Y="19478" Z="0"/><Vertex X="22434" Y="19478" Z="0"/><Vertex X="22207" Y="19554" Z="0"/><Vertex X="22131" Y="19554" Z="0"/><Vertex X="22017" Y="19554" Z="0"/><Vertex X="21941" Y="19554" Z="0"/><Vertex X="21903" Y="19554" Z="0"/><Vertex X="21828" Y="19554" Z="0"/><Vertex X="21790" Y="19592" Z="0"/><Vertex X="21714" Y="19592" Z="0"/><Vertex X="21638" Y="19592" Z="0"/><Vertex X="21600" Y="19592" Z="0"/><Vertex X="21525" Y="19592" Z="0"/><Vertex X="21487" Y="19592" Z="0"/><Vertex X="21411" Y="19668" Z="0"/><Vertex X="21297" Y="19668" Z="0"/><Vertex X="21221" Y="19668" Z="0"/><Vertex X="21183" Y="19668" Z="0"/><Vertex X="21070" Y="19668" Z="0"/><Vertex X="21032" Y="19668" Z="0"/><Vertex X="20956" Y="19743" Z="0"/><Vertex X="20880" Y="19743" Z="0"/><Vertex X="20805" Y="19743" Z="0"/><Vertex X="20691" Y="19819" Z="0"/><Vertex X="20577" Y="19819" Z="0"/><Vertex X="20463" Y="19819" Z="0"/><Vertex X="20426" Y="19895" Z="0"/><Vertex X="20350" Y="19895" Z="0"/><Vertex X="20274" Y="19895" Z="0"/><Vertex X="20236" Y="19895" Z="0"/><Vertex X="20160" Y="19933" Z="0"/><Vertex X="20085" Y="19933" Z="0"/><Vertex X="20047" Y="19933" Z="0"/><Vertex X="19971" Y="19933" Z="0"/><Vertex X="19933" Y="19933" Z="0"/><Vertex X="19781" Y="20009" Z="0"/><Vertex X="19706" Y="20009" Z="0"/><Vertex X="19592" Y="20009" Z="0"/><Vertex X="19516" Y="20009" Z="0"/><Vertex X="19516" Y="20084" Z="0"/><Vertex X="19478" Y="20084" Z="0"/><Vertex X="19365" Y="20160" Z="0"/><Vertex X="19251" Y="20160" Z="0"/><Vertex X="19251" Y="20198" Z="0"/><Vertex X="19175" Y="20198" Z="0"/><Vertex X="19061" Y="20274" Z="0"/><Vertex X="18986" Y="20274" Z="0"/><Vertex X="18910" Y="20350" Z="0"/><Vertex X="18872" Y="20350" Z="0"/><Vertex X="18796" Y="20426" Z="0"/><Vertex X="18720" Y="20426" Z="0"/><Vertex X="18645" Y="20426" Z="0"/><Vertex X="18493" Y="20463" Z="0"/><Vertex X="18417" Y="20463" Z="0"/><Vertex X="18303" Y="20539" Z="0"/><Vertex X="18190" Y="20539" Z="0"/><Vertex X="18038" Y="20615" Z="0"/><Vertex X="17924" Y="20615" Z="0"/><Vertex X="17849" Y="20691" Z="0"/><Vertex X="17735" Y="20691" Z="0"/><Vertex X="17583" Y="20691" Z="0"/><Vertex X="17583" Y="20729" Z="0"/><Vertex X="17470" Y="20729" Z="0"/><Vertex X="17394" Y="20729" Z="0"/><Vertex X="17318" Y="20804" Z="0"/><Vertex X="17242" Y="20804" Z="0"/><Vertex X="17204" Y="20804" Z="0"/><Vertex X="17204" Y="20880" Z="0"/><Vertex X="17091" Y="20880" Z="0"/><Vertex X="16977" Y="20956" Z="0"/><Vertex X="16826" Y="20956" Z="0"/><Vertex X="16788" Y="20994" Z="0"/><Vertex X="16712" Y="20994" Z="0"/><Vertex X="16636" Y="20994" Z="0"/><Vertex X="16598" Y="20994" Z="0"/><Vertex X="16522" Y="20994" Z="0"/><Vertex X="16447" Y="21070" Z="0"/><Vertex X="16409" Y="21070" Z="0"/><Vertex X="16219" Y="21070" Z="0"/><Vertex X="16143" Y="21070" Z="0"/><Vertex X="16106" Y="21070" Z="0"/><Vertex X="16030" Y="21146" Z="0"/><Vertex X="15954" Y="21146" Z="0"/><Vertex X="15916" Y="21146" Z="0"/><Vertex X="15802" Y="21221" Z="0"/><Vertex X="15613" Y="21221" Z="0"/><Vertex X="15499" Y="21297" Z="0"/><Vertex X="15348" Y="21297" Z="0"/><Vertex X="15196" Y="21297" Z="0"/><Vertex X="15158" Y="21297" Z="0"/><Vertex X="15044" Y="21297" Z="0"/><Vertex X="14931" Y="21297" Z="0"/><Vertex X="14817" Y="21297" Z="0"/><Vertex X="14703" Y="21297" Z="0"/><Vertex X="14552" Y="21297" Z="0"/><Vertex X="14438" Y="21297" Z="0"/><Vertex X="14324" Y="21373" Z="0"/><Vertex X="14211" Y="21373" Z="0"/><Vertex X="14059" Y="21373" Z="0"/><Vertex X="13946" Y="21411" Z="0"/><Vertex X="13832" Y="21411" Z="0"/><Vertex X="13756" Y="21411" Z="0"/><Vertex X="13529" Y="21487" Z="0"/><Vertex X="13491" Y="21487" Z="0"/><Vertex X="13301" Y="21487" Z="0"/><Vertex X="13263" Y="21487" Z="0"/><Vertex X="13188" Y="21487" Z="0"/><Vertex X="13112" Y="21487" Z="0"/><Vertex X="12998" Y="21562" Z="0"/><Vertex X="12884" Y="21562" Z="0"/><Vertex X="12847" Y="21562" Z="0"/><Vertex X="12733" Y="21562" Z="0"/><Vertex X="12581" Y="21638" Z="0"/><Vertex X="12543" Y="21638" Z="0"/><Vertex X="12468" Y="21638" Z="0"/><Vertex X="12392" Y="21638" Z="0"/><Vertex X="12278" Y="21676" Z="0"/><Vertex X="12127" Y="21676" Z="0"/><Vertex X="11975" Y="21676" Z="0"/><Vertex X="11823" Y="21752" Z="0"/><Vertex X="11785" Y="21752" Z="0"/><Vertex X="11710" Y="21752" Z="0"/><Vertex X="11520" Y="21752" Z="0"/><Vertex X="11407" Y="21752" Z="0"/><Vertex X="11293" Y="21752" Z="0"/><Vertex X="11217" Y="21828" Z="0"/><Vertex X="11179" Y="21828" Z="0"/><Vertex X="11103" Y="21828" Z="0"/><Vertex X="10990" Y="21828" Z="0"/><Vertex X="10876" Y="21828" Z="0"/><Vertex X="10800" Y="21828" Z="0"/><Vertex X="10687" Y="21903" Z="0"/><Vertex X="10611" Y="21903" Z="0"/><Vertex X="10573" Y="21903" Z="0"/><Vertex X="10497" Y="21903" Z="0"/><Vertex X="10459" Y="21903" Z="0"/><Vertex X="10383" Y="21903" Z="0"/><Vertex X="10308" Y="21979" Z="0"/><Vertex X="10270" Y="21979" Z="0"/><Vertex X="10194" Y="21979" Z="0"/><Vertex X="10118" Y="21979" Z="0"/><Vertex X="10080" Y="21979" Z="0"/><Vertex X="9929" Y="22017" Z="0"/><Vertex X="9891" Y="22017" Z="0"/><Vertex X="9815" Y="22017" Z="0"/><Vertex X="9777" Y="22017" Z="0"/><Vertex X="9701" Y="22093" Z="0"/><Vertex X="9588" Y="22093" Z="0"/><Vertex X="9474" Y="22093" Z="0"/><Vertex X="9398" Y="22169" Z="0"/><Vertex X="9360" Y="22169" Z="0"/><Vertex X="9209" Y="22169" Z="0"/><Vertex X="9171" Y="22244" Z="0"/><Vertex X="9095" Y="22244" Z="0"/><Vertex X="9057" Y="22244" Z="0"/><Vertex X="8905" Y="22244" Z="0"/><Vertex X="8754" Y="22244" Z="0"/><Vertex X="8678" Y="22244" Z="0"/><Vertex X="8640" Y="22244" Z="0"/><Vertex X="8526" Y="22244" Z="0"/><Vertex X="8451" Y="22244" Z="0"/><Vertex X="8337" Y="22244" Z="0"/><Vertex X="8261" Y="22244" Z="0"/><Vertex X="8148" Y="22244" Z="0"/><Vertex X="8148" Y="22207" Z="0"/><Vertex X="8034" Y="22207" Z="0"/><Vertex X="7882" Y="22207" Z="0"/><Vertex X="7769" Y="22207" Z="0"/><Vertex X="7693" Y="22131" Z="0"/><Vertex X="7617" Y="22131" Z="0"/><Vertex X="7579" Y="22131" Z="0"/><Vertex X="7503" Y="22131" Z="0"/><Vertex X="7390" Y="22131" Z="0"/><Vertex X="7314" Y="22131" Z="0"/><Vertex X="7200" Y="22131" Z="0"/><Vertex X="7124" Y="22131" Z="0"/><Vertex X="7086" Y="22131" Z="0"/><Vertex X="7011" Y="22131" Z="0"/><Vertex X="6897" Y="22131" Z="0"/><Vertex X="6821" Y="22131" Z="0"/><Vertex X="6783" Y="22131" Z="0"/><Vertex X="6708" Y="22131" Z="0"/><Vertex X="6632" Y="22093" Z="0"/><Vertex X="6594" Y="22093" Z="0"/><Vertex X="6480" Y="22093" Z="0"/><Vertex X="6404" Y="22017" Z="0"/><Vertex X="6366" Y="22017" Z="0"/><Vertex X="6291" Y="22017" Z="0"/><Vertex X="6291" Y="21941" Z="0"/><Vertex X="6253" Y="21941" Z="0"/><Vertex X="6177" Y="21866" Z="0"/><Vertex X="6063" Y="21866" Z="0"/><Vertex X="5988" Y="21866" Z="0"/><Vertex X="5950" Y="21828" Z="0"/><Vertex X="5836" Y="21828" Z="0"/><Vertex X="5760" Y="21828" Z="0"/><Vertex X="5760" Y="21752" Z="0"/><Vertex X="5722" Y="21752" Z="0"/><Vertex X="5646" Y="21752" Z="0"/><Vertex X="5646" Y="21676" Z="0"/><Vertex X="5609" Y="21676" Z="0"/><Vertex X="5533" Y="21676" Z="0"/><Vertex X="5533" Y="21638" Z="0"/><Vertex X="5457" Y="21638" Z="0"/><Vertex X="5457" Y="21714" Z="0"/><Vertex X="5533" Y="21638" Z="0"/></Vertices></Region><Region Id="3" Type="0" Zoom="0.026389" Selected="0" ImageLocation="" ImageFocus="-1" Length="66625.3" Area="67728205.0" LengthMicrons="32872.9" AreaMicrons="16487995.8" Text="" NegativeROA="0" InputRegionId="0" Analyze="1" DisplayId="3"><Attributes></Attributes><Vertices><Vertex X="5419" Y="28156" Z="0"/><Vertex X="5381" Y="28156" Z="0"/><Vertex X="5305" Y="28156" Z="0"/><Vertex X="5230" Y="28232" Z="0"/><Vertex X="5154" Y="28232" Z="0"/><Vertex X="5078" Y="28232" Z="0"/><Vertex X="4964" Y="28232" Z="0"/><Vertex X="4889" Y="28308" Z="0"/><Vertex X="4699" Y="28308" Z="0"/><Vertex X="4585" Y="28308" Z="0"/><Vertex X="4510" Y="28308" Z="0"/><Vertex X="4358" Y="28308" Z="0"/><Vertex X="4206" Y="28384" Z="0"/><Vertex X="4093" Y="28384" Z="0"/><Vertex X="3979" Y="28384" Z="0"/><Vertex X="3903" Y="28384" Z="0"/><Vertex X="3827" Y="28384" Z="0"/><Vertex X="3790" Y="28384" Z="0"/><Vertex X="3714" Y="28459" Z="0"/><Vertex X="3600" Y="28459" Z="0"/><Vertex X="3524" Y="28459" Z="0"/><Vertex X="3449" Y="28459" Z="0"/><Vertex X="3335" Y="28459" Z="0"/><Vertex X="3183" Y="28497" Z="0"/><Vertex X="3145" Y="28497" Z="0"/><Vertex X="3070" Y="28497" Z="0"/><Vertex X="2956" Y="28497" Z="0"/><Vertex X="2880" Y="28573" Z="0"/><Vertex X="2766" Y="28573" Z="0"/><Vertex X="2729" Y="28573" Z="0"/><Vertex X="2653" Y="28573" Z="0"/><Vertex X="2615" Y="28573" Z="0"/><Vertex X="2501" Y="28649" Z="0"/><Vertex X="2425" Y="28649" Z="0"/><Vertex X="2350" Y="28725" Z="0"/><Vertex X="2274" Y="28725" Z="0"/><Vertex X="2160" Y="28800" Z="0"/><Vertex X="2046" Y="28838" Z="0"/><Vertex X="1895" Y="28914" Z="0"/><Vertex X="1857" Y="28914" Z="0"/><Vertex X="1857" Y="28990" Z="0"/><Vertex X="1743" Y="28990" Z="0"/><Vertex X="1743" Y="29066" Z="0"/><Vertex X="1630" Y="29066" Z="0"/><Vertex X="1630" Y="29141" Z="0"/><Vertex X="1478" Y="29217" Z="0"/><Vertex X="1364" Y="29407" Z="0"/><Vertex X="1251" Y="29482" Z="0"/><Vertex X="1175" Y="29596" Z="0"/><Vertex X="1175" Y="29672" Z="0"/><Vertex X="1137" Y="29672" Z="0"/><Vertex X="1137" Y="29710" Z="0"/><Vertex X="1137" Y="29786" Z="0"/><Vertex X="1137" Y="29861" Z="0"/><Vertex X="1061" Y="29861" Z="0"/><Vertex X="1061" Y="29899" Z="0"/><Vertex X="1061" Y="29975" Z="0"/><Vertex X="1061" Y="30013" Z="0"/><Vertex X="985" Y="30089" Z="0"/><Vertex X="985" Y="30165" Z="0"/><Vertex X="985" Y="30202" Z="0"/><Vertex X="985" Y="30278" Z="0"/><Vertex X="985" Y="30354" Z="0"/><Vertex X="985" Y="30392" Z="0"/><Vertex X="1023" Y="30468" Z="0"/><Vertex X="1023" Y="30544" Z="0"/><Vertex X="1099" Y="30544" Z="0"/><Vertex X="1099" Y="30581" Z="0"/><Vertex X="1175" Y="30657" Z="0"/><Vertex X="1213" Y="30733" Z="0"/><Vertex X="1289" Y="30809" Z="0"/><Vertex X="1364" Y="30809" Z="0"/><Vertex X="1364" Y="30847" Z="0"/><Vertex X="1402" Y="30847" Z="0"/><Vertex X="1478" Y="30922" Z="0"/><Vertex X="1592" Y="30922" Z="0"/><Vertex X="1743" Y="30998" Z="0"/><Vertex X="1781" Y="30998" Z="0"/><Vertex X="1971" Y="31074" Z="0"/><Vertex X="2009" Y="31074" Z="0"/><Vertex X="2084" Y="31074" Z="0"/><Vertex X="2160" Y="31074" Z="0"/><Vertex X="2198" Y="31150" Z="0"/><Vertex X="2274" Y="31150" Z="0"/><Vertex X="2350" Y="31150" Z="0"/><Vertex X="2387" Y="31150" Z="0"/><Vertex X="2463" Y="31150" Z="0"/><Vertex X="2501" Y="31150" Z="0"/><Vertex X="2577" Y="31150" Z="0"/><Vertex X="2691" Y="31150" Z="0"/><Vertex X="2766" Y="31150" Z="0"/><Vertex X="2880" Y="31150" Z="0"/><Vertex X="2994" Y="31150" Z="0"/><Vertex X="3032" Y="31150" Z="0"/><Vertex X="3107" Y="31150" Z="0"/><Vertex X="3145" Y="31150" Z="0"/><Vertex X="3221" Y="31150" Z="0"/><Vertex X="3297" Y="31150" Z="0"/><Vertex X="3335" Y="31150" Z="0"/><Vertex X="3411" Y="31150" Z="0"/><Vertex X="3449" Y="31150" Z="0"/><Vertex X="3562" Y="31150" Z="0"/><Vertex X="3638" Y="31150" Z="0"/><Vertex X="3752" Y="31112" Z="0"/><Vertex X="3827" Y="31112" Z="0"/><Vertex X="3979" Y="31112" Z="0"/><Vertex X="4093" Y="31112" Z="0"/><Vertex X="4169" Y="31112" Z="0"/><Vertex X="4244" Y="31036" Z="0"/><Vertex X="4320" Y="31036" Z="0"/><Vertex X="4358" Y="31036" Z="0"/><Vertex X="4434" Y="31036" Z="0"/><Vertex X="4472" Y="31036" Z="0"/><Vertex X="4547" Y="31036" Z="0"/><Vertex X="4661" Y="31036" Z="0"/><Vertex X="4737" Y="31036" Z="0"/><Vertex X="4851" Y="31036" Z="0"/><Vertex X="4964" Y="30960" Z="0"/><Vertex X="5078" Y="30960" Z="0"/><Vertex X="5154" Y="30960" Z="0"/><Vertex X="5268" Y="30960" Z="0"/><Vertex X="5381" Y="30960" Z="0"/><Vertex X="5419" Y="30960" Z="0"/><Vertex X="5495" Y="30960" Z="0"/><Vertex X="5533" Y="30960" Z="0"/><Vertex X="5609" Y="30960" Z="0"/><Vertex X="5684" Y="30960" Z="0"/><Vertex X="5722" Y="30960" Z="0"/><Vertex X="5798" Y="30960" Z="0"/><Vertex X="5836" Y="30960" Z="0"/><Vertex X="5912" Y="30960" Z="0"/><Vertex X="5988" Y="30885" Z="0"/><Vertex X="6025" Y="30885" Z="0"/><Vertex X="6139" Y="30885" Z="0"/><Vertex X="6215" Y="30885" Z="0"/><Vertex X="6291" Y="30885" Z="0"/><Vertex X="6366" Y="30885" Z="0"/><Vertex X="6442" Y="30847" Z="0"/><Vertex X="6480" Y="30847" Z="0"/><Vertex X="6556" Y="30847" Z="0"/><Vertex X="6594" Y="30847" Z="0"/><Vertex X="6670" Y="30847" Z="0"/><Vertex X="6745" Y="30847" Z="0"/><Vertex X="6821" Y="30847" Z="0"/><Vertex X="6935" Y="30847" Z="0"/><Vertex X="7049" Y="30847" Z="0"/><Vertex X="7124" Y="30847" Z="0"/><Vertex X="7200" Y="30847" Z="0"/><Vertex X="7276" Y="30847" Z="0"/><Vertex X="7314" Y="30847" Z="0"/><Vertex X="7390" Y="30847" Z="0"/><Vertex X="7465" Y="30847" Z="0"/><Vertex X="7579" Y="30847" Z="0"/><Vertex X="7655" Y="30847" Z="0"/><Vertex X="7693" Y="30847" Z="0"/><Vertex X="7769" Y="30847" Z="0"/><Vertex X="7806" Y="30847" Z="0"/><Vertex X="7882" Y="30847" Z="0"/><Vertex X="7958" Y="30847" Z="0"/><Vertex X="7996" Y="30847" Z="0"/><Vertex X="7996" Y="30771" Z="0"/><Vertex X="8072" Y="30771" Z="0"/><Vertex X="8110" Y="30771" Z="0"/><Vertex X="8223" Y="30771" Z="0"/><Vertex X="8337" Y="30771" Z="0"/><Vertex X="8413" Y="30771" Z="0"/><Vertex X="8489" Y="30771" Z="0"/><Vertex X="8564" Y="30771" Z="0"/><Vertex X="8602" Y="30771" Z="0"/><Vertex X="8678" Y="30771" Z="0"/><Vertex X="8792" Y="30771" Z="0"/><Vertex X="8868" Y="30771" Z="0"/><Vertex X="8981" Y="30771" Z="0"/><Vertex X="9095" Y="30771" Z="0"/><Vertex X="9133" Y="30771" Z="0"/><Vertex X="9209" Y="30771" Z="0"/><Vertex X="9246" Y="30771" Z="0"/><Vertex X="9246" Y="30695" Z="0"/><Vertex X="9322" Y="30695" Z="0"/><Vertex X="9398" Y="30695" Z="0"/><Vertex X="9436" Y="30695" Z="0"/><Vertex X="9512" Y="30695" Z="0"/><Vertex X="9550" Y="30695" Z="0"/><Vertex X="9663" Y="30695" Z="0"/><Vertex X="9777" Y="30695" Z="0"/><Vertex X="9853" Y="30695" Z="0"/><Vertex X="9967" Y="30695" Z="0"/><Vertex X="10080" Y="30695" Z="0"/><Vertex X="10156" Y="30695" Z="0"/><Vertex X="10156" Y="30733" Z="0"/><Vertex X="10270" Y="30733" Z="0"/><Vertex X="10383" Y="30733" Z="0"/><Vertex X="10459" Y="30733" Z="0"/><Vertex X="10573" Y="30733" Z="0"/><Vertex X="10649" Y="30733" Z="0"/><Vertex X="10762" Y="30733" Z="0"/><Vertex X="10800" Y="30733" Z="0"/><Vertex X="10876" Y="30695" Z="0"/><Vertex X="10952" Y="30695" Z="0"/><Vertex X="10990" Y="30695" Z="0"/><Vertex X="11065" Y="30695" Z="0"/><Vertex X="11141" Y="30695" Z="0"/><Vertex X="11179" Y="30695" Z="0"/><Vertex X="11255" Y="30695" Z="0"/><Vertex X="11293" Y="30695" Z="0"/><Vertex X="11369" Y="30695" Z="0"/><Vertex X="11444" Y="30695" Z="0"/><Vertex X="11520" Y="30695" Z="0"/><Vertex X="11596" Y="30695" Z="0"/><Vertex X="11710" Y="30695" Z="0"/><Vertex X="11785" Y="30695" Z="0"/><Vertex X="11861" Y="30733" Z="0"/><Vertex X="11937" Y="30733" Z="0"/><Vertex X="11975" Y="30733" Z="0"/><Vertex X="12051" Y="30733" Z="0"/><Vertex X="12089" Y="30733" Z="0"/><Vertex X="12164" Y="30733" Z="0"/><Vertex X="12278" Y="30733" Z="0"/><Vertex X="12316" Y="30733" Z="0"/><Vertex X="12392" Y="30733" Z="0"/><Vertex X="12505" Y="30733" Z="0"/><Vertex X="12581" Y="30733" Z="0"/><Vertex X="12733" Y="30733" Z="0"/><Vertex X="12884" Y="30733" Z="0"/><Vertex X="12998" Y="30733" Z="0"/><Vertex X="13112" Y="30733" Z="0"/><Vertex X="13225" Y="30733" Z="0"/><Vertex X="13301" Y="30733" Z="0"/><Vertex X="13415" Y="30733" Z="0"/><Vertex X="13529" Y="30695" Z="0"/><Vertex X="13642" Y="30695" Z="0"/><Vertex X="13718" Y="30695" Z="0"/><Vertex X="13832" Y="30695" Z="0"/><Vertex X="13946" Y="30619" Z="0"/><Vertex X="13983" Y="30619" Z="0"/><Vertex X="14059" Y="30619" Z="0"/><Vertex X="14135" Y="30544" Z="0"/><Vertex X="14211" Y="30544" Z="0"/><Vertex X="14324" Y="30506" Z="0"/><Vertex X="14438" Y="30506" Z="0"/><Vertex X="14552" Y="30506" Z="0"/><Vertex X="14552" Y="30430" Z="0"/><Vertex X="14628" Y="30430" Z="0"/><Vertex X="14741" Y="30430" Z="0"/><Vertex X="14893" Y="30430" Z="0"/><Vertex X="14931" Y="30354" Z="0"/><Vertex X="15082" Y="30354" Z="0"/><Vertex X="15196" Y="30354" Z="0"/><Vertex X="15272" Y="30278" Z="0"/><Vertex X="15386" Y="30278" Z="0"/><Vertex X="15423" Y="30278" Z="0"/><Vertex X="15537" Y="30202" Z="0"/><Vertex X="15651" Y="30202" Z="0"/><Vertex X="15689" Y="30202" Z="0"/><Vertex X="15764" Y="30202" Z="0"/><Vertex X="15764" Y="30165" Z="0"/><Vertex X="15878" Y="30165" Z="0"/><Vertex X="15954" Y="30165" Z="0"/><Vertex X="16068" Y="30165" Z="0"/><Vertex X="16068" Y="30089" Z="0"/><Vertex X="16181" Y="30089" Z="0"/><Vertex X="16257" Y="30089" Z="0"/><Vertex X="16333" Y="30089" Z="0"/><Vertex X="16447" Y="30051" Z="0"/><Vertex X="16522" Y="30051" Z="0"/><Vertex X="16598" Y="30051" Z="0"/><Vertex X="16636" Y="30051" Z="0"/><Vertex X="16712" Y="29975" Z="0"/><Vertex X="16788" Y="29975" Z="0"/><Vertex X="16826" Y="29975" Z="0"/><Vertex X="16901" Y="29975" Z="0"/><Vertex X="16939" Y="29975" Z="0"/><Vertex X="17015" Y="29975" Z="0"/><Vertex X="17091" Y="29975" Z="0"/><Vertex X="17129" Y="29899" Z="0"/><Vertex X="17204" Y="29899" Z="0"/><Vertex X="17280" Y="29899" Z="0"/><Vertex X="17318" Y="29899" Z="0"/><Vertex X="17394" Y="29824" Z="0"/><Vertex X="17432" Y="29824" Z="0"/><Vertex X="17508" Y="29824" Z="0"/><Vertex X="17583" Y="29824" Z="0"/><Vertex X="17621" Y="29748" Z="0"/><Vertex X="17773" Y="29748" Z="0"/><Vertex X="17849" Y="29672" Z="0"/><Vertex X="17887" Y="29672" Z="0"/><Vertex X="17962" Y="29596" Z="0"/><Vertex X="18038" Y="29596" Z="0"/><Vertex X="18076" Y="29520" Z="0"/><Vertex X="18152" Y="29520" Z="0"/><Vertex X="18228" Y="29445" Z="0"/><Vertex X="18303" Y="29445" Z="0"/><Vertex X="18303" Y="29407" Z="0"/><Vertex X="18417" Y="29407" Z="0"/><Vertex X="18493" Y="29331" Z="0"/><Vertex X="18531" Y="29331" Z="0"/><Vertex X="18531" Y="29255" Z="0"/><Vertex X="18607" Y="29255" Z="0"/><Vertex X="18682" Y="29255" Z="0"/><Vertex X="18682" Y="29217" Z="0"/><Vertex X="18758" Y="29217" Z="0"/><Vertex X="18834" Y="29217" Z="0"/><Vertex X="18872" Y="29217" Z="0"/><Vertex X="18948" Y="29141" Z="0"/><Vertex X="19023" Y="29141" Z="0"/><Vertex X="19099" Y="29066" Z="0"/><Vertex X="19175" Y="29066" Z="0"/><Vertex X="19175" Y="29028" Z="0"/><Vertex X="19402" Y="29028" Z="0"/><Vertex X="19478" Y="28952" Z="0"/><Vertex X="19554" Y="28952" Z="0"/><Vertex X="19630" Y="28952" Z="0"/><Vertex X="19668" Y="28952" Z="0"/><Vertex X="19781" Y="28876" Z="0"/><Vertex X="19895" Y="28876" Z="0"/><Vertex X="19933" Y="28876" Z="0"/><Vertex X="20009" Y="28800" Z="0"/><Vertex X="20085" Y="28800" Z="0"/><Vertex X="20122" Y="28800" Z="0"/><Vertex X="20274" Y="28725" Z="0"/><Vertex X="20388" Y="28725" Z="0"/><Vertex X="20426" Y="28725" Z="0"/><Vertex X="20501" Y="28725" Z="0"/><Vertex X="20577" Y="28649" Z="0"/><Vertex X="20615" Y="28649" Z="0"/><Vertex X="20729" Y="28649" Z="0"/><Vertex X="20842" Y="28649" Z="0"/><Vertex X="20918" Y="28649" Z="0"/><Vertex X="21032" Y="28649" Z="0"/><Vertex X="21108" Y="28611" Z="0"/><Vertex X="21183" Y="28611" Z="0"/><Vertex X="21221" Y="28611" Z="0"/><Vertex X="21335" Y="28611" Z="0"/><Vertex X="21373" Y="28611" Z="0"/><Vertex X="21449" Y="28611" Z="0"/><Vertex X="21525" Y="28611" Z="0"/><Vertex X="21600" Y="28611" Z="0"/><Vertex X="21828" Y="28611" Z="0"/><Vertex X="21903" Y="28535" Z="0"/><Vertex X="22017" Y="28535" Z="0"/><Vertex X="22131" Y="28535" Z="0"/><Vertex X="22207" Y="28535" Z="0"/><Vertex X="22282" Y="28535" Z="0"/><Vertex X="22396" Y="28535" Z="0"/><Vertex X="22472" Y="28535" Z="0"/><Vertex X="22548" Y="28459" Z="0"/><Vertex X="22586" Y="28459" Z="0"/><Vertex X="22661" Y="28459" Z="0"/><Vertex X="22699" Y="28459" Z="0"/><Vertex X="22851" Y="28384" Z="0"/><Vertex X="22889" Y="28384" Z="0"/><Vertex X="22965" Y="28384" Z="0"/><Vertex X="23040" Y="28384" Z="0"/><Vertex X="23078" Y="28308" Z="0"/><Vertex X="23154" Y="28308" Z="0"/><Vertex X="23268" Y="28308" Z="0"/><Vertex X="23268" Y="28270" Z="0"/><Vertex X="23344" Y="28270" Z="0"/><Vertex X="23457" Y="28270" Z="0"/><Vertex X="23533" Y="28270" Z="0"/><Vertex X="23571" Y="28194" Z="0"/><Vertex X="23647" Y="28194" Z="0"/><Vertex X="23722" Y="28194" Z="0"/><Vertex X="23760" Y="28194" Z="0"/><Vertex X="23836" Y="28194" Z="0"/><Vertex X="23912" Y="28118" Z="0"/><Vertex X="23950" Y="28118" Z="0"/><Vertex X="24026" Y="28118" Z="0"/><Vertex X="24064" Y="28118" Z="0"/><Vertex X="24139" Y="28118" Z="0"/><Vertex X="24215" Y="28080" Z="0"/><Vertex X="24253" Y="28080" Z="0"/><Vertex X="24329" Y="28080" Z="0"/><Vertex X="24405" Y="28005" Z="0"/><Vertex X="24442" Y="28005" Z="0"/><Vertex X="24632" Y="27929" Z="0"/><Vertex X="24670" Y="27929" Z="0"/><Vertex X="24746" Y="27929" Z="0"/><Vertex X="24821" Y="27929" Z="0"/><Vertex X="24897" Y="27929" Z="0"/><Vertex X="24973" Y="27853" Z="0"/><Vertex X="25011" Y="27853" Z="0"/><Vertex X="25087" Y="27853" Z="0"/><Vertex X="25162" Y="27853" Z="0"/><Vertex X="25238" Y="27853" Z="0"/><Vertex X="25314" Y="27853" Z="0"/><Vertex X="25352" Y="27853" Z="0"/><Vertex X="25352" Y="27815" Z="0"/><Vertex X="25428" Y="27815" Z="0"/><Vertex X="25541" Y="27815" Z="0"/><Vertex X="25617" Y="27815" Z="0"/><Vertex X="25731" Y="27815" Z="0"/><Vertex X="25845" Y="27815" Z="0"/><Vertex X="25920" Y="27815" Z="0"/><Vertex X="26034" Y="27815" Z="0"/><Vertex X="26148" Y="27815" Z="0"/><Vertex X="26224" Y="27815" Z="0"/><Vertex X="26261" Y="27815" Z="0"/><Vertex X="26375" Y="27815" Z="0"/><Vertex X="26451" Y="27815" Z="0"/><Vertex X="26489" Y="27815" Z="0"/><Vertex X="26565" Y="27815" Z="0"/><Vertex X="26716" Y="27815" Z="0"/><Vertex X="26868" Y="27739" Z="0"/><Vertex X="26906" Y="27739" Z="0"/><Vertex X="27057" Y="27739" Z="0"/><Vertex X="27133" Y="27739" Z="0"/><Vertex X="27171" Y="27739" Z="0"/><Vertex X="27285" Y="27739" Z="0"/><Vertex X="27323" Y="27739" Z="0"/><Vertex X="27398" Y="27739" Z="0"/><Vertex X="27474" Y="27739" Z="0"/><Vertex X="27512" Y="27739" Z="0"/><Vertex X="27626" Y="27739" Z="0"/><Vertex X="27701" Y="27739" Z="0"/><Vertex X="27777" Y="27739" Z="0"/><Vertex X="27891" Y="27739" Z="0"/><Vertex X="28005" Y="27739" Z="0"/><Vertex X="28043" Y="27739" Z="0"/><Vertex X="28118" Y="27739" Z="0"/><Vertex X="28194" Y="27739" Z="0"/><Vertex X="28194" Y="27663" Z="0"/><Vertex X="28308" Y="27663" Z="0"/><Vertex X="28421" Y="27663" Z="0"/><Vertex X="28459" Y="27663" Z="0"/><Vertex X="28535" Y="27588" Z="0"/><Vertex X="28611" Y="27588" Z="0"/><Vertex X="28649" Y="27588" Z="0"/><Vertex X="28725" Y="27550" Z="0"/><Vertex X="28838" Y="27550" Z="0"/><Vertex X="28914" Y="27550" Z="0"/><Vertex X="28990" Y="27550" Z="0"/><Vertex X="29028" Y="27550" Z="0"/><Vertex X="29104" Y="27550" Z="0"/><Vertex X="29179" Y="27550" Z="0"/><Vertex X="29255" Y="27550" Z="0"/><Vertex X="29369" Y="27550" Z="0"/><Vertex X="29483" Y="27550" Z="0"/><Vertex X="29520" Y="27474" Z="0"/><Vertex X="29634" Y="27474" Z="0"/><Vertex X="29748" Y="27398" Z="0"/><Vertex X="29861" Y="27398" Z="0"/><Vertex X="29937" Y="27398" Z="0"/><Vertex X="30051" Y="27398" Z="0"/><Vertex X="30127" Y="27398" Z="0"/><Vertex X="30127" Y="27360" Z="0"/><Vertex X="30165" Y="27285" Z="0"/><Vertex X="30165" Y="27171" Z="0"/><Vertex X="30240" Y="27171" Z="0"/><Vertex X="30240" Y="27019" Z="0"/><Vertex X="30316" Y="26943" Z="0"/><Vertex X="30316" Y="26868" Z="0"/><Vertex X="30316" Y="26830" Z="0"/><Vertex X="30354" Y="26754" Z="0"/><Vertex X="30354" Y="26640" Z="0"/><Vertex X="30430" Y="26565" Z="0"/><Vertex X="30430" Y="26413" Z="0"/><Vertex X="30430" Y="26337" Z="0"/><Vertex X="30430" Y="26186" Z="0"/><Vertex X="30430" Y="26072" Z="0"/><Vertex X="30430" Y="25958" Z="0"/><Vertex X="30430" Y="25882" Z="0"/><Vertex X="30430" Y="25769" Z="0"/><Vertex X="30430" Y="25693" Z="0"/><Vertex X="30354" Y="25617" Z="0"/><Vertex X="30354" Y="25541" Z="0"/><Vertex X="30278" Y="25541" Z="0"/><Vertex X="30278" Y="25503" Z="0"/><Vertex X="30240" Y="25503" Z="0"/><Vertex X="30240" Y="25428" Z="0"/><Vertex X="30165" Y="25428" Z="0"/><Vertex X="30089" Y="25352" Z="0"/><Vertex X="30051" Y="25352" Z="0"/><Vertex X="30051" Y="25314" Z="0"/><Vertex X="29975" Y="25314" Z="0"/><Vertex X="29937" Y="25314" Z="0"/><Vertex X="29937" Y="25238" Z="0"/><Vertex X="29861" Y="25238" Z="0"/><Vertex X="29786" Y="25238" Z="0"/><Vertex X="29748" Y="25238" Z="0"/><Vertex X="29634" Y="25238" Z="0"/><Vertex X="29558" Y="25238" Z="0"/><Vertex X="29483" Y="25238" Z="0"/><Vertex X="29407" Y="25238" Z="0"/><Vertex X="29369" Y="25238" Z="0"/><Vertex X="29293" Y="25238" Z="0"/><Vertex X="29179" Y="25162" Z="0"/><Vertex X="29104" Y="25162" Z="0"/><Vertex X="29066" Y="25162" Z="0"/><Vertex X="28952" Y="25162" Z="0"/><Vertex X="28876" Y="25162" Z="0"/><Vertex X="28800" Y="25162" Z="0"/><Vertex X="28725" Y="25162" Z="0"/><Vertex X="28611" Y="25162" Z="0"/><Vertex X="28535" Y="25162" Z="0"/><Vertex X="28459" Y="25162" Z="0"/><Vertex X="28384" Y="25162" Z="0"/><Vertex X="28346" Y="25162" Z="0"/><Vertex X="28270" Y="25162" Z="0"/><Vertex X="28232" Y="25162" Z="0"/><Vertex X="28118" Y="25200" Z="0"/><Vertex X="27967" Y="25200" Z="0"/><Vertex X="27891" Y="25276" Z="0"/><Vertex X="27777" Y="25276" Z="0"/><Vertex X="27664" Y="25352" Z="0"/><Vertex X="27550" Y="25352" Z="0"/><Vertex X="27436" Y="25352" Z="0"/><Vertex X="27360" Y="25352" Z="0"/><Vertex X="27247" Y="25352" Z="0"/><Vertex X="27133" Y="25428" Z="0"/><Vertex X="27057" Y="25428" Z="0"/><Vertex X="26906" Y="25466" Z="0"/><Vertex X="26830" Y="25466" Z="0"/><Vertex X="26716" Y="25541" Z="0"/><Vertex X="26640" Y="25541" Z="0"/><Vertex X="26602" Y="25541" Z="0"/><Vertex X="26489" Y="25617" Z="0"/><Vertex X="26413" Y="25617" Z="0"/><Vertex X="26299" Y="25655" Z="0"/><Vertex X="26224" Y="25655" Z="0"/><Vertex X="26148" Y="25731" Z="0"/><Vertex X="26034" Y="25731" Z="0"/><Vertex X="25958" Y="25807" Z="0"/><Vertex X="25845" Y="25807" Z="0"/><Vertex X="25769" Y="25882" Z="0"/><Vertex X="25579" Y="25958" Z="0"/><Vertex X="25466" Y="25958" Z="0"/><Vertex X="25466" Y="25996" Z="0"/><Vertex X="25352" Y="25996" Z="0"/><Vertex X="25276" Y="26072" Z="0"/><Vertex X="25162" Y="26072" Z="0"/><Vertex X="25049" Y="26148" Z="0"/><Vertex X="24935" Y="26223" Z="0"/><Vertex X="24859" Y="26223" Z="0"/><Vertex X="24859" Y="26261" Z="0"/><Vertex X="24746" Y="26261" Z="0"/><Vertex X="24632" Y="26261" Z="0"/><Vertex X="24632" Y="26337" Z="0"/><Vertex X="24556" Y="26337" Z="0"/><Vertex X="24480" Y="26337" Z="0"/><Vertex X="24480" Y="26375" Z="0"/><Vertex X="24367" Y="26375" Z="0"/><Vertex X="24291" Y="26375" Z="0"/><Vertex X="24215" Y="26375" Z="0"/><Vertex X="24177" Y="26375" Z="0"/><Vertex X="24101" Y="26375" Z="0"/><Vertex X="24026" Y="26451" Z="0"/><Vertex X="23950" Y="26451" Z="0"/><Vertex X="23874" Y="26451" Z="0"/><Vertex X="23798" Y="26451" Z="0"/><Vertex X="23722" Y="26451" Z="0"/><Vertex X="23722" Y="26527" Z="0"/><Vertex X="23609" Y="26527" Z="0"/><Vertex X="23495" Y="26527" Z="0"/><Vertex X="23457" Y="26527" Z="0"/><Vertex X="23344" Y="26602" Z="0"/><Vertex X="23230" Y="26602" Z="0"/><Vertex X="23192" Y="26602" Z="0"/><Vertex X="23040" Y="26602" Z="0"/><Vertex X="22927" Y="26602" Z="0"/><Vertex X="22889" Y="26602" Z="0"/><Vertex X="22813" Y="26602" Z="0"/><Vertex X="22737" Y="26602" Z="0"/><Vertex X="22699" Y="26602" Z="0"/><Vertex X="22624" Y="26602" Z="0"/><Vertex X="22586" Y="26602" Z="0"/><Vertex X="22510" Y="26602" Z="0"/><Vertex X="22358" Y="26602" Z="0"/><Vertex X="22245" Y="26602" Z="0"/><Vertex X="22131" Y="26602" Z="0"/><Vertex X="22055" Y="26602" Z="0"/><Vertex X="21941" Y="26602" Z="0"/><Vertex X="21903" Y="26602" Z="0"/><Vertex X="21828" Y="26602" Z="0"/><Vertex X="21714" Y="26565" Z="0"/><Vertex X="21638" Y="26565" Z="0"/><Vertex X="21562" Y="26565" Z="0"/><Vertex X="21525" Y="26565" Z="0"/><Vertex X="21411" Y="26565" Z="0"/><Vertex X="21259" Y="26565" Z="0"/><Vertex X="21146" Y="26565" Z="0"/><Vertex X="21108" Y="26565" Z="0"/><Vertex X="21032" Y="26565" Z="0"/><Vertex X="20918" Y="26565" Z="0"/><Vertex X="20842" Y="26565" Z="0"/><Vertex X="20767" Y="26565" Z="0"/><Vertex X="20653" Y="26565" Z="0"/><Vertex X="20539" Y="26565" Z="0"/><Vertex X="20388" Y="26565" Z="0"/><Vertex X="20350" Y="26602" Z="0"/><Vertex X="20274" Y="26602" Z="0"/><Vertex X="20160" Y="26602" Z="0"/><Vertex X="20085" Y="26602" Z="0"/><Vertex X="19971" Y="26602" Z="0"/><Vertex X="19895" Y="26602" Z="0"/><Vertex X="19781" Y="26602" Z="0"/><Vertex X="19743" Y="26602" Z="0"/><Vertex X="19668" Y="26602" Z="0"/><Vertex X="19592" Y="26602" Z="0"/><Vertex X="19554" Y="26602" Z="0"/><Vertex X="19402" Y="26640" Z="0"/><Vertex X="19327" Y="26640" Z="0"/><Vertex X="19251" Y="26640" Z="0"/><Vertex X="19137" Y="26640" Z="0"/><Vertex X="19099" Y="26640" Z="0"/><Vertex X="18948" Y="26716" Z="0"/><Vertex X="18910" Y="26716" Z="0"/><Vertex X="18834" Y="26716" Z="0"/><Vertex X="18758" Y="26716" Z="0"/><Vertex X="18682" Y="26792" Z="0"/><Vertex X="18569" Y="26792" Z="0"/><Vertex X="18531" Y="26792" Z="0"/><Vertex X="18531" Y="26868" Z="0"/><Vertex X="18455" Y="26868" Z="0"/><Vertex X="18379" Y="26906" Z="0"/><Vertex X="18341" Y="26906" Z="0"/><Vertex X="18341" Y="26981" Z="0"/><Vertex X="18266" Y="26981" Z="0"/><Vertex X="18266" Y="27057" Z="0"/><Vertex X="18152" Y="27057" Z="0"/><Vertex X="18152" Y="27095" Z="0"/><Vertex X="18076" Y="27095" Z="0"/><Vertex X="18076" Y="27209" Z="0"/><Vertex X="17962" Y="27209" Z="0"/><Vertex X="17887" Y="27285" Z="0"/><Vertex X="17887" Y="27360" Z="0"/><Vertex X="17849" Y="27360" Z="0"/><Vertex X="17773" Y="27360" Z="0"/><Vertex X="17773" Y="27436" Z="0"/><Vertex X="17735" Y="27436" Z="0"/><Vertex X="17659" Y="27474" Z="0"/><Vertex X="17583" Y="27474" Z="0"/><Vertex X="17470" Y="27550" Z="0"/><Vertex X="17432" Y="27550" Z="0"/><Vertex X="17318" Y="27550" Z="0"/><Vertex X="17204" Y="27626" Z="0"/><Vertex X="17167" Y="27626" Z="0"/><Vertex X="17053" Y="27626" Z="0"/><Vertex X="16977" Y="27701" Z="0"/><Vertex X="16901" Y="27701" Z="0"/><Vertex X="16788" Y="27739" Z="0"/><Vertex X="16674" Y="27739" Z="0"/><Vertex X="16598" Y="27815" Z="0"/><Vertex X="16484" Y="27815" Z="0"/><Vertex X="16371" Y="27815" Z="0"/><Vertex X="16257" Y="27891" Z="0"/><Vertex X="16181" Y="27891" Z="0"/><Vertex X="16068" Y="27929" Z="0"/><Vertex X="15992" Y="27929" Z="0"/><Vertex X="15954" Y="27929" Z="0"/><Vertex X="15840" Y="27929" Z="0"/><Vertex X="15689" Y="27929" Z="0"/><Vertex X="15537" Y="28005" Z="0"/><Vertex X="15461" Y="28005" Z="0"/><Vertex X="15423" Y="28005" Z="0"/><Vertex X="15348" Y="28005" Z="0"/><Vertex X="15272" Y="28005" Z="0"/><Vertex X="15158" Y="28080" Z="0"/><Vertex X="15044" Y="28080" Z="0"/><Vertex X="14931" Y="28080" Z="0"/><Vertex X="14817" Y="28156" Z="0"/><Vertex X="14779" Y="28156" Z="0"/><Vertex X="14628" Y="28156" Z="0"/><Vertex X="14514" Y="28156" Z="0"/><Vertex X="14400" Y="28156" Z="0"/><Vertex X="14324" Y="28156" Z="0"/><Vertex X="14173" Y="28156" Z="0"/><Vertex X="14097" Y="28156" Z="0"/><Vertex X="14059" Y="28156" Z="0"/><Vertex X="13983" Y="28156" Z="0"/><Vertex X="13870" Y="28156" Z="0"/><Vertex X="13794" Y="28156" Z="0"/><Vertex X="13718" Y="28156" Z="0"/><Vertex X="13718" Y="28118" Z="0"/><Vertex X="13529" Y="28118" Z="0"/><Vertex X="13491" Y="28118" Z="0"/><Vertex X="13415" Y="28118" Z="0"/><Vertex X="13339" Y="28118" Z="0"/><Vertex X="13301" Y="28118" Z="0"/><Vertex X="13188" Y="28118" Z="0"/><Vertex X="13112" Y="28118" Z="0"/><Vertex X="13036" Y="28118" Z="0"/><Vertex X="12884" Y="28118" Z="0"/><Vertex X="12809" Y="28156" Z="0"/><Vertex X="12695" Y="28156" Z="0"/><Vertex X="12657" Y="28156" Z="0"/><Vertex X="12581" Y="28156" Z="0"/><Vertex X="12505" Y="28156" Z="0"/><Vertex X="12468" Y="28156" Z="0"/><Vertex X="12392" Y="28156" Z="0"/><Vertex X="12354" Y="28156" Z="0"/><Vertex X="12202" Y="28232" Z="0"/><Vertex X="12164" Y="28232" Z="0"/><Vertex X="12089" Y="28232" Z="0"/><Vertex X="11975" Y="28232" Z="0"/><Vertex X="11861" Y="28232" Z="0"/><Vertex X="11785" Y="28232" Z="0"/><Vertex X="11710" Y="28232" Z="0"/><Vertex X="11672" Y="28232" Z="0"/><Vertex X="11596" Y="28232" Z="0"/><Vertex X="11558" Y="28232" Z="0"/><Vertex X="11482" Y="28232" Z="0"/><Vertex X="11407" Y="28270" Z="0"/><Vertex X="11369" Y="28270" Z="0"/><Vertex X="11255" Y="28270" Z="0"/><Vertex X="11179" Y="28270" Z="0"/><Vertex X="11141" Y="28270" Z="0"/><Vertex X="11028" Y="28270" Z="0"/><Vertex X="10990" Y="28270" Z="0"/><Vertex X="10914" Y="28270" Z="0"/><Vertex X="10838" Y="28270" Z="0"/><Vertex X="10762" Y="28270" Z="0"/><Vertex X="10611" Y="28270" Z="0"/><Vertex X="10535" Y="28270" Z="0"/><Vertex X="10497" Y="28346" Z="0"/><Vertex X="10383" Y="28346" Z="0"/><Vertex X="10232" Y="28346" Z="0"/><Vertex X="10194" Y="28346" Z="0"/><Vertex X="10042" Y="28346" Z="0"/><Vertex X="9967" Y="28346" Z="0"/><Vertex X="9891" Y="28346" Z="0"/><Vertex X="9815" Y="28346" Z="0"/><Vertex X="9777" Y="28346" Z="0"/><Vertex X="9701" Y="28346" Z="0"/><Vertex X="9588" Y="28346" Z="0"/><Vertex X="9436" Y="28346" Z="0"/><Vertex X="9322" Y="28346" Z="0"/><Vertex X="9209" Y="28346" Z="0"/><Vertex X="9095" Y="28346" Z="0"/><Vertex X="8981" Y="28346" Z="0"/><Vertex X="8754" Y="28346" Z="0"/><Vertex X="8526" Y="28346" Z="0"/><Vertex X="8261" Y="28346" Z="0"/><Vertex X="8072" Y="28346" Z="0"/><Vertex X="7958" Y="28346" Z="0"/><Vertex X="7920" Y="28346" Z="0"/><Vertex X="7693" Y="28308" Z="0"/><Vertex X="7617" Y="28308" Z="0"/><Vertex X="7579" Y="28308" Z="0"/><Vertex X="7503" Y="28308" Z="0"/><Vertex X="7428" Y="28308" Z="0"/><Vertex X="7352" Y="28308" Z="0"/><Vertex X="7352" Y="28270" Z="0"/><Vertex X="7276" Y="28270" Z="0"/><Vertex X="7200" Y="28270" Z="0"/><Vertex X="7162" Y="28270" Z="0"/><Vertex X="7086" Y="28270" Z="0"/><Vertex X="7011" Y="28194" Z="0"/><Vertex X="6935" Y="28194" Z="0"/><Vertex X="6859" Y="28118" Z="0"/><Vertex X="6783" Y="28118" Z="0"/><Vertex X="6708" Y="28118" Z="0"/><Vertex X="6556" Y="28042" Z="0"/><Vertex X="6480" Y="28042" Z="0"/><Vertex X="6442" Y="28042" Z="0"/><Vertex X="6329" Y="28042" Z="0"/><Vertex X="6215" Y="28042" Z="0"/><Vertex X="6101" Y="27967" Z="0"/><Vertex X="6025" Y="27967" Z="0"/><Vertex X="5874" Y="27967" Z="0"/><Vertex X="5798" Y="27967" Z="0"/><Vertex X="5722" Y="27967" Z="0"/><Vertex X="5609" Y="27967" Z="0"/><Vertex X="5533" Y="27967" Z="0"/><Vertex X="5495" Y="27967" Z="0"/><Vertex X="5419" Y="27967" Z="0"/><Vertex X="5419" Y="28005" Z="0"/><Vertex X="5419" Y="28156" Z="0"/></Vertices></Region></Regions><Plots></Plots></Annotation></Annotations>
