<Annotations MicronsPerPixel="0.493400">
	<Annotation Id="1" Name="" ReadOnly="0" NameReadOnly="0" LineColorReadOnly="0" Incremental="0" Type="4" LineColor="16711935" Visible="1" Selected="1" MarkupImagePath="" MacroName=""><Attributes></Attributes><Regions><RegionAttributeHeaders></RegionAttributeHeaders><Region Id="1" Type="0" Zoom="0.021925" Selected="0" ImageLocation="" ImageFocus="-1" Length="51451.1" Area="60323328.5" LengthMicrons="25386.0" AreaMicrons="14685326.3" Text="" NegativeROA="0" InputRegionId="0" Analyze="1" DisplayId="1"><Attributes></Attributes><Vertices><Vertex X="11403" Y="5154" Z="0"/><Vertex X="11312" Y="5154" Z="0"/><Vertex X="11266" Y="5154" Z="0"/><Vertex X="11175" Y="5154" Z="0"/><Vertex X="11083" Y="5154" Z="0"/><Vertex X="10992" Y="5200" Z="0"/><Vertex X="10901" Y="5200" Z="0"/><Vertex X="10810" Y="5200" Z="0"/><Vertex X="10673" Y="5291" Z="0"/><Vertex X="10582" Y="5291" Z="0"/><Vertex X="10445" Y="5291" Z="0"/><Vertex X="10308" Y="5382" Z="0"/><Vertex X="10217" Y="5382" Z="0"/><Vertex X="10080" Y="5382" Z="0"/><Vertex X="9943" Y="5473" Z="0"/><Vertex X="9852" Y="5473" Z="0"/><Vertex X="9715" Y="5473" Z="0"/><Vertex X="9578" Y="5519" Z="0"/><Vertex X="9441" Y="5519" Z="0"/><Vertex X="9350" Y="5519" Z="0"/><Vertex X="9259" Y="5610" Z="0"/><Vertex X="9168" Y="5610" Z="0"/><Vertex X="9122" Y="5610" Z="0"/><Vertex X="9031" Y="5610" Z="0"/><Vertex X="8940" Y="5701" Z="0"/><Vertex X="8894" Y="5701" Z="0"/><Vertex X="8803" Y="5701" Z="0"/><Vertex X="8757" Y="5701" Z="0"/><Vertex X="8621" Y="5793" Z="0"/><Vertex X="8484" Y="5793" Z="0"/><Vertex X="8484" Y="5884" Z="0"/><Vertex X="8347" Y="5884" Z="0"/><Vertex X="8256" Y="5929" Z="0"/><Vertex X="8119" Y="5929" Z="0"/><Vertex X="8119" Y="6021" Z="0"/><Vertex X="7982" Y="6021" Z="0"/><Vertex X="7845" Y="6112" Z="0"/><Vertex X="7800" Y="6112" Z="0"/><Vertex X="7708" Y="6203" Z="0"/><Vertex X="7571" Y="6249" Z="0"/><Vertex X="7435" Y="6340" Z="0"/><Vertex X="7343" Y="6431" Z="0"/><Vertex X="7252" Y="6431" Z="0"/><Vertex X="7252" Y="6522" Z="0"/><Vertex X="7161" Y="6522" Z="0"/><Vertex X="7115" Y="6613" Z="0"/><Vertex X="7024" Y="6659" Z="0"/><Vertex X="6933" Y="6750" Z="0"/><Vertex X="6887" Y="6750" Z="0"/><Vertex X="6887" Y="6887" Z="0"/><Vertex X="6796" Y="6887" Z="0"/><Vertex X="6705" Y="6978" Z="0"/><Vertex X="6705" Y="7024" Z="0"/><Vertex X="6659" Y="7024" Z="0"/><Vertex X="6659" Y="7115" Z="0"/><Vertex X="6568" Y="7115" Z="0"/><Vertex X="6568" Y="7161" Z="0"/><Vertex X="6477" Y="7252" Z="0"/><Vertex X="6431" Y="7343" Z="0"/><Vertex X="6431" Y="7434" Z="0"/><Vertex X="6340" Y="7434" Z="0"/><Vertex X="6340" Y="7526" Z="0"/><Vertex X="6340" Y="7617" Z="0"/><Vertex X="6340" Y="7663" Z="0"/><Vertex X="6249" Y="7663" Z="0"/><Vertex X="6249" Y="7754" Z="0"/><Vertex X="6249" Y="7799" Z="0"/><Vertex X="6249" Y="7936" Z="0"/><Vertex X="6249" Y="8027" Z="0"/><Vertex X="6249" Y="8073" Z="0"/><Vertex X="6249" Y="8164" Z="0"/><Vertex X="6249" Y="8255" Z="0"/><Vertex X="6249" Y="8301" Z="0"/><Vertex X="6249" Y="8392" Z="0"/><Vertex X="6294" Y="8392" Z="0"/><Vertex X="6294" Y="8438" Z="0"/><Vertex X="6294" Y="8529" Z="0"/><Vertex X="6386" Y="8620" Z="0"/><Vertex X="6386" Y="8712" Z="0"/><Vertex X="6431" Y="8712" Z="0"/><Vertex X="6431" Y="8803" Z="0"/><Vertex X="6522" Y="8803" Z="0"/><Vertex X="6522" Y="8894" Z="0"/><Vertex X="6614" Y="8894" Z="0"/><Vertex X="6614" Y="8940" Z="0"/><Vertex X="6659" Y="8940" Z="0"/><Vertex X="6659" Y="9031" Z="0"/><Vertex X="6750" Y="9031" Z="0"/><Vertex X="6796" Y="9031" Z="0"/><Vertex X="6796" Y="9076" Z="0"/><Vertex X="6887" Y="9076" Z="0"/><Vertex X="7024" Y="9076" Z="0"/><Vertex X="7115" Y="9076" Z="0"/><Vertex X="7115" Y="9168" Z="0"/><Vertex X="7252" Y="9168" Z="0"/><Vertex X="7389" Y="9168" Z="0"/><Vertex X="7389" Y="9259" Z="0"/><Vertex X="7480" Y="9259" Z="0"/><Vertex X="7617" Y="9259" Z="0"/><Vertex X="7708" Y="9259" Z="0"/><Vertex X="7754" Y="9259" Z="0"/><Vertex X="7845" Y="9259" Z="0"/><Vertex X="7936" Y="9259" Z="0"/><Vertex X="8028" Y="9259" Z="0"/><Vertex X="8119" Y="9259" Z="0"/><Vertex X="8164" Y="9259" Z="0"/><Vertex X="8256" Y="9259" Z="0"/><Vertex X="8301" Y="9259" Z="0"/><Vertex X="8392" Y="9259" Z="0"/><Vertex X="8484" Y="9259" Z="0"/><Vertex X="8529" Y="9259" Z="0"/><Vertex X="8621" Y="9259" Z="0"/><Vertex X="8712" Y="9213" Z="0"/><Vertex X="8757" Y="9213" Z="0"/><Vertex X="8849" Y="9213" Z="0"/><Vertex X="8894" Y="9213" Z="0"/><Vertex X="8985" Y="9213" Z="0"/><Vertex X="9077" Y="9213" Z="0"/><Vertex X="9122" Y="9122" Z="0"/><Vertex X="9213" Y="9122" Z="0"/><Vertex X="9305" Y="9122" Z="0"/><Vertex X="9350" Y="9122" Z="0"/><Vertex X="9441" Y="9122" Z="0"/><Vertex X="9487" Y="9122" Z="0"/><Vertex X="9578" Y="9122" Z="0"/><Vertex X="9670" Y="9122" Z="0"/><Vertex X="9715" Y="9122" Z="0"/><Vertex X="9806" Y="9122" Z="0"/><Vertex X="9852" Y="9122" Z="0"/><Vertex X="9943" Y="9122" Z="0"/><Vertex X="10034" Y="9122" Z="0"/><Vertex X="10080" Y="9031" Z="0"/><Vertex X="10171" Y="9031" Z="0"/><Vertex X="10262" Y="9031" Z="0"/><Vertex X="10308" Y="9031" Z="0"/><Vertex X="10399" Y="9031" Z="0"/><Vertex X="10445" Y="9031" Z="0"/><Vertex X="10536" Y="9031" Z="0"/><Vertex X="10627" Y="9031" Z="0"/><Vertex X="10673" Y="9031" Z="0"/><Vertex X="10764" Y="9031" Z="0"/><Vertex X="10855" Y="8940" Z="0"/><Vertex X="10901" Y="8940" Z="0"/><Vertex X="10992" Y="8940" Z="0"/><Vertex X="11175" Y="8848" Z="0"/><Vertex X="11220" Y="8848" Z="0"/><Vertex X="11357" Y="8848" Z="0"/><Vertex X="11494" Y="8848" Z="0"/><Vertex X="11540" Y="8848" Z="0"/><Vertex X="11676" Y="8848" Z="0"/><Vertex X="11676" Y="8803" Z="0"/><Vertex X="11813" Y="8803" Z="0"/><Vertex X="11904" Y="8803" Z="0"/><Vertex X="12041" Y="8712" Z="0"/><Vertex X="12178" Y="8712" Z="0"/><Vertex X="12269" Y="8712" Z="0"/><Vertex X="12361" Y="8712" Z="0"/><Vertex X="12497" Y="8620" Z="0"/><Vertex X="12543" Y="8620" Z="0"/><Vertex X="12634" Y="8620" Z="0"/><Vertex X="12725" Y="8620" Z="0"/><Vertex X="12771" Y="8529" Z="0"/><Vertex X="12908" Y="8529" Z="0"/><Vertex X="12999" Y="8529" Z="0"/><Vertex X="13045" Y="8484" Z="0"/><Vertex X="13182" Y="8484" Z="0"/><Vertex X="13273" Y="8484" Z="0"/><Vertex X="13318" Y="8484" Z="0"/><Vertex X="13410" Y="8392" Z="0"/><Vertex X="13501" Y="8392" Z="0"/><Vertex X="13638" Y="8392" Z="0"/><Vertex X="13729" Y="8301" Z="0"/><Vertex X="13774" Y="8301" Z="0"/><Vertex X="13866" Y="8301" Z="0"/><Vertex X="13957" Y="8301" Z="0"/><Vertex X="14003" Y="8301" Z="0"/><Vertex X="14094" Y="8210" Z="0"/><Vertex X="14139" Y="8210" Z="0"/><Vertex X="14276" Y="8210" Z="0"/><Vertex X="14367" Y="8210" Z="0"/><Vertex X="14413" Y="8210" Z="0"/><Vertex X="14504" Y="8210" Z="0"/><Vertex X="14641" Y="8210" Z="0"/><Vertex X="14641" Y="8164" Z="0"/><Vertex X="14732" Y="8164" Z="0"/><Vertex X="14823" Y="8164" Z="0"/><Vertex X="14869" Y="8164" Z="0"/><Vertex X="14960" Y="8164" Z="0"/><Vertex X="15052" Y="8164" Z="0"/><Vertex X="15097" Y="8164" Z="0"/><Vertex X="15234" Y="8164" Z="0"/><Vertex X="15325" Y="8164" Z="0"/><Vertex X="15371" Y="8164" Z="0"/><Vertex X="15462" Y="8164" Z="0"/><Vertex X="15508" Y="8164" Z="0"/><Vertex X="15644" Y="8164" Z="0"/><Vertex X="15736" Y="8164" Z="0"/><Vertex X="15781" Y="8164" Z="0"/><Vertex X="15918" Y="8164" Z="0"/><Vertex X="16055" Y="8164" Z="0"/><Vertex X="16101" Y="8164" Z="0"/><Vertex X="16237" Y="8164" Z="0"/><Vertex X="16283" Y="8164" Z="0"/><Vertex X="16374" Y="8164" Z="0"/><Vertex X="16465" Y="8164" Z="0"/><Vertex X="16511" Y="8164" Z="0"/><Vertex X="16648" Y="8164" Z="0"/><Vertex X="16739" Y="8164" Z="0"/><Vertex X="16785" Y="8164" Z="0"/><Vertex X="16876" Y="8164" Z="0"/><Vertex X="16967" Y="8164" Z="0"/><Vertex X="17058" Y="8164" Z="0"/><Vertex X="17195" Y="8164" Z="0"/><Vertex X="17286" Y="8164" Z="0"/><Vertex X="17286" Y="8073" Z="0"/><Vertex X="17378" Y="8073" Z="0"/><Vertex X="17469" Y="8073" Z="0"/><Vertex X="17515" Y="8073" Z="0"/><Vertex X="17606" Y="8073" Z="0"/><Vertex X="17651" Y="8073" Z="0"/><Vertex X="17743" Y="8073" Z="0"/><Vertex X="17834" Y="8073" Z="0"/><Vertex X="17925" Y="8073" Z="0"/><Vertex X="18062" Y="7982" Z="0"/><Vertex X="18153" Y="7982" Z="0"/><Vertex X="18244" Y="7982" Z="0"/><Vertex X="18381" Y="7982" Z="0"/><Vertex X="18518" Y="7982" Z="0"/><Vertex X="18609" Y="7982" Z="0"/><Vertex X="18746" Y="7982" Z="0"/><Vertex X="18746" Y="7936" Z="0"/><Vertex X="18883" Y="7936" Z="0"/><Vertex X="18928" Y="7936" Z="0"/><Vertex X="19065" Y="7936" Z="0"/><Vertex X="19202" Y="7936" Z="0"/><Vertex X="19293" Y="7936" Z="0"/><Vertex X="19293" Y="7845" Z="0"/><Vertex X="19430" Y="7845" Z="0"/><Vertex X="19567" Y="7845" Z="0"/><Vertex X="19613" Y="7845" Z="0"/><Vertex X="19795" Y="7754" Z="0"/><Vertex X="19886" Y="7754" Z="0"/><Vertex X="19932" Y="7754" Z="0"/><Vertex X="20023" Y="7754" Z="0"/><Vertex X="20114" Y="7754" Z="0"/><Vertex X="20160" Y="7754" Z="0"/><Vertex X="20251" Y="7754" Z="0"/><Vertex X="20342" Y="7663" Z="0"/><Vertex X="20388" Y="7663" Z="0"/><Vertex X="20479" Y="7663" Z="0"/><Vertex X="20525" Y="7663" Z="0"/><Vertex X="20616" Y="7663" Z="0"/><Vertex X="20707" Y="7663" Z="0"/><Vertex X="20753" Y="7663" Z="0"/><Vertex X="20844" Y="7663" Z="0"/><Vertex X="20890" Y="7663" Z="0"/><Vertex X="20981" Y="7663" Z="0"/><Vertex X="21072" Y="7663" Z="0"/><Vertex X="21118" Y="7663" Z="0"/><Vertex X="21255" Y="7663" Z="0"/><Vertex X="21346" Y="7663" Z="0"/><Vertex X="21437" Y="7663" Z="0"/><Vertex X="21574" Y="7663" Z="0"/><Vertex X="21665" Y="7663" Z="0"/><Vertex X="21802" Y="7571" Z="0"/><Vertex X="21939" Y="7571" Z="0"/><Vertex X="22076" Y="7571" Z="0"/><Vertex X="22167" Y="7571" Z="0"/><Vertex X="22258" Y="7571" Z="0"/><Vertex X="22304" Y="7571" Z="0"/><Vertex X="22440" Y="7571" Z="0"/><Vertex X="22577" Y="7571" Z="0"/><Vertex X="22668" Y="7571" Z="0"/><Vertex X="22805" Y="7571" Z="0"/><Vertex X="22897" Y="7571" Z="0"/><Vertex X="22897" Y="7526" Z="0"/><Vertex X="22942" Y="7526" Z="0"/><Vertex X="23033" Y="7526" Z="0"/><Vertex X="23079" Y="7526" Z="0"/><Vertex X="23170" Y="7526" Z="0"/><Vertex X="23261" Y="7526" Z="0"/><Vertex X="23261" Y="7434" Z="0"/><Vertex X="23307" Y="7434" Z="0"/><Vertex X="23398" Y="7434" Z="0"/><Vertex X="23535" Y="7434" Z="0"/><Vertex X="23581" Y="7434" Z="0"/><Vertex X="23718" Y="7434" Z="0"/><Vertex X="23809" Y="7434" Z="0"/><Vertex X="23900" Y="7434" Z="0"/><Vertex X="23991" Y="7434" Z="0"/><Vertex X="24037" Y="7434" Z="0"/><Vertex X="24037" Y="7480" Z="0"/><Vertex X="24128" Y="7480" Z="0"/><Vertex X="24174" Y="7480" Z="0"/><Vertex X="24174" Y="7526" Z="0"/><Vertex X="24265" Y="7526" Z="0"/><Vertex X="24356" Y="7526" Z="0"/><Vertex X="24356" Y="7617" Z="0"/><Vertex X="24402" Y="7617" Z="0"/><Vertex X="24493" Y="7708" Z="0"/><Vertex X="24630" Y="7708" Z="0"/><Vertex X="24630" Y="7799" Z="0"/><Vertex X="24721" Y="7799" Z="0"/><Vertex X="24721" Y="7891" Z="0"/><Vertex X="24858" Y="7891" Z="0"/><Vertex X="24858" Y="7982" Z="0"/><Vertex X="24949" Y="7982" Z="0"/><Vertex X="24949" Y="8027" Z="0"/><Vertex X="24995" Y="8027" Z="0"/><Vertex X="24995" Y="8119" Z="0"/><Vertex X="25086" Y="8119" Z="0"/><Vertex X="25086" Y="8164" Z="0"/><Vertex X="25177" Y="8255" Z="0"/><Vertex X="25177" Y="8347" Z="0"/><Vertex X="25223" Y="8347" Z="0"/><Vertex X="25223" Y="8392" Z="0"/><Vertex X="25223" Y="8484" Z="0"/><Vertex X="25223" Y="8575" Z="0"/><Vertex X="25223" Y="8620" Z="0"/><Vertex X="25177" Y="8712" Z="0"/><Vertex X="25131" Y="8803" Z="0"/><Vertex X="24995" Y="8940" Z="0"/><Vertex X="24903" Y="8985" Z="0"/><Vertex X="24812" Y="9076" Z="0"/><Vertex X="24721" Y="9168" Z="0"/><Vertex X="24675" Y="9259" Z="0"/><Vertex X="24675" Y="9304" Z="0"/><Vertex X="24675" Y="9396" Z="0"/><Vertex X="24675" Y="9487" Z="0"/><Vertex X="24767" Y="9487" Z="0"/><Vertex X="24767" Y="9533" Z="0"/><Vertex X="24903" Y="9533" Z="0"/><Vertex X="24949" Y="9533" Z="0"/><Vertex X="25040" Y="9533" Z="0"/><Vertex X="25177" Y="9533" Z="0"/><Vertex X="25268" Y="9533" Z="0"/><Vertex X="25359" Y="9533" Z="0"/><Vertex X="25496" Y="9533" Z="0"/><Vertex X="25542" Y="9533" Z="0"/><Vertex X="25633" Y="9533" Z="0"/><Vertex X="25724" Y="9533" Z="0"/><Vertex X="25861" Y="9533" Z="0"/><Vertex X="25952" Y="9533" Z="0"/><Vertex X="25952" Y="9441" Z="0"/><Vertex X="25998" Y="9441" Z="0"/><Vertex X="26089" Y="9441" Z="0"/><Vertex X="26089" Y="9350" Z="0"/><Vertex X="26180" Y="9350" Z="0"/><Vertex X="26226" Y="9304" Z="0"/><Vertex X="26317" Y="9213" Z="0"/><Vertex X="26317" Y="9122" Z="0"/><Vertex X="26409" Y="9122" Z="0"/><Vertex X="26409" Y="9076" Z="0"/><Vertex X="26500" Y="8940" Z="0"/><Vertex X="26500" Y="8803" Z="0"/><Vertex X="26500" Y="8757" Z="0"/><Vertex X="26591" Y="8575" Z="0"/><Vertex X="26591" Y="8484" Z="0"/><Vertex X="26591" Y="8347" Z="0"/><Vertex X="26591" Y="8255" Z="0"/><Vertex X="26591" Y="8210" Z="0"/><Vertex X="26591" Y="8119" Z="0"/><Vertex X="26591" Y="8027" Z="0"/><Vertex X="26591" Y="7982" Z="0"/><Vertex X="26591" Y="7845" Z="0"/><Vertex X="26591" Y="7799" Z="0"/><Vertex X="26591" Y="7663" Z="0"/><Vertex X="26591" Y="7480" Z="0"/><Vertex X="26591" Y="7389" Z="0"/><Vertex X="26545" Y="7389" Z="0"/><Vertex X="26545" Y="7252" Z="0"/><Vertex X="26545" Y="7161" Z="0"/><Vertex X="26454" Y="7024" Z="0"/><Vertex X="26454" Y="6933" Z="0"/><Vertex X="26363" Y="6796" Z="0"/><Vertex X="26363" Y="6659" Z="0"/><Vertex X="26317" Y="6659" Z="0"/><Vertex X="26317" Y="6613" Z="0"/><Vertex X="26226" Y="6522" Z="0"/><Vertex X="26135" Y="6431" Z="0"/><Vertex X="26135" Y="6385" Z="0"/><Vertex X="25998" Y="6385" Z="0"/><Vertex X="25907" Y="6249" Z="0"/><Vertex X="25861" Y="6249" Z="0"/><Vertex X="25861" Y="6157" Z="0"/><Vertex X="25770" Y="6157" Z="0"/><Vertex X="25770" Y="6112" Z="0"/><Vertex X="25679" Y="6112" Z="0"/><Vertex X="25542" Y="6021" Z="0"/><Vertex X="25405" Y="6021" Z="0"/><Vertex X="25314" Y="5929" Z="0"/><Vertex X="25268" Y="5929" Z="0"/><Vertex X="25131" Y="5838" Z="0"/><Vertex X="24995" Y="5838" Z="0"/><Vertex X="24858" Y="5747" Z="0"/><Vertex X="24767" Y="5747" Z="0"/><Vertex X="24630" Y="5656" Z="0"/><Vertex X="24493" Y="5656" Z="0"/><Vertex X="24402" Y="5656" Z="0"/><Vertex X="24310" Y="5656" Z="0"/><Vertex X="24310" Y="5610" Z="0"/><Vertex X="24174" Y="5610" Z="0"/><Vertex X="24082" Y="5610" Z="0"/><Vertex X="23946" Y="5610" Z="0"/><Vertex X="23809" Y="5610" Z="0"/><Vertex X="23763" Y="5610" Z="0"/><Vertex X="23672" Y="5610" Z="0"/><Vertex X="23581" Y="5519" Z="0"/><Vertex X="23535" Y="5519" Z="0"/><Vertex X="23398" Y="5519" Z="0"/><Vertex X="23307" Y="5519" Z="0"/><Vertex X="23216" Y="5519" Z="0"/><Vertex X="23170" Y="5428" Z="0"/><Vertex X="23079" Y="5428" Z="0"/><Vertex X="22988" Y="5428" Z="0"/><Vertex X="22851" Y="5428" Z="0"/><Vertex X="22805" Y="5428" Z="0"/><Vertex X="22714" Y="5336" Z="0"/><Vertex X="22577" Y="5336" Z="0"/><Vertex X="22532" Y="5336" Z="0"/><Vertex X="22395" Y="5336" Z="0"/><Vertex X="22258" Y="5336" Z="0"/><Vertex X="22167" Y="5291" Z="0"/><Vertex X="22076" Y="5291" Z="0"/><Vertex X="22030" Y="5291" Z="0"/><Vertex X="21939" Y="5291" Z="0"/><Vertex X="21893" Y="5291" Z="0"/><Vertex X="21802" Y="5291" Z="0"/><Vertex X="21711" Y="5200" Z="0"/><Vertex X="21665" Y="5200" Z="0"/><Vertex X="21574" Y="5200" Z="0"/><Vertex X="21437" Y="5200" Z="0"/><Vertex X="21346" Y="5200" Z="0"/><Vertex X="21300" Y="5200" Z="0"/><Vertex X="21209" Y="5200" Z="0"/><Vertex X="21118" Y="5200" Z="0"/><Vertex X="21072" Y="5200" Z="0"/><Vertex X="20935" Y="5200" Z="0"/><Vertex X="20844" Y="5200" Z="0"/><Vertex X="20798" Y="5200" Z="0"/><Vertex X="20707" Y="5108" Z="0"/><Vertex X="20570" Y="5108" Z="0"/><Vertex X="20479" Y="5108" Z="0"/><Vertex X="20342" Y="5108" Z="0"/><Vertex X="20206" Y="5108" Z="0"/><Vertex X="20114" Y="5108" Z="0"/><Vertex X="20023" Y="5108" Z="0"/><Vertex X="19886" Y="5108" Z="0"/><Vertex X="19841" Y="5108" Z="0"/><Vertex X="19841" Y="5017" Z="0"/><Vertex X="19704" Y="5017" Z="0"/><Vertex X="19658" Y="5017" Z="0"/><Vertex X="19521" Y="5017" Z="0"/><Vertex X="19430" Y="5017" Z="0"/><Vertex X="19385" Y="4972" Z="0"/><Vertex X="19293" Y="4972" Z="0"/><Vertex X="19202" Y="4972" Z="0"/><Vertex X="19156" Y="4972" Z="0"/><Vertex X="19065" Y="4972" Z="0"/><Vertex X="18974" Y="4880" Z="0"/><Vertex X="18928" Y="4880" Z="0"/><Vertex X="18792" Y="4880" Z="0"/><Vertex X="18609" Y="4789" Z="0"/><Vertex X="18472" Y="4789" Z="0"/><Vertex X="18381" Y="4698" Z="0"/><Vertex X="18335" Y="4698" Z="0"/><Vertex X="18244" Y="4698" Z="0"/><Vertex X="18153" Y="4698" Z="0"/><Vertex X="18107" Y="4698" Z="0"/><Vertex X="18016" Y="4652" Z="0"/><Vertex X="17925" Y="4652" Z="0"/><Vertex X="17879" Y="4652" Z="0"/><Vertex X="17743" Y="4652" Z="0"/><Vertex X="17651" Y="4561" Z="0"/><Vertex X="17560" Y="4561" Z="0"/><Vertex X="17515" Y="4561" Z="0"/><Vertex X="17423" Y="4561" Z="0"/><Vertex X="17332" Y="4561" Z="0"/><Vertex X="17286" Y="4561" Z="0"/><Vertex X="17195" Y="4561" Z="0"/><Vertex X="17150" Y="4561" Z="0"/><Vertex X="17058" Y="4561" Z="0"/><Vertex X="16967" Y="4561" Z="0"/><Vertex X="16830" Y="4561" Z="0"/><Vertex X="16785" Y="4561" Z="0"/><Vertex X="16694" Y="4561" Z="0"/><Vertex X="16602" Y="4561" Z="0"/><Vertex X="16465" Y="4561" Z="0"/><Vertex X="16420" Y="4561" Z="0"/><Vertex X="16329" Y="4607" Z="0"/><Vertex X="16237" Y="4607" Z="0"/><Vertex X="16192" Y="4652" Z="0"/><Vertex X="16101" Y="4652" Z="0"/><Vertex X="15964" Y="4743" Z="0"/><Vertex X="15873" Y="4835" Z="0"/><Vertex X="15781" Y="4835" Z="0"/><Vertex X="15644" Y="4926" Z="0"/><Vertex X="15599" Y="4926" Z="0"/><Vertex X="15462" Y="5017" Z="0"/><Vertex X="15325" Y="5017" Z="0"/><Vertex X="15188" Y="5063" Z="0"/><Vertex X="15097" Y="5063" Z="0"/><Vertex X="14960" Y="5063" Z="0"/><Vertex X="14823" Y="5154" Z="0"/><Vertex X="14687" Y="5154" Z="0"/><Vertex X="14550" Y="5154" Z="0"/><Vertex X="14413" Y="5154" Z="0"/><Vertex X="14322" Y="5245" Z="0"/><Vertex X="14231" Y="5245" Z="0"/><Vertex X="14139" Y="5245" Z="0"/><Vertex X="14094" Y="5245" Z="0"/><Vertex X="14003" Y="5245" Z="0"/><Vertex X="13866" Y="5245" Z="0"/><Vertex X="13820" Y="5245" Z="0"/><Vertex X="13683" Y="5245" Z="0"/><Vertex X="13501" Y="5245" Z="0"/><Vertex X="13455" Y="5336" Z="0"/><Vertex X="13364" Y="5336" Z="0"/><Vertex X="13273" Y="5336" Z="0"/><Vertex X="13136" Y="5336" Z="0"/><Vertex X="13136" Y="5382" Z="0"/><Vertex X="12999" Y="5382" Z="0"/><Vertex X="12862" Y="5382" Z="0"/><Vertex X="12817" Y="5382" Z="0"/><Vertex X="12725" Y="5382" Z="0"/><Vertex X="12589" Y="5382" Z="0"/><Vertex X="12543" Y="5382" Z="0"/><Vertex X="12452" Y="5382" Z="0"/><Vertex X="12406" Y="5382" Z="0"/><Vertex X="12315" Y="5382" Z="0"/><Vertex X="12224" Y="5382" Z="0"/><Vertex X="12132" Y="5382" Z="0"/><Vertex X="12041" Y="5382" Z="0"/><Vertex X="11996" Y="5382" Z="0"/><Vertex X="11904" Y="5382" Z="0"/><Vertex X="11813" Y="5382" Z="0"/><Vertex X="11403" Y="5154" Z="0"/></Vertices></Region><Region Id="2" Type="0" Zoom="0.021925" Selected="0" ImageLocation="" ImageFocus="-1" Length="16387.2" Area="13191415.5" LengthMicrons="8085.4" AreaMicrons="3211365.2" Text="" NegativeROA="0" InputRegionId="0" Analyze="1" DisplayId="2"><Attributes></Attributes><Vertices><Vertex X="5428" Y="11676" Z="0"/><Vertex X="5337" Y="11676" Z="0"/><Vertex X="5245" Y="11676" Z="0"/><Vertex X="5200" Y="11676" Z="0"/><Vertex X="5063" Y="11676" Z="0"/><Vertex X="5017" Y="11676" Z="0"/><Vertex X="4835" Y="11676" Z="0"/><Vertex X="4744" Y="11676" Z="0"/><Vertex X="4698" Y="11676" Z="0"/><Vertex X="4607" Y="11676" Z="0"/><Vertex X="4516" Y="11676" Z="0"/><Vertex X="4470" Y="11676" Z="0"/><Vertex X="4379" Y="11676" Z="0"/><Vertex X="4333" Y="11676" Z="0"/><Vertex X="4242" Y="11676" Z="0"/><Vertex X="4151" Y="11676" Z="0"/><Vertex X="4059" Y="11676" Z="0"/><Vertex X="3923" Y="11676" Z="0"/><Vertex X="3786" Y="11722" Z="0"/><Vertex X="3740" Y="11722" Z="0"/><Vertex X="3740" Y="11813" Z="0"/><Vertex X="3649" Y="11813" Z="0"/><Vertex X="3649" Y="11904" Z="0"/><Vertex X="3558" Y="11904" Z="0"/><Vertex X="3558" Y="11995" Z="0"/><Vertex X="3512" Y="11995" Z="0"/><Vertex X="3512" Y="12087" Z="0"/><Vertex X="3421" Y="12178" Z="0"/><Vertex X="3421" Y="12224" Z="0"/><Vertex X="3421" Y="12360" Z="0"/><Vertex X="3421" Y="12497" Z="0"/><Vertex X="3421" Y="12634" Z="0"/><Vertex X="3467" Y="12771" Z="0"/><Vertex X="3467" Y="12862" Z="0"/><Vertex X="3558" Y="12908" Z="0"/><Vertex X="3649" Y="13090" Z="0"/><Vertex X="3786" Y="13227" Z="0"/><Vertex X="3877" Y="13364" Z="0"/><Vertex X="4014" Y="13501" Z="0"/><Vertex X="4105" Y="13501" Z="0"/><Vertex X="4105" Y="13637" Z="0"/><Vertex X="4242" Y="13637" Z="0"/><Vertex X="4242" Y="13729" Z="0"/><Vertex X="4333" Y="13729" Z="0"/><Vertex X="4333" Y="13866" Z="0"/><Vertex X="4470" Y="13866" Z="0"/><Vertex X="4561" Y="13957" Z="0"/><Vertex X="4607" Y="13957" Z="0"/><Vertex X="4698" Y="14048" Z="0"/><Vertex X="4789" Y="14048" Z="0"/><Vertex X="4880" Y="14094" Z="0"/><Vertex X="4972" Y="14185" Z="0"/><Vertex X="5109" Y="14276" Z="0"/><Vertex X="5245" Y="14367" Z="0"/><Vertex X="5382" Y="14458" Z="0"/><Vertex X="5473" Y="14550" Z="0"/><Vertex X="5519" Y="14641" Z="0"/><Vertex X="5610" Y="14687" Z="0"/><Vertex X="5701" Y="14778" Z="0"/><Vertex X="5747" Y="14778" Z="0"/><Vertex X="5747" Y="14869" Z="0"/><Vertex X="5838" Y="14869" Z="0"/><Vertex X="5929" Y="14915" Z="0"/><Vertex X="6021" Y="15006" Z="0"/><Vertex X="6066" Y="15097" Z="0"/><Vertex X="6066" Y="15188" Z="0"/><Vertex X="6158" Y="15188" Z="0"/><Vertex X="6158" Y="15234" Z="0"/><Vertex X="6249" Y="15325" Z="0"/><Vertex X="6294" Y="15325" Z="0"/><Vertex X="6294" Y="15416" Z="0"/><Vertex X="6386" Y="15416" Z="0"/><Vertex X="6477" Y="15462" Z="0"/><Vertex X="6522" Y="15462" Z="0"/><Vertex X="6614" Y="15462" Z="0"/><Vertex X="6705" Y="15553" Z="0"/><Vertex X="6750" Y="15553" Z="0"/><Vertex X="6842" Y="15553" Z="0"/><Vertex X="6933" Y="15553" Z="0"/><Vertex X="6979" Y="15553" Z="0"/><Vertex X="7070" Y="15553" Z="0"/><Vertex X="7115" Y="15553" Z="0"/><Vertex X="7207" Y="15644" Z="0"/><Vertex X="7298" Y="15644" Z="0"/><Vertex X="7343" Y="15644" Z="0"/><Vertex X="7435" Y="15644" Z="0"/><Vertex X="7526" Y="15644" Z="0"/><Vertex X="7571" Y="15644" Z="0"/><Vertex X="7663" Y="15644" Z="0"/><Vertex X="7708" Y="15644" Z="0"/><Vertex X="7800" Y="15644" Z="0"/><Vertex X="7891" Y="15644" Z="0"/><Vertex X="7936" Y="15644" Z="0"/><Vertex X="8028" Y="15644" Z="0"/><Vertex X="8073" Y="15644" Z="0"/><Vertex X="8164" Y="15644" Z="0"/><Vertex X="8256" Y="15644" Z="0"/><Vertex X="8301" Y="15644" Z="0"/><Vertex X="8392" Y="15644" Z="0"/><Vertex X="8438" Y="15644" Z="0"/><Vertex X="8529" Y="15644" Z="0"/><Vertex X="8529" Y="15599" Z="0"/><Vertex X="8621" Y="15599" Z="0"/><Vertex X="8666" Y="15553" Z="0"/><Vertex X="8757" Y="15462" Z="0"/><Vertex X="8757" Y="15371" Z="0"/><Vertex X="8849" Y="15279" Z="0"/><Vertex X="8849" Y="15188" Z="0"/><Vertex X="8849" Y="15006" Z="0"/><Vertex X="8849" Y="14915" Z="0"/><Vertex X="8849" Y="14869" Z="0"/><Vertex X="8803" Y="14778" Z="0"/><Vertex X="8803" Y="14687" Z="0"/><Vertex X="8712" Y="14550" Z="0"/><Vertex X="8712" Y="14458" Z="0"/><Vertex X="8666" Y="14413" Z="0"/><Vertex X="8666" Y="14322" Z="0"/><Vertex X="8575" Y="14230" Z="0"/><Vertex X="8575" Y="14185" Z="0"/><Vertex X="8484" Y="14094" Z="0"/><Vertex X="8484" Y="14002" Z="0"/><Vertex X="8484" Y="13957" Z="0"/><Vertex X="8392" Y="13866" Z="0"/><Vertex X="8392" Y="13774" Z="0"/><Vertex X="8392" Y="13729" Z="0"/><Vertex X="8301" Y="13637" Z="0"/><Vertex X="8256" Y="13501" Z="0"/><Vertex X="8164" Y="13409" Z="0"/><Vertex X="8073" Y="13364" Z="0"/><Vertex X="8073" Y="13273" Z="0"/><Vertex X="7982" Y="13273" Z="0"/><Vertex X="7982" Y="13181" Z="0"/><Vertex X="7936" Y="13136" Z="0"/><Vertex X="7800" Y="13136" Z="0"/><Vertex X="7800" Y="12999" Z="0"/><Vertex X="7663" Y="12999" Z="0"/><Vertex X="7526" Y="12908" Z="0"/><Vertex X="7435" Y="12908" Z="0"/><Vertex X="7298" Y="12816" Z="0"/><Vertex X="7161" Y="12771" Z="0"/><Vertex X="7115" Y="12771" Z="0"/><Vertex X="7115" Y="12634" Z="0"/><Vertex X="7024" Y="12634" Z="0"/><Vertex X="7024" Y="12543" Z="0"/><Vertex X="6933" Y="12543" Z="0"/><Vertex X="6933" Y="12497" Z="0"/><Vertex X="6887" Y="12406" Z="0"/><Vertex X="6887" Y="12315" Z="0"/><Vertex X="6796" Y="12315" Z="0"/><Vertex X="6705" Y="12269" Z="0"/><Vertex X="6659" Y="12269" Z="0"/><Vertex X="6659" Y="12178" Z="0"/><Vertex X="6568" Y="12178" Z="0"/><Vertex X="6477" Y="12087" Z="0"/><Vertex X="6431" Y="12087" Z="0"/><Vertex X="6340" Y="11995" Z="0"/><Vertex X="6249" Y="11995" Z="0"/><Vertex X="6203" Y="11950" Z="0"/><Vertex X="6112" Y="11950" Z="0"/><Vertex X="6021" Y="11950" Z="0"/><Vertex X="5975" Y="11859" Z="0"/><Vertex X="5884" Y="11859" Z="0"/><Vertex X="5884" Y="11767" Z="0"/><Vertex X="5838" Y="11767" Z="0"/><Vertex X="5747" Y="11767" Z="0"/><Vertex X="5656" Y="11767" Z="0"/><Vertex X="5610" Y="11767" Z="0"/><Vertex X="5519" Y="11767" Z="0"/><Vertex X="5519" Y="11722" Z="0"/><Vertex X="5428" Y="11676" Z="0"/></Vertices></Region><Region Id="3" Type="0" Zoom="0.021925" Selected="0" ImageLocation="" ImageFocus="-1" Length="27423.6" Area="33004224.0" LengthMicrons="13530.8" AreaMicrons="8034666.0" Text="" NegativeROA="0" InputRegionId="0" Analyze="1" DisplayId="3"><Attributes></Attributes><Vertices><Vertex X="15416" Y="19202" Z="0"/><Vertex X="15508" Y="19202" Z="0"/><Vertex X="15599" Y="19248" Z="0"/><Vertex X="15644" Y="19248" Z="0"/><Vertex X="15736" Y="19248" Z="0"/><Vertex X="15736" Y="19339" Z="0"/><Vertex X="15781" Y="19339" Z="0"/><Vertex X="15873" Y="19339" Z="0"/><Vertex X="15873" Y="19430" Z="0"/><Vertex X="15918" Y="19430" Z="0"/><Vertex X="16009" Y="19430" Z="0"/><Vertex X="16009" Y="19476" Z="0"/><Vertex X="16101" Y="19476" Z="0"/><Vertex X="16146" Y="19476" Z="0"/><Vertex X="16146" Y="19567" Z="0"/><Vertex X="16237" Y="19567" Z="0"/><Vertex X="16374" Y="19658" Z="0"/><Vertex X="16511" Y="19749" Z="0"/><Vertex X="16602" Y="19749" Z="0"/><Vertex X="16602" Y="19795" Z="0"/><Vertex X="16694" Y="19795" Z="0"/><Vertex X="16785" Y="19886" Z="0"/><Vertex X="16830" Y="19977" Z="0"/><Vertex X="16922" Y="19977" Z="0"/><Vertex X="16922" Y="20023" Z="0"/><Vertex X="17013" Y="20023" Z="0"/><Vertex X="17058" Y="20114" Z="0"/><Vertex X="17150" Y="20114" Z="0"/><Vertex X="17150" Y="20205" Z="0"/><Vertex X="17241" Y="20205" Z="0"/><Vertex X="17286" Y="20251" Z="0"/><Vertex X="17378" Y="20251" Z="0"/><Vertex X="17378" Y="20342" Z="0"/><Vertex X="17515" Y="20342" Z="0"/><Vertex X="17515" Y="20433" Z="0"/><Vertex X="17560" Y="20433" Z="0"/><Vertex X="17560" Y="20479" Z="0"/><Vertex X="17651" Y="20479" Z="0"/><Vertex X="17697" Y="20479" Z="0"/><Vertex X="17697" Y="20525" Z="0"/><Vertex X="17788" Y="20525" Z="0"/><Vertex X="17879" Y="20525" Z="0"/><Vertex X="17925" Y="20525" Z="0"/><Vertex X="18016" Y="20525" Z="0"/><Vertex X="18062" Y="20525" Z="0"/><Vertex X="18153" Y="20525" Z="0"/><Vertex X="18153" Y="20433" Z="0"/><Vertex X="18244" Y="20433" Z="0"/><Vertex X="18290" Y="20433" Z="0"/><Vertex X="18381" Y="20388" Z="0"/><Vertex X="18472" Y="20388" Z="0"/><Vertex X="18472" Y="20297" Z="0"/><Vertex X="18472" Y="20205" Z="0"/><Vertex X="18518" Y="20205" Z="0"/><Vertex X="18518" Y="20160" Z="0"/><Vertex X="18518" Y="20069" Z="0"/><Vertex X="18609" Y="20069" Z="0"/><Vertex X="18609" Y="20023" Z="0"/><Vertex X="18609" Y="19932" Z="0"/><Vertex X="18609" Y="19840" Z="0"/><Vertex X="18609" Y="19795" Z="0"/><Vertex X="18609" Y="19704" Z="0"/><Vertex X="18609" Y="19658" Z="0"/><Vertex X="18609" Y="19567" Z="0"/><Vertex X="18609" Y="19476" Z="0"/><Vertex X="18609" Y="19430" Z="0"/><Vertex X="18609" Y="19339" Z="0"/><Vertex X="18564" Y="19339" Z="0"/><Vertex X="18564" Y="19293" Z="0"/><Vertex X="18564" Y="19202" Z="0"/><Vertex X="18472" Y="19111" Z="0"/><Vertex X="18472" Y="19065" Z="0"/><Vertex X="18472" Y="18974" Z="0"/><Vertex X="18472" Y="18883" Z="0"/><Vertex X="18381" Y="18883" Z="0"/><Vertex X="18381" Y="18837" Z="0"/><Vertex X="18381" Y="18700" Z="0"/><Vertex X="18381" Y="18563" Z="0"/><Vertex X="18381" Y="18472" Z="0"/><Vertex X="18381" Y="18335" Z="0"/><Vertex X="18290" Y="18198" Z="0"/><Vertex X="18290" Y="18107" Z="0"/><Vertex X="18290" Y="17970" Z="0"/><Vertex X="18244" Y="17834" Z="0"/><Vertex X="18244" Y="17788" Z="0"/><Vertex X="18244" Y="17697" Z="0"/><Vertex X="18244" Y="17560" Z="0"/><Vertex X="18244" Y="17514" Z="0"/><Vertex X="18244" Y="17423" Z="0"/><Vertex X="18153" Y="17332" Z="0"/><Vertex X="18153" Y="17286" Z="0"/><Vertex X="18062" Y="17195" Z="0"/><Vertex X="18062" Y="17104" Z="0"/><Vertex X="17971" Y="17104" Z="0"/><Vertex X="17971" Y="17058" Z="0"/><Vertex X="17925" Y="17058" Z="0"/><Vertex X="17925" Y="16967" Z="0"/><Vertex X="17834" Y="16967" Z="0"/><Vertex X="17834" Y="16876" Z="0"/><Vertex X="17743" Y="16830" Z="0"/><Vertex X="17743" Y="16739" Z="0"/><Vertex X="17743" Y="16693" Z="0"/><Vertex X="17743" Y="16602" Z="0"/><Vertex X="17697" Y="16602" Z="0"/><Vertex X="17697" Y="16511" Z="0"/><Vertex X="17697" Y="16465" Z="0"/><Vertex X="17697" Y="16328" Z="0"/><Vertex X="17697" Y="16237" Z="0"/><Vertex X="17697" Y="16192" Z="0"/><Vertex X="17697" Y="16100" Z="0"/><Vertex X="17697" Y="16055" Z="0"/><Vertex X="17697" Y="15964" Z="0"/><Vertex X="17697" Y="15872" Z="0"/><Vertex X="17697" Y="15827" Z="0"/><Vertex X="17606" Y="15827" Z="0"/><Vertex X="17606" Y="15736" Z="0"/><Vertex X="17606" Y="15690" Z="0"/><Vertex X="17606" Y="15599" Z="0"/><Vertex X="17606" Y="15507" Z="0"/><Vertex X="17560" Y="15462" Z="0"/><Vertex X="17560" Y="15371" Z="0"/><Vertex X="17560" Y="15234" Z="0"/><Vertex X="17469" Y="15234" Z="0"/><Vertex X="17469" Y="15143" Z="0"/><Vertex X="17469" Y="15006" Z="0"/><Vertex X="17469" Y="14915" Z="0"/><Vertex X="17378" Y="14915" Z="0"/><Vertex X="17378" Y="14869" Z="0"/><Vertex X="17332" Y="14778" Z="0"/><Vertex X="17332" Y="14687" Z="0"/><Vertex X="17241" Y="14687" Z="0"/><Vertex X="17241" Y="14641" Z="0"/><Vertex X="17150" Y="14641" Z="0"/><Vertex X="17150" Y="14550" Z="0"/><Vertex X="17104" Y="14550" Z="0"/><Vertex X="17104" Y="14504" Z="0"/><Vertex X="17013" Y="14504" Z="0"/><Vertex X="16922" Y="14413" Z="0"/><Vertex X="16876" Y="14413" Z="0"/><Vertex X="16876" Y="14322" Z="0"/><Vertex X="16785" Y="14322" Z="0"/><Vertex X="16739" Y="14322" Z="0"/><Vertex X="16648" Y="14322" Z="0"/><Vertex X="16557" Y="14276" Z="0"/><Vertex X="16511" Y="14276" Z="0"/><Vertex X="16511" Y="14185" Z="0"/><Vertex X="16420" Y="14185" Z="0"/><Vertex X="16329" Y="14094" Z="0"/><Vertex X="16283" Y="14094" Z="0"/><Vertex X="16283" Y="14048" Z="0"/><Vertex X="16192" Y="14048" Z="0"/><Vertex X="16192" Y="13957" Z="0"/><Vertex X="16101" Y="13957" Z="0"/><Vertex X="16055" Y="13957" Z="0"/><Vertex X="16055" Y="13866" Z="0"/><Vertex X="15964" Y="13866" Z="0"/><Vertex X="15918" Y="13866" Z="0"/><Vertex X="15827" Y="13820" Z="0"/><Vertex X="15736" Y="13820" Z="0"/><Vertex X="15644" Y="13729" Z="0"/><Vertex X="15599" Y="13729" Z="0"/><Vertex X="15508" Y="13637" Z="0"/><Vertex X="15371" Y="13637" Z="0"/><Vertex X="15325" Y="13546" Z="0"/><Vertex X="15234" Y="13546" Z="0"/><Vertex X="15143" Y="13546" Z="0"/><Vertex X="15143" Y="13501" Z="0"/><Vertex X="15097" Y="13501" Z="0"/><Vertex X="15006" Y="13501" Z="0"/><Vertex X="15006" Y="13409" Z="0"/><Vertex X="14960" Y="13409" Z="0"/><Vertex X="14869" Y="13409" Z="0"/><Vertex X="14778" Y="13318" Z="0"/><Vertex X="14732" Y="13318" Z="0"/><Vertex X="14641" Y="13318" Z="0"/><Vertex X="14641" Y="13273" Z="0"/><Vertex X="14550" Y="13273" Z="0"/><Vertex X="14459" Y="13273" Z="0"/><Vertex X="14322" Y="13273" Z="0"/><Vertex X="14322" Y="13181" Z="0"/><Vertex X="14185" Y="13181" Z="0"/><Vertex X="14139" Y="13181" Z="0"/><Vertex X="14048" Y="13181" Z="0"/><Vertex X="14003" Y="13181" Z="0"/><Vertex X="13957" Y="13181" Z="0"/><Vertex X="13911" Y="13273" Z="0"/><Vertex X="13820" Y="13181" Z="0"/><Vertex X="13774" Y="13181" Z="0"/><Vertex X="13683" Y="13181" Z="0"/><Vertex X="13592" Y="13181" Z="0"/><Vertex X="13546" Y="13181" Z="0"/><Vertex X="13455" Y="13181" Z="0"/><Vertex X="13410" Y="13181" Z="0"/><Vertex X="13318" Y="13181" Z="0"/><Vertex X="13227" Y="13181" Z="0"/><Vertex X="13182" Y="13181" Z="0"/><Vertex X="13090" Y="13181" Z="0"/><Vertex X="13045" Y="13181" Z="0"/><Vertex X="12953" Y="13227" Z="0"/><Vertex X="12862" Y="13227" Z="0"/><Vertex X="12771" Y="13318" Z="0"/><Vertex X="12725" Y="13318" Z="0"/><Vertex X="12634" Y="13409" Z="0"/><Vertex X="12497" Y="13546" Z="0"/><Vertex X="12361" Y="13592" Z="0"/><Vertex X="12269" Y="13729" Z="0"/><Vertex X="12132" Y="13866" Z="0"/><Vertex X="12041" Y="14002" Z="0"/><Vertex X="11950" Y="14139" Z="0"/><Vertex X="11859" Y="14276" Z="0"/><Vertex X="11768" Y="14322" Z="0"/><Vertex X="11676" Y="14458" Z="0"/><Vertex X="11676" Y="14550" Z="0"/><Vertex X="11631" Y="14550" Z="0"/><Vertex X="11631" Y="14687" Z="0"/><Vertex X="11540" Y="14732" Z="0"/><Vertex X="11540" Y="14823" Z="0"/><Vertex X="11448" Y="14823" Z="0"/><Vertex X="11448" Y="14960" Z="0"/><Vertex X="11403" Y="14960" Z="0"/><Vertex X="11403" Y="15051" Z="0"/><Vertex X="11312" Y="15051" Z="0"/><Vertex X="11312" Y="15188" Z="0"/><Vertex X="11266" Y="15188" Z="0"/><Vertex X="11266" Y="15279" Z="0"/><Vertex X="11175" Y="15325" Z="0"/><Vertex X="11083" Y="15416" Z="0"/><Vertex X="11083" Y="15507" Z="0"/><Vertex X="10992" Y="15507" Z="0"/><Vertex X="10992" Y="15553" Z="0"/><Vertex X="10947" Y="15644" Z="0"/><Vertex X="10947" Y="15736" Z="0"/><Vertex X="10855" Y="15736" Z="0"/><Vertex X="10855" Y="15781" Z="0"/><Vertex X="10855" Y="15918" Z="0"/><Vertex X="10764" Y="15918" Z="0"/><Vertex X="10764" Y="16009" Z="0"/><Vertex X="10764" Y="16055" Z="0"/><Vertex X="10764" Y="16146" Z="0"/><Vertex X="10764" Y="16192" Z="0"/><Vertex X="10764" Y="16283" Z="0"/><Vertex X="10764" Y="16374" Z="0"/><Vertex X="10810" Y="16374" Z="0"/><Vertex X="10810" Y="16420" Z="0"/><Vertex X="10901" Y="16420" Z="0"/><Vertex X="10947" Y="16511" Z="0"/><Vertex X="11038" Y="16511" Z="0"/><Vertex X="11038" Y="16602" Z="0"/><Vertex X="11129" Y="16602" Z="0"/><Vertex X="11220" Y="16648" Z="0"/><Vertex X="11357" Y="16648" Z="0"/><Vertex X="11357" Y="16739" Z="0"/><Vertex X="11448" Y="16739" Z="0"/><Vertex X="11494" Y="16739" Z="0"/><Vertex X="11494" Y="16830" Z="0"/><Vertex X="11631" Y="16830" Z="0"/><Vertex X="11722" Y="16876" Z="0"/><Vertex X="11813" Y="16876" Z="0"/><Vertex X="11813" Y="16967" Z="0"/><Vertex X="11950" Y="16967" Z="0"/><Vertex X="12087" Y="16967" Z="0"/><Vertex X="12087" Y="17058" Z="0"/><Vertex X="12178" Y="17058" Z="0"/><Vertex X="12315" Y="17104" Z="0"/><Vertex X="12452" Y="17104" Z="0"/><Vertex X="12452" Y="17195" Z="0"/><Vertex X="12589" Y="17195" Z="0"/><Vertex X="12680" Y="17286" Z="0"/><Vertex X="12771" Y="17286" Z="0"/><Vertex X="12771" Y="17332" Z="0"/><Vertex X="12862" Y="17332" Z="0"/><Vertex X="12908" Y="17423" Z="0"/><Vertex X="12999" Y="17423" Z="0"/><Vertex X="13090" Y="17514" Z="0"/><Vertex X="13136" Y="17514" Z="0"/><Vertex X="13136" Y="17606" Z="0"/><Vertex X="13227" Y="17606" Z="0"/><Vertex X="14960" Y="18974" Z="0"/><Vertex X="15052" Y="18928" Z="0"/><Vertex X="15052" Y="19019" Z="0"/><Vertex X="15052" Y="19111" Z="0"/><Vertex X="15143" Y="19111" Z="0"/><Vertex X="15143" Y="19202" Z="0"/><Vertex X="15188" Y="19202" Z="0"/><Vertex X="15280" Y="19202" Z="0"/><Vertex X="15371" Y="19202" Z="0"/><Vertex X="15416" Y="19202" Z="0"/></Vertices></Region><Region Id="4" Type="0" Zoom="0.021925" Selected="0" ImageLocation="" ImageFocus="-1" Length="22646.8" Area="20553486.0" LengthMicrons="11173.9" AreaMicrons="5003614.0" Text="" NegativeROA="0" InputRegionId="0" Analyze="1" DisplayId="4"><Attributes></Attributes><Vertices><Vertex X="33661" Y="12543" Z="0"/><Vertex X="33524" Y="12588" Z="0"/><Vertex X="33387" Y="12634" Z="0"/><Vertex X="33296" Y="12634" Z="0"/><Vertex X="33296" Y="12771" Z="0"/><Vertex X="33204" Y="12771" Z="0"/><Vertex X="33204" Y="12862" Z="0"/><Vertex X="32976" Y="12908" Z="0"/><Vertex X="32931" Y="12999" Z="0"/><Vertex X="32840" Y="12999" Z="0"/><Vertex X="32748" Y="13136" Z="0"/><Vertex X="32657" Y="13136" Z="0"/><Vertex X="32612" Y="13273" Z="0"/><Vertex X="32520" Y="13273" Z="0"/><Vertex X="32520" Y="13318" Z="0"/><Vertex X="32383" Y="13318" Z="0"/><Vertex X="32383" Y="13409" Z="0"/><Vertex X="32292" Y="13501" Z="0"/><Vertex X="32201" Y="13546" Z="0"/><Vertex X="32110" Y="13546" Z="0"/><Vertex X="32110" Y="13637" Z="0"/><Vertex X="32064" Y="13637" Z="0"/><Vertex X="32064" Y="13683" Z="0"/><Vertex X="31927" Y="13683" Z="0"/><Vertex X="31882" Y="13774" Z="0"/><Vertex X="31882" Y="13866" Z="0"/><Vertex X="31745" Y="13866" Z="0"/><Vertex X="31745" Y="13911" Z="0"/><Vertex X="31608" Y="13911" Z="0"/><Vertex X="31562" Y="14002" Z="0"/><Vertex X="31426" Y="14094" Z="0"/><Vertex X="31289" Y="14185" Z="0"/><Vertex X="31198" Y="14185" Z="0"/><Vertex X="31198" Y="14230" Z="0"/><Vertex X="31152" Y="14230" Z="0"/><Vertex X="31061" Y="14230" Z="0"/><Vertex X="31061" Y="14322" Z="0"/><Vertex X="30970" Y="14322" Z="0"/><Vertex X="30924" Y="14413" Z="0"/><Vertex X="30833" Y="14413" Z="0"/><Vertex X="30833" Y="14458" Z="0"/><Vertex X="30787" Y="14458" Z="0"/><Vertex X="30696" Y="14595" Z="0"/><Vertex X="30559" Y="14687" Z="0"/><Vertex X="30422" Y="14778" Z="0"/><Vertex X="30285" Y="14869" Z="0"/><Vertex X="30194" Y="14960" Z="0"/><Vertex X="30149" Y="15006" Z="0"/><Vertex X="30057" Y="15143" Z="0"/><Vertex X="30057" Y="15279" Z="0"/><Vertex X="29966" Y="15279" Z="0"/><Vertex X="29966" Y="15371" Z="0"/><Vertex X="29966" Y="15462" Z="0"/><Vertex X="29875" Y="15553" Z="0"/><Vertex X="29875" Y="15644" Z="0"/><Vertex X="29829" Y="15736" Z="0"/><Vertex X="29829" Y="15872" Z="0"/><Vertex X="29829" Y="15964" Z="0"/><Vertex X="29829" Y="16055" Z="0"/><Vertex X="29829" Y="16100" Z="0"/><Vertex X="29829" Y="16237" Z="0"/><Vertex X="29829" Y="16328" Z="0"/><Vertex X="29738" Y="16420" Z="0"/><Vertex X="29738" Y="16557" Z="0"/><Vertex X="29738" Y="16693" Z="0"/><Vertex X="29738" Y="16785" Z="0"/><Vertex X="29784" Y="16876" Z="0"/><Vertex X="29784" Y="16967" Z="0"/><Vertex X="29875" Y="17013" Z="0"/><Vertex X="29875" Y="17104" Z="0"/><Vertex X="29920" Y="17104" Z="0"/><Vertex X="29920" Y="17241" Z="0"/><Vertex X="30012" Y="17241" Z="0"/><Vertex X="30012" Y="17286" Z="0"/><Vertex X="30057" Y="17286" Z="0"/><Vertex X="30149" Y="17286" Z="0"/><Vertex X="30149" Y="17378" Z="0"/><Vertex X="30240" Y="17378" Z="0"/><Vertex X="30285" Y="17378" Z="0"/><Vertex X="30377" Y="17378" Z="0"/><Vertex X="30422" Y="17378" Z="0"/><Vertex X="30513" Y="17378" Z="0"/><Vertex X="30605" Y="17378" Z="0"/><Vertex X="30650" Y="17332" Z="0"/><Vertex X="30741" Y="17332" Z="0"/><Vertex X="30741" Y="17241" Z="0"/><Vertex X="30833" Y="17241" Z="0"/><Vertex X="30833" Y="17195" Z="0"/><Vertex X="30878" Y="17195" Z="0"/><Vertex X="30970" Y="17104" Z="0"/><Vertex X="30970" Y="17058" Z="0"/><Vertex X="31015" Y="17058" Z="0"/><Vertex X="31015" Y="16967" Z="0"/><Vertex X="31106" Y="16967" Z="0"/><Vertex X="31198" Y="16876" Z="0"/><Vertex X="31198" Y="16830" Z="0"/><Vertex X="31243" Y="16830" Z="0"/><Vertex X="31243" Y="16739" Z="0"/><Vertex X="31380" Y="16739" Z="0"/><Vertex X="31471" Y="16648" Z="0"/><Vertex X="31517" Y="16648" Z="0"/><Vertex X="31517" Y="16602" Z="0"/><Vertex X="31608" Y="16602" Z="0"/><Vertex X="31699" Y="16511" Z="0"/><Vertex X="31745" Y="16511" Z="0"/><Vertex X="31836" Y="16420" Z="0"/><Vertex X="31927" Y="16420" Z="0"/><Vertex X="32019" Y="16420" Z="0"/><Vertex X="32019" Y="16374" Z="0"/><Vertex X="32110" Y="16374" Z="0"/><Vertex X="32155" Y="16374" Z="0"/><Vertex X="32247" Y="16374" Z="0"/><Vertex X="32338" Y="16374" Z="0"/><Vertex X="32429" Y="16374" Z="0"/><Vertex X="32520" Y="16374" Z="0"/><Vertex X="32612" Y="16374" Z="0"/><Vertex X="32703" Y="16374" Z="0"/><Vertex X="32794" Y="16374" Z="0"/><Vertex X="32885" Y="16374" Z="0"/><Vertex X="33022" Y="16374" Z="0"/><Vertex X="33159" Y="16374" Z="0"/><Vertex X="33250" Y="16374" Z="0"/><Vertex X="33387" Y="16374" Z="0"/><Vertex X="33478" Y="16283" Z="0"/><Vertex X="33615" Y="16283" Z="0"/><Vertex X="33615" Y="16192" Z="0"/><Vertex X="33661" Y="16192" Z="0"/><Vertex X="33752" Y="16146" Z="0"/><Vertex X="33889" Y="16055" Z="0"/><Vertex X="34025" Y="15964" Z="0"/><Vertex X="34117" Y="15872" Z="0"/><Vertex X="34253" Y="15781" Z="0"/><Vertex X="34345" Y="15690" Z="0"/><Vertex X="36352" Y="14276" Z="0"/><Vertex X="36397" Y="14276" Z="0"/><Vertex X="36443" Y="14276" Z="0"/><Vertex X="36534" Y="14276" Z="0"/><Vertex X="36625" Y="14276" Z="0"/><Vertex X="36716" Y="14276" Z="0"/><Vertex X="36808" Y="14276" Z="0"/><Vertex X="36808" Y="14230" Z="0"/><Vertex X="36944" Y="14230" Z="0"/><Vertex X="37036" Y="14230" Z="0"/><Vertex X="37036" Y="14139" Z="0"/><Vertex X="37127" Y="14139" Z="0"/><Vertex X="37173" Y="14139" Z="0"/><Vertex X="37173" Y="14048" Z="0"/><Vertex X="37173" Y="14002" Z="0"/><Vertex X="37264" Y="14002" Z="0"/><Vertex X="37264" Y="13911" Z="0"/><Vertex X="37355" Y="13911" Z="0"/><Vertex X="37355" Y="13866" Z="0"/><Vertex X="37355" Y="13774" Z="0"/><Vertex X="37355" Y="13683" Z="0"/><Vertex X="37355" Y="13637" Z="0"/><Vertex X="37355" Y="13546" Z="0"/><Vertex X="37355" Y="13455" Z="0"/><Vertex X="37355" Y="13364" Z="0"/><Vertex X="37309" Y="13364" Z="0"/><Vertex X="37309" Y="13273" Z="0"/><Vertex X="37173" Y="13227" Z="0"/><Vertex X="37081" Y="13136" Z="0"/><Vertex X="36990" Y="13045" Z="0"/><Vertex X="36853" Y="12953" Z="0"/><Vertex X="36716" Y="12862" Z="0"/><Vertex X="36580" Y="12862" Z="0"/><Vertex X="36580" Y="12816" Z="0"/><Vertex X="36534" Y="12816" Z="0"/><Vertex X="36443" Y="12725" Z="0"/><Vertex X="36352" Y="12634" Z="0"/><Vertex X="36260" Y="12543" Z="0"/><Vertex X="36215" Y="12452" Z="0"/><Vertex X="36123" Y="12360" Z="0"/><Vertex X="36032" Y="12224" Z="0"/><Vertex X="36032" Y="12132" Z="0"/><Vertex X="35941" Y="12132" Z="0"/><Vertex X="35941" Y="12087" Z="0"/><Vertex X="35895" Y="12087" Z="0"/><Vertex X="35895" Y="11995" Z="0"/><Vertex X="35804" Y="11995" Z="0"/><Vertex X="35713" Y="11904" Z="0"/><Vertex X="35667" Y="11904" Z="0"/><Vertex X="35576" Y="11904" Z="0"/><Vertex X="35485" Y="11904" Z="0"/><Vertex X="35439" Y="11904" Z="0"/><Vertex X="35348" Y="11904" Z="0"/><Vertex X="35303" Y="11904" Z="0"/><Vertex X="35211" Y="11904" Z="0"/><Vertex X="35120" Y="11904" Z="0"/><Vertex X="35120" Y="11950" Z="0"/><Vertex X="35074" Y="11950" Z="0"/><Vertex X="34983" Y="11950" Z="0"/><Vertex X="34938" Y="11950" Z="0"/><Vertex X="34846" Y="11950" Z="0"/><Vertex X="34755" Y="12041" Z="0"/><Vertex X="34710" Y="12041" Z="0"/><Vertex X="34618" Y="12041" Z="0"/><Vertex X="34573" Y="12041" Z="0"/><Vertex X="34482" Y="12087" Z="0"/><Vertex X="34390" Y="12087" Z="0"/><Vertex X="34345" Y="12087" Z="0"/><Vertex X="34253" Y="12178" Z="0"/><Vertex X="34162" Y="12269" Z="0"/><Vertex X="34117" Y="12269" Z="0"/><Vertex X="34025" Y="12360" Z="0"/><Vertex X="33934" Y="12360" Z="0"/><Vertex X="33934" Y="12406" Z="0"/><Vertex X="33889" Y="12406" Z="0"/><Vertex X="33889" Y="12497" Z="0"/><Vertex X="33797" Y="12497" Z="0"/><Vertex X="33797" Y="12543" Z="0"/><Vertex X="33706" Y="12543" Z="0"/><Vertex X="33706" Y="12634" Z="0"/><Vertex X="33661" Y="12634" Z="0"/><Vertex X="33661" Y="12543" Z="0"/></Vertices></Region><Region Id="5" Type="0" Zoom="0.021925" Selected="0" ImageLocation="" ImageFocus="-1" Length="22297.8" Area="15152058.0" LengthMicrons="11001.7" AreaMicrons="3688671.1" Text="" NegativeROA="0" InputRegionId="0" Analyze="1" DisplayId="5"><Attributes></Attributes><Vertices><Vertex X="39225" Y="18062" Z="0"/><Vertex X="39134" Y="18062" Z="0"/><Vertex X="39088" Y="18062" Z="0"/><Vertex X="38997" Y="18062" Z="0"/><Vertex X="38951" Y="18062" Z="0"/><Vertex X="38860" Y="18062" Z="0"/><Vertex X="38860" Y="18107" Z="0"/><Vertex X="38723" Y="18107" Z="0"/><Vertex X="38723" Y="18198" Z="0"/><Vertex X="38632" Y="18290" Z="0"/><Vertex X="38632" Y="18427" Z="0"/><Vertex X="38586" Y="18518" Z="0"/><Vertex X="38586" Y="18609" Z="0"/><Vertex X="38586" Y="18655" Z="0"/><Vertex X="38586" Y="18837" Z="0"/><Vertex X="38586" Y="18883" Z="0"/><Vertex X="38586" Y="18974" Z="0"/><Vertex X="38586" Y="19065" Z="0"/><Vertex X="38586" Y="19111" Z="0"/><Vertex X="38586" Y="19202" Z="0"/><Vertex X="38586" Y="19248" Z="0"/><Vertex X="38586" Y="19339" Z="0"/><Vertex X="38495" Y="19430" Z="0"/><Vertex X="38495" Y="19476" Z="0"/><Vertex X="38495" Y="19567" Z="0"/><Vertex X="38495" Y="19658" Z="0"/><Vertex X="38495" Y="19704" Z="0"/><Vertex X="38495" Y="19795" Z="0"/><Vertex X="38495" Y="19932" Z="0"/><Vertex X="38495" Y="20023" Z="0"/><Vertex X="38495" Y="20114" Z="0"/><Vertex X="38495" Y="20205" Z="0"/><Vertex X="38495" Y="20342" Z="0"/><Vertex X="38495" Y="20433" Z="0"/><Vertex X="38495" Y="20479" Z="0"/><Vertex X="38495" Y="20570" Z="0"/><Vertex X="38495" Y="20661" Z="0"/><Vertex X="38495" Y="20707" Z="0"/><Vertex X="38495" Y="20798" Z="0"/><Vertex X="38495" Y="20844" Z="0"/><Vertex X="38495" Y="20935" Z="0"/><Vertex X="38495" Y="21026" Z="0"/><Vertex X="38495" Y="21118" Z="0"/><Vertex X="38541" Y="21209" Z="0"/><Vertex X="38541" Y="21300" Z="0"/><Vertex X="38586" Y="21300" Z="0"/><Vertex X="38586" Y="21391" Z="0"/><Vertex X="38586" Y="21482" Z="0"/><Vertex X="38677" Y="21482" Z="0"/><Vertex X="38677" Y="21528" Z="0"/><Vertex X="38769" Y="21619" Z="0"/><Vertex X="38769" Y="21710" Z="0"/><Vertex X="38814" Y="21710" Z="0"/><Vertex X="38814" Y="21756" Z="0"/><Vertex X="38905" Y="21756" Z="0"/><Vertex X="38905" Y="21847" Z="0"/><Vertex X="38997" Y="21939" Z="0"/><Vertex X="39042" Y="22030" Z="0"/><Vertex X="39042" Y="22075" Z="0"/><Vertex X="39134" Y="22075" Z="0"/><Vertex X="39134" Y="22167" Z="0"/><Vertex X="39225" Y="22167" Z="0"/><Vertex X="39225" Y="22212" Z="0"/><Vertex X="39270" Y="22303" Z="0"/><Vertex X="39270" Y="22395" Z="0"/><Vertex X="39362" Y="22395" Z="0"/><Vertex X="39362" Y="22440" Z="0"/><Vertex X="39453" Y="22531" Z="0"/><Vertex X="39453" Y="22668" Z="0"/><Vertex X="39498" Y="22668" Z="0"/><Vertex X="39498" Y="22760" Z="0"/><Vertex X="39590" Y="22851" Z="0"/><Vertex X="39590" Y="22942" Z="0"/><Vertex X="39681" Y="22942" Z="0"/><Vertex X="39681" Y="22988" Z="0"/><Vertex X="39681" Y="23079" Z="0"/><Vertex X="39726" Y="23079" Z="0"/><Vertex X="39726" Y="23216" Z="0"/><Vertex X="39818" Y="23307" Z="0"/><Vertex X="39818" Y="23352" Z="0"/><Vertex X="39909" Y="23352" Z="0"/><Vertex X="39909" Y="23444" Z="0"/><Vertex X="39909" Y="23489" Z="0"/><Vertex X="39955" Y="23489" Z="0"/><Vertex X="39955" Y="23581" Z="0"/><Vertex X="39955" Y="23672" Z="0"/><Vertex X="40046" Y="23717" Z="0"/><Vertex X="40046" Y="23809" Z="0"/><Vertex X="40046" Y="23854" Z="0"/><Vertex X="40046" Y="23991" Z="0"/><Vertex X="40046" Y="24082" Z="0"/><Vertex X="40046" Y="24128" Z="0"/><Vertex X="40137" Y="24128" Z="0"/><Vertex X="40137" Y="24265" Z="0"/><Vertex X="40137" Y="24401" Z="0"/><Vertex X="40137" Y="24447" Z="0"/><Vertex X="40137" Y="24584" Z="0"/><Vertex X="40183" Y="24584" Z="0"/><Vertex X="40183" Y="24721" Z="0"/><Vertex X="40183" Y="24766" Z="0"/><Vertex X="40183" Y="24903" Z="0"/><Vertex X="40274" Y="24903" Z="0"/><Vertex X="40274" Y="25040" Z="0"/><Vertex X="40274" Y="25086" Z="0"/><Vertex X="40274" Y="25222" Z="0"/><Vertex X="40365" Y="25222" Z="0"/><Vertex X="40365" Y="25359" Z="0"/><Vertex X="40365" Y="25405" Z="0"/><Vertex X="40365" Y="25496" Z="0"/><Vertex X="40411" Y="25496" Z="0"/><Vertex X="40411" Y="25542" Z="0"/><Vertex X="40411" Y="25633" Z="0"/><Vertex X="40502" Y="25633" Z="0"/><Vertex X="40502" Y="25724" Z="0"/><Vertex X="40547" Y="25724" Z="0"/><Vertex X="40639" Y="25770" Z="0"/><Vertex X="40730" Y="25770" Z="0"/><Vertex X="40776" Y="25861" Z="0"/><Vertex X="40867" Y="25861" Z="0"/><Vertex X="40958" Y="25861" Z="0"/><Vertex X="41049" Y="25861" Z="0"/><Vertex X="41186" Y="25861" Z="0"/><Vertex X="41323" Y="25861" Z="0"/><Vertex X="41368" Y="25861" Z="0"/><Vertex X="41551" Y="25861" Z="0"/><Vertex X="41642" Y="25861" Z="0"/><Vertex X="41688" Y="25815" Z="0"/><Vertex X="41825" Y="25815" Z="0"/><Vertex X="41916" Y="25770" Z="0"/><Vertex X="41961" Y="25770" Z="0"/><Vertex X="41961" Y="25679" Z="0"/><Vertex X="42053" Y="25679" Z="0"/><Vertex X="42053" Y="25587" Z="0"/><Vertex X="42144" Y="25587" Z="0"/><Vertex X="42189" Y="25542" Z="0"/><Vertex X="42189" Y="25451" Z="0"/><Vertex X="42281" Y="25451" Z="0"/><Vertex X="42281" Y="25405" Z="0"/><Vertex X="42326" Y="25405" Z="0"/><Vertex X="42326" Y="25314" Z="0"/><Vertex X="42417" Y="25222" Z="0"/><Vertex X="42509" Y="25086" Z="0"/><Vertex X="42509" Y="24994" Z="0"/><Vertex X="42600" Y="24994" Z="0"/><Vertex X="42600" Y="24903" Z="0"/><Vertex X="42600" Y="24812" Z="0"/><Vertex X="42646" Y="24766" Z="0"/><Vertex X="42646" Y="24675" Z="0"/><Vertex X="42646" Y="24584" Z="0"/><Vertex X="42646" Y="24538" Z="0"/><Vertex X="42646" Y="24447" Z="0"/><Vertex X="42646" Y="24356" Z="0"/><Vertex X="42646" Y="24219" Z="0"/><Vertex X="42646" Y="24082" Z="0"/><Vertex X="42646" Y="24037" Z="0"/><Vertex X="42646" Y="23945" Z="0"/><Vertex X="42646" Y="23854" Z="0"/><Vertex X="42646" Y="23809" Z="0"/><Vertex X="42646" Y="23717" Z="0"/><Vertex X="42554" Y="23717" Z="0"/><Vertex X="42554" Y="23626" Z="0"/><Vertex X="42509" Y="23626" Z="0"/><Vertex X="42509" Y="23535" Z="0"/><Vertex X="42326" Y="23352" Z="0"/><Vertex X="42281" Y="23216" Z="0"/><Vertex X="42281" Y="23124" Z="0"/><Vertex X="42189" Y="23124" Z="0"/><Vertex X="42189" Y="23079" Z="0"/><Vertex X="42098" Y="22942" Z="0"/><Vertex X="42098" Y="22760" Z="0"/><Vertex X="42007" Y="22668" Z="0"/><Vertex X="42007" Y="22623" Z="0"/><Vertex X="42007" Y="22531" Z="0"/><Vertex X="41961" Y="22440" Z="0"/><Vertex X="41961" Y="22395" Z="0"/><Vertex X="41870" Y="22395" Z="0"/><Vertex X="41779" Y="22303" Z="0"/><Vertex X="41733" Y="22258" Z="0"/><Vertex X="41733" Y="22167" Z="0"/><Vertex X="41597" Y="22167" Z="0"/><Vertex X="41597" Y="22075" Z="0"/><Vertex X="41460" Y="22075" Z="0"/><Vertex X="41460" Y="21984" Z="0"/><Vertex X="41368" Y="21984" Z="0"/><Vertex X="41368" Y="21847" Z="0"/><Vertex X="41232" Y="21847" Z="0"/><Vertex X="41140" Y="21710" Z="0"/><Vertex X="41004" Y="21619" Z="0"/><Vertex X="40912" Y="21574" Z="0"/><Vertex X="40821" Y="21482" Z="0"/><Vertex X="40730" Y="21391" Z="0"/><Vertex X="40639" Y="21300" Z="0"/><Vertex X="40593" Y="21300" Z="0"/><Vertex X="40593" Y="21254" Z="0"/><Vertex X="40502" Y="21254" Z="0"/><Vertex X="40502" Y="21163" Z="0"/><Vertex X="40411" Y="21163" Z="0"/><Vertex X="40411" Y="21072" Z="0"/><Vertex X="40365" Y="21072" Z="0"/><Vertex X="40365" Y="21026" Z="0"/><Vertex X="40274" Y="21026" Z="0"/><Vertex X="40274" Y="20935" Z="0"/><Vertex X="40228" Y="20935" Z="0"/><Vertex X="40228" Y="20889" Z="0"/><Vertex X="40137" Y="20889" Z="0"/><Vertex X="40137" Y="20798" Z="0"/><Vertex X="40046" Y="20707" Z="0"/><Vertex X="40046" Y="20661" Z="0"/><Vertex X="40000" Y="20661" Z="0"/><Vertex X="40000" Y="20570" Z="0"/><Vertex X="40000" Y="20479" Z="0"/><Vertex X="39909" Y="20479" Z="0"/><Vertex X="39909" Y="20433" Z="0"/><Vertex X="39909" Y="20342" Z="0"/><Vertex X="39909" Y="20251" Z="0"/><Vertex X="39909" Y="20114" Z="0"/><Vertex X="39909" Y="19932" Z="0"/><Vertex X="39909" Y="19886" Z="0"/><Vertex X="39909" Y="19795" Z="0"/><Vertex X="39909" Y="19704" Z="0"/><Vertex X="39909" Y="19612" Z="0"/><Vertex X="39909" Y="19521" Z="0"/><Vertex X="39909" Y="19430" Z="0"/><Vertex X="39909" Y="19384" Z="0"/><Vertex X="39909" Y="19293" Z="0"/><Vertex X="39909" Y="19248" Z="0"/><Vertex X="39909" Y="19111" Z="0"/><Vertex X="39818" Y="19019" Z="0"/><Vertex X="39818" Y="18974" Z="0"/><Vertex X="39818" Y="18883" Z="0"/><Vertex X="39818" Y="18791" Z="0"/><Vertex X="39818" Y="18746" Z="0"/><Vertex X="39726" Y="18655" Z="0"/><Vertex X="39726" Y="18563" Z="0"/><Vertex X="39726" Y="18518" Z="0"/><Vertex X="39726" Y="18427" Z="0"/><Vertex X="39681" Y="18427" Z="0"/><Vertex X="39681" Y="18381" Z="0"/><Vertex X="39681" Y="18290" Z="0"/><Vertex X="39590" Y="18290" Z="0"/><Vertex X="39590" Y="18198" Z="0"/><Vertex X="39590" Y="18153" Z="0"/><Vertex X="39544" Y="18153" Z="0"/><Vertex X="39544" Y="18062" Z="0"/><Vertex X="39453" Y="18062" Z="0"/><Vertex X="39453" Y="18153" Z="0"/><Vertex X="39225" Y="18062" Z="0"/></Vertices></Region><Region Id="6" Type="0" Zoom="0.021925" Selected="0" ImageLocation="" ImageFocus="-1" Length="13463.0" Area="5809257.5" LengthMicrons="6642.7" AreaMicrons="1414226.4" Text="" NegativeROA="0" InputRegionId="0" Analyze="1" DisplayId="6"><Attributes></Attributes><Vertices><Vertex X="47115" Y="19430" Z="0"/><Vertex X="47070" Y="19430" Z="0"/><Vertex X="47070" Y="19521" Z="0"/><Vertex X="46979" Y="19567" Z="0"/><Vertex X="46933" Y="19567" Z="0"/><Vertex X="46933" Y="19704" Z="0"/><Vertex X="46796" Y="19704" Z="0"/><Vertex X="46796" Y="19840" Z="0"/><Vertex X="46705" Y="19840" Z="0"/><Vertex X="46705" Y="19886" Z="0"/><Vertex X="46659" Y="20023" Z="0"/><Vertex X="46568" Y="20023" Z="0"/><Vertex X="46568" Y="20160" Z="0"/><Vertex X="46522" Y="20160" Z="0"/><Vertex X="46522" Y="20251" Z="0"/><Vertex X="46431" Y="20251" Z="0"/><Vertex X="46431" Y="20388" Z="0"/><Vertex X="46340" Y="20388" Z="0"/><Vertex X="46340" Y="20525" Z="0"/><Vertex X="46294" Y="20525" Z="0"/><Vertex X="46294" Y="20616" Z="0"/><Vertex X="46203" Y="20616" Z="0"/><Vertex X="46203" Y="20753" Z="0"/><Vertex X="46158" Y="20753" Z="0"/><Vertex X="46158" Y="20889" Z="0"/><Vertex X="46066" Y="20889" Z="0"/><Vertex X="46066" Y="20935" Z="0"/><Vertex X="45975" Y="21026" Z="0"/><Vertex X="45975" Y="21118" Z="0"/><Vertex X="45884" Y="21163" Z="0"/><Vertex X="45884" Y="21254" Z="0"/><Vertex X="45884" Y="21346" Z="0"/><Vertex X="45838" Y="21437" Z="0"/><Vertex X="45838" Y="21574" Z="0"/><Vertex X="45838" Y="21665" Z="0"/><Vertex X="45838" Y="21710" Z="0"/><Vertex X="45747" Y="21802" Z="0"/><Vertex X="45747" Y="21939" Z="0"/><Vertex X="45747" Y="22030" Z="0"/><Vertex X="45656" Y="22030" Z="0"/><Vertex X="45656" Y="22121" Z="0"/><Vertex X="45656" Y="22212" Z="0"/><Vertex X="45610" Y="22212" Z="0"/><Vertex X="45610" Y="22258" Z="0"/><Vertex X="45610" Y="22349" Z="0"/><Vertex X="45519" Y="22395" Z="0"/><Vertex X="45519" Y="22486" Z="0"/><Vertex X="45428" Y="22486" Z="0"/><Vertex X="45428" Y="22577" Z="0"/><Vertex X="45337" Y="22623" Z="0"/><Vertex X="45337" Y="22714" Z="0"/><Vertex X="45337" Y="22805" Z="0"/><Vertex X="45291" Y="22851" Z="0"/><Vertex X="45291" Y="22942" Z="0"/><Vertex X="45291" Y="23079" Z="0"/><Vertex X="45291" Y="23170" Z="0"/><Vertex X="45291" Y="23307" Z="0"/><Vertex X="45291" Y="23398" Z="0"/><Vertex X="45291" Y="23444" Z="0"/><Vertex X="45382" Y="23444" Z="0"/><Vertex X="45382" Y="23535" Z="0"/><Vertex X="45473" Y="23626" Z="0"/><Vertex X="45565" Y="23717" Z="0"/><Vertex X="45610" Y="23763" Z="0"/><Vertex X="45701" Y="23854" Z="0"/><Vertex X="45793" Y="23854" Z="0"/><Vertex X="45793" Y="23945" Z="0"/><Vertex X="45838" Y="23945" Z="0"/><Vertex X="45929" Y="24037" Z="0"/><Vertex X="46021" Y="24037" Z="0"/><Vertex X="46112" Y="24082" Z="0"/><Vertex X="46158" Y="24082" Z="0"/><Vertex X="46249" Y="24082" Z="0"/><Vertex X="46294" Y="24082" Z="0"/><Vertex X="46386" Y="24082" Z="0"/><Vertex X="46477" Y="24082" Z="0"/><Vertex X="46522" Y="24082" Z="0"/><Vertex X="46614" Y="24082" Z="0"/><Vertex X="46659" Y="24082" Z="0"/><Vertex X="46750" Y="24082" Z="0"/><Vertex X="46750" Y="23991" Z="0"/><Vertex X="46750" Y="23900" Z="0"/><Vertex X="46842" Y="23900" Z="0"/><Vertex X="46842" Y="23809" Z="0"/><Vertex X="46842" Y="23672" Z="0"/><Vertex X="46842" Y="23581" Z="0"/><Vertex X="46842" Y="23489" Z="0"/><Vertex X="46842" Y="23352" Z="0"/><Vertex X="46842" Y="23216" Z="0"/><Vertex X="46842" Y="23079" Z="0"/><Vertex X="46796" Y="22988" Z="0"/><Vertex X="46796" Y="22851" Z="0"/><Vertex X="46796" Y="22805" Z="0"/><Vertex X="46796" Y="22714" Z="0"/><Vertex X="46796" Y="22577" Z="0"/><Vertex X="46796" Y="22531" Z="0"/><Vertex X="46796" Y="22395" Z="0"/><Vertex X="46796" Y="22303" Z="0"/><Vertex X="46796" Y="22258" Z="0"/><Vertex X="46796" Y="22167" Z="0"/><Vertex X="46796" Y="22121" Z="0"/><Vertex X="46796" Y="22030" Z="0"/><Vertex X="46796" Y="21939" Z="0"/><Vertex X="46796" Y="21893" Z="0"/><Vertex X="46796" Y="21802" Z="0"/><Vertex X="46842" Y="21710" Z="0"/><Vertex X="46842" Y="21665" Z="0"/><Vertex X="46887" Y="21574" Z="0"/><Vertex X="46887" Y="21482" Z="0"/><Vertex X="46979" Y="21482" Z="0"/><Vertex X="46979" Y="21437" Z="0"/><Vertex X="47070" Y="21437" Z="0"/><Vertex X="47070" Y="21346" Z="0"/><Vertex X="47115" Y="21346" Z="0"/><Vertex X="47115" Y="21300" Z="0"/><Vertex X="47207" Y="21300" Z="0"/><Vertex X="47207" Y="21209" Z="0"/><Vertex X="47252" Y="21209" Z="0"/><Vertex X="47252" Y="21163" Z="0"/><Vertex X="47343" Y="21163" Z="0"/><Vertex X="47343" Y="21072" Z="0"/><Vertex X="47435" Y="21072" Z="0"/><Vertex X="47480" Y="20981" Z="0"/><Vertex X="47571" Y="20981" Z="0"/><Vertex X="47571" Y="20935" Z="0"/><Vertex X="47663" Y="20935" Z="0"/><Vertex X="47663" Y="20844" Z="0"/><Vertex X="47708" Y="20844" Z="0"/><Vertex X="47708" Y="20707" Z="0"/><Vertex X="47799" Y="20616" Z="0"/><Vertex X="47799" Y="20570" Z="0"/><Vertex X="47799" Y="20479" Z="0"/><Vertex X="47891" Y="20388" Z="0"/><Vertex X="47891" Y="20342" Z="0"/><Vertex X="47891" Y="20251" Z="0"/><Vertex X="47891" Y="20205" Z="0"/><Vertex X="47845" Y="20114" Z="0"/><Vertex X="47845" Y="20023" Z="0"/><Vertex X="47754" Y="19932" Z="0"/><Vertex X="47754" Y="19840" Z="0"/><Vertex X="47663" Y="19749" Z="0"/><Vertex X="47617" Y="19658" Z="0"/><Vertex X="47526" Y="19612" Z="0"/><Vertex X="47435" Y="19521" Z="0"/><Vertex X="47343" Y="19521" Z="0"/><Vertex X="47298" Y="19521" Z="0"/><Vertex X="47298" Y="19430" Z="0"/><Vertex X="47207" Y="19430" Z="0"/><Vertex X="47161" Y="19430" Z="0"/><Vertex X="47115" Y="19430" Z="0"/></Vertices></Region><Region Id="7" Type="0" Zoom="0.021925" Selected="0" ImageLocation="" ImageFocus="-1" Length="18938.2" Area="14171026.0" LengthMicrons="9344.1" AreaMicrons="3449845.1" Text="" NegativeROA="0" InputRegionId="0" Analyze="1" DisplayId="7"><Attributes></Attributes><Vertices><Vertex X="46522" Y="27822" Z="0"/><Vertex X="46431" Y="27822" Z="0"/><Vertex X="46386" Y="27822" Z="0"/><Vertex X="46386" Y="27777" Z="0"/><Vertex X="46249" Y="27777" Z="0"/><Vertex X="46158" Y="27685" Z="0"/><Vertex X="46021" Y="27685" Z="0"/><Vertex X="45929" Y="27594" Z="0"/><Vertex X="45838" Y="27594" Z="0"/><Vertex X="45793" Y="27594" Z="0"/><Vertex X="45701" Y="27594" Z="0"/><Vertex X="45610" Y="27594" Z="0"/><Vertex X="45565" Y="27594" Z="0"/><Vertex X="45428" Y="27594" Z="0"/><Vertex X="45382" Y="27594" Z="0"/><Vertex X="45382" Y="27640" Z="0"/><Vertex X="45291" Y="27640" Z="0"/><Vertex X="45200" Y="27777" Z="0"/><Vertex X="45108" Y="27868" Z="0"/><Vertex X="45017" Y="28005" Z="0"/><Vertex X="45017" Y="28096" Z="0"/><Vertex X="44972" Y="28096" Z="0"/><Vertex X="44972" Y="28187" Z="0"/><Vertex X="44880" Y="28324" Z="0"/><Vertex X="44880" Y="28461" Z="0"/><Vertex X="44880" Y="28643" Z="0"/><Vertex X="44880" Y="28689" Z="0"/><Vertex X="44880" Y="28780" Z="0"/><Vertex X="44789" Y="28780" Z="0"/><Vertex X="44789" Y="28917" Z="0"/><Vertex X="44789" Y="28963" Z="0"/><Vertex X="44789" Y="29054" Z="0"/><Vertex X="44789" Y="29145" Z="0"/><Vertex X="44789" Y="29282" Z="0"/><Vertex X="44789" Y="29373" Z="0"/><Vertex X="44835" Y="29419" Z="0"/><Vertex X="44835" Y="29601" Z="0"/><Vertex X="44926" Y="29692" Z="0"/><Vertex X="44926" Y="29875" Z="0"/><Vertex X="44972" Y="29875" Z="0"/><Vertex X="44972" Y="29966" Z="0"/><Vertex X="45063" Y="30103" Z="0"/><Vertex X="45063" Y="30240" Z="0"/><Vertex X="45154" Y="30240" Z="0"/><Vertex X="45154" Y="30376" Z="0"/><Vertex X="45154" Y="30422" Z="0"/><Vertex X="45200" Y="30422" Z="0"/><Vertex X="45200" Y="30559" Z="0"/><Vertex X="45291" Y="30604" Z="0"/><Vertex X="45291" Y="30741" Z="0"/><Vertex X="45382" Y="30833" Z="0"/><Vertex X="45473" Y="30924" Z="0"/><Vertex X="45473" Y="30969" Z="0"/><Vertex X="45519" Y="30969" Z="0"/><Vertex X="45519" Y="31061" Z="0"/><Vertex X="45610" Y="31152" Z="0"/><Vertex X="45610" Y="31197" Z="0"/><Vertex X="45701" Y="31197" Z="0"/><Vertex X="45701" Y="31289" Z="0"/><Vertex X="45747" Y="31289" Z="0"/><Vertex X="45747" Y="31380" Z="0"/><Vertex X="45838" Y="31471" Z="0"/><Vertex X="45838" Y="31562" Z="0"/><Vertex X="45975" Y="31562" Z="0"/><Vertex X="45975" Y="31608" Z="0"/><Vertex X="46021" Y="31608" Z="0"/><Vertex X="46021" Y="31699" Z="0"/><Vertex X="46112" Y="31790" Z="0"/><Vertex X="46112" Y="31836" Z="0"/><Vertex X="46203" Y="31836" Z="0"/><Vertex X="46203" Y="31927" Z="0"/><Vertex X="46249" Y="32018" Z="0"/><Vertex X="46249" Y="32064" Z="0"/><Vertex X="46340" Y="32064" Z="0"/><Vertex X="46340" Y="32155" Z="0"/><Vertex X="46431" Y="32246" Z="0"/><Vertex X="46431" Y="32292" Z="0"/><Vertex X="46431" Y="32383" Z="0"/><Vertex X="46522" Y="32475" Z="0"/><Vertex X="46522" Y="32520" Z="0"/><Vertex X="46522" Y="32611" Z="0"/><Vertex X="46568" Y="32611" Z="0"/><Vertex X="46568" Y="32703" Z="0"/><Vertex X="46568" Y="32748" Z="0"/><Vertex X="46659" Y="32748" Z="0"/><Vertex X="46659" Y="32839" Z="0"/><Vertex X="46750" Y="32931" Z="0"/><Vertex X="46796" Y="32976" Z="0"/><Vertex X="46796" Y="33067" Z="0"/><Vertex X="46887" Y="33067" Z="0"/><Vertex X="46887" Y="33159" Z="0"/><Vertex X="46979" Y="33204" Z="0"/><Vertex X="46979" Y="33295" Z="0"/><Vertex X="47024" Y="33295" Z="0"/><Vertex X="47024" Y="33341" Z="0"/><Vertex X="47115" Y="33432" Z="0"/><Vertex X="47207" Y="33432" Z="0"/><Vertex X="47207" Y="33524" Z="0"/><Vertex X="47252" Y="33524" Z="0"/><Vertex X="47252" Y="33569" Z="0"/><Vertex X="47343" Y="33569" Z="0"/><Vertex X="47343" Y="33660" Z="0"/><Vertex X="47435" Y="33660" Z="0"/><Vertex X="47480" Y="33752" Z="0"/><Vertex X="47571" Y="33752" Z="0"/><Vertex X="47571" Y="33797" Z="0"/><Vertex X="47617" Y="33797" Z="0"/><Vertex X="47617" Y="33888" Z="0"/><Vertex X="47708" Y="33888" Z="0"/><Vertex X="47799" Y="33980" Z="0"/><Vertex X="47845" Y="33980" Z="0"/><Vertex X="47936" Y="34071" Z="0"/><Vertex X="48028" Y="34071" Z="0"/><Vertex X="48073" Y="34071" Z="0"/><Vertex X="48164" Y="34071" Z="0"/><Vertex X="48256" Y="34071" Z="0"/><Vertex X="48301" Y="34071" Z="0"/><Vertex X="48392" Y="34071" Z="0"/><Vertex X="48392" Y="34025" Z="0"/><Vertex X="48484" Y="33934" Z="0"/><Vertex X="48529" Y="33843" Z="0"/><Vertex X="48529" Y="33797" Z="0"/><Vertex X="48620" Y="33797" Z="0"/><Vertex X="48620" Y="33706" Z="0"/><Vertex X="48712" Y="33615" Z="0"/><Vertex X="48712" Y="33569" Z="0"/><Vertex X="48712" Y="33478" Z="0"/><Vertex X="48757" Y="33478" Z="0"/><Vertex X="48757" Y="33432" Z="0"/><Vertex X="48757" Y="33295" Z="0"/><Vertex X="48849" Y="33159" Z="0"/><Vertex X="48849" Y="33067" Z="0"/><Vertex X="48849" Y="32931" Z="0"/><Vertex X="48849" Y="32794" Z="0"/><Vertex X="48849" Y="32748" Z="0"/><Vertex X="48849" Y="32657" Z="0"/><Vertex X="48849" Y="32566" Z="0"/><Vertex X="48849" Y="32520" Z="0"/><Vertex X="48803" Y="32429" Z="0"/><Vertex X="48803" Y="32338" Z="0"/><Vertex X="48803" Y="32292" Z="0"/><Vertex X="48803" Y="32201" Z="0"/><Vertex X="48757" Y="32110" Z="0"/><Vertex X="48757" Y="32064" Z="0"/><Vertex X="48666" Y="31882" Z="0"/><Vertex X="48666" Y="31790" Z="0"/><Vertex X="48575" Y="31790" Z="0"/><Vertex X="48575" Y="31699" Z="0"/><Vertex X="48484" Y="31699" Z="0"/><Vertex X="48484" Y="31562" Z="0"/><Vertex X="48484" Y="31471" Z="0"/><Vertex X="48392" Y="31471" Z="0"/><Vertex X="48301" Y="31243" Z="0"/><Vertex X="48210" Y="31106" Z="0"/><Vertex X="48119" Y="31015" Z="0"/><Vertex X="48119" Y="30969" Z="0"/><Vertex X="48073" Y="30969" Z="0"/><Vertex X="48073" Y="30878" Z="0"/><Vertex X="47982" Y="30787" Z="0"/><Vertex X="47982" Y="30741" Z="0"/><Vertex X="47891" Y="30741" Z="0"/><Vertex X="47891" Y="30650" Z="0"/><Vertex X="47845" Y="30513" Z="0"/><Vertex X="47845" Y="30422" Z="0"/><Vertex X="47754" Y="30422" Z="0"/><Vertex X="47754" Y="30285" Z="0"/><Vertex X="47663" Y="30148" Z="0"/><Vertex X="47663" Y="30012" Z="0"/><Vertex X="47571" Y="30012" Z="0"/><Vertex X="47571" Y="29966" Z="0"/><Vertex X="47571" Y="29875" Z="0"/><Vertex X="47526" Y="29875" Z="0"/><Vertex X="47526" Y="29829" Z="0"/><Vertex X="47526" Y="29738" Z="0"/><Vertex X="47435" Y="29601" Z="0"/><Vertex X="47435" Y="29510" Z="0"/><Vertex X="47435" Y="29373" Z="0"/><Vertex X="47435" Y="29282" Z="0"/><Vertex X="47343" Y="29282" Z="0"/><Vertex X="47343" Y="29191" Z="0"/><Vertex X="47343" Y="29099" Z="0"/><Vertex X="47343" Y="29008" Z="0"/><Vertex X="47343" Y="28963" Z="0"/><Vertex X="47298" Y="28963" Z="0"/><Vertex X="47298" Y="28871" Z="0"/><Vertex X="47207" Y="28734" Z="0"/><Vertex X="47207" Y="28643" Z="0"/><Vertex X="47115" Y="28643" Z="0"/><Vertex X="47115" Y="28552" Z="0"/><Vertex X="47070" Y="28461" Z="0"/><Vertex X="46979" Y="28415" Z="0"/><Vertex X="46979" Y="28324" Z="0"/><Vertex X="46887" Y="28324" Z="0"/><Vertex X="46887" Y="28233" Z="0"/><Vertex X="46842" Y="28233" Z="0"/><Vertex X="46842" Y="28187" Z="0"/><Vertex X="46750" Y="28187" Z="0"/><Vertex X="46750" Y="28096" Z="0"/><Vertex X="46659" Y="28096" Z="0"/><Vertex X="46659" Y="28050" Z="0"/><Vertex X="46614" Y="28050" Z="0"/><Vertex X="46614" Y="27959" Z="0"/><Vertex X="46522" Y="27959" Z="0"/><Vertex X="46522" Y="27868" Z="0"/><Vertex X="46522" Y="27822" Z="0"/></Vertices></Region><Region Id="8" Type="0" Zoom="0.021925" Selected="0" ImageLocation="" ImageFocus="-1" Length="12682.0" Area="8369808.0" LengthMicrons="6257.3" AreaMicrons="2037575.9" Text="" NegativeROA="0" InputRegionId="0" Analyze="1" DisplayId="8"><Attributes></Attributes><Vertices><Vertex X="47708" Y="2326" Z="0"/><Vertex X="47617" Y="2326" Z="0"/><Vertex X="47617" Y="2235" Z="0"/><Vertex X="47526" Y="2235" Z="0"/><Vertex X="47435" Y="2235" Z="0"/><Vertex X="47435" Y="2326" Z="0"/><Vertex X="47298" Y="2326" Z="0"/><Vertex X="47207" Y="2463" Z="0"/><Vertex X="47115" Y="2554" Z="0"/><Vertex X="47070" Y="2600" Z="0"/><Vertex X="46979" Y="2691" Z="0"/><Vertex X="46887" Y="2782" Z="0"/><Vertex X="46887" Y="2873" Z="0"/><Vertex X="46750" Y="2919" Z="0"/><Vertex X="46750" Y="3010" Z="0"/><Vertex X="46659" Y="3101" Z="0"/><Vertex X="46659" Y="3147" Z="0"/><Vertex X="46614" Y="3238" Z="0"/><Vertex X="46614" Y="3330" Z="0"/><Vertex X="46614" Y="3375" Z="0"/><Vertex X="46522" Y="3466" Z="0"/><Vertex X="46522" Y="3558" Z="0"/><Vertex X="46522" Y="3603" Z="0"/><Vertex X="46522" Y="3694" Z="0"/><Vertex X="46522" Y="3786" Z="0"/><Vertex X="46522" Y="3877" Z="0"/><Vertex X="46522" Y="4014" Z="0"/><Vertex X="46522" Y="4151" Z="0"/><Vertex X="46522" Y="4196" Z="0"/><Vertex X="46522" Y="4287" Z="0"/><Vertex X="46568" Y="4287" Z="0"/><Vertex X="46568" Y="4333" Z="0"/><Vertex X="46614" Y="4424" Z="0"/><Vertex X="46705" Y="4515" Z="0"/><Vertex X="46796" Y="4607" Z="0"/><Vertex X="46887" Y="4698" Z="0"/><Vertex X="46979" Y="4789" Z="0"/><Vertex X="47024" Y="4789" Z="0"/><Vertex X="47024" Y="4880" Z="0"/><Vertex X="47161" Y="4972" Z="0"/><Vertex X="47252" Y="4972" Z="0"/><Vertex X="47389" Y="5017" Z="0"/><Vertex X="47526" Y="5017" Z="0"/><Vertex X="47526" Y="5108" Z="0"/><Vertex X="47617" Y="5108" Z="0"/><Vertex X="47663" Y="5200" Z="0"/><Vertex X="47754" Y="5200" Z="0"/><Vertex X="47754" Y="5245" Z="0"/><Vertex X="47891" Y="5336" Z="0"/><Vertex X="47936" Y="5336" Z="0"/><Vertex X="47936" Y="5428" Z="0"/><Vertex X="48028" Y="5428" Z="0"/><Vertex X="48119" Y="5519" Z="0"/><Vertex X="48164" Y="5564" Z="0"/><Vertex X="48256" Y="5656" Z="0"/><Vertex X="48347" Y="5747" Z="0"/><Vertex X="48347" Y="5838" Z="0"/><Vertex X="48438" Y="5838" Z="0"/><Vertex X="48438" Y="5884" Z="0"/><Vertex X="48484" Y="5884" Z="0"/><Vertex X="48484" Y="5975" Z="0"/><Vertex X="48575" Y="6066" Z="0"/><Vertex X="48575" Y="6112" Z="0"/><Vertex X="48666" Y="6112" Z="0"/><Vertex X="48666" Y="6203" Z="0"/><Vertex X="48712" Y="6203" Z="0"/><Vertex X="48712" Y="6249" Z="0"/><Vertex X="48803" Y="6249" Z="0"/><Vertex X="48849" Y="6249" Z="0"/><Vertex X="48940" Y="6340" Z="0"/><Vertex X="49031" Y="6340" Z="0"/><Vertex X="49077" Y="6340" Z="0"/><Vertex X="49168" Y="6340" Z="0"/><Vertex X="49259" Y="6340" Z="0"/><Vertex X="49305" Y="6249" Z="0"/><Vertex X="49396" Y="6112" Z="0"/><Vertex X="49487" Y="5975" Z="0"/><Vertex X="49487" Y="5838" Z="0"/><Vertex X="49578" Y="5838" Z="0"/><Vertex X="49578" Y="5747" Z="0"/><Vertex X="49578" Y="5656" Z="0"/><Vertex X="49578" Y="5564" Z="0"/><Vertex X="49578" Y="5473" Z="0"/><Vertex X="49578" Y="5382" Z="0"/><Vertex X="49578" Y="5336" Z="0"/><Vertex X="49578" Y="5245" Z="0"/><Vertex X="49578" Y="5108" Z="0"/><Vertex X="49578" Y="5063" Z="0"/><Vertex X="49578" Y="4972" Z="0"/><Vertex X="49578" Y="4880" Z="0"/><Vertex X="49578" Y="4698" Z="0"/><Vertex X="49578" Y="4515" Z="0"/><Vertex X="49578" Y="4470" Z="0"/><Vertex X="49578" Y="4379" Z="0"/><Vertex X="49578" Y="4287" Z="0"/><Vertex X="49578" Y="4196" Z="0"/><Vertex X="49533" Y="4105" Z="0"/><Vertex X="49533" Y="3968" Z="0"/><Vertex X="49533" Y="3922" Z="0"/><Vertex X="49441" Y="3922" Z="0"/><Vertex X="49441" Y="3786" Z="0"/><Vertex X="49441" Y="3649" Z="0"/><Vertex X="49350" Y="3512" Z="0"/><Vertex X="49350" Y="3466" Z="0"/><Vertex X="49305" Y="3330" Z="0"/><Vertex X="49305" Y="3238" Z="0"/><Vertex X="49213" Y="3238" Z="0"/><Vertex X="49213" Y="3193" Z="0"/><Vertex X="49122" Y="3101" Z="0"/><Vertex X="49122" Y="3010" Z="0"/><Vertex X="49077" Y="3010" Z="0"/><Vertex X="49077" Y="2965" Z="0"/><Vertex X="48985" Y="2965" Z="0"/><Vertex X="48894" Y="2828" Z="0"/><Vertex X="48849" Y="2828" Z="0"/><Vertex X="48849" Y="2737" Z="0"/><Vertex X="48757" Y="2737" Z="0"/><Vertex X="48666" Y="2737" Z="0"/><Vertex X="48666" Y="2691" Z="0"/><Vertex X="48620" Y="2691" Z="0"/><Vertex X="48529" Y="2691" Z="0"/><Vertex X="48438" Y="2600" Z="0"/><Vertex X="48392" Y="2600" Z="0"/><Vertex X="48301" Y="2600" Z="0"/><Vertex X="48301" Y="2554" Z="0"/><Vertex X="48256" Y="2554" Z="0"/><Vertex X="48164" Y="2463" Z="0"/><Vertex X="48073" Y="2463" Z="0"/><Vertex X="47982" Y="2372" Z="0"/><Vertex X="47936" Y="2372" Z="0"/><Vertex X="47936" Y="2281" Z="0"/><Vertex X="47936" Y="2235" Z="0"/><Vertex X="47708" Y="2326" Z="0"/></Vertices></Region><Region Id="9" Type="0" Zoom="0.021925" Selected="0" ImageLocation="" ImageFocus="-1" Length="21685.6" Area="20193632.0" LengthMicrons="10699.7" AreaMicrons="4916009.8" Text="" NegativeROA="0" InputRegionId="0" Analyze="1" DisplayId="9"><Attributes></Attributes><Vertices><Vertex X="44424" Y="5519" Z="0"/><Vertex X="44424" Y="5428" Z="0"/><Vertex X="44333" Y="5428" Z="0"/><Vertex X="44242" Y="5428" Z="0"/><Vertex X="44196" Y="5428" Z="0"/><Vertex X="44059" Y="5428" Z="0"/><Vertex X="43877" Y="5428" Z="0"/><Vertex X="43786" Y="5428" Z="0"/><Vertex X="43740" Y="5428" Z="0"/><Vertex X="43649" Y="5428" Z="0"/><Vertex X="43558" Y="5428" Z="0"/><Vertex X="43512" Y="5428" Z="0"/><Vertex X="43421" Y="5428" Z="0"/><Vertex X="43375" Y="5428" Z="0"/><Vertex X="43284" Y="5428" Z="0"/><Vertex X="43147" Y="5428" Z="0"/><Vertex X="43056" Y="5428" Z="0"/><Vertex X="43010" Y="5428" Z="0"/><Vertex X="42919" Y="5473" Z="0"/><Vertex X="42828" Y="5473" Z="0"/><Vertex X="42828" Y="5564" Z="0"/><Vertex X="42782" Y="5564" Z="0"/><Vertex X="42782" Y="5656" Z="0"/><Vertex X="42691" Y="5656" Z="0"/><Vertex X="42691" Y="5793" Z="0"/><Vertex X="42691" Y="5929" Z="0"/><Vertex X="42691" Y="6021" Z="0"/><Vertex X="42691" Y="6112" Z="0"/><Vertex X="42691" Y="6203" Z="0"/><Vertex X="42691" Y="6249" Z="0"/><Vertex X="42691" Y="6340" Z="0"/><Vertex X="42691" Y="6385" Z="0"/><Vertex X="42737" Y="6477" Z="0"/><Vertex X="42737" Y="6568" Z="0"/><Vertex X="42874" Y="6705" Z="0"/><Vertex X="42874" Y="6796" Z="0"/><Vertex X="42919" Y="6887" Z="0"/><Vertex X="42919" Y="6933" Z="0"/><Vertex X="43056" Y="6933" Z="0"/><Vertex X="43056" Y="7070" Z="0"/><Vertex X="43147" Y="7070" Z="0"/><Vertex X="43147" Y="7161" Z="0"/><Vertex X="43193" Y="7252" Z="0"/><Vertex X="43193" Y="7343" Z="0"/><Vertex X="43284" Y="7434" Z="0"/><Vertex X="43284" Y="7526" Z="0"/><Vertex X="43375" Y="7617" Z="0"/><Vertex X="43375" Y="7708" Z="0"/><Vertex X="43467" Y="7799" Z="0"/><Vertex X="43467" Y="7891" Z="0"/><Vertex X="43467" Y="7982" Z="0"/><Vertex X="43467" Y="8027" Z="0"/><Vertex X="43467" Y="8164" Z="0"/><Vertex X="43558" Y="8164" Z="0"/><Vertex X="43558" Y="8301" Z="0"/><Vertex X="43558" Y="8392" Z="0"/><Vertex X="43603" Y="8529" Z="0"/><Vertex X="43603" Y="8666" Z="0"/><Vertex X="43603" Y="8757" Z="0"/><Vertex X="43603" Y="8894" Z="0"/><Vertex X="43603" Y="9031" Z="0"/><Vertex X="43603" Y="9122" Z="0"/><Vertex X="43603" Y="9259" Z="0"/><Vertex X="43603" Y="9396" Z="0"/><Vertex X="43603" Y="9487" Z="0"/><Vertex X="43603" Y="9624" Z="0"/><Vertex X="43603" Y="9715" Z="0"/><Vertex X="43603" Y="9761" Z="0"/><Vertex X="43603" Y="9852" Z="0"/><Vertex X="43603" Y="9989" Z="0"/><Vertex X="43603" Y="10034" Z="0"/><Vertex X="43603" Y="10171" Z="0"/><Vertex X="43603" Y="10308" Z="0"/><Vertex X="43603" Y="10354" Z="0"/><Vertex X="43649" Y="10445" Z="0"/><Vertex X="43649" Y="10536" Z="0"/><Vertex X="43649" Y="10627" Z="0"/><Vertex X="43695" Y="10627" Z="0"/><Vertex X="43695" Y="10764" Z="0"/><Vertex X="43695" Y="10901" Z="0"/><Vertex X="43786" Y="10901" Z="0"/><Vertex X="43786" Y="10992" Z="0"/><Vertex X="43877" Y="11129" Z="0"/><Vertex X="43877" Y="11266" Z="0"/><Vertex X="43877" Y="11357" Z="0"/><Vertex X="43923" Y="11448" Z="0"/><Vertex X="43923" Y="11539" Z="0"/><Vertex X="43923" Y="11631" Z="0"/><Vertex X="43923" Y="11722" Z="0"/><Vertex X="43923" Y="11904" Z="0"/><Vertex X="43923" Y="11950" Z="0"/><Vertex X="43923" Y="12087" Z="0"/><Vertex X="43923" Y="12178" Z="0"/><Vertex X="43923" Y="12224" Z="0"/><Vertex X="43923" Y="12360" Z="0"/><Vertex X="44014" Y="12360" Z="0"/><Vertex X="44014" Y="12497" Z="0"/><Vertex X="44014" Y="12588" Z="0"/><Vertex X="44014" Y="12680" Z="0"/><Vertex X="44105" Y="12680" Z="0"/><Vertex X="44105" Y="12725" Z="0"/><Vertex X="44151" Y="12816" Z="0"/><Vertex X="44151" Y="12908" Z="0"/><Vertex X="44242" Y="12908" Z="0"/><Vertex X="44242" Y="12953" Z="0"/><Vertex X="44333" Y="12953" Z="0"/><Vertex X="44379" Y="13045" Z="0"/><Vertex X="44470" Y="13045" Z="0"/><Vertex X="44470" Y="13136" Z="0"/><Vertex X="44561" Y="13136" Z="0"/><Vertex X="44607" Y="13136" Z="0"/><Vertex X="44744" Y="13136" Z="0"/><Vertex X="44880" Y="13136" Z="0"/><Vertex X="44926" Y="13136" Z="0"/><Vertex X="45017" Y="13045" Z="0"/><Vertex X="45108" Y="13045" Z="0"/><Vertex X="45245" Y="12953" Z="0"/><Vertex X="45245" Y="12908" Z="0"/><Vertex X="45428" Y="12908" Z="0"/><Vertex X="45428" Y="12771" Z="0"/><Vertex X="45519" Y="12771" Z="0"/><Vertex X="45519" Y="12634" Z="0"/><Vertex X="45656" Y="12543" Z="0"/><Vertex X="45656" Y="12497" Z="0"/><Vertex X="45747" Y="12315" Z="0"/><Vertex X="45884" Y="12269" Z="0"/><Vertex X="45884" Y="12178" Z="0"/><Vertex X="45975" Y="12087" Z="0"/><Vertex X="45975" Y="12041" Z="0"/><Vertex X="45975" Y="11950" Z="0"/><Vertex X="46021" Y="11859" Z="0"/><Vertex X="46021" Y="11813" Z="0"/><Vertex X="46021" Y="11722" Z="0"/><Vertex X="46112" Y="11631" Z="0"/><Vertex X="46203" Y="11448" Z="0"/><Vertex X="46203" Y="11357" Z="0"/><Vertex X="46294" Y="11266" Z="0"/><Vertex X="46294" Y="11220" Z="0"/><Vertex X="46386" Y="11129" Z="0"/><Vertex X="46431" Y="10992" Z="0"/><Vertex X="46522" Y="10855" Z="0"/><Vertex X="46522" Y="10764" Z="0"/><Vertex X="46614" Y="10627" Z="0"/><Vertex X="46705" Y="10490" Z="0"/><Vertex X="46705" Y="10445" Z="0"/><Vertex X="46796" Y="10308" Z="0"/><Vertex X="46796" Y="10171" Z="0"/><Vertex X="46842" Y="10080" Z="0"/><Vertex X="46842" Y="10034" Z="0"/><Vertex X="46842" Y="9943" Z="0"/><Vertex X="46933" Y="9943" Z="0"/><Vertex X="46933" Y="9852" Z="0"/><Vertex X="46933" Y="9715" Z="0"/><Vertex X="46933" Y="9624" Z="0"/><Vertex X="46933" Y="9533" Z="0"/><Vertex X="46933" Y="9441" Z="0"/><Vertex X="46933" Y="9350" Z="0"/><Vertex X="46933" Y="9259" Z="0"/><Vertex X="46933" Y="9122" Z="0"/><Vertex X="46933" Y="8985" Z="0"/><Vertex X="46933" Y="8940" Z="0"/><Vertex X="46887" Y="8940" Z="0"/><Vertex X="46887" Y="8803" Z="0"/><Vertex X="46796" Y="8666" Z="0"/><Vertex X="46796" Y="8620" Z="0"/><Vertex X="46705" Y="8484" Z="0"/><Vertex X="46614" Y="8347" Z="0"/><Vertex X="46522" Y="8210" Z="0"/><Vertex X="46522" Y="8164" Z="0"/><Vertex X="46477" Y="8164" Z="0"/><Vertex X="46477" Y="8027" Z="0"/><Vertex X="46386" Y="8027" Z="0"/><Vertex X="46386" Y="7891" Z="0"/><Vertex X="46294" Y="7799" Z="0"/><Vertex X="46249" Y="7799" Z="0"/><Vertex X="46249" Y="7663" Z="0"/><Vertex X="46158" Y="7663" Z="0"/><Vertex X="46158" Y="7526" Z="0"/><Vertex X="46066" Y="7434" Z="0"/><Vertex X="45975" Y="7298" Z="0"/><Vertex X="45929" Y="7161" Z="0"/><Vertex X="45838" Y="7024" Z="0"/><Vertex X="45747" Y="6887" Z="0"/><Vertex X="45747" Y="6796" Z="0"/><Vertex X="45656" Y="6796" Z="0"/><Vertex X="45656" Y="6659" Z="0"/><Vertex X="45565" Y="6522" Z="0"/><Vertex X="45519" Y="6477" Z="0"/><Vertex X="45519" Y="6385" Z="0"/><Vertex X="45428" Y="6385" Z="0"/><Vertex X="45428" Y="6249" Z="0"/><Vertex X="45337" Y="6157" Z="0"/><Vertex X="45337" Y="6066" Z="0"/><Vertex X="45291" Y="6066" Z="0"/><Vertex X="45291" Y="5975" Z="0"/><Vertex X="45200" Y="5975" Z="0"/><Vertex X="45200" Y="5929" Z="0"/><Vertex X="45108" Y="5929" Z="0"/><Vertex X="45063" Y="5838" Z="0"/><Vertex X="44972" Y="5838" Z="0"/><Vertex X="44972" Y="5747" Z="0"/><Vertex X="44926" Y="5747" Z="0"/><Vertex X="44835" Y="5701" Z="0"/><Vertex X="44744" Y="5701" Z="0"/><Vertex X="44698" Y="5701" Z="0"/><Vertex X="44698" Y="5610" Z="0"/><Vertex X="44607" Y="5610" Z="0"/><Vertex X="44516" Y="5610" Z="0"/><Vertex X="44470" Y="5610" Z="0"/><Vertex X="44379" Y="5610" Z="0"/><Vertex X="44424" Y="5519" Z="0"/><Vertex X="44379" Y="5519" Z="0"/><Vertex X="44424" Y="5519" Z="0"/></Vertices></Region><Region Id="10" Type="0" Zoom="0.021925" Selected="0" ImageLocation="" ImageFocus="-1" Length="19325.7" Area="18297612.0" LengthMicrons="9535.3" AreaMicrons="4454435.9" Text="" NegativeROA="0" InputRegionId="0" Analyze="1" DisplayId="10"><Attributes></Attributes><Vertices><Vertex X="55553" Y="27412" Z="0"/><Vertex X="55416" Y="27366" Z="0"/><Vertex X="55280" Y="27366" Z="0"/><Vertex X="55234" Y="27275" Z="0"/><Vertex X="55143" Y="27275" Z="0"/><Vertex X="55052" Y="27275" Z="0"/><Vertex X="54915" Y="27184" Z="0"/><Vertex X="54823" Y="27184" Z="0"/><Vertex X="54778" Y="27184" Z="0"/><Vertex X="54687" Y="27184" Z="0"/><Vertex X="54595" Y="27092" Z="0"/><Vertex X="54550" Y="27092" Z="0"/><Vertex X="54459" Y="27092" Z="0"/><Vertex X="54322" Y="27092" Z="0"/><Vertex X="54185" Y="27047" Z="0"/><Vertex X="54094" Y="27047" Z="0"/><Vertex X="54002" Y="27047" Z="0"/><Vertex X="53911" Y="27047" Z="0"/><Vertex X="53866" Y="27047" Z="0"/><Vertex X="53866" Y="27138" Z="0"/><Vertex X="53774" Y="27138" Z="0"/><Vertex X="53774" Y="27184" Z="0"/><Vertex X="53774" Y="27275" Z="0"/><Vertex X="53729" Y="27275" Z="0"/><Vertex X="53729" Y="27457" Z="0"/><Vertex X="53729" Y="27503" Z="0"/><Vertex X="53729" Y="27640" Z="0"/><Vertex X="53729" Y="27777" Z="0"/><Vertex X="53729" Y="27822" Z="0"/><Vertex X="53729" Y="27913" Z="0"/><Vertex X="53729" Y="27959" Z="0"/><Vertex X="53729" Y="28050" Z="0"/><Vertex X="53729" Y="28187" Z="0"/><Vertex X="53729" Y="28278" Z="0"/><Vertex X="53820" Y="28370" Z="0"/><Vertex X="53820" Y="28415" Z="0"/><Vertex X="53911" Y="28506" Z="0"/><Vertex X="53911" Y="28598" Z="0"/><Vertex X="54048" Y="28689" Z="0"/><Vertex X="54185" Y="28780" Z="0"/><Vertex X="54322" Y="28917" Z="0"/><Vertex X="54322" Y="29008" Z="0"/><Vertex X="54504" Y="29099" Z="0"/><Vertex X="54550" Y="29191" Z="0"/><Vertex X="54641" Y="29327" Z="0"/><Vertex X="54641" Y="29373" Z="0"/><Vertex X="54732" Y="29373" Z="0"/><Vertex X="54732" Y="29510" Z="0"/><Vertex X="54778" Y="29510" Z="0"/><Vertex X="54869" Y="29647" Z="0"/><Vertex X="54869" Y="29738" Z="0"/><Vertex X="55006" Y="29875" Z="0"/><Vertex X="55006" Y="29966" Z="0"/><Vertex X="55052" Y="29966" Z="0"/><Vertex X="55052" Y="30057" Z="0"/><Vertex X="55143" Y="30057" Z="0"/><Vertex X="55234" Y="30194" Z="0"/><Vertex X="55280" Y="30331" Z="0"/><Vertex X="55280" Y="30422" Z="0"/><Vertex X="55371" Y="30422" Z="0"/><Vertex X="55371" Y="30513" Z="0"/><Vertex X="55416" Y="30513" Z="0"/><Vertex X="55416" Y="30604" Z="0"/><Vertex X="55508" Y="30650" Z="0"/><Vertex X="55599" Y="30650" Z="0"/><Vertex X="55599" Y="30741" Z="0"/><Vertex X="55644" Y="30741" Z="0"/><Vertex X="55644" Y="30787" Z="0"/><Vertex X="55736" Y="30878" Z="0"/><Vertex X="55781" Y="30878" Z="0"/><Vertex X="55781" Y="30969" Z="0"/><Vertex X="55873" Y="30969" Z="0"/><Vertex X="55873" Y="31015" Z="0"/><Vertex X="56009" Y="31015" Z="0"/><Vertex X="56101" Y="31106" Z="0"/><Vertex X="56101" Y="31152" Z="0"/><Vertex X="56237" Y="31152" Z="0"/><Vertex X="56374" Y="31243" Z="0"/><Vertex X="56511" Y="31243" Z="0"/><Vertex X="56602" Y="31334" Z="0"/><Vertex X="56739" Y="31334" Z="0"/><Vertex X="56876" Y="31425" Z="0"/><Vertex X="56967" Y="31425" Z="0"/><Vertex X="57058" Y="31425" Z="0"/><Vertex X="57058" Y="31517" Z="0"/><Vertex X="57241" Y="31517" Z="0"/><Vertex X="57286" Y="31517" Z="0"/><Vertex X="57286" Y="31562" Z="0"/><Vertex X="57423" Y="31562" Z="0"/><Vertex X="57560" Y="31562" Z="0"/><Vertex X="57651" Y="31562" Z="0"/><Vertex X="57788" Y="31562" Z="0"/><Vertex X="57925" Y="31562" Z="0"/><Vertex X="58016" Y="31562" Z="0"/><Vertex X="58107" Y="31562" Z="0"/><Vertex X="58244" Y="31562" Z="0"/><Vertex X="58335" Y="31562" Z="0"/><Vertex X="58427" Y="31562" Z="0"/><Vertex X="58518" Y="31562" Z="0"/><Vertex X="58564" Y="31562" Z="0"/><Vertex X="58655" Y="31562" Z="0"/><Vertex X="58700" Y="31562" Z="0"/><Vertex X="58792" Y="31562" Z="0"/><Vertex X="58883" Y="31562" Z="0"/><Vertex X="58928" Y="31425" Z="0"/><Vertex X="58928" Y="31289" Z="0"/><Vertex X="58928" Y="31197" Z="0"/><Vertex X="58928" Y="31152" Z="0"/><Vertex X="58928" Y="31061" Z="0"/><Vertex X="59020" Y="30969" Z="0"/><Vertex X="59020" Y="30878" Z="0"/><Vertex X="59020" Y="30741" Z="0"/><Vertex X="59020" Y="30696" Z="0"/><Vertex X="59020" Y="30604" Z="0"/><Vertex X="59020" Y="30513" Z="0"/><Vertex X="59020" Y="30331" Z="0"/><Vertex X="59020" Y="30194" Z="0"/><Vertex X="59020" Y="30103" Z="0"/><Vertex X="59020" Y="29966" Z="0"/><Vertex X="59020" Y="29875" Z="0"/><Vertex X="59020" Y="29738" Z="0"/><Vertex X="59020" Y="29647" Z="0"/><Vertex X="59020" Y="29510" Z="0"/><Vertex X="59020" Y="29419" Z="0"/><Vertex X="59020" Y="29327" Z="0"/><Vertex X="59020" Y="29236" Z="0"/><Vertex X="59020" Y="29099" Z="0"/><Vertex X="59111" Y="29099" Z="0"/><Vertex X="59111" Y="29008" Z="0"/><Vertex X="59111" Y="28871" Z="0"/><Vertex X="59111" Y="28780" Z="0"/><Vertex X="59111" Y="28734" Z="0"/><Vertex X="59111" Y="28643" Z="0"/><Vertex X="59111" Y="28598" Z="0"/><Vertex X="59156" Y="28506" Z="0"/><Vertex X="59156" Y="28370" Z="0"/><Vertex X="59156" Y="28278" Z="0"/><Vertex X="59156" Y="28142" Z="0"/><Vertex X="59156" Y="28005" Z="0"/><Vertex X="59156" Y="27959" Z="0"/><Vertex X="59156" Y="27868" Z="0"/><Vertex X="59156" Y="27777" Z="0"/><Vertex X="59156" Y="27640" Z="0"/><Vertex X="59156" Y="27549" Z="0"/><Vertex X="59156" Y="27503" Z="0"/><Vertex X="59156" Y="27412" Z="0"/><Vertex X="59156" Y="27321" Z="0"/><Vertex X="59156" Y="27275" Z="0"/><Vertex X="59065" Y="27275" Z="0"/><Vertex X="59065" Y="27184" Z="0"/><Vertex X="58974" Y="27184" Z="0"/><Vertex X="58974" Y="27092" Z="0"/><Vertex X="58928" Y="27092" Z="0"/><Vertex X="58837" Y="27092" Z="0"/><Vertex X="58792" Y="27092" Z="0"/><Vertex X="58700" Y="27092" Z="0"/><Vertex X="58564" Y="27092" Z="0"/><Vertex X="58518" Y="27092" Z="0"/><Vertex X="58381" Y="27092" Z="0"/><Vertex X="58290" Y="27138" Z="0"/><Vertex X="58153" Y="27138" Z="0"/><Vertex X="58062" Y="27229" Z="0"/><Vertex X="58016" Y="27229" Z="0"/><Vertex X="57925" Y="27229" Z="0"/><Vertex X="57879" Y="27229" Z="0"/><Vertex X="57788" Y="27321" Z="0"/><Vertex X="57651" Y="27321" Z="0"/><Vertex X="57560" Y="27321" Z="0"/><Vertex X="57469" Y="27321" Z="0"/><Vertex X="57423" Y="27321" Z="0"/><Vertex X="57332" Y="27412" Z="0"/><Vertex X="57241" Y="27412" Z="0"/><Vertex X="57104" Y="27412" Z="0"/><Vertex X="57058" Y="27412" Z="0"/><Vertex X="56967" Y="27412" Z="0"/><Vertex X="56876" Y="27412" Z="0"/><Vertex X="56830" Y="27412" Z="0"/><Vertex X="56693" Y="27412" Z="0"/><Vertex X="56602" Y="27412" Z="0"/><Vertex X="56602" Y="27457" Z="0"/><Vertex X="56465" Y="27457" Z="0"/><Vertex X="56420" Y="27457" Z="0"/><Vertex X="56283" Y="27457" Z="0"/><Vertex X="56146" Y="27457" Z="0"/><Vertex X="56055" Y="27457" Z="0"/><Vertex X="56055" Y="27549" Z="0"/><Vertex X="55964" Y="27549" Z="0"/><Vertex X="55873" Y="27549" Z="0"/><Vertex X="55827" Y="27549" Z="0"/><Vertex X="55736" Y="27549" Z="0"/><Vertex X="55690" Y="27549" Z="0"/><Vertex X="55599" Y="27549" Z="0"/><Vertex X="55508" Y="27549" Z="0"/><Vertex X="55462" Y="27549" Z="0"/><Vertex X="55462" Y="27503" Z="0"/><Vertex X="55553" Y="27412" Z="0"/></Vertices></Region><Region Id="11" Type="0" Zoom="0.021925" Selected="0" ImageLocation="" ImageFocus="-1" Length="18099.5" Area="19610240.5" LengthMicrons="8930.3" AreaMicrons="4773986.9" Text="" NegativeROA="0" InputRegionId="0" Analyze="1" DisplayId="11"><Attributes></Attributes><Vertices><Vertex X="25998" Y="27138" Z="0"/><Vertex X="25861" Y="27184" Z="0"/><Vertex X="25770" Y="27184" Z="0"/><Vertex X="25770" Y="27275" Z="0"/><Vertex X="25587" Y="27275" Z="0"/><Vertex X="25496" Y="27321" Z="0"/><Vertex X="25359" Y="27457" Z="0"/><Vertex X="25268" Y="27549" Z="0"/><Vertex X="25086" Y="27731" Z="0"/><Vertex X="25086" Y="27777" Z="0"/><Vertex X="24994" Y="27959" Z="0"/><Vertex X="24858" Y="28005" Z="0"/><Vertex X="24858" Y="28096" Z="0"/><Vertex X="24766" Y="28233" Z="0"/><Vertex X="24766" Y="28278" Z="0"/><Vertex X="24766" Y="28415" Z="0"/><Vertex X="24675" Y="28689" Z="0"/><Vertex X="24675" Y="28780" Z="0"/><Vertex X="24675" Y="28917" Z="0"/><Vertex X="24675" Y="29054" Z="0"/><Vertex X="24675" Y="29099" Z="0"/><Vertex X="24675" Y="29191" Z="0"/><Vertex X="24675" Y="29236" Z="0"/><Vertex X="24721" Y="29419" Z="0"/><Vertex X="24721" Y="29464" Z="0"/><Vertex X="24721" Y="29555" Z="0"/><Vertex X="24812" Y="29647" Z="0"/><Vertex X="24812" Y="29692" Z="0"/><Vertex X="24812" Y="29784" Z="0"/><Vertex X="24812" Y="29875" Z="0"/><Vertex X="24812" Y="29920" Z="0"/><Vertex X="24858" Y="30057" Z="0"/><Vertex X="24858" Y="30103" Z="0"/><Vertex X="24858" Y="30194" Z="0"/><Vertex X="24858" Y="30285" Z="0"/><Vertex X="24949" Y="30331" Z="0"/><Vertex X="24949" Y="30422" Z="0"/><Vertex X="25040" Y="30559" Z="0"/><Vertex X="25040" Y="30650" Z="0"/><Vertex X="25040" Y="30741" Z="0"/><Vertex X="25131" Y="30787" Z="0"/><Vertex X="25131" Y="30878" Z="0"/><Vertex X="25131" Y="30969" Z="0"/><Vertex X="25131" Y="31015" Z="0"/><Vertex X="25177" Y="31106" Z="0"/><Vertex X="25177" Y="31197" Z="0"/><Vertex X="25177" Y="31243" Z="0"/><Vertex X="25268" Y="31425" Z="0"/><Vertex X="25268" Y="31517" Z="0"/><Vertex X="25359" Y="31517" Z="0"/><Vertex X="25359" Y="31654" Z="0"/><Vertex X="25405" Y="31654" Z="0"/><Vertex X="25405" Y="31790" Z="0"/><Vertex X="25496" Y="31790" Z="0"/><Vertex X="25496" Y="31882" Z="0"/><Vertex X="25587" Y="32018" Z="0"/><Vertex X="25587" Y="32110" Z="0"/><Vertex X="25587" Y="32155" Z="0"/><Vertex X="25633" Y="32155" Z="0"/><Vertex X="25633" Y="32338" Z="0"/><Vertex X="25724" Y="32475" Z="0"/><Vertex X="25724" Y="32566" Z="0"/><Vertex X="25815" Y="32566" Z="0"/><Vertex X="25815" Y="32703" Z="0"/><Vertex X="25861" Y="32839" Z="0"/><Vertex X="25998" Y="32931" Z="0"/><Vertex X="26089" Y="32976" Z="0"/><Vertex X="26226" Y="33067" Z="0"/><Vertex X="26317" Y="33067" Z="0"/><Vertex X="26408" Y="33067" Z="0"/><Vertex X="26408" Y="33159" Z="0"/><Vertex X="26545" Y="33159" Z="0"/><Vertex X="26636" Y="33159" Z="0"/><Vertex X="26773" Y="33159" Z="0"/><Vertex X="26910" Y="33159" Z="0"/><Vertex X="26956" Y="33159" Z="0"/><Vertex X="27047" Y="33159" Z="0"/><Vertex X="27138" Y="33159" Z="0"/><Vertex X="27184" Y="33159" Z="0"/><Vertex X="27320" Y="33159" Z="0"/><Vertex X="27457" Y="33113" Z="0"/><Vertex X="27549" Y="33113" Z="0"/><Vertex X="27640" Y="33022" Z="0"/><Vertex X="27777" Y="32976" Z="0"/><Vertex X="27868" Y="32976" Z="0"/><Vertex X="27913" Y="32839" Z="0"/><Vertex X="28050" Y="32703" Z="0"/><Vertex X="28187" Y="32566" Z="0"/><Vertex X="28324" Y="32429" Z="0"/><Vertex X="28461" Y="32292" Z="0"/><Vertex X="28598" Y="32155" Z="0"/><Vertex X="28689" Y="32064" Z="0"/><Vertex X="28689" Y="31973" Z="0"/><Vertex X="28734" Y="31973" Z="0"/><Vertex X="28734" Y="31882" Z="0"/><Vertex X="28826" Y="31882" Z="0"/><Vertex X="28826" Y="31836" Z="0"/><Vertex X="28917" Y="31699" Z="0"/><Vertex X="28917" Y="31517" Z="0"/><Vertex X="28962" Y="31517" Z="0"/><Vertex X="28962" Y="31334" Z="0"/><Vertex X="28962" Y="31289" Z="0"/><Vertex X="29054" Y="31197" Z="0"/><Vertex X="29054" Y="31106" Z="0"/><Vertex X="29054" Y="30969" Z="0"/><Vertex X="29054" Y="30833" Z="0"/><Vertex X="29054" Y="30696" Z="0"/><Vertex X="29008" Y="30604" Z="0"/><Vertex X="29008" Y="30468" Z="0"/><Vertex X="29008" Y="30376" Z="0"/><Vertex X="28917" Y="30240" Z="0"/><Vertex X="28917" Y="30194" Z="0"/><Vertex X="28917" Y="30057" Z="0"/><Vertex X="28871" Y="29966" Z="0"/><Vertex X="28871" Y="29875" Z="0"/><Vertex X="28871" Y="29738" Z="0"/><Vertex X="28780" Y="29738" Z="0"/><Vertex X="28780" Y="29601" Z="0"/><Vertex X="28780" Y="29510" Z="0"/><Vertex X="28689" Y="29510" Z="0"/><Vertex X="28689" Y="29373" Z="0"/><Vertex X="28689" Y="29236" Z="0"/><Vertex X="28643" Y="29191" Z="0"/><Vertex X="28643" Y="29099" Z="0"/><Vertex X="28643" Y="29008" Z="0"/><Vertex X="28552" Y="28963" Z="0"/><Vertex X="28552" Y="28871" Z="0"/><Vertex X="28461" Y="28734" Z="0"/><Vertex X="28370" Y="28598" Z="0"/><Vertex X="28278" Y="28506" Z="0"/><Vertex X="28187" Y="28370" Z="0"/><Vertex X="28096" Y="28233" Z="0"/><Vertex X="27959" Y="28096" Z="0"/><Vertex X="27822" Y="27959" Z="0"/><Vertex X="27731" Y="27959" Z="0"/><Vertex X="27640" Y="27822" Z="0"/><Vertex X="27549" Y="27777" Z="0"/><Vertex X="27412" Y="27685" Z="0"/><Vertex X="27320" Y="27685" Z="0"/><Vertex X="27320" Y="27594" Z="0"/><Vertex X="27275" Y="27594" Z="0"/><Vertex X="27275" Y="27503" Z="0"/><Vertex X="27184" Y="27503" Z="0"/><Vertex X="27092" Y="27457" Z="0"/><Vertex X="27047" Y="27366" Z="0"/><Vertex X="26956" Y="27366" Z="0"/><Vertex X="26956" Y="27275" Z="0"/><Vertex X="26864" Y="27275" Z="0"/><Vertex X="26819" Y="27229" Z="0"/><Vertex X="26728" Y="27138" Z="0"/><Vertex X="26636" Y="27138" Z="0"/><Vertex X="26636" Y="27047" Z="0"/><Vertex X="26591" Y="27047" Z="0"/><Vertex X="26500" Y="27047" Z="0"/><Vertex X="26408" Y="27047" Z="0"/><Vertex X="26363" Y="27047" Z="0"/><Vertex X="26271" Y="27047" Z="0"/><Vertex X="26226" Y="27047" Z="0"/><Vertex X="26135" Y="27047" Z="0"/><Vertex X="26043" Y="27047" Z="0"/><Vertex X="25998" Y="27047" Z="0"/><Vertex X="25998" Y="27001" Z="0"/><Vertex X="25998" Y="27138" Z="0"/></Vertices></Region></Regions><Plots></Plots></Annotation></Annotations>
