<Annotations MicronsPerPixel="0.493400">
	<Annotation Id="1" Name="" ReadOnly="0" NameReadOnly="0" LineColorReadOnly="0" Incremental="0" Type="4" LineColor="65280" Visible="1" Selected="1" MarkupImagePath="" MacroName=""><Attributes></Attributes><Regions><RegionAttributeHeaders></RegionAttributeHeaders><Region Id="1" Type="0" Zoom="0.020313" Selected="0" ImageLocation="" ImageFocus="-1" Length="29068.0" Area="37311054.0" LengthMicrons="14342.1" AreaMicrons="9083136.1" Text="" NegativeROA="0" InputRegionId="0" Analyze="1" DisplayId="1"><Attributes></Attributes><Vertices><Vertex X="10141" Y="13637" Z="0"/><Vertex X="10092" Y="13637" Z="0"/><Vertex X="10092" Y="13588" Z="0"/><Vertex X="9993" Y="13588" Z="0"/><Vertex X="9944" Y="13588" Z="0"/><Vertex X="9796" Y="13588" Z="0"/><Vertex X="9649" Y="13588" Z="0"/><Vertex X="9599" Y="13588" Z="0"/><Vertex X="9501" Y="13588" Z="0"/><Vertex X="9353" Y="13637" Z="0"/><Vertex X="9206" Y="13637" Z="0"/><Vertex X="9107" Y="13637" Z="0"/><Vertex X="9009" Y="13637" Z="0"/><Vertex X="8959" Y="13637" Z="0"/><Vertex X="8861" Y="13637" Z="0"/><Vertex X="8713" Y="13686" Z="0"/><Vertex X="8615" Y="13686" Z="0"/><Vertex X="8566" Y="13686" Z="0"/><Vertex X="8418" Y="13686" Z="0"/><Vertex X="8418" Y="13784" Z="0"/><Vertex X="8270" Y="13784" Z="0"/><Vertex X="8172" Y="13784" Z="0"/><Vertex X="8073" Y="13784" Z="0"/><Vertex X="8073" Y="13883" Z="0"/><Vertex X="7975" Y="13883" Z="0"/><Vertex X="7926" Y="13883" Z="0"/><Vertex X="7926" Y="13932" Z="0"/><Vertex X="7827" Y="13932" Z="0"/><Vertex X="7778" Y="13932" Z="0"/><Vertex X="7778" Y="14031" Z="0"/><Vertex X="7679" Y="14031" Z="0"/><Vertex X="7679" Y="14080" Z="0"/><Vertex X="7581" Y="14178" Z="0"/><Vertex X="7581" Y="14277" Z="0"/><Vertex X="7581" Y="14326" Z="0"/><Vertex X="7483" Y="14474" Z="0"/><Vertex X="7483" Y="14671" Z="0"/><Vertex X="7483" Y="14818" Z="0"/><Vertex X="7433" Y="14868" Z="0"/><Vertex X="7433" Y="14966" Z="0"/><Vertex X="7433" Y="15064" Z="0"/><Vertex X="7433" Y="15163" Z="0"/><Vertex X="7335" Y="15163" Z="0"/><Vertex X="7335" Y="15261" Z="0"/><Vertex X="7335" Y="15311" Z="0"/><Vertex X="7335" Y="15409" Z="0"/><Vertex X="7335" Y="15508" Z="0"/><Vertex X="7335" Y="15557" Z="0"/><Vertex X="7335" Y="15655" Z="0"/><Vertex X="7236" Y="15754" Z="0"/><Vertex X="7236" Y="15803" Z="0"/><Vertex X="7236" Y="15901" Z="0"/><Vertex X="7236" Y="15951" Z="0"/><Vertex X="7236" Y="16049" Z="0"/><Vertex X="7138" Y="16148" Z="0"/><Vertex X="7138" Y="16246" Z="0"/><Vertex X="7138" Y="16344" Z="0"/><Vertex X="7089" Y="16344" Z="0"/><Vertex X="7089" Y="16443" Z="0"/><Vertex X="7089" Y="16492" Z="0"/><Vertex X="6990" Y="16591" Z="0"/><Vertex X="6990" Y="16689" Z="0"/><Vertex X="6990" Y="16788" Z="0"/><Vertex X="6892" Y="16788" Z="0"/><Vertex X="6892" Y="16886" Z="0"/><Vertex X="6892" Y="16935" Z="0"/><Vertex X="6892" Y="17083" Z="0"/><Vertex X="6892" Y="17181" Z="0"/><Vertex X="6892" Y="17231" Z="0"/><Vertex X="6892" Y="17329" Z="0"/><Vertex X="6892" Y="17428" Z="0"/><Vertex X="6892" Y="17477" Z="0"/><Vertex X="6892" Y="17575" Z="0"/><Vertex X="6892" Y="17624" Z="0"/><Vertex X="6892" Y="17723" Z="0"/><Vertex X="6892" Y="17821" Z="0"/><Vertex X="6892" Y="17871" Z="0"/><Vertex X="6892" Y="17969" Z="0"/><Vertex X="6941" Y="17969" Z="0"/><Vertex X="6941" Y="18068" Z="0"/><Vertex X="7039" Y="18166" Z="0"/><Vertex X="7039" Y="18264" Z="0"/><Vertex X="7039" Y="18314" Z="0"/><Vertex X="7039" Y="18412" Z="0"/><Vertex X="7089" Y="18412" Z="0"/><Vertex X="7089" Y="18511" Z="0"/><Vertex X="7089" Y="18609" Z="0"/><Vertex X="7089" Y="18708" Z="0"/><Vertex X="7089" Y="18757" Z="0"/><Vertex X="7089" Y="18855" Z="0"/><Vertex X="7089" Y="18954" Z="0"/><Vertex X="7089" Y="19003" Z="0"/><Vertex X="7187" Y="19003" Z="0"/><Vertex X="7187" Y="19101" Z="0"/><Vertex X="7187" Y="19151" Z="0"/><Vertex X="7187" Y="19249" Z="0"/><Vertex X="7286" Y="19348" Z="0"/><Vertex X="7286" Y="19397" Z="0"/><Vertex X="7286" Y="19544" Z="0"/><Vertex X="7286" Y="19692" Z="0"/><Vertex X="7384" Y="19791" Z="0"/><Vertex X="7384" Y="19840" Z="0"/><Vertex X="7384" Y="19938" Z="0"/><Vertex X="7384" Y="19988" Z="0"/><Vertex X="7384" Y="20086" Z="0"/><Vertex X="7433" Y="20086" Z="0"/><Vertex X="7433" Y="20184" Z="0"/><Vertex X="7433" Y="20234" Z="0"/><Vertex X="7433" Y="20332" Z="0"/><Vertex X="7433" Y="20381" Z="0"/><Vertex X="7433" Y="20480" Z="0"/><Vertex X="7433" Y="20578" Z="0"/><Vertex X="7433" Y="20628" Z="0"/><Vertex X="7433" Y="20726" Z="0"/><Vertex X="7433" Y="20775" Z="0"/><Vertex X="7384" Y="20874" Z="0"/><Vertex X="7384" Y="20972" Z="0"/><Vertex X="7335" Y="21071" Z="0"/><Vertex X="7335" Y="21120" Z="0"/><Vertex X="7335" Y="21218" Z="0"/><Vertex X="7335" Y="21268" Z="0"/><Vertex X="7236" Y="21268" Z="0"/><Vertex X="7236" Y="21366" Z="0"/><Vertex X="7236" Y="21464" Z="0"/><Vertex X="7138" Y="21514" Z="0"/><Vertex X="7138" Y="21612" Z="0"/><Vertex X="7138" Y="21711" Z="0"/><Vertex X="7089" Y="21711" Z="0"/><Vertex X="7089" Y="21760" Z="0"/><Vertex X="7089" Y="21858" Z="0"/><Vertex X="7089" Y="21908" Z="0"/><Vertex X="7089" Y="22006" Z="0"/><Vertex X="7089" Y="22104" Z="0"/><Vertex X="7089" Y="22154" Z="0"/><Vertex X="7187" Y="22252" Z="0"/><Vertex X="7187" Y="22351" Z="0"/><Vertex X="7286" Y="22351" Z="0"/><Vertex X="7286" Y="22400" Z="0"/><Vertex X="7286" Y="22498" Z="0"/><Vertex X="7335" Y="22498" Z="0"/><Vertex X="7335" Y="22548" Z="0"/><Vertex X="7433" Y="22646" Z="0"/><Vertex X="7433" Y="22744" Z="0"/><Vertex X="7532" Y="22744" Z="0"/><Vertex X="7532" Y="22794" Z="0"/><Vertex X="7581" Y="22794" Z="0"/><Vertex X="7581" Y="22892" Z="0"/><Vertex X="7679" Y="22892" Z="0"/><Vertex X="7778" Y="22991" Z="0"/><Vertex X="7778" Y="23040" Z="0"/><Vertex X="7827" Y="23040" Z="0"/><Vertex X="7827" Y="23138" Z="0"/><Vertex X="7926" Y="23138" Z="0"/><Vertex X="7926" Y="23237" Z="0"/><Vertex X="8024" Y="23237" Z="0"/><Vertex X="8024" Y="23286" Z="0"/><Vertex X="8073" Y="23286" Z="0"/><Vertex X="8073" Y="23384" Z="0"/><Vertex X="8172" Y="23384" Z="0"/><Vertex X="8172" Y="23434" Z="0"/><Vertex X="8270" Y="23532" Z="0"/><Vertex X="8270" Y="23631" Z="0"/><Vertex X="8319" Y="23631" Z="0"/><Vertex X="8319" Y="23680" Z="0"/><Vertex X="8418" Y="23680" Z="0"/><Vertex X="8467" Y="23778" Z="0"/><Vertex X="8566" Y="23778" Z="0"/><Vertex X="8566" Y="23877" Z="0"/><Vertex X="8664" Y="23877" Z="0"/><Vertex X="8713" Y="23877" Z="0"/><Vertex X="8812" Y="23877" Z="0"/><Vertex X="8861" Y="23877" Z="0"/><Vertex X="8959" Y="23975" Z="0"/><Vertex X="9058" Y="23975" Z="0"/><Vertex X="9107" Y="23975" Z="0"/><Vertex X="9206" Y="23975" Z="0"/><Vertex X="9304" Y="23975" Z="0"/><Vertex X="9353" Y="23975" Z="0"/><Vertex X="9452" Y="23926" Z="0"/><Vertex X="9550" Y="23926" Z="0"/><Vertex X="9599" Y="23926" Z="0"/><Vertex X="9599" Y="23827" Z="0"/><Vertex X="9698" Y="23827" Z="0"/><Vertex X="9747" Y="23827" Z="0"/><Vertex X="9846" Y="23827" Z="0"/><Vertex X="9846" Y="23778" Z="0"/><Vertex X="9944" Y="23778" Z="0"/><Vertex X="9993" Y="23778" Z="0"/><Vertex X="9993" Y="23680" Z="0"/><Vertex X="10092" Y="23581" Z="0"/><Vertex X="10190" Y="23581" Z="0"/><Vertex X="10190" Y="23532" Z="0"/><Vertex X="10239" Y="23532" Z="0"/><Vertex X="10239" Y="23434" Z="0"/><Vertex X="10338" Y="23434" Z="0"/><Vertex X="10338" Y="23335" Z="0"/><Vertex X="10436" Y="23286" Z="0"/><Vertex X="10486" Y="23286" Z="0"/><Vertex X="10486" Y="23187" Z="0"/><Vertex X="10584" Y="23187" Z="0"/><Vertex X="10584" Y="23089" Z="0"/><Vertex X="10633" Y="23089" Z="0"/><Vertex X="10633" Y="23040" Z="0"/><Vertex X="10732" Y="23040" Z="0"/><Vertex X="10732" Y="22941" Z="0"/><Vertex X="10830" Y="22843" Z="0"/><Vertex X="10830" Y="22794" Z="0"/><Vertex X="10879" Y="22794" Z="0"/><Vertex X="10879" Y="22695" Z="0"/><Vertex X="10978" Y="22695" Z="0"/><Vertex X="11076" Y="22597" Z="0"/><Vertex X="11175" Y="22548" Z="0"/><Vertex X="11175" Y="22449" Z="0"/><Vertex X="11224" Y="22449" Z="0"/><Vertex X="11224" Y="22351" Z="0"/><Vertex X="11224" Y="22301" Z="0"/><Vertex X="11323" Y="22301" Z="0"/><Vertex X="11323" Y="22154" Z="0"/><Vertex X="11323" Y="22104" Z="0"/><Vertex X="11372" Y="22104" Z="0"/><Vertex X="11372" Y="22006" Z="0"/><Vertex X="11372" Y="21908" Z="0"/><Vertex X="11372" Y="21858" Z="0"/><Vertex X="11372" Y="21760" Z="0"/><Vertex X="11372" Y="21711" Z="0"/><Vertex X="11372" Y="21612" Z="0"/><Vertex X="11372" Y="21514" Z="0"/><Vertex X="11372" Y="21464" Z="0"/><Vertex X="11372" Y="21317" Z="0"/><Vertex X="11372" Y="21268" Z="0"/><Vertex X="11372" Y="21169" Z="0"/><Vertex X="11372" Y="21071" Z="0"/><Vertex X="11372" Y="21021" Z="0"/><Vertex X="11372" Y="20923" Z="0"/><Vertex X="11372" Y="20874" Z="0"/><Vertex X="11273" Y="20874" Z="0"/><Vertex X="11273" Y="20726" Z="0"/><Vertex X="11273" Y="20628" Z="0"/><Vertex X="11273" Y="20578" Z="0"/><Vertex X="11175" Y="20480" Z="0"/><Vertex X="11175" Y="20381" Z="0"/><Vertex X="11175" Y="20332" Z="0"/><Vertex X="11076" Y="20184" Z="0"/><Vertex X="11076" Y="20086" Z="0"/><Vertex X="11076" Y="20037" Z="0"/><Vertex X="11027" Y="19938" Z="0"/><Vertex X="11027" Y="19840" Z="0"/><Vertex X="11027" Y="19791" Z="0"/><Vertex X="11027" Y="19692" Z="0"/><Vertex X="11027" Y="19643" Z="0"/><Vertex X="10929" Y="19643" Z="0"/><Vertex X="10929" Y="19544" Z="0"/><Vertex X="10929" Y="19446" Z="0"/><Vertex X="10929" Y="19397" Z="0"/><Vertex X="10929" Y="19298" Z="0"/><Vertex X="10929" Y="19249" Z="0"/><Vertex X="10929" Y="19151" Z="0"/><Vertex X="10929" Y="19052" Z="0"/><Vertex X="10929" Y="19003" Z="0"/><Vertex X="10929" Y="18904" Z="0"/><Vertex X="10929" Y="18855" Z="0"/><Vertex X="10929" Y="18757" Z="0"/><Vertex X="10929" Y="18658" Z="0"/><Vertex X="10978" Y="18658" Z="0"/><Vertex X="10978" Y="18609" Z="0"/><Vertex X="10978" Y="18511" Z="0"/><Vertex X="10978" Y="18461" Z="0"/><Vertex X="11027" Y="18363" Z="0"/><Vertex X="11027" Y="18264" Z="0"/><Vertex X="11027" Y="18215" Z="0"/><Vertex X="11027" Y="18117" Z="0"/><Vertex X="11027" Y="18018" Z="0"/><Vertex X="11027" Y="17969" Z="0"/><Vertex X="11027" Y="17871" Z="0"/><Vertex X="11027" Y="17821" Z="0"/><Vertex X="11027" Y="17723" Z="0"/><Vertex X="11027" Y="17624" Z="0"/><Vertex X="11027" Y="17575" Z="0"/><Vertex X="11027" Y="17477" Z="0"/><Vertex X="11027" Y="17428" Z="0"/><Vertex X="11027" Y="17329" Z="0"/><Vertex X="11027" Y="17231" Z="0"/><Vertex X="11027" Y="17181" Z="0"/><Vertex X="11027" Y="17083" Z="0"/><Vertex X="11027" Y="17034" Z="0"/><Vertex X="11027" Y="16935" Z="0"/><Vertex X="11027" Y="16837" Z="0"/><Vertex X="11027" Y="16788" Z="0"/><Vertex X="11027" Y="16689" Z="0"/><Vertex X="11027" Y="16640" Z="0"/><Vertex X="11027" Y="16541" Z="0"/><Vertex X="11027" Y="16443" Z="0"/><Vertex X="11027" Y="16394" Z="0"/><Vertex X="11027" Y="16295" Z="0"/><Vertex X="11027" Y="16246" Z="0"/><Vertex X="11027" Y="16148" Z="0"/><Vertex X="11027" Y="16049" Z="0"/><Vertex X="11027" Y="16000" Z="0"/><Vertex X="11027" Y="15901" Z="0"/><Vertex X="11027" Y="15852" Z="0"/><Vertex X="11027" Y="15704" Z="0"/><Vertex X="11027" Y="15606" Z="0"/><Vertex X="11027" Y="15557" Z="0"/><Vertex X="11027" Y="15458" Z="0"/><Vertex X="11027" Y="15360" Z="0"/><Vertex X="11027" Y="15311" Z="0"/><Vertex X="11027" Y="15212" Z="0"/><Vertex X="11027" Y="15114" Z="0"/><Vertex X="11027" Y="15015" Z="0"/><Vertex X="11027" Y="14917" Z="0"/><Vertex X="11027" Y="14868" Z="0"/><Vertex X="11027" Y="14769" Z="0"/><Vertex X="11027" Y="14720" Z="0"/><Vertex X="11027" Y="14621" Z="0"/><Vertex X="11027" Y="14523" Z="0"/><Vertex X="11027" Y="14474" Z="0"/><Vertex X="11027" Y="14375" Z="0"/><Vertex X="10929" Y="14375" Z="0"/><Vertex X="10929" Y="14326" Z="0"/><Vertex X="10929" Y="14228" Z="0"/><Vertex X="10879" Y="14228" Z="0"/><Vertex X="10879" Y="14129" Z="0"/><Vertex X="10781" Y="14129" Z="0"/><Vertex X="10781" Y="14080" Z="0"/><Vertex X="10683" Y="14080" Z="0"/><Vertex X="10683" Y="13981" Z="0"/><Vertex X="10633" Y="13981" Z="0"/><Vertex X="10633" Y="13932" Z="0"/><Vertex X="10535" Y="13932" Z="0"/><Vertex X="10535" Y="13834" Z="0"/><Vertex X="10486" Y="13834" Z="0"/><Vertex X="10387" Y="13834" Z="0"/><Vertex X="10387" Y="13735" Z="0"/><Vertex X="10289" Y="13735" Z="0"/><Vertex X="10289" Y="13686" Z="0"/><Vertex X="10141" Y="13637" Z="0"/></Vertices></Region><Region Id="2" Type="0" Zoom="0.020313" Selected="0" ImageLocation="" ImageFocus="-1" Length="29010.0" Area="28070507.5" LengthMicrons="14313.5" AreaMicrons="6833584.5" Text="" NegativeROA="0" InputRegionId="0" Analyze="1" DisplayId="2"><Attributes></Attributes><Vertices><Vertex X="21464" Y="11618" Z="0"/><Vertex X="21415" Y="11618" Z="0"/><Vertex X="21366" Y="11618" Z="0"/><Vertex X="21218" Y="11717" Z="0"/><Vertex X="21119" Y="11717" Z="0"/><Vertex X="21119" Y="11815" Z="0"/><Vertex X="21070" Y="11815" Z="0"/><Vertex X="20972" Y="11914" Z="0"/><Vertex X="20873" Y="11963" Z="0"/><Vertex X="20824" Y="11963" Z="0"/><Vertex X="20824" Y="12061" Z="0"/><Vertex X="20726" Y="12061" Z="0"/><Vertex X="20726" Y="12160" Z="0"/><Vertex X="20627" Y="12160" Z="0"/><Vertex X="20627" Y="12209" Z="0"/><Vertex X="20529" Y="12209" Z="0"/><Vertex X="20529" Y="12308" Z="0"/><Vertex X="20381" Y="12308" Z="0"/><Vertex X="20233" Y="12455" Z="0"/><Vertex X="20135" Y="12455" Z="0"/><Vertex X="20135" Y="12505" Z="0"/><Vertex X="20036" Y="12505" Z="0"/><Vertex X="19938" Y="12603" Z="0"/><Vertex X="19889" Y="12603" Z="0"/><Vertex X="19889" Y="12701" Z="0"/><Vertex X="19790" Y="12701" Z="0"/><Vertex X="19692" Y="12751" Z="0"/><Vertex X="19642" Y="12751" Z="0"/><Vertex X="19642" Y="12849" Z="0"/><Vertex X="19544" Y="12849" Z="0"/><Vertex X="19446" Y="12948" Z="0"/><Vertex X="19396" Y="12948" Z="0"/><Vertex X="19396" Y="12997" Z="0"/><Vertex X="19298" Y="12997" Z="0"/><Vertex X="19199" Y="13095" Z="0"/><Vertex X="19101" Y="13194" Z="0"/><Vertex X="19101" Y="13243" Z="0"/><Vertex X="19052" Y="13243" Z="0"/><Vertex X="19052" Y="13341" Z="0"/><Vertex X="19052" Y="13440" Z="0"/><Vertex X="19052" Y="13489" Z="0"/><Vertex X="19052" Y="13588" Z="0"/><Vertex X="19052" Y="13637" Z="0"/><Vertex X="19052" Y="13735" Z="0"/><Vertex X="19052" Y="13834" Z="0"/><Vertex X="19052" Y="13883" Z="0"/><Vertex X="18953" Y="13883" Z="0"/><Vertex X="18953" Y="13981" Z="0"/><Vertex X="18855" Y="14080" Z="0"/><Vertex X="18806" Y="14129" Z="0"/><Vertex X="18806" Y="14228" Z="0"/><Vertex X="18707" Y="14228" Z="0"/><Vertex X="18707" Y="14326" Z="0"/><Vertex X="18609" Y="14375" Z="0"/><Vertex X="18609" Y="14474" Z="0"/><Vertex X="18559" Y="14474" Z="0"/><Vertex X="18559" Y="14621" Z="0"/><Vertex X="18461" Y="14671" Z="0"/><Vertex X="18461" Y="14769" Z="0"/><Vertex X="18362" Y="14769" Z="0"/><Vertex X="18362" Y="14868" Z="0"/><Vertex X="18362" Y="14917" Z="0"/><Vertex X="18362" Y="15015" Z="0"/><Vertex X="18362" Y="15064" Z="0"/><Vertex X="18362" Y="15163" Z="0"/><Vertex X="18412" Y="15261" Z="0"/><Vertex X="18510" Y="15360" Z="0"/><Vertex X="18609" Y="15409" Z="0"/><Vertex X="18658" Y="15409" Z="0"/><Vertex X="18658" Y="15508" Z="0"/><Vertex X="18756" Y="15508" Z="0"/><Vertex X="18904" Y="15508" Z="0"/><Vertex X="19002" Y="15508" Z="0"/><Vertex X="19150" Y="15606" Z="0"/><Vertex X="19298" Y="15606" Z="0"/><Vertex X="19396" Y="15606" Z="0"/><Vertex X="19544" Y="15606" Z="0"/><Vertex X="19544" Y="15655" Z="0"/><Vertex X="19692" Y="15655" Z="0"/><Vertex X="19790" Y="15655" Z="0"/><Vertex X="19938" Y="15655" Z="0"/><Vertex X="20086" Y="15655" Z="0"/><Vertex X="20135" Y="15655" Z="0"/><Vertex X="20233" Y="15655" Z="0"/><Vertex X="20282" Y="15655" Z="0"/><Vertex X="20381" Y="15655" Z="0"/><Vertex X="20479" Y="15655" Z="0"/><Vertex X="20529" Y="15655" Z="0"/><Vertex X="20627" Y="15655" Z="0"/><Vertex X="20726" Y="15655" Z="0"/><Vertex X="20775" Y="15557" Z="0"/><Vertex X="20873" Y="15557" Z="0"/><Vertex X="21021" Y="15458" Z="0"/><Vertex X="21070" Y="15458" Z="0"/><Vertex X="21169" Y="15458" Z="0"/><Vertex X="21267" Y="15360" Z="0"/><Vertex X="21316" Y="15360" Z="0"/><Vertex X="21316" Y="15311" Z="0"/><Vertex X="21513" Y="15311" Z="0"/><Vertex X="21661" Y="15212" Z="0"/><Vertex X="21809" Y="15212" Z="0"/><Vertex X="21907" Y="15212" Z="0"/><Vertex X="21907" Y="15114" Z="0"/><Vertex X="22055" Y="15114" Z="0"/><Vertex X="22202" Y="15114" Z="0"/><Vertex X="22252" Y="15015" Z="0"/><Vertex X="22350" Y="15015" Z="0"/><Vertex X="22449" Y="15015" Z="0"/><Vertex X="22498" Y="14966" Z="0"/><Vertex X="22596" Y="14966" Z="0"/><Vertex X="22596" Y="14868" Z="0"/><Vertex X="22744" Y="14868" Z="0"/><Vertex X="22793" Y="14868" Z="0"/><Vertex X="22941" Y="14868" Z="0"/><Vertex X="22941" Y="14769" Z="0"/><Vertex X="23039" Y="14769" Z="0"/><Vertex X="23089" Y="14769" Z="0"/><Vertex X="23187" Y="14720" Z="0"/><Vertex X="23286" Y="14720" Z="0"/><Vertex X="23286" Y="14621" Z="0"/><Vertex X="23335" Y="14621" Z="0"/><Vertex X="23433" Y="14523" Z="0"/><Vertex X="23482" Y="14523" Z="0"/><Vertex X="23482" Y="14474" Z="0"/><Vertex X="23581" Y="14474" Z="0"/><Vertex X="23679" Y="14375" Z="0"/><Vertex X="23729" Y="14375" Z="0"/><Vertex X="23729" Y="14277" Z="0"/><Vertex X="23827" Y="14277" Z="0"/><Vertex X="23926" Y="14080" Z="0"/><Vertex X="24024" Y="14080" Z="0"/><Vertex X="24122" Y="13981" Z="0"/><Vertex X="24172" Y="13981" Z="0"/><Vertex X="24270" Y="13883" Z="0"/><Vertex X="24369" Y="13883" Z="0"/><Vertex X="24418" Y="13784" Z="0"/><Vertex X="24566" Y="13784" Z="0"/><Vertex X="24566" Y="13686" Z="0"/><Vertex X="24664" Y="13686" Z="0"/><Vertex X="24713" Y="13637" Z="0"/><Vertex X="24812" Y="13538" Z="0"/><Vertex X="24812" Y="13440" Z="0"/><Vertex X="24910" Y="13440" Z="0"/><Vertex X="24910" Y="13391" Z="0"/><Vertex X="24959" Y="13391" Z="0"/><Vertex X="24959" Y="13243" Z="0"/><Vertex X="25058" Y="13243" Z="0"/><Vertex X="25058" Y="13145" Z="0"/><Vertex X="25156" Y="13145" Z="0"/><Vertex X="25156" Y="13095" Z="0"/><Vertex X="25156" Y="12997" Z="0"/><Vertex X="25205" Y="12898" Z="0"/><Vertex X="25205" Y="12849" Z="0"/><Vertex X="25304" Y="12849" Z="0"/><Vertex X="25304" Y="12751" Z="0"/><Vertex X="25402" Y="12751" Z="0"/><Vertex X="25402" Y="12701" Z="0"/><Vertex X="25402" Y="12603" Z="0"/><Vertex X="25452" Y="12603" Z="0"/><Vertex X="25452" Y="12505" Z="0"/><Vertex X="25452" Y="12455" Z="0"/><Vertex X="25550" Y="12455" Z="0"/><Vertex X="25550" Y="12357" Z="0"/><Vertex X="25599" Y="12258" Z="0"/><Vertex X="25599" Y="12209" Z="0"/><Vertex X="25698" Y="12111" Z="0"/><Vertex X="25698" Y="12012" Z="0"/><Vertex X="25796" Y="11963" Z="0"/><Vertex X="25796" Y="11815" Z="0"/><Vertex X="25895" Y="11668" Z="0"/><Vertex X="25895" Y="11618" Z="0"/><Vertex X="25993" Y="11471" Z="0"/><Vertex X="25993" Y="11372" Z="0"/><Vertex X="25993" Y="11323" Z="0"/><Vertex X="26092" Y="11225" Z="0"/><Vertex X="26092" Y="11126" Z="0"/><Vertex X="26141" Y="11126" Z="0"/><Vertex X="26141" Y="11077" Z="0"/><Vertex X="26239" Y="11077" Z="0"/><Vertex X="26239" Y="10978" Z="0"/><Vertex X="26338" Y="10880" Z="0"/><Vertex X="26387" Y="10781" Z="0"/><Vertex X="26485" Y="10683" Z="0"/><Vertex X="26485" Y="10585" Z="0"/><Vertex X="26584" Y="10585" Z="0"/><Vertex X="26584" Y="10486" Z="0"/><Vertex X="26633" Y="10486" Z="0"/><Vertex X="26633" Y="10437" Z="0"/><Vertex X="26633" Y="10338" Z="0"/><Vertex X="26732" Y="10191" Z="0"/><Vertex X="26732" Y="10141" Z="0"/><Vertex X="26732" Y="10043" Z="0"/><Vertex X="26732" Y="9994" Z="0"/><Vertex X="26830" Y="9895" Z="0"/><Vertex X="26830" Y="9797" Z="0"/><Vertex X="26830" Y="9698" Z="0"/><Vertex X="26830" Y="9551" Z="0"/><Vertex X="26830" Y="9452" Z="0"/><Vertex X="26830" Y="9354" Z="0"/><Vertex X="26830" Y="9255" Z="0"/><Vertex X="26929" Y="9255" Z="0"/><Vertex X="26929" Y="9157" Z="0"/><Vertex X="26929" Y="9108" Z="0"/><Vertex X="26929" Y="9009" Z="0"/><Vertex X="26929" Y="8960" Z="0"/><Vertex X="26929" Y="8861" Z="0"/><Vertex X="26929" Y="8763" Z="0"/><Vertex X="26929" Y="8714" Z="0"/><Vertex X="26929" Y="8615" Z="0"/><Vertex X="26929" Y="8566" Z="0"/><Vertex X="26929" Y="8468" Z="0"/><Vertex X="26929" Y="8369" Z="0"/><Vertex X="26929" Y="8320" Z="0"/><Vertex X="26929" Y="8221" Z="0"/><Vertex X="26879" Y="8123" Z="0"/><Vertex X="26781" Y="8123" Z="0"/><Vertex X="26732" Y="8123" Z="0"/><Vertex X="26584" Y="8123" Z="0"/><Vertex X="26485" Y="8123" Z="0"/><Vertex X="26436" Y="8123" Z="0"/><Vertex X="26338" Y="8123" Z="0"/><Vertex X="26289" Y="8123" Z="0"/><Vertex X="26289" Y="8172" Z="0"/><Vertex X="26190" Y="8172" Z="0"/><Vertex X="26092" Y="8172" Z="0"/><Vertex X="26092" Y="8271" Z="0"/><Vertex X="26042" Y="8271" Z="0"/><Vertex X="25944" Y="8271" Z="0"/><Vertex X="25944" Y="8320" Z="0"/><Vertex X="25895" Y="8320" Z="0"/><Vertex X="25747" Y="8418" Z="0"/><Vertex X="25649" Y="8418" Z="0"/><Vertex X="25550" Y="8517" Z="0"/><Vertex X="25501" Y="8517" Z="0"/><Vertex X="25402" Y="8615" Z="0"/><Vertex X="25304" Y="8615" Z="0"/><Vertex X="25304" Y="8665" Z="0"/><Vertex X="25255" Y="8665" Z="0"/><Vertex X="25156" Y="8763" Z="0"/><Vertex X="25058" Y="8763" Z="0"/><Vertex X="25058" Y="8861" Z="0"/><Vertex X="25009" Y="8861" Z="0"/><Vertex X="25009" Y="8911" Z="0"/><Vertex X="24910" Y="8911" Z="0"/><Vertex X="24910" Y="9009" Z="0"/><Vertex X="24861" Y="9009" Z="0"/><Vertex X="24861" Y="9058" Z="0"/><Vertex X="24762" Y="9058" Z="0"/><Vertex X="24762" Y="9157" Z="0"/><Vertex X="24664" Y="9157" Z="0"/><Vertex X="24664" Y="9255" Z="0"/><Vertex X="24664" Y="9305" Z="0"/><Vertex X="24615" Y="9305" Z="0"/><Vertex X="24615" Y="9403" Z="0"/><Vertex X="24516" Y="9403" Z="0"/><Vertex X="24516" Y="9452" Z="0"/><Vertex X="24467" Y="9452" Z="0"/><Vertex X="24467" Y="9551" Z="0"/><Vertex X="24369" Y="9649" Z="0"/><Vertex X="24369" Y="9748" Z="0"/><Vertex X="24270" Y="9748" Z="0"/><Vertex X="24270" Y="9895" Z="0"/><Vertex X="24172" Y="9994" Z="0"/><Vertex X="24172" Y="10092" Z="0"/><Vertex X="24122" Y="10141" Z="0"/><Vertex X="24122" Y="10240" Z="0"/><Vertex X="24024" Y="10240" Z="0"/><Vertex X="24024" Y="10338" Z="0"/><Vertex X="23926" Y="10388" Z="0"/><Vertex X="23876" Y="10486" Z="0"/><Vertex X="23778" Y="10585" Z="0"/><Vertex X="23679" Y="10585" Z="0"/><Vertex X="23679" Y="10634" Z="0"/><Vertex X="23630" Y="10634" Z="0"/><Vertex X="23532" Y="10732" Z="0"/><Vertex X="23384" Y="10732" Z="0"/><Vertex X="23384" Y="10831" Z="0"/><Vertex X="23335" Y="10831" Z="0"/><Vertex X="23187" Y="10929" Z="0"/><Vertex X="23089" Y="10929" Z="0"/><Vertex X="23089" Y="10978" Z="0"/><Vertex X="23039" Y="10978" Z="0"/><Vertex X="22941" Y="11077" Z="0"/><Vertex X="22842" Y="11077" Z="0"/><Vertex X="22842" Y="11175" Z="0"/><Vertex X="22793" Y="11175" Z="0"/><Vertex X="22695" Y="11225" Z="0"/><Vertex X="22596" Y="11323" Z="0"/><Vertex X="22498" Y="11323" Z="0"/><Vertex X="22498" Y="11421" Z="0"/><Vertex X="22449" Y="11421" Z="0"/><Vertex X="22350" Y="11421" Z="0"/><Vertex X="22350" Y="11471" Z="0"/><Vertex X="22301" Y="11471" Z="0"/><Vertex X="22202" Y="11569" Z="0"/><Vertex X="22104" Y="11569" Z="0"/><Vertex X="22055" Y="11569" Z="0"/><Vertex X="21956" Y="11668" Z="0"/><Vertex X="21858" Y="11668" Z="0"/><Vertex X="21809" Y="11668" Z="0"/><Vertex X="21710" Y="11668" Z="0"/><Vertex X="21661" Y="11668" Z="0"/><Vertex X="21612" Y="11668" Z="0"/><Vertex X="21464" Y="11618" Z="0"/></Vertices></Region><Region Id="3" Type="0" Zoom="0.020313" Selected="0" ImageLocation="" ImageFocus="-1" Length="33237.9" Area="41966527.5" LengthMicrons="16399.6" AreaMicrons="10216481.2" Text="" NegativeROA="0" InputRegionId="0" Analyze="1" DisplayId="3"><Attributes></Attributes><Vertices><Vertex X="12258" Y="25304" Z="0"/><Vertex X="12209" Y="25304" Z="0"/><Vertex X="12110" Y="25304" Z="0"/><Vertex X="12012" Y="25304" Z="0"/><Vertex X="11963" Y="25304" Z="0"/><Vertex X="11815" Y="25354" Z="0"/><Vertex X="11667" Y="25354" Z="0"/><Vertex X="11569" Y="25354" Z="0"/><Vertex X="11569" Y="25452" Z="0"/><Vertex X="11421" Y="25452" Z="0"/><Vertex X="11323" Y="25452" Z="0"/><Vertex X="11323" Y="25501" Z="0"/><Vertex X="11273" Y="25501" Z="0"/><Vertex X="11273" Y="25600" Z="0"/><Vertex X="11175" Y="25600" Z="0"/><Vertex X="11175" Y="25698" Z="0"/><Vertex X="11126" Y="25698" Z="0"/><Vertex X="11126" Y="25747" Z="0"/><Vertex X="11027" Y="25846" Z="0"/><Vertex X="11027" Y="25895" Z="0"/><Vertex X="10929" Y="25895" Z="0"/><Vertex X="10929" Y="26043" Z="0"/><Vertex X="10879" Y="26043" Z="0"/><Vertex X="10879" Y="26191" Z="0"/><Vertex X="10781" Y="26191" Z="0"/><Vertex X="10781" Y="26338" Z="0"/><Vertex X="10732" Y="26338" Z="0"/><Vertex X="10732" Y="26437" Z="0"/><Vertex X="10633" Y="26535" Z="0"/><Vertex X="10633" Y="26634" Z="0"/><Vertex X="10535" Y="26634" Z="0"/><Vertex X="10535" Y="26732" Z="0"/><Vertex X="10535" Y="26880" Z="0"/><Vertex X="10486" Y="26880" Z="0"/><Vertex X="10486" Y="27027" Z="0"/><Vertex X="10486" Y="27126" Z="0"/><Vertex X="10486" Y="27274" Z="0"/><Vertex X="10387" Y="27274" Z="0"/><Vertex X="10387" Y="27372" Z="0"/><Vertex X="10387" Y="27471" Z="0"/><Vertex X="10387" Y="27569" Z="0"/><Vertex X="10289" Y="27667" Z="0"/><Vertex X="10289" Y="27717" Z="0"/><Vertex X="10289" Y="27815" Z="0"/><Vertex X="10289" Y="27864" Z="0"/><Vertex X="10289" Y="27963" Z="0"/><Vertex X="10289" Y="28061" Z="0"/><Vertex X="10289" Y="28111" Z="0"/><Vertex X="10289" Y="28209" Z="0"/><Vertex X="10239" Y="28209" Z="0"/><Vertex X="10239" Y="28258" Z="0"/><Vertex X="10239" Y="28357" Z="0"/><Vertex X="10239" Y="28455" Z="0"/><Vertex X="10141" Y="28504" Z="0"/><Vertex X="10141" Y="28603" Z="0"/><Vertex X="10141" Y="28701" Z="0"/><Vertex X="10043" Y="28751" Z="0"/><Vertex X="10043" Y="28849" Z="0"/><Vertex X="10043" Y="28947" Z="0"/><Vertex X="10043" Y="28997" Z="0"/><Vertex X="10043" Y="29095" Z="0"/><Vertex X="9944" Y="29144" Z="0"/><Vertex X="9944" Y="29243" Z="0"/><Vertex X="9944" Y="29341" Z="0"/><Vertex X="9944" Y="29391" Z="0"/><Vertex X="9944" Y="29489" Z="0"/><Vertex X="9895" Y="29489" Z="0"/><Vertex X="9895" Y="29637" Z="0"/><Vertex X="9895" Y="29686" Z="0"/><Vertex X="9895" Y="29784" Z="0"/><Vertex X="9895" Y="29883" Z="0"/><Vertex X="9895" Y="30080" Z="0"/><Vertex X="9895" Y="30178" Z="0"/><Vertex X="9895" Y="30227" Z="0"/><Vertex X="9895" Y="30375" Z="0"/><Vertex X="9895" Y="30474" Z="0"/><Vertex X="9895" Y="30523" Z="0"/><Vertex X="9895" Y="30621" Z="0"/><Vertex X="9895" Y="30671" Z="0"/><Vertex X="9895" Y="30769" Z="0"/><Vertex X="9895" Y="30867" Z="0"/><Vertex X="9895" Y="30917" Z="0"/><Vertex X="9895" Y="31015" Z="0"/><Vertex X="9895" Y="31064" Z="0"/><Vertex X="9895" Y="31163" Z="0"/><Vertex X="9895" Y="31311" Z="0"/><Vertex X="9895" Y="31360" Z="0"/><Vertex X="9895" Y="31458" Z="0"/><Vertex X="9895" Y="31557" Z="0"/><Vertex X="9895" Y="31606" Z="0"/><Vertex X="9796" Y="31704" Z="0"/><Vertex X="9796" Y="31754" Z="0"/><Vertex X="9796" Y="31852" Z="0"/><Vertex X="9796" Y="31950" Z="0"/><Vertex X="9796" Y="32000" Z="0"/><Vertex X="9698" Y="32000" Z="0"/><Vertex X="9698" Y="32098" Z="0"/><Vertex X="9698" Y="32246" Z="0"/><Vertex X="9698" Y="32295" Z="0"/><Vertex X="9698" Y="32394" Z="0"/><Vertex X="9698" Y="32443" Z="0"/><Vertex X="9698" Y="32541" Z="0"/><Vertex X="9649" Y="32541" Z="0"/><Vertex X="9649" Y="32640" Z="0"/><Vertex X="9649" Y="32689" Z="0"/><Vertex X="9649" Y="32787" Z="0"/><Vertex X="9649" Y="32886" Z="0"/><Vertex X="9550" Y="32886" Z="0"/><Vertex X="9550" Y="33034" Z="0"/><Vertex X="9550" Y="33132" Z="0"/><Vertex X="9550" Y="33181" Z="0"/><Vertex X="9550" Y="33280" Z="0"/><Vertex X="9550" Y="33329" Z="0"/><Vertex X="9452" Y="33329" Z="0"/><Vertex X="9452" Y="33427" Z="0"/><Vertex X="9452" Y="33526" Z="0"/><Vertex X="9452" Y="33575" Z="0"/><Vertex X="9452" Y="33674" Z="0"/><Vertex X="9452" Y="33821" Z="0"/><Vertex X="9452" Y="33870" Z="0"/><Vertex X="9452" Y="33969" Z="0"/><Vertex X="9452" Y="34018" Z="0"/><Vertex X="9452" Y="34117" Z="0"/><Vertex X="9452" Y="34264" Z="0"/><Vertex X="9452" Y="34314" Z="0"/><Vertex X="9452" Y="34461" Z="0"/><Vertex X="9452" Y="34510" Z="0"/><Vertex X="9403" Y="34510" Z="0"/><Vertex X="9403" Y="34658" Z="0"/><Vertex X="9403" Y="34757" Z="0"/><Vertex X="9304" Y="34757" Z="0"/><Vertex X="9304" Y="34806" Z="0"/><Vertex X="9304" Y="34904" Z="0"/><Vertex X="9304" Y="35003" Z="0"/><Vertex X="9255" Y="35003" Z="0"/><Vertex X="9255" Y="35052" Z="0"/><Vertex X="9255" Y="35150" Z="0"/><Vertex X="9255" Y="35200" Z="0"/><Vertex X="9255" Y="35298" Z="0"/><Vertex X="9255" Y="35397" Z="0"/><Vertex X="9255" Y="35446" Z="0"/><Vertex X="9156" Y="35446" Z="0"/><Vertex X="9156" Y="35544" Z="0"/><Vertex X="9156" Y="35594" Z="0"/><Vertex X="9156" Y="35692" Z="0"/><Vertex X="9058" Y="35790" Z="0"/><Vertex X="9058" Y="35889" Z="0"/><Vertex X="9009" Y="35889" Z="0"/><Vertex X="9009" Y="35987" Z="0"/><Vertex X="8910" Y="36086" Z="0"/><Vertex X="8910" Y="36135" Z="0"/><Vertex X="8910" Y="36234" Z="0"/><Vertex X="8910" Y="36332" Z="0"/><Vertex X="8910" Y="36381" Z="0"/><Vertex X="8910" Y="36480" Z="0"/><Vertex X="9009" Y="36480" Z="0"/><Vertex X="9009" Y="36529" Z="0"/><Vertex X="9107" Y="36529" Z="0"/><Vertex X="9107" Y="36627" Z="0"/><Vertex X="9156" Y="36627" Z="0"/><Vertex X="9255" Y="36627" Z="0"/><Vertex X="9255" Y="36726" Z="0"/><Vertex X="9304" Y="36726" Z="0"/><Vertex X="9403" Y="36726" Z="0"/><Vertex X="9550" Y="36726" Z="0"/><Vertex X="9649" Y="36726" Z="0"/><Vertex X="9796" Y="36726" Z="0"/><Vertex X="9944" Y="36726" Z="0"/><Vertex X="10092" Y="36726" Z="0"/><Vertex X="10239" Y="36726" Z="0"/><Vertex X="10387" Y="36726" Z="0"/><Vertex X="10436" Y="36726" Z="0"/><Vertex X="10535" Y="36726" Z="0"/><Vertex X="10683" Y="36726" Z="0"/><Vertex X="10781" Y="36726" Z="0"/><Vertex X="10879" Y="36726" Z="0"/><Vertex X="11027" Y="36726" Z="0"/><Vertex X="11076" Y="36726" Z="0"/><Vertex X="11076" Y="36775" Z="0"/><Vertex X="11224" Y="36775" Z="0"/><Vertex X="11273" Y="36775" Z="0"/><Vertex X="11372" Y="36775" Z="0"/><Vertex X="11470" Y="36775" Z="0"/><Vertex X="11519" Y="36775" Z="0"/><Vertex X="11618" Y="36775" Z="0"/><Vertex X="11766" Y="36775" Z="0"/><Vertex X="11815" Y="36775" Z="0"/><Vertex X="11913" Y="36775" Z="0"/><Vertex X="11963" Y="36775" Z="0"/><Vertex X="11963" Y="36874" Z="0"/><Vertex X="12061" Y="36874" Z="0"/><Vertex X="12159" Y="36874" Z="0"/><Vertex X="12209" Y="36874" Z="0"/><Vertex X="12307" Y="36874" Z="0"/><Vertex X="12356" Y="36874" Z="0"/><Vertex X="12455" Y="36874" Z="0"/><Vertex X="12455" Y="36824" Z="0"/><Vertex X="12603" Y="36824" Z="0"/><Vertex X="12701" Y="36824" Z="0"/><Vertex X="12701" Y="36775" Z="0"/><Vertex X="12799" Y="36775" Z="0"/><Vertex X="12898" Y="36775" Z="0"/><Vertex X="12898" Y="36677" Z="0"/><Vertex X="12947" Y="36677" Z="0"/><Vertex X="13046" Y="36578" Z="0"/><Vertex X="13095" Y="36578" Z="0"/><Vertex X="13095" Y="36529" Z="0"/><Vertex X="13193" Y="36529" Z="0"/><Vertex X="13193" Y="36430" Z="0"/><Vertex X="13292" Y="36430" Z="0"/><Vertex X="13292" Y="36332" Z="0"/><Vertex X="13341" Y="36283" Z="0"/><Vertex X="13341" Y="36184" Z="0"/><Vertex X="13439" Y="36184" Z="0"/><Vertex X="13439" Y="36086" Z="0"/><Vertex X="13538" Y="36086" Z="0"/><Vertex X="13538" Y="36037" Z="0"/><Vertex X="13538" Y="35938" Z="0"/><Vertex X="13538" Y="35889" Z="0"/><Vertex X="13587" Y="35790" Z="0"/><Vertex X="13587" Y="35692" Z="0"/><Vertex X="13587" Y="35643" Z="0"/><Vertex X="13587" Y="35544" Z="0"/><Vertex X="13587" Y="35446" Z="0"/><Vertex X="13587" Y="35397" Z="0"/><Vertex X="13587" Y="35298" Z="0"/><Vertex X="13686" Y="35200" Z="0"/><Vertex X="13686" Y="35150" Z="0"/><Vertex X="13686" Y="35003" Z="0"/><Vertex X="13686" Y="34954" Z="0"/><Vertex X="13784" Y="34806" Z="0"/><Vertex X="13784" Y="34707" Z="0"/><Vertex X="13784" Y="34658" Z="0"/><Vertex X="13784" Y="34560" Z="0"/><Vertex X="13784" Y="34461" Z="0"/><Vertex X="13784" Y="34412" Z="0"/><Vertex X="13784" Y="34314" Z="0"/><Vertex X="13784" Y="34264" Z="0"/><Vertex X="13784" Y="34166" Z="0"/><Vertex X="13784" Y="34067" Z="0"/><Vertex X="13784" Y="34018" Z="0"/><Vertex X="13784" Y="33920" Z="0"/><Vertex X="13784" Y="33870" Z="0"/><Vertex X="13784" Y="33723" Z="0"/><Vertex X="13784" Y="33624" Z="0"/><Vertex X="13784" Y="33526" Z="0"/><Vertex X="13784" Y="33427" Z="0"/><Vertex X="13784" Y="33280" Z="0"/><Vertex X="13784" Y="33230" Z="0"/><Vertex X="13784" Y="33083" Z="0"/><Vertex X="13784" Y="32935" Z="0"/><Vertex X="13784" Y="32837" Z="0"/><Vertex X="13784" Y="32689" Z="0"/><Vertex X="13784" Y="32640" Z="0"/><Vertex X="13735" Y="32640" Z="0"/><Vertex X="13735" Y="32541" Z="0"/><Vertex X="13735" Y="32394" Z="0"/><Vertex X="13686" Y="32246" Z="0"/><Vertex X="13686" Y="32147" Z="0"/><Vertex X="13686" Y="32000" Z="0"/><Vertex X="13587" Y="32000" Z="0"/><Vertex X="13587" Y="31852" Z="0"/><Vertex X="13587" Y="31754" Z="0"/><Vertex X="13489" Y="31655" Z="0"/><Vertex X="13489" Y="31557" Z="0"/><Vertex X="13489" Y="31507" Z="0"/><Vertex X="13489" Y="31409" Z="0"/><Vertex X="13390" Y="31311" Z="0"/><Vertex X="13390" Y="31261" Z="0"/><Vertex X="13390" Y="31163" Z="0"/><Vertex X="13390" Y="31114" Z="0"/><Vertex X="13390" Y="31015" Z="0"/><Vertex X="13390" Y="30917" Z="0"/><Vertex X="13390" Y="30867" Z="0"/><Vertex X="13390" Y="30769" Z="0"/><Vertex X="13390" Y="30720" Z="0"/><Vertex X="13341" Y="30720" Z="0"/><Vertex X="13341" Y="30621" Z="0"/><Vertex X="13341" Y="30523" Z="0"/><Vertex X="13341" Y="30474" Z="0"/><Vertex X="13341" Y="30326" Z="0"/><Vertex X="13341" Y="30178" Z="0"/><Vertex X="13341" Y="30129" Z="0"/><Vertex X="13341" Y="30031" Z="0"/><Vertex X="13341" Y="29981" Z="0"/><Vertex X="13341" Y="29883" Z="0"/><Vertex X="13243" Y="29883" Z="0"/><Vertex X="13243" Y="29735" Z="0"/><Vertex X="13243" Y="29637" Z="0"/><Vertex X="13243" Y="29538" Z="0"/><Vertex X="13243" Y="29440" Z="0"/><Vertex X="13243" Y="29341" Z="0"/><Vertex X="13243" Y="29292" Z="0"/><Vertex X="13243" Y="29194" Z="0"/><Vertex X="13243" Y="29144" Z="0"/><Vertex X="13243" Y="28997" Z="0"/><Vertex X="13243" Y="28898" Z="0"/><Vertex X="13243" Y="28800" Z="0"/><Vertex X="13243" Y="28652" Z="0"/><Vertex X="13243" Y="28554" Z="0"/><Vertex X="13243" Y="28504" Z="0"/><Vertex X="13243" Y="28406" Z="0"/><Vertex X="13292" Y="28307" Z="0"/><Vertex X="13292" Y="28258" Z="0"/><Vertex X="13292" Y="28160" Z="0"/><Vertex X="13292" Y="28111" Z="0"/><Vertex X="13390" Y="28111" Z="0"/><Vertex X="13390" Y="28012" Z="0"/><Vertex X="13390" Y="27914" Z="0"/><Vertex X="13439" Y="27864" Z="0"/><Vertex X="13439" Y="27766" Z="0"/><Vertex X="13439" Y="27667" Z="0"/><Vertex X="13538" Y="27667" Z="0"/><Vertex X="13538" Y="27618" Z="0"/><Vertex X="13538" Y="27520" Z="0"/><Vertex X="13538" Y="27471" Z="0"/><Vertex X="13636" Y="27471" Z="0"/><Vertex X="13636" Y="27372" Z="0"/><Vertex X="13636" Y="27274" Z="0"/><Vertex X="13686" Y="27224" Z="0"/><Vertex X="13686" Y="27126" Z="0"/><Vertex X="13686" Y="27027" Z="0"/><Vertex X="13686" Y="26978" Z="0"/><Vertex X="13686" Y="26880" Z="0"/><Vertex X="13784" Y="26781" Z="0"/><Vertex X="13784" Y="26732" Z="0"/><Vertex X="13784" Y="26634" Z="0"/><Vertex X="13784" Y="26584" Z="0"/><Vertex X="13784" Y="26437" Z="0"/><Vertex X="13784" Y="26338" Z="0"/><Vertex X="13784" Y="26289" Z="0"/><Vertex X="13784" Y="26191" Z="0"/><Vertex X="13784" Y="26141" Z="0"/><Vertex X="13784" Y="25994" Z="0"/><Vertex X="13784" Y="25895" Z="0"/><Vertex X="13784" Y="25846" Z="0"/><Vertex X="13735" Y="25747" Z="0"/><Vertex X="13735" Y="25649" Z="0"/><Vertex X="13686" Y="25600" Z="0"/><Vertex X="13686" Y="25501" Z="0"/><Vertex X="13587" Y="25501" Z="0"/><Vertex X="13587" Y="25403" Z="0"/><Vertex X="13489" Y="25403" Z="0"/><Vertex X="13489" Y="25354" Z="0"/><Vertex X="13439" Y="25354" Z="0"/><Vertex X="13341" Y="25255" Z="0"/><Vertex X="13243" Y="25255" Z="0"/><Vertex X="13193" Y="25157" Z="0"/><Vertex X="13095" Y="25157" Z="0"/><Vertex X="12996" Y="25157" Z="0"/><Vertex X="12947" Y="25157" Z="0"/><Vertex X="12849" Y="25157" Z="0"/><Vertex X="12799" Y="25157" Z="0"/><Vertex X="12799" Y="25206" Z="0"/><Vertex X="12701" Y="25206" Z="0"/><Vertex X="12603" Y="25206" Z="0"/><Vertex X="12603" Y="25255" Z="0"/><Vertex X="12553" Y="25255" Z="0"/><Vertex X="12455" Y="25354" Z="0"/><Vertex X="12356" Y="25354" Z="0"/><Vertex X="12356" Y="25452" Z="0"/><Vertex X="12307" Y="25452" Z="0"/><Vertex X="12258" Y="25304" Z="0"/></Vertices></Region><Region Id="4" Type="0" Zoom="0.020313" Selected="0" ImageLocation="" ImageFocus="-1" Length="37637.8" Area="50665157.0" LengthMicrons="18570.5" AreaMicrons="12334106.6" Text="" NegativeROA="0" InputRegionId="0" Analyze="1" DisplayId="4"><Attributes></Attributes><Vertices><Vertex X="19741" Y="18904" Z="0"/><Vertex X="19692" Y="18904" Z="0"/><Vertex X="19593" Y="18904" Z="0"/><Vertex X="19544" Y="18904" Z="0"/><Vertex X="19446" Y="18904" Z="0"/><Vertex X="19347" Y="18904" Z="0"/><Vertex X="19347" Y="19003" Z="0"/><Vertex X="19298" Y="19003" Z="0"/><Vertex X="19298" Y="19101" Z="0"/><Vertex X="19199" Y="19101" Z="0"/><Vertex X="19199" Y="19151" Z="0"/><Vertex X="19101" Y="19151" Z="0"/><Vertex X="19101" Y="19249" Z="0"/><Vertex X="19052" Y="19348" Z="0"/><Vertex X="19052" Y="19446" Z="0"/><Vertex X="18953" Y="19544" Z="0"/><Vertex X="18953" Y="19643" Z="0"/><Vertex X="18953" Y="19692" Z="0"/><Vertex X="18953" Y="19791" Z="0"/><Vertex X="18855" Y="19889" Z="0"/><Vertex X="18855" Y="19938" Z="0"/><Vertex X="18855" Y="20037" Z="0"/><Vertex X="18855" Y="20184" Z="0"/><Vertex X="18756" Y="20184" Z="0"/><Vertex X="18756" Y="20283" Z="0"/><Vertex X="18756" Y="20381" Z="0"/><Vertex X="18756" Y="20578" Z="0"/><Vertex X="18756" Y="20677" Z="0"/><Vertex X="18756" Y="20824" Z="0"/><Vertex X="18756" Y="20923" Z="0"/><Vertex X="18756" Y="21021" Z="0"/><Vertex X="18707" Y="21021" Z="0"/><Vertex X="18707" Y="21120" Z="0"/><Vertex X="18707" Y="21169" Z="0"/><Vertex X="18707" Y="21317" Z="0"/><Vertex X="18707" Y="21415" Z="0"/><Vertex X="18707" Y="21514" Z="0"/><Vertex X="18707" Y="21612" Z="0"/><Vertex X="18707" Y="21711" Z="0"/><Vertex X="18707" Y="21760" Z="0"/><Vertex X="18707" Y="21858" Z="0"/><Vertex X="18707" Y="21908" Z="0"/><Vertex X="18707" Y="22006" Z="0"/><Vertex X="18707" Y="22104" Z="0"/><Vertex X="18707" Y="22154" Z="0"/><Vertex X="18707" Y="22252" Z="0"/><Vertex X="18707" Y="22301" Z="0"/><Vertex X="18707" Y="22400" Z="0"/><Vertex X="18707" Y="22498" Z="0"/><Vertex X="18707" Y="22548" Z="0"/><Vertex X="18707" Y="22646" Z="0"/><Vertex X="18707" Y="22695" Z="0"/><Vertex X="18609" Y="22695" Z="0"/><Vertex X="18609" Y="22843" Z="0"/><Vertex X="18609" Y="22941" Z="0"/><Vertex X="18559" Y="22941" Z="0"/><Vertex X="18559" Y="22991" Z="0"/><Vertex X="18559" Y="23089" Z="0"/><Vertex X="18461" Y="23089" Z="0"/><Vertex X="18461" Y="23138" Z="0"/><Vertex X="18461" Y="23237" Z="0"/><Vertex X="18362" Y="23335" Z="0"/><Vertex X="18362" Y="23384" Z="0"/><Vertex X="18264" Y="23483" Z="0"/><Vertex X="18264" Y="23581" Z="0"/><Vertex X="18215" Y="23680" Z="0"/><Vertex X="18215" Y="23729" Z="0"/><Vertex X="18116" Y="23729" Z="0"/><Vertex X="18116" Y="23827" Z="0"/><Vertex X="18067" Y="23827" Z="0"/><Vertex X="18067" Y="23877" Z="0"/><Vertex X="17969" Y="23975" Z="0"/><Vertex X="17969" Y="24074" Z="0"/><Vertex X="17870" Y="24074" Z="0"/><Vertex X="17870" Y="24123" Z="0"/><Vertex X="17772" Y="24221" Z="0"/><Vertex X="17772" Y="24320" Z="0"/><Vertex X="17722" Y="24320" Z="0"/><Vertex X="17722" Y="24369" Z="0"/><Vertex X="17722" Y="24467" Z="0"/><Vertex X="17624" Y="24467" Z="0"/><Vertex X="17624" Y="24517" Z="0"/><Vertex X="17624" Y="24615" Z="0"/><Vertex X="17575" Y="24615" Z="0"/><Vertex X="17575" Y="24714" Z="0"/><Vertex X="17575" Y="24763" Z="0"/><Vertex X="17476" Y="24763" Z="0"/><Vertex X="17476" Y="24861" Z="0"/><Vertex X="17476" Y="24911" Z="0"/><Vertex X="17476" Y="25009" Z="0"/><Vertex X="17378" Y="25009" Z="0"/><Vertex X="17378" Y="25157" Z="0"/><Vertex X="17378" Y="25255" Z="0"/><Vertex X="17329" Y="25255" Z="0"/><Vertex X="17329" Y="25354" Z="0"/><Vertex X="17329" Y="25501" Z="0"/><Vertex X="17329" Y="25600" Z="0"/><Vertex X="17230" Y="25600" Z="0"/><Vertex X="17230" Y="25747" Z="0"/><Vertex X="17230" Y="25895" Z="0"/><Vertex X="17230" Y="25944" Z="0"/><Vertex X="17181" Y="25944" Z="0"/><Vertex X="17181" Y="26043" Z="0"/><Vertex X="17181" Y="26092" Z="0"/><Vertex X="17181" Y="26191" Z="0"/><Vertex X="17181" Y="26289" Z="0"/><Vertex X="17181" Y="26338" Z="0"/><Vertex X="17181" Y="26437" Z="0"/><Vertex X="17082" Y="26437" Z="0"/><Vertex X="17082" Y="26486" Z="0"/><Vertex X="17082" Y="26584" Z="0"/><Vertex X="17082" Y="26732" Z="0"/><Vertex X="16984" Y="26831" Z="0"/><Vertex X="16984" Y="26880" Z="0"/><Vertex X="16984" Y="26978" Z="0"/><Vertex X="16984" Y="27027" Z="0"/><Vertex X="16935" Y="27027" Z="0"/><Vertex X="16935" Y="27224" Z="0"/><Vertex X="16836" Y="27224" Z="0"/><Vertex X="16836" Y="27274" Z="0"/><Vertex X="16836" Y="27372" Z="0"/><Vertex X="16738" Y="27372" Z="0"/><Vertex X="16738" Y="27421" Z="0"/><Vertex X="16689" Y="27421" Z="0"/><Vertex X="16689" Y="27569" Z="0"/><Vertex X="16689" Y="27667" Z="0"/><Vertex X="16590" Y="27717" Z="0"/><Vertex X="16590" Y="27815" Z="0"/><Vertex X="16590" Y="27914" Z="0"/><Vertex X="16492" Y="28012" Z="0"/><Vertex X="16492" Y="28111" Z="0"/><Vertex X="16492" Y="28258" Z="0"/><Vertex X="16442" Y="28258" Z="0"/><Vertex X="16442" Y="28357" Z="0"/><Vertex X="16442" Y="28455" Z="0"/><Vertex X="16442" Y="28554" Z="0"/><Vertex X="16442" Y="28603" Z="0"/><Vertex X="16442" Y="28701" Z="0"/><Vertex X="16344" Y="28849" Z="0"/><Vertex X="16344" Y="28898" Z="0"/><Vertex X="16344" Y="29046" Z="0"/><Vertex X="16344" Y="29095" Z="0"/><Vertex X="16344" Y="29194" Z="0"/><Vertex X="16344" Y="29341" Z="0"/><Vertex X="16246" Y="29391" Z="0"/><Vertex X="16246" Y="29538" Z="0"/><Vertex X="16147" Y="29686" Z="0"/><Vertex X="16147" Y="29784" Z="0"/><Vertex X="16147" Y="29834" Z="0"/><Vertex X="16147" Y="29932" Z="0"/><Vertex X="16147" Y="29981" Z="0"/><Vertex X="16147" Y="30080" Z="0"/><Vertex X="16147" Y="30178" Z="0"/><Vertex X="16147" Y="30227" Z="0"/><Vertex X="16147" Y="30326" Z="0"/><Vertex X="16147" Y="30375" Z="0"/><Vertex X="16147" Y="30474" Z="0"/><Vertex X="16147" Y="30572" Z="0"/><Vertex X="16196" Y="30572" Z="0"/><Vertex X="16196" Y="30621" Z="0"/><Vertex X="16196" Y="30720" Z="0"/><Vertex X="16246" Y="30818" Z="0"/><Vertex X="16246" Y="30917" Z="0"/><Vertex X="16344" Y="30917" Z="0"/><Vertex X="16344" Y="31064" Z="0"/><Vertex X="16442" Y="31163" Z="0"/><Vertex X="16442" Y="31212" Z="0"/><Vertex X="16492" Y="31212" Z="0"/><Vertex X="16492" Y="31311" Z="0"/><Vertex X="16590" Y="31311" Z="0"/><Vertex X="16689" Y="31311" Z="0"/><Vertex X="16689" Y="31360" Z="0"/><Vertex X="16738" Y="31360" Z="0"/><Vertex X="16836" Y="31458" Z="0"/><Vertex X="16935" Y="31458" Z="0"/><Vertex X="16935" Y="31557" Z="0"/><Vertex X="16984" Y="31557" Z="0"/><Vertex X="17082" Y="31557" Z="0"/><Vertex X="17082" Y="31606" Z="0"/><Vertex X="17132" Y="31606" Z="0"/><Vertex X="17279" Y="31606" Z="0"/><Vertex X="17378" Y="31606" Z="0"/><Vertex X="17427" Y="31606" Z="0"/><Vertex X="17526" Y="31606" Z="0"/><Vertex X="17575" Y="31606" Z="0"/><Vertex X="17673" Y="31606" Z="0"/><Vertex X="17772" Y="31606" Z="0"/><Vertex X="17870" Y="31606" Z="0"/><Vertex X="17969" Y="31606" Z="0"/><Vertex X="18018" Y="31606" Z="0"/><Vertex X="18116" Y="31606" Z="0"/><Vertex X="18215" Y="31606" Z="0"/><Vertex X="18264" Y="31606" Z="0"/><Vertex X="18362" Y="31606" Z="0"/><Vertex X="18461" Y="31606" Z="0"/><Vertex X="18510" Y="31606" Z="0"/><Vertex X="18609" Y="31606" Z="0"/><Vertex X="18658" Y="31606" Z="0"/><Vertex X="18756" Y="31606" Z="0"/><Vertex X="18855" Y="31507" Z="0"/><Vertex X="19002" Y="31507" Z="0"/><Vertex X="19052" Y="31409" Z="0"/><Vertex X="19150" Y="31409" Z="0"/><Vertex X="19199" Y="31409" Z="0"/><Vertex X="19199" Y="31311" Z="0"/><Vertex X="19298" Y="31311" Z="0"/><Vertex X="19396" Y="31311" Z="0"/><Vertex X="19396" Y="31261" Z="0"/><Vertex X="19446" Y="31261" Z="0"/><Vertex X="19544" Y="31261" Z="0"/><Vertex X="19544" Y="31163" Z="0"/><Vertex X="19593" Y="31163" Z="0"/><Vertex X="19692" Y="31163" Z="0"/><Vertex X="19692" Y="31114" Z="0"/><Vertex X="19790" Y="31114" Z="0"/><Vertex X="19839" Y="31015" Z="0"/><Vertex X="19938" Y="31015" Z="0"/><Vertex X="19938" Y="30917" Z="0"/><Vertex X="20036" Y="30917" Z="0"/><Vertex X="20036" Y="30867" Z="0"/><Vertex X="20086" Y="30867" Z="0"/><Vertex X="20086" Y="30769" Z="0"/><Vertex X="20184" Y="30769" Z="0"/><Vertex X="20184" Y="30671" Z="0"/><Vertex X="20233" Y="30671" Z="0"/><Vertex X="20332" Y="30621" Z="0"/><Vertex X="20430" Y="30523" Z="0"/><Vertex X="20578" Y="30424" Z="0"/><Vertex X="20627" Y="30424" Z="0"/><Vertex X="20627" Y="30326" Z="0"/><Vertex X="20726" Y="30326" Z="0"/><Vertex X="20726" Y="30277" Z="0"/><Vertex X="20726" Y="30178" Z="0"/><Vertex X="20824" Y="30178" Z="0"/><Vertex X="20824" Y="30129" Z="0"/><Vertex X="20824" Y="30031" Z="0"/><Vertex X="20824" Y="29932" Z="0"/><Vertex X="20824" Y="29883" Z="0"/><Vertex X="20824" Y="29784" Z="0"/><Vertex X="20824" Y="29735" Z="0"/><Vertex X="20824" Y="29637" Z="0"/><Vertex X="20824" Y="29538" Z="0"/><Vertex X="20824" Y="29489" Z="0"/><Vertex X="20824" Y="29391" Z="0"/><Vertex X="20824" Y="29341" Z="0"/><Vertex X="20824" Y="29243" Z="0"/><Vertex X="20775" Y="29144" Z="0"/><Vertex X="20775" Y="29095" Z="0"/><Vertex X="20775" Y="28997" Z="0"/><Vertex X="20775" Y="28898" Z="0"/><Vertex X="20775" Y="28849" Z="0"/><Vertex X="20775" Y="28751" Z="0"/><Vertex X="20775" Y="28701" Z="0"/><Vertex X="20676" Y="28701" Z="0"/><Vertex X="20676" Y="28603" Z="0"/><Vertex X="20676" Y="28504" Z="0"/><Vertex X="20676" Y="28455" Z="0"/><Vertex X="20676" Y="28307" Z="0"/><Vertex X="20676" Y="28258" Z="0"/><Vertex X="20627" Y="28258" Z="0"/><Vertex X="20627" Y="28160" Z="0"/><Vertex X="20627" Y="28061" Z="0"/><Vertex X="20627" Y="28012" Z="0"/><Vertex X="20627" Y="27864" Z="0"/><Vertex X="20627" Y="27815" Z="0"/><Vertex X="20627" Y="27717" Z="0"/><Vertex X="20627" Y="27569" Z="0"/><Vertex X="20726" Y="27471" Z="0"/><Vertex X="20726" Y="27421" Z="0"/><Vertex X="20824" Y="27323" Z="0"/><Vertex X="20824" Y="27224" Z="0"/><Vertex X="20922" Y="27224" Z="0"/><Vertex X="20922" Y="27175" Z="0"/><Vertex X="20922" Y="27077" Z="0"/><Vertex X="20972" Y="26978" Z="0"/><Vertex X="20972" Y="26929" Z="0"/><Vertex X="20972" Y="26831" Z="0"/><Vertex X="20972" Y="26781" Z="0"/><Vertex X="20972" Y="26683" Z="0"/><Vertex X="20972" Y="26584" Z="0"/><Vertex X="21070" Y="26535" Z="0"/><Vertex X="21070" Y="26437" Z="0"/><Vertex X="21070" Y="26338" Z="0"/><Vertex X="21169" Y="26338" Z="0"/><Vertex X="21169" Y="26289" Z="0"/><Vertex X="21169" Y="26191" Z="0"/><Vertex X="21956" Y="24418" Z="0"/><Vertex X="21956" Y="24320" Z="0"/><Vertex X="21956" Y="24271" Z="0"/><Vertex X="21956" Y="24123" Z="0"/><Vertex X="22055" Y="24024" Z="0"/><Vertex X="22055" Y="23926" Z="0"/><Vertex X="22104" Y="23877" Z="0"/><Vertex X="22104" Y="23778" Z="0"/><Vertex X="22104" Y="23631" Z="0"/><Vertex X="22202" Y="23631" Z="0"/><Vertex X="22202" Y="23581" Z="0"/><Vertex X="22202" Y="23483" Z="0"/><Vertex X="22202" Y="23434" Z="0"/><Vertex X="22301" Y="23434" Z="0"/><Vertex X="22301" Y="23335" Z="0"/><Vertex X="22301" Y="23187" Z="0"/><Vertex X="22350" Y="23187" Z="0"/><Vertex X="22350" Y="23138" Z="0"/><Vertex X="22449" Y="23040" Z="0"/><Vertex X="22449" Y="22941" Z="0"/><Vertex X="22547" Y="22941" Z="0"/><Vertex X="22547" Y="22892" Z="0"/><Vertex X="22596" Y="22892" Z="0"/><Vertex X="22596" Y="22794" Z="0"/><Vertex X="22695" Y="22695" Z="0"/><Vertex X="22793" Y="22646" Z="0"/><Vertex X="22793" Y="22548" Z="0"/><Vertex X="22842" Y="22548" Z="0"/><Vertex X="22842" Y="22449" Z="0"/><Vertex X="22941" Y="22449" Z="0"/><Vertex X="22941" Y="22400" Z="0"/><Vertex X="23039" Y="22400" Z="0"/><Vertex X="23039" Y="22301" Z="0"/><Vertex X="23089" Y="22301" Z="0"/><Vertex X="23089" Y="22252" Z="0"/><Vertex X="23187" Y="22154" Z="0"/><Vertex X="23187" Y="22055" Z="0"/><Vertex X="23286" Y="22055" Z="0"/><Vertex X="23286" Y="22006" Z="0"/><Vertex X="23335" Y="21908" Z="0"/><Vertex X="23335" Y="21809" Z="0"/><Vertex X="23433" Y="21711" Z="0"/><Vertex X="23433" Y="21661" Z="0"/><Vertex X="23433" Y="21563" Z="0"/><Vertex X="23532" Y="21563" Z="0"/><Vertex X="23532" Y="21514" Z="0"/><Vertex X="23630" Y="21366" Z="0"/><Vertex X="23630" Y="21268" Z="0"/><Vertex X="23679" Y="21218" Z="0"/><Vertex X="23679" Y="21071" Z="0"/><Vertex X="23679" Y="20972" Z="0"/><Vertex X="23679" Y="20923" Z="0"/><Vertex X="23679" Y="20824" Z="0"/><Vertex X="23679" Y="20726" Z="0"/><Vertex X="23581" Y="20628" Z="0"/><Vertex X="23482" Y="20578" Z="0"/><Vertex X="23384" Y="20480" Z="0"/><Vertex X="23335" Y="20381" Z="0"/><Vertex X="23236" Y="20283" Z="0"/><Vertex X="23138" Y="20283" Z="0"/><Vertex X="23138" Y="20234" Z="0"/><Vertex X="22990" Y="20234" Z="0"/><Vertex X="22892" Y="20135" Z="0"/><Vertex X="22744" Y="20135" Z="0"/><Vertex X="22596" Y="20037" Z="0"/><Vertex X="22498" Y="20037" Z="0"/><Vertex X="22399" Y="20037" Z="0"/><Vertex X="22252" Y="19938" Z="0"/><Vertex X="22153" Y="19938" Z="0"/><Vertex X="22006" Y="19889" Z="0"/><Vertex X="21858" Y="19889" Z="0"/><Vertex X="21710" Y="19889" Z="0"/><Vertex X="21661" Y="19889" Z="0"/><Vertex X="21562" Y="19791" Z="0"/><Vertex X="21464" Y="19791" Z="0"/><Vertex X="21415" Y="19791" Z="0"/><Vertex X="21415" Y="19692" Z="0"/><Vertex X="21267" Y="19692" Z="0"/><Vertex X="21218" Y="19692" Z="0"/><Vertex X="21119" Y="19692" Z="0"/><Vertex X="21119" Y="19643" Z="0"/><Vertex X="21021" Y="19643" Z="0"/><Vertex X="20972" Y="19643" Z="0"/><Vertex X="20972" Y="19544" Z="0"/><Vertex X="20873" Y="19544" Z="0"/><Vertex X="20873" Y="19446" Z="0"/><Vertex X="20824" Y="19446" Z="0"/><Vertex X="20824" Y="19397" Z="0"/><Vertex X="20726" Y="19397" Z="0"/><Vertex X="20726" Y="19298" Z="0"/><Vertex X="20627" Y="19298" Z="0"/><Vertex X="20627" Y="19249" Z="0"/><Vertex X="20578" Y="19249" Z="0"/><Vertex X="20479" Y="19151" Z="0"/><Vertex X="20381" Y="19151" Z="0"/><Vertex X="20381" Y="19052" Z="0"/><Vertex X="20332" Y="19052" Z="0"/><Vertex X="20233" Y="18954" Z="0"/><Vertex X="20135" Y="18954" Z="0"/><Vertex X="20086" Y="18904" Z="0"/><Vertex X="19987" Y="18904" Z="0"/><Vertex X="19938" Y="18904" Z="0"/><Vertex X="19889" Y="18904" Z="0"/><Vertex X="19741" Y="18904" Z="0"/></Vertices></Region><Region Id="5" Type="0" Zoom="0.020313" Selected="0" ImageLocation="" ImageFocus="-1" Length="38757.4" Area="52567032.0" LengthMicrons="19122.9" AreaMicrons="12797105.8" Text="" NegativeROA="0" InputRegionId="0" Analyze="1" DisplayId="5"><Attributes></Attributes><Vertices><Vertex X="38892" Y="5071" Z="0"/><Vertex X="38842" Y="5071" Z="0"/><Vertex X="38793" Y="5071" Z="0"/><Vertex X="38695" Y="5071" Z="0"/><Vertex X="38695" Y="5120" Z="0"/><Vertex X="38547" Y="5120" Z="0"/><Vertex X="38498" Y="5120" Z="0"/><Vertex X="38498" Y="5169" Z="0"/><Vertex X="38399" Y="5169" Z="0"/><Vertex X="38301" Y="5268" Z="0"/><Vertex X="38301" Y="5366" Z="0"/><Vertex X="38202" Y="5366" Z="0"/><Vertex X="38104" Y="5415" Z="0"/><Vertex X="38005" Y="5514" Z="0"/><Vertex X="38005" Y="5612" Z="0"/><Vertex X="37956" Y="5612" Z="0"/><Vertex X="37956" Y="5711" Z="0"/><Vertex X="37808" Y="5908" Z="0"/><Vertex X="37710" Y="6006" Z="0"/><Vertex X="37710" Y="6105" Z="0"/><Vertex X="37562" Y="6203" Z="0"/><Vertex X="37464" Y="6252" Z="0"/><Vertex X="37464" Y="6351" Z="0"/><Vertex X="37316" Y="6449" Z="0"/><Vertex X="37316" Y="6548" Z="0"/><Vertex X="37267" Y="6548" Z="0"/><Vertex X="37267" Y="6646" Z="0"/><Vertex X="37168" Y="6794" Z="0"/><Vertex X="37168" Y="6892" Z="0"/><Vertex X="37168" Y="6941" Z="0"/><Vertex X="37070" Y="7138" Z="0"/><Vertex X="37070" Y="7237" Z="0"/><Vertex X="36972" Y="7335" Z="0"/><Vertex X="36972" Y="7434" Z="0"/><Vertex X="36922" Y="7483" Z="0"/><Vertex X="36922" Y="7581" Z="0"/><Vertex X="36824" Y="7680" Z="0"/><Vertex X="36824" Y="7729" Z="0"/><Vertex X="36725" Y="7926" Z="0"/><Vertex X="36725" Y="8025" Z="0"/><Vertex X="36627" Y="8172" Z="0"/><Vertex X="36627" Y="8271" Z="0"/><Vertex X="36627" Y="8320" Z="0"/><Vertex X="36578" Y="8320" Z="0"/><Vertex X="36578" Y="8418" Z="0"/><Vertex X="36578" Y="8517" Z="0"/><Vertex X="36479" Y="8517" Z="0"/><Vertex X="36479" Y="8615" Z="0"/><Vertex X="36479" Y="8714" Z="0"/><Vertex X="36479" Y="8812" Z="0"/><Vertex X="36381" Y="8812" Z="0"/><Vertex X="36381" Y="8861" Z="0"/><Vertex X="36381" Y="8960" Z="0"/><Vertex X="36282" Y="9108" Z="0"/><Vertex X="36282" Y="9206" Z="0"/><Vertex X="36233" Y="9354" Z="0"/><Vertex X="36233" Y="9452" Z="0"/><Vertex X="36135" Y="9452" Z="0"/><Vertex X="36135" Y="9501" Z="0"/><Vertex X="36036" Y="9649" Z="0"/><Vertex X="36036" Y="9748" Z="0"/><Vertex X="35938" Y="9797" Z="0"/><Vertex X="35938" Y="9895" Z="0"/><Vertex X="35888" Y="9994" Z="0"/><Vertex X="35888" Y="10043" Z="0"/><Vertex X="35888" Y="10141" Z="0"/><Vertex X="35790" Y="10141" Z="0"/><Vertex X="35790" Y="10240" Z="0"/><Vertex X="35790" Y="10338" Z="0"/><Vertex X="35692" Y="10338" Z="0"/><Vertex X="35692" Y="10437" Z="0"/><Vertex X="35692" Y="10585" Z="0"/><Vertex X="35593" Y="10683" Z="0"/><Vertex X="35593" Y="10831" Z="0"/><Vertex X="35593" Y="10929" Z="0"/><Vertex X="35593" Y="10978" Z="0"/><Vertex X="35593" Y="11077" Z="0"/><Vertex X="35593" Y="11175" Z="0"/><Vertex X="35593" Y="11274" Z="0"/><Vertex X="35593" Y="11421" Z="0"/><Vertex X="35593" Y="11471" Z="0"/><Vertex X="35593" Y="11569" Z="0"/><Vertex X="35593" Y="11668" Z="0"/><Vertex X="35593" Y="11717" Z="0"/><Vertex X="35593" Y="11815" Z="0"/><Vertex X="35593" Y="11865" Z="0"/><Vertex X="35593" Y="11963" Z="0"/><Vertex X="35593" Y="12061" Z="0"/><Vertex X="35593" Y="12111" Z="0"/><Vertex X="35593" Y="12209" Z="0"/><Vertex X="35593" Y="12258" Z="0"/><Vertex X="35593" Y="12357" Z="0"/><Vertex X="35593" Y="12455" Z="0"/><Vertex X="35593" Y="12554" Z="0"/><Vertex X="35544" Y="12554" Z="0"/><Vertex X="35544" Y="12652" Z="0"/><Vertex X="35544" Y="12701" Z="0"/><Vertex X="35445" Y="12701" Z="0"/><Vertex X="35445" Y="12849" Z="0"/><Vertex X="35347" Y="12997" Z="0"/><Vertex X="35347" Y="13046" Z="0"/><Vertex X="35298" Y="13046" Z="0"/><Vertex X="35298" Y="13145" Z="0"/><Vertex X="35199" Y="13243" Z="0"/><Vertex X="35199" Y="13292" Z="0"/><Vertex X="35101" Y="13292" Z="0"/><Vertex X="35101" Y="13391" Z="0"/><Vertex X="35052" Y="13489" Z="0"/><Vertex X="35052" Y="13637" Z="0"/><Vertex X="34953" Y="13637" Z="0"/><Vertex X="34953" Y="13686" Z="0"/><Vertex X="34855" Y="13784" Z="0"/><Vertex X="34805" Y="13834" Z="0"/><Vertex X="34805" Y="13932" Z="0"/><Vertex X="34805" Y="14031" Z="0"/><Vertex X="34805" Y="14080" Z="0"/><Vertex X="34707" Y="14178" Z="0"/><Vertex X="34707" Y="14277" Z="0"/><Vertex X="34707" Y="14375" Z="0"/><Vertex X="34608" Y="14523" Z="0"/><Vertex X="34608" Y="14671" Z="0"/><Vertex X="34608" Y="14720" Z="0"/><Vertex X="34510" Y="14720" Z="0"/><Vertex X="34510" Y="14818" Z="0"/><Vertex X="34510" Y="14917" Z="0"/><Vertex X="34510" Y="14966" Z="0"/><Vertex X="34461" Y="14966" Z="0"/><Vertex X="34461" Y="15064" Z="0"/><Vertex X="34461" Y="15114" Z="0"/><Vertex X="34362" Y="15114" Z="0"/><Vertex X="34362" Y="15261" Z="0"/><Vertex X="34362" Y="15360" Z="0"/><Vertex X="34313" Y="15360" Z="0"/><Vertex X="34313" Y="15409" Z="0"/><Vertex X="34215" Y="15557" Z="0"/><Vertex X="34116" Y="15704" Z="0"/><Vertex X="34018" Y="15803" Z="0"/><Vertex X="34018" Y="15852" Z="0"/><Vertex X="34018" Y="15951" Z="0"/><Vertex X="33968" Y="15951" Z="0"/><Vertex X="33968" Y="16098" Z="0"/><Vertex X="33968" Y="16148" Z="0"/><Vertex X="33870" Y="16148" Z="0"/><Vertex X="33870" Y="16246" Z="0"/><Vertex X="33772" Y="16344" Z="0"/><Vertex X="33772" Y="16394" Z="0"/><Vertex X="33722" Y="16394" Z="0"/><Vertex X="33722" Y="16541" Z="0"/><Vertex X="33624" Y="16640" Z="0"/><Vertex X="33624" Y="16689" Z="0"/><Vertex X="33525" Y="16689" Z="0"/><Vertex X="33525" Y="16788" Z="0"/><Vertex X="33427" Y="16886" Z="0"/><Vertex X="33427" Y="16935" Z="0"/><Vertex X="33427" Y="17034" Z="0"/><Vertex X="33427" Y="17083" Z="0"/><Vertex X="33427" Y="17181" Z="0"/><Vertex X="33427" Y="17280" Z="0"/><Vertex X="33427" Y="17329" Z="0"/><Vertex X="33427" Y="17428" Z="0"/><Vertex X="33427" Y="17477" Z="0"/><Vertex X="33427" Y="17575" Z="0"/><Vertex X="33476" Y="17575" Z="0"/><Vertex X="33476" Y="17723" Z="0"/><Vertex X="33575" Y="17772" Z="0"/><Vertex X="33575" Y="17871" Z="0"/><Vertex X="33673" Y="17969" Z="0"/><Vertex X="33673" Y="18018" Z="0"/><Vertex X="33722" Y="18117" Z="0"/><Vertex X="33821" Y="18215" Z="0"/><Vertex X="33919" Y="18215" Z="0"/><Vertex X="33919" Y="18314" Z="0"/><Vertex X="34018" Y="18314" Z="0"/><Vertex X="34116" Y="18363" Z="0"/><Vertex X="34264" Y="18461" Z="0"/><Vertex X="34362" Y="18461" Z="0"/><Vertex X="34362" Y="18560" Z="0"/><Vertex X="34412" Y="18560" Z="0"/><Vertex X="34510" Y="18560" Z="0"/><Vertex X="34608" Y="18560" Z="0"/><Vertex X="34608" Y="18609" Z="0"/><Vertex X="34707" Y="18609" Z="0"/><Vertex X="34805" Y="18609" Z="0"/><Vertex X="34904" Y="18609" Z="0"/><Vertex X="35052" Y="18609" Z="0"/><Vertex X="35150" Y="18609" Z="0"/><Vertex X="35199" Y="18609" Z="0"/><Vertex X="35298" Y="18609" Z="0"/><Vertex X="35396" Y="18609" Z="0"/><Vertex X="35495" Y="18609" Z="0"/><Vertex X="35642" Y="18609" Z="0"/><Vertex X="35741" Y="18609" Z="0"/><Vertex X="35839" Y="18609" Z="0"/><Vertex X="35938" Y="18609" Z="0"/><Vertex X="36085" Y="18511" Z="0"/><Vertex X="36184" Y="18511" Z="0"/><Vertex X="36233" Y="18511" Z="0"/><Vertex X="36381" Y="18511" Z="0"/><Vertex X="36430" Y="18511" Z="0"/><Vertex X="36528" Y="18511" Z="0"/><Vertex X="36627" Y="18511" Z="0"/><Vertex X="36676" Y="18511" Z="0"/><Vertex X="36775" Y="18511" Z="0"/><Vertex X="36824" Y="18511" Z="0"/><Vertex X="36922" Y="18511" Z="0"/><Vertex X="37021" Y="18511" Z="0"/><Vertex X="37070" Y="18511" Z="0"/><Vertex X="37168" Y="18511" Z="0"/><Vertex X="37218" Y="18511" Z="0"/><Vertex X="37316" Y="18511" Z="0"/><Vertex X="37415" Y="18412" Z="0"/><Vertex X="37464" Y="18412" Z="0"/><Vertex X="37464" Y="18363" Z="0"/><Vertex X="37562" Y="18363" Z="0"/><Vertex X="37562" Y="18264" Z="0"/><Vertex X="37661" Y="18264" Z="0"/><Vertex X="37661" Y="18166" Z="0"/><Vertex X="37710" Y="18166" Z="0"/><Vertex X="37710" Y="18117" Z="0"/><Vertex X="37808" Y="18117" Z="0"/><Vertex X="37808" Y="18018" Z="0"/><Vertex X="37808" Y="17969" Z="0"/><Vertex X="37858" Y="17969" Z="0"/><Vertex X="37956" Y="17871" Z="0"/><Vertex X="38055" Y="17871" Z="0"/><Vertex X="38055" Y="17772" Z="0"/><Vertex X="38055" Y="17723" Z="0"/><Vertex X="38104" Y="17723" Z="0"/><Vertex X="38104" Y="17624" Z="0"/><Vertex X="38202" Y="17526" Z="0"/><Vertex X="38202" Y="17477" Z="0"/><Vertex X="38301" Y="17477" Z="0"/><Vertex X="38301" Y="17378" Z="0"/><Vertex X="38301" Y="17231" Z="0"/><Vertex X="38301" Y="17181" Z="0"/><Vertex X="38350" Y="17181" Z="0"/><Vertex X="38350" Y="17083" Z="0"/><Vertex X="38448" Y="16984" Z="0"/><Vertex X="38448" Y="16935" Z="0"/><Vertex X="38448" Y="16837" Z="0"/><Vertex X="38547" Y="16837" Z="0"/><Vertex X="38547" Y="16788" Z="0"/><Vertex X="38547" Y="16689" Z="0"/><Vertex X="38596" Y="16591" Z="0"/><Vertex X="38596" Y="16541" Z="0"/><Vertex X="38596" Y="16443" Z="0"/><Vertex X="38695" Y="16443" Z="0"/><Vertex X="38695" Y="16344" Z="0"/><Vertex X="38695" Y="16295" Z="0"/><Vertex X="38695" Y="16197" Z="0"/><Vertex X="38793" Y="16197" Z="0"/><Vertex X="38793" Y="16148" Z="0"/><Vertex X="38793" Y="16049" Z="0"/><Vertex X="38793" Y="15901" Z="0"/><Vertex X="38793" Y="15852" Z="0"/><Vertex X="38793" Y="15754" Z="0"/><Vertex X="38793" Y="15704" Z="0"/><Vertex X="38793" Y="15557" Z="0"/><Vertex X="38793" Y="15458" Z="0"/><Vertex X="38793" Y="15409" Z="0"/><Vertex X="38793" Y="15311" Z="0"/><Vertex X="38793" Y="15212" Z="0"/><Vertex X="38793" Y="15163" Z="0"/><Vertex X="38793" Y="15064" Z="0"/><Vertex X="38793" Y="15015" Z="0"/><Vertex X="38793" Y="14917" Z="0"/><Vertex X="38842" Y="14818" Z="0"/><Vertex X="38842" Y="14769" Z="0"/><Vertex X="38842" Y="14671" Z="0"/><Vertex X="38842" Y="14523" Z="0"/><Vertex X="38941" Y="14474" Z="0"/><Vertex X="38941" Y="14375" Z="0"/><Vertex X="38941" Y="14277" Z="0"/><Vertex X="38941" Y="14228" Z="0"/><Vertex X="38941" Y="14129" Z="0"/><Vertex X="38941" Y="14031" Z="0"/><Vertex X="38941" Y="13883" Z="0"/><Vertex X="38941" Y="13784" Z="0"/><Vertex X="38941" Y="13686" Z="0"/><Vertex X="38941" Y="13588" Z="0"/><Vertex X="38941" Y="13489" Z="0"/><Vertex X="38941" Y="13391" Z="0"/><Vertex X="38941" Y="13292" Z="0"/><Vertex X="39039" Y="13292" Z="0"/><Vertex X="39039" Y="13243" Z="0"/><Vertex X="39039" Y="13145" Z="0"/><Vertex X="39039" Y="12997" Z="0"/><Vertex X="39039" Y="12948" Z="0"/><Vertex X="39039" Y="12849" Z="0"/><Vertex X="39039" Y="12701" Z="0"/><Vertex X="39039" Y="12652" Z="0"/><Vertex X="39039" Y="12554" Z="0"/><Vertex X="39039" Y="12455" Z="0"/><Vertex X="39039" Y="12357" Z="0"/><Vertex X="39039" Y="12258" Z="0"/><Vertex X="39039" Y="12209" Z="0"/><Vertex X="39039" Y="12111" Z="0"/><Vertex X="39039" Y="12012" Z="0"/><Vertex X="39039" Y="11865" Z="0"/><Vertex X="39039" Y="11766" Z="0"/><Vertex X="39088" Y="11766" Z="0"/><Vertex X="39088" Y="11717" Z="0"/><Vertex X="39088" Y="11618" Z="0"/><Vertex X="39088" Y="11520" Z="0"/><Vertex X="39088" Y="11471" Z="0"/><Vertex X="39187" Y="11372" Z="0"/><Vertex X="39187" Y="11274" Z="0"/><Vertex X="39187" Y="11225" Z="0"/><Vertex X="39187" Y="11126" Z="0"/><Vertex X="39285" Y="11126" Z="0"/><Vertex X="39285" Y="11077" Z="0"/><Vertex X="39285" Y="10978" Z="0"/><Vertex X="39384" Y="10880" Z="0"/><Vertex X="39384" Y="10781" Z="0"/><Vertex X="39433" Y="10683" Z="0"/><Vertex X="39433" Y="10585" Z="0"/><Vertex X="39532" Y="10486" Z="0"/><Vertex X="39532" Y="10437" Z="0"/><Vertex X="39630" Y="10338" Z="0"/><Vertex X="39630" Y="10240" Z="0"/><Vertex X="39728" Y="10240" Z="0"/><Vertex X="39728" Y="10191" Z="0"/><Vertex X="39778" Y="10092" Z="0"/><Vertex X="39778" Y="9994" Z="0"/><Vertex X="39876" Y="9994" Z="0"/><Vertex X="39876" Y="9895" Z="0"/><Vertex X="39975" Y="9797" Z="0"/><Vertex X="39975" Y="9649" Z="0"/><Vertex X="40024" Y="9649" Z="0"/><Vertex X="40024" Y="9551" Z="0"/><Vertex X="40122" Y="9551" Z="0"/><Vertex X="40122" Y="9452" Z="0"/><Vertex X="40122" Y="9403" Z="0"/><Vertex X="40221" Y="9403" Z="0"/><Vertex X="40221" Y="9255" Z="0"/><Vertex X="40221" Y="9108" Z="0"/><Vertex X="40270" Y="9108" Z="0"/><Vertex X="40270" Y="9009" Z="0"/><Vertex X="40368" Y="8911" Z="0"/><Vertex X="40368" Y="8812" Z="0"/><Vertex X="40418" Y="8812" Z="0"/><Vertex X="40418" Y="8763" Z="0"/><Vertex X="40516" Y="8665" Z="0"/><Vertex X="40516" Y="8566" Z="0"/><Vertex X="40615" Y="8517" Z="0"/><Vertex X="40664" Y="8418" Z="0"/><Vertex X="40762" Y="8320" Z="0"/><Vertex X="40762" Y="8271" Z="0"/><Vertex X="40861" Y="8271" Z="0"/><Vertex X="40861" Y="8172" Z="0"/><Vertex X="40861" Y="8074" Z="0"/><Vertex X="40959" Y="8025" Z="0"/><Vertex X="40959" Y="7926" Z="0"/><Vertex X="40959" Y="7828" Z="0"/><Vertex X="41008" Y="7778" Z="0"/><Vertex X="41008" Y="7680" Z="0"/><Vertex X="41008" Y="7581" Z="0"/><Vertex X="41008" Y="7532" Z="0"/><Vertex X="41107" Y="7532" Z="0"/><Vertex X="41107" Y="7434" Z="0"/><Vertex X="41107" Y="7385" Z="0"/><Vertex X="41107" Y="7286" Z="0"/><Vertex X="41107" Y="7188" Z="0"/><Vertex X="41205" Y="7138" Z="0"/><Vertex X="41205" Y="7040" Z="0"/><Vertex X="41205" Y="6941" Z="0"/><Vertex X="41205" Y="6892" Z="0"/><Vertex X="41205" Y="6794" Z="0"/><Vertex X="41156" Y="6794" Z="0"/><Vertex X="41156" Y="6695" Z="0"/><Vertex X="41058" Y="6597" Z="0"/><Vertex X="41058" Y="6449" Z="0"/><Vertex X="41008" Y="6449" Z="0"/><Vertex X="41008" Y="6400" Z="0"/><Vertex X="40910" Y="6301" Z="0"/><Vertex X="40861" Y="6301" Z="0"/><Vertex X="40762" Y="6203" Z="0"/><Vertex X="40664" Y="6105" Z="0"/><Vertex X="40615" Y="6105" Z="0"/><Vertex X="40615" Y="5957" Z="0"/><Vertex X="40516" Y="5957" Z="0"/><Vertex X="40418" Y="5858" Z="0"/><Vertex X="40368" Y="5760" Z="0"/><Vertex X="40221" Y="5760" Z="0"/><Vertex X="40122" Y="5711" Z="0"/><Vertex X="40073" Y="5711" Z="0"/><Vertex X="39975" Y="5711" Z="0"/><Vertex X="39876" Y="5612" Z="0"/><Vertex X="39827" Y="5612" Z="0"/><Vertex X="39679" Y="5612" Z="0"/><Vertex X="39679" Y="5514" Z="0"/><Vertex X="39581" Y="5514" Z="0"/><Vertex X="39532" Y="5514" Z="0"/><Vertex X="39532" Y="5465" Z="0"/><Vertex X="39433" Y="5465" Z="0"/><Vertex X="39335" Y="5366" Z="0"/><Vertex X="39285" Y="5366" Z="0"/><Vertex X="39285" Y="5268" Z="0"/><Vertex X="39187" Y="5268" Z="0"/><Vertex X="39187" Y="5218" Z="0"/><Vertex X="39088" Y="5218" Z="0"/><Vertex X="39039" Y="5218" Z="0"/><Vertex X="39039" Y="5120" Z="0"/><Vertex X="38941" Y="5120" Z="0"/><Vertex X="38941" Y="5071" Z="0"/><Vertex X="38892" Y="5071" Z="0"/><Vertex X="38892" Y="5071" Z="0"/></Vertices></Region><Region Id="6" Type="0" Zoom="0.020313" Selected="0" ImageLocation="" ImageFocus="-1" Length="34237.4" Area="42017099.5" LengthMicrons="16892.8" AreaMicrons="10228792.6" Text="" NegativeROA="0" InputRegionId="0" Analyze="1" DisplayId="6"><Attributes></Attributes><Vertices><Vertex X="26732" Y="24566" Z="0"/><Vertex X="26682" Y="24566" Z="0"/><Vertex X="26584" Y="24566" Z="0"/><Vertex X="26535" Y="24566" Z="0"/><Vertex X="26436" Y="24566" Z="0"/><Vertex X="26436" Y="24615" Z="0"/><Vertex X="26338" Y="24615" Z="0"/><Vertex X="26289" Y="24615" Z="0"/><Vertex X="26289" Y="24664" Z="0"/><Vertex X="26190" Y="24664" Z="0"/><Vertex X="26042" Y="24763" Z="0"/><Vertex X="25944" Y="24861" Z="0"/><Vertex X="25845" Y="24960" Z="0"/><Vertex X="25747" Y="25107" Z="0"/><Vertex X="25649" Y="25157" Z="0"/><Vertex X="25550" Y="25304" Z="0"/><Vertex X="25501" Y="25403" Z="0"/><Vertex X="25402" Y="25501" Z="0"/><Vertex X="25304" Y="25551" Z="0"/><Vertex X="25304" Y="25649" Z="0"/><Vertex X="25205" Y="25649" Z="0"/><Vertex X="25205" Y="25747" Z="0"/><Vertex X="25156" Y="25797" Z="0"/><Vertex X="25156" Y="25895" Z="0"/><Vertex X="25058" Y="25994" Z="0"/><Vertex X="25058" Y="26043" Z="0"/><Vertex X="24910" Y="26043" Z="0"/><Vertex X="24910" Y="26141" Z="0"/><Vertex X="24861" Y="26141" Z="0"/><Vertex X="24861" Y="26240" Z="0"/><Vertex X="24762" Y="26240" Z="0"/><Vertex X="24762" Y="26338" Z="0"/><Vertex X="24664" Y="26437" Z="0"/><Vertex X="24664" Y="26535" Z="0"/><Vertex X="24615" Y="26535" Z="0"/><Vertex X="24615" Y="26584" Z="0"/><Vertex X="24467" Y="26683" Z="0"/><Vertex X="24369" Y="26831" Z="0"/><Vertex X="24270" Y="26929" Z="0"/><Vertex X="24172" Y="27027" Z="0"/><Vertex X="24122" Y="27077" Z="0"/><Vertex X="24122" Y="27175" Z="0"/><Vertex X="24024" Y="27175" Z="0"/><Vertex X="24024" Y="27224" Z="0"/><Vertex X="23926" Y="27323" Z="0"/><Vertex X="23926" Y="27421" Z="0"/><Vertex X="23876" Y="27421" Z="0"/><Vertex X="23876" Y="27471" Z="0"/><Vertex X="23876" Y="27569" Z="0"/><Vertex X="23876" Y="27667" Z="0"/><Vertex X="23876" Y="27717" Z="0"/><Vertex X="23876" Y="27815" Z="0"/><Vertex X="23876" Y="27864" Z="0"/><Vertex X="23876" Y="28012" Z="0"/><Vertex X="23876" Y="28160" Z="0"/><Vertex X="23876" Y="28209" Z="0"/><Vertex X="23876" Y="28357" Z="0"/><Vertex X="23876" Y="28455" Z="0"/><Vertex X="23876" Y="28504" Z="0"/><Vertex X="23876" Y="28603" Z="0"/><Vertex X="23876" Y="28652" Z="0"/><Vertex X="23876" Y="28751" Z="0"/><Vertex X="23876" Y="28849" Z="0"/><Vertex X="23876" Y="28947" Z="0"/><Vertex X="23876" Y="29046" Z="0"/><Vertex X="23876" Y="29144" Z="0"/><Vertex X="23876" Y="29243" Z="0"/><Vertex X="23876" Y="29341" Z="0"/><Vertex X="23876" Y="29489" Z="0"/><Vertex X="23876" Y="29538" Z="0"/><Vertex X="23876" Y="29637" Z="0"/><Vertex X="23975" Y="29735" Z="0"/><Vertex X="23975" Y="29784" Z="0"/><Vertex X="23975" Y="29883" Z="0"/><Vertex X="23975" Y="29932" Z="0"/><Vertex X="24073" Y="30031" Z="0"/><Vertex X="24073" Y="30129" Z="0"/><Vertex X="24073" Y="30178" Z="0"/><Vertex X="24172" Y="30277" Z="0"/><Vertex X="24172" Y="30375" Z="0"/><Vertex X="24172" Y="30424" Z="0"/><Vertex X="24221" Y="30424" Z="0"/><Vertex X="24221" Y="30572" Z="0"/><Vertex X="24319" Y="30572" Z="0"/><Vertex X="24319" Y="30671" Z="0"/><Vertex X="24418" Y="30671" Z="0"/><Vertex X="24418" Y="30769" Z="0"/><Vertex X="24467" Y="30867" Z="0"/><Vertex X="24467" Y="30966" Z="0"/><Vertex X="24566" Y="30966" Z="0"/><Vertex X="24566" Y="31064" Z="0"/><Vertex X="24664" Y="31064" Z="0"/><Vertex X="24664" Y="31163" Z="0"/><Vertex X="24713" Y="31163" Z="0"/><Vertex X="24713" Y="31261" Z="0"/><Vertex X="24812" Y="31261" Z="0"/><Vertex X="24812" Y="31311" Z="0"/><Vertex X="24910" Y="31409" Z="0"/><Vertex X="24959" Y="31507" Z="0"/><Vertex X="25058" Y="31557" Z="0"/><Vertex X="25156" Y="31655" Z="0"/><Vertex X="25255" Y="31754" Z="0"/><Vertex X="25304" Y="31852" Z="0"/><Vertex X="25402" Y="31950" Z="0"/><Vertex X="25501" Y="32000" Z="0"/><Vertex X="25599" Y="32098" Z="0"/><Vertex X="25698" Y="32197" Z="0"/><Vertex X="25747" Y="32295" Z="0"/><Vertex X="25845" Y="32394" Z="0"/><Vertex X="25944" Y="32492" Z="0"/><Vertex X="25944" Y="32590" Z="0"/><Vertex X="26042" Y="32590" Z="0"/><Vertex X="26042" Y="32689" Z="0"/><Vertex X="26092" Y="32738" Z="0"/><Vertex X="26190" Y="32886" Z="0"/><Vertex X="26190" Y="32984" Z="0"/><Vertex X="26190" Y="33083" Z="0"/><Vertex X="26289" Y="33083" Z="0"/><Vertex X="26289" Y="33230" Z="0"/><Vertex X="26289" Y="33378" Z="0"/><Vertex X="26338" Y="33427" Z="0"/><Vertex X="26338" Y="33526" Z="0"/><Vertex X="26338" Y="33624" Z="0"/><Vertex X="26436" Y="33624" Z="0"/><Vertex X="26436" Y="33723" Z="0"/><Vertex X="26436" Y="33870" Z="0"/><Vertex X="26535" Y="33969" Z="0"/><Vertex X="26535" Y="34018" Z="0"/><Vertex X="26584" Y="34018" Z="0"/><Vertex X="26584" Y="34117" Z="0"/><Vertex X="26682" Y="34215" Z="0"/><Vertex X="26682" Y="34264" Z="0"/><Vertex X="26781" Y="34264" Z="0"/><Vertex X="26781" Y="34412" Z="0"/><Vertex X="26830" Y="34412" Z="0"/><Vertex X="26830" Y="34461" Z="0"/><Vertex X="26929" Y="34560" Z="0"/><Vertex X="26929" Y="34658" Z="0"/><Vertex X="27027" Y="34658" Z="0"/><Vertex X="27027" Y="34707" Z="0"/><Vertex X="27076" Y="34707" Z="0"/><Vertex X="27076" Y="34806" Z="0"/><Vertex X="27175" Y="34806" Z="0"/><Vertex X="27175" Y="34904" Z="0"/><Vertex X="27273" Y="34954" Z="0"/><Vertex X="27273" Y="35052" Z="0"/><Vertex X="27322" Y="35052" Z="0"/><Vertex X="27322" Y="35150" Z="0"/><Vertex X="27421" Y="35150" Z="0"/><Vertex X="27421" Y="35200" Z="0"/><Vertex X="27519" Y="35200" Z="0"/><Vertex X="27519" Y="35298" Z="0"/><Vertex X="27569" Y="35298" Z="0"/><Vertex X="27569" Y="35347" Z="0"/><Vertex X="27667" Y="35446" Z="0"/><Vertex X="27765" Y="35446" Z="0"/><Vertex X="27765" Y="35544" Z="0"/><Vertex X="27913" Y="35544" Z="0"/><Vertex X="28061" Y="35643" Z="0"/><Vertex X="28159" Y="35741" Z="0"/><Vertex X="28258" Y="35741" Z="0"/><Vertex X="28258" Y="35840" Z="0"/><Vertex X="28356" Y="35840" Z="0"/><Vertex X="28455" Y="35840" Z="0"/><Vertex X="28504" Y="35840" Z="0"/><Vertex X="28504" Y="35889" Z="0"/><Vertex X="28602" Y="35889" Z="0"/><Vertex X="28652" Y="35889" Z="0"/><Vertex X="28750" Y="35889" Z="0"/><Vertex X="28849" Y="35889" Z="0"/><Vertex X="28849" Y="35987" Z="0"/><Vertex X="28898" Y="35987" Z="0"/><Vertex X="28996" Y="35987" Z="0"/><Vertex X="29045" Y="35987" Z="0"/><Vertex X="29144" Y="35987" Z="0"/><Vertex X="29144" Y="35938" Z="0"/><Vertex X="29242" Y="35938" Z="0"/><Vertex X="29341" Y="35889" Z="0"/><Vertex X="29439" Y="35889" Z="0"/><Vertex X="29439" Y="35790" Z="0"/><Vertex X="29587" Y="35790" Z="0"/><Vertex X="29685" Y="35692" Z="0"/><Vertex X="29685" Y="35643" Z="0"/><Vertex X="29833" Y="35643" Z="0"/><Vertex X="29932" Y="35544" Z="0"/><Vertex X="29981" Y="35446" Z="0"/><Vertex X="30079" Y="35446" Z="0"/><Vertex X="30079" Y="35397" Z="0"/><Vertex X="30178" Y="35397" Z="0"/><Vertex X="30178" Y="35298" Z="0"/><Vertex X="30227" Y="35200" Z="0"/><Vertex X="30227" Y="35150" Z="0"/><Vertex X="30325" Y="35150" Z="0"/><Vertex X="30325" Y="35052" Z="0"/><Vertex X="30424" Y="35052" Z="0"/><Vertex X="30424" Y="35003" Z="0"/><Vertex X="30473" Y="34904" Z="0"/><Vertex X="30473" Y="34806" Z="0"/><Vertex X="30572" Y="34806" Z="0"/><Vertex X="30572" Y="34757" Z="0"/><Vertex X="30572" Y="34658" Z="0"/><Vertex X="30670" Y="34658" Z="0"/><Vertex X="30670" Y="34560" Z="0"/><Vertex X="30719" Y="34510" Z="0"/><Vertex X="30719" Y="34412" Z="0"/><Vertex X="30818" Y="34412" Z="0"/><Vertex X="30818" Y="34314" Z="0"/><Vertex X="30916" Y="34314" Z="0"/><Vertex X="30916" Y="34264" Z="0"/><Vertex X="30916" Y="34166" Z="0"/><Vertex X="30916" Y="34117" Z="0"/><Vertex X="30916" Y="34018" Z="0"/><Vertex X="30965" Y="33920" Z="0"/><Vertex X="30965" Y="33870" Z="0"/><Vertex X="30965" Y="33772" Z="0"/><Vertex X="30965" Y="33723" Z="0"/><Vertex X="30965" Y="33624" Z="0"/><Vertex X="30965" Y="33526" Z="0"/><Vertex X="30867" Y="33526" Z="0"/><Vertex X="30867" Y="33477" Z="0"/><Vertex X="30867" Y="33378" Z="0"/><Vertex X="30769" Y="33378" Z="0"/><Vertex X="30769" Y="33329" Z="0"/><Vertex X="30769" Y="33230" Z="0"/><Vertex X="30719" Y="33230" Z="0"/><Vertex X="30719" Y="33132" Z="0"/><Vertex X="30621" Y="33083" Z="0"/><Vertex X="30621" Y="32984" Z="0"/><Vertex X="30522" Y="32984" Z="0"/><Vertex X="30522" Y="32935" Z="0"/><Vertex X="30473" Y="32935" Z="0"/><Vertex X="30473" Y="32837" Z="0"/><Vertex X="30375" Y="32837" Z="0"/><Vertex X="30375" Y="32738" Z="0"/><Vertex X="30325" Y="32738" Z="0"/><Vertex X="30325" Y="32689" Z="0"/><Vertex X="30227" Y="32689" Z="0"/><Vertex X="30129" Y="32590" Z="0"/><Vertex X="30079" Y="32590" Z="0"/><Vertex X="30079" Y="32492" Z="0"/><Vertex X="29981" Y="32492" Z="0"/><Vertex X="29981" Y="32443" Z="0"/><Vertex X="29882" Y="32443" Z="0"/><Vertex X="29882" Y="32344" Z="0"/><Vertex X="29833" Y="32246" Z="0"/><Vertex X="29735" Y="32197" Z="0"/><Vertex X="29735" Y="32098" Z="0"/><Vertex X="29636" Y="32098" Z="0"/><Vertex X="29636" Y="32000" Z="0"/><Vertex X="29538" Y="31901" Z="0"/><Vertex X="29538" Y="31803" Z="0"/><Vertex X="29489" Y="31803" Z="0"/><Vertex X="29489" Y="31704" Z="0"/><Vertex X="29390" Y="31704" Z="0"/><Vertex X="29390" Y="31655" Z="0"/><Vertex X="29390" Y="31557" Z="0"/><Vertex X="29341" Y="31557" Z="0"/><Vertex X="29341" Y="31507" Z="0"/><Vertex X="29341" Y="31409" Z="0"/><Vertex X="29242" Y="31409" Z="0"/><Vertex X="29242" Y="31261" Z="0"/><Vertex X="29144" Y="31212" Z="0"/><Vertex X="29144" Y="31114" Z="0"/><Vertex X="29144" Y="31015" Z="0"/><Vertex X="29095" Y="31015" Z="0"/><Vertex X="29095" Y="30966" Z="0"/><Vertex X="29095" Y="30867" Z="0"/><Vertex X="28996" Y="30867" Z="0"/><Vertex X="28996" Y="30818" Z="0"/><Vertex X="28996" Y="30720" Z="0"/><Vertex X="28898" Y="30720" Z="0"/><Vertex X="28898" Y="30621" Z="0"/><Vertex X="28898" Y="30572" Z="0"/><Vertex X="28849" Y="30572" Z="0"/><Vertex X="28849" Y="30474" Z="0"/><Vertex X="28750" Y="30375" Z="0"/><Vertex X="28750" Y="30326" Z="0"/><Vertex X="28652" Y="30326" Z="0"/><Vertex X="28652" Y="30178" Z="0"/><Vertex X="28602" Y="30178" Z="0"/><Vertex X="28602" Y="30080" Z="0"/><Vertex X="28504" Y="30031" Z="0"/><Vertex X="28405" Y="29932" Z="0"/><Vertex X="28405" Y="29834" Z="0"/><Vertex X="28356" Y="29834" Z="0"/><Vertex X="28356" Y="29784" Z="0"/><Vertex X="28258" Y="29784" Z="0"/><Vertex X="28258" Y="29686" Z="0"/><Vertex X="28159" Y="29587" Z="0"/><Vertex X="28159" Y="29538" Z="0"/><Vertex X="28110" Y="29538" Z="0"/><Vertex X="28110" Y="29440" Z="0"/><Vertex X="28110" Y="29391" Z="0"/><Vertex X="28110" Y="29292" Z="0"/><Vertex X="28012" Y="29292" Z="0"/><Vertex X="28012" Y="29194" Z="0"/><Vertex X="28012" Y="29144" Z="0"/><Vertex X="28012" Y="29046" Z="0"/><Vertex X="27913" Y="28947" Z="0"/><Vertex X="27913" Y="28898" Z="0"/><Vertex X="27913" Y="28800" Z="0"/><Vertex X="27913" Y="28751" Z="0"/><Vertex X="27913" Y="28652" Z="0"/><Vertex X="27913" Y="28554" Z="0"/><Vertex X="27913" Y="28504" Z="0"/><Vertex X="27913" Y="28406" Z="0"/><Vertex X="27913" Y="28357" Z="0"/><Vertex X="27864" Y="28357" Z="0"/><Vertex X="27864" Y="28258" Z="0"/><Vertex X="27864" Y="28160" Z="0"/><Vertex X="27864" Y="28111" Z="0"/><Vertex X="27864" Y="28012" Z="0"/><Vertex X="27864" Y="27963" Z="0"/><Vertex X="27864" Y="27864" Z="0"/><Vertex X="27864" Y="27766" Z="0"/><Vertex X="27864" Y="27717" Z="0"/><Vertex X="27864" Y="27618" Z="0"/><Vertex X="27864" Y="27569" Z="0"/><Vertex X="27864" Y="27471" Z="0"/><Vertex X="27864" Y="27372" Z="0"/><Vertex X="27864" Y="27274" Z="0"/><Vertex X="27864" Y="27175" Z="0"/><Vertex X="27962" Y="27077" Z="0"/><Vertex X="27962" Y="27027" Z="0"/><Vertex X="27962" Y="26929" Z="0"/><Vertex X="27962" Y="26781" Z="0"/><Vertex X="27962" Y="26732" Z="0"/><Vertex X="27962" Y="26634" Z="0"/><Vertex X="27962" Y="26584" Z="0"/><Vertex X="27962" Y="26486" Z="0"/><Vertex X="27962" Y="26387" Z="0"/><Vertex X="27962" Y="26338" Z="0"/><Vertex X="28061" Y="26240" Z="0"/><Vertex X="28061" Y="26141" Z="0"/><Vertex X="28061" Y="26092" Z="0"/><Vertex X="28061" Y="25994" Z="0"/><Vertex X="28061" Y="25944" Z="0"/><Vertex X="28012" Y="25944" Z="0"/><Vertex X="28012" Y="25846" Z="0"/><Vertex X="28012" Y="25747" Z="0"/><Vertex X="27913" Y="25698" Z="0"/><Vertex X="27913" Y="25600" Z="0"/><Vertex X="27864" Y="25600" Z="0"/><Vertex X="27864" Y="25501" Z="0"/><Vertex X="27864" Y="25452" Z="0"/><Vertex X="27765" Y="25452" Z="0"/><Vertex X="27765" Y="25354" Z="0"/><Vertex X="27765" Y="25304" Z="0"/><Vertex X="27716" Y="25206" Z="0"/><Vertex X="27716" Y="25107" Z="0"/><Vertex X="27618" Y="25107" Z="0"/><Vertex X="27618" Y="25058" Z="0"/><Vertex X="27519" Y="24960" Z="0"/><Vertex X="27519" Y="24911" Z="0"/><Vertex X="27470" Y="24911" Z="0"/><Vertex X="27470" Y="24812" Z="0"/><Vertex X="27470" Y="24714" Z="0"/><Vertex X="27372" Y="24714" Z="0"/><Vertex X="27372" Y="24664" Z="0"/><Vertex X="27322" Y="24664" Z="0"/><Vertex X="27322" Y="24566" Z="0"/><Vertex X="27224" Y="24566" Z="0"/><Vertex X="27224" Y="24517" Z="0"/><Vertex X="27125" Y="24517" Z="0"/><Vertex X="27076" Y="24517" Z="0"/><Vertex X="26978" Y="24517" Z="0"/><Vertex X="26929" Y="24517" Z="0"/><Vertex X="26830" Y="24517" Z="0"/><Vertex X="26732" Y="24517" Z="0"/><Vertex X="26732" Y="24418" Z="0"/><Vertex X="26732" Y="24566" Z="0"/></Vertices></Region><Region Id="7" Type="0" Zoom="0.048986" Selected="0" ImageLocation="" ImageFocus="-1" Length="29824.0" Area="33064248.0" LengthMicrons="14715.1" AreaMicrons="8049278.5" Text="" NegativeROA="0" InputRegionId="0" Analyze="1" DisplayId="7"><Attributes></Attributes><Vertices><Vertex X="46850" Y="13188" Z="0"/><Vertex X="46789" Y="13249" Z="0"/><Vertex X="46748" Y="13290" Z="0"/><Vertex X="46707" Y="13310" Z="0"/><Vertex X="46667" Y="13351" Z="0"/><Vertex X="46626" Y="13392" Z="0"/><Vertex X="46585" Y="13433" Z="0"/><Vertex X="46585" Y="13453" Z="0"/><Vertex X="46544" Y="13453" Z="0"/><Vertex X="46544" Y="13494" Z="0"/><Vertex X="46503" Y="13494" Z="0"/><Vertex X="46503" Y="13535" Z="0"/><Vertex X="46442" Y="13535" Z="0"/><Vertex X="46442" Y="13555" Z="0"/><Vertex X="46401" Y="13555" Z="0"/><Vertex X="46340" Y="13596" Z="0"/><Vertex X="46299" Y="13596" Z="0"/><Vertex X="46217" Y="13637" Z="0"/><Vertex X="46197" Y="13637" Z="0"/><Vertex X="46156" Y="13637" Z="0"/><Vertex X="46095" Y="13678" Z="0"/><Vertex X="46054" Y="13678" Z="0"/><Vertex X="45993" Y="13678" Z="0"/><Vertex X="45932" Y="13719" Z="0"/><Vertex X="45911" Y="13719" Z="0"/><Vertex X="45850" Y="13719" Z="0"/><Vertex X="45809" Y="13780" Z="0"/><Vertex X="45789" Y="13780" Z="0"/><Vertex X="45748" Y="13780" Z="0"/><Vertex X="45707" Y="13821" Z="0"/><Vertex X="45666" Y="13821" Z="0"/><Vertex X="45646" Y="13862" Z="0"/><Vertex X="45585" Y="13862" Z="0"/><Vertex X="45544" Y="13862" Z="0"/><Vertex X="45523" Y="13902" Z="0"/><Vertex X="45483" Y="13902" Z="0"/><Vertex X="45442" Y="13902" Z="0"/><Vertex X="45421" Y="13943" Z="0"/><Vertex X="45380" Y="13943" Z="0"/><Vertex X="45340" Y="13943" Z="0"/><Vertex X="45319" Y="13964" Z="0"/><Vertex X="45278" Y="13964" Z="0"/><Vertex X="45238" Y="13964" Z="0"/><Vertex X="45217" Y="13964" Z="0"/><Vertex X="45176" Y="14004" Z="0"/><Vertex X="45136" Y="14004" Z="0"/><Vertex X="45095" Y="14004" Z="0"/><Vertex X="45033" Y="14004" Z="0"/><Vertex X="44972" Y="14045" Z="0"/><Vertex X="44931" Y="14045" Z="0"/><Vertex X="44870" Y="14045" Z="0"/><Vertex X="44809" Y="14086" Z="0"/><Vertex X="44768" Y="14086" Z="0"/><Vertex X="44707" Y="14086" Z="0"/><Vertex X="44646" Y="14086" Z="0"/><Vertex X="44584" Y="14127" Z="0"/><Vertex X="44544" Y="14127" Z="0"/><Vertex X="44482" Y="14127" Z="0"/><Vertex X="44421" Y="14127" Z="0"/><Vertex X="44360" Y="14127" Z="0"/><Vertex X="44299" Y="14168" Z="0"/><Vertex X="44237" Y="14168" Z="0"/><Vertex X="44176" Y="14209" Z="0"/><Vertex X="44135" Y="14209" Z="0"/><Vertex X="44054" Y="14249" Z="0"/><Vertex X="43972" Y="14249" Z="0"/><Vertex X="43911" Y="14270" Z="0"/><Vertex X="43849" Y="14270" Z="0"/><Vertex X="43809" Y="14311" Z="0"/><Vertex X="43747" Y="14311" Z="0"/><Vertex X="43686" Y="14351" Z="0"/><Vertex X="43645" Y="14351" Z="0"/><Vertex X="43584" Y="14413" Z="0"/><Vertex X="43523" Y="14413" Z="0"/><Vertex X="43462" Y="14474" Z="0"/><Vertex X="43400" Y="14474" Z="0"/><Vertex X="43298" Y="14535" Z="0"/><Vertex X="43237" Y="14596" Z="0"/><Vertex X="43176" Y="14637" Z="0"/><Vertex X="43115" Y="14658" Z="0"/><Vertex X="43074" Y="14699" Z="0"/><Vertex X="43012" Y="14739" Z="0"/><Vertex X="42972" Y="14780" Z="0"/><Vertex X="42931" Y="14780" Z="0"/><Vertex X="42910" Y="14841" Z="0"/><Vertex X="42849" Y="14882" Z="0"/><Vertex X="42808" Y="14882" Z="0"/><Vertex X="42808" Y="14903" Z="0"/><Vertex X="42768" Y="14944" Z="0"/><Vertex X="42768" Y="14984" Z="0"/><Vertex X="42747" Y="15005" Z="0"/><Vertex X="42747" Y="15066" Z="0"/><Vertex X="42686" Y="15127" Z="0"/><Vertex X="42645" Y="15188" Z="0"/><Vertex X="42604" Y="15250" Z="0"/><Vertex X="42563" Y="15291" Z="0"/><Vertex X="42523" Y="15352" Z="0"/><Vertex X="42482" Y="15413" Z="0"/><Vertex X="42461" Y="15474" Z="0"/><Vertex X="42420" Y="15536" Z="0"/><Vertex X="42380" Y="15576" Z="0"/><Vertex X="42339" Y="15638" Z="0"/><Vertex X="42339" Y="15699" Z="0"/><Vertex X="42278" Y="15760" Z="0"/><Vertex X="42278" Y="15801" Z="0"/><Vertex X="42237" Y="15883" Z="0"/><Vertex X="42237" Y="15964" Z="0"/><Vertex X="42237" Y="16025" Z="0"/><Vertex X="42196" Y="16087" Z="0"/><Vertex X="42196" Y="16107" Z="0"/><Vertex X="42196" Y="16168" Z="0"/><Vertex X="42196" Y="16230" Z="0"/><Vertex X="42196" Y="16291" Z="0"/><Vertex X="42196" Y="16372" Z="0"/><Vertex X="42196" Y="16454" Z="0"/><Vertex X="42196" Y="16515" Z="0"/><Vertex X="42196" Y="16597" Z="0"/><Vertex X="42196" Y="16679" Z="0"/><Vertex X="42196" Y="16760" Z="0"/><Vertex X="42196" Y="16822" Z="0"/><Vertex X="42196" Y="16903" Z="0"/><Vertex X="42196" Y="16985" Z="0"/><Vertex X="42196" Y="17046" Z="0"/><Vertex X="42196" Y="17087" Z="0"/><Vertex X="42196" Y="17148" Z="0"/><Vertex X="42196" Y="17209" Z="0"/><Vertex X="42196" Y="17250" Z="0"/><Vertex X="42196" Y="17332" Z="0"/><Vertex X="42196" Y="17414" Z="0"/><Vertex X="42196" Y="17475" Z="0"/><Vertex X="42196" Y="17556" Z="0"/><Vertex X="42196" Y="17638" Z="0"/><Vertex X="42196" Y="17740" Z="0"/><Vertex X="42196" Y="17822" Z="0"/><Vertex X="42196" Y="17863" Z="0"/><Vertex X="42196" Y="17924" Z="0"/><Vertex X="42196" Y="17985" Z="0"/><Vertex X="42196" Y="18026" Z="0"/><Vertex X="42196" Y="18087" Z="0"/><Vertex X="42196" Y="18148" Z="0"/><Vertex X="42216" Y="18210" Z="0"/><Vertex X="42216" Y="18251" Z="0"/><Vertex X="42216" Y="18312" Z="0"/><Vertex X="42216" Y="18373" Z="0"/><Vertex X="42216" Y="18414" Z="0"/><Vertex X="42216" Y="18475" Z="0"/><Vertex X="42216" Y="18536" Z="0"/><Vertex X="42216" Y="18598" Z="0"/><Vertex X="42216" Y="18659" Z="0"/><Vertex X="42216" Y="18720" Z="0"/><Vertex X="42216" Y="18740" Z="0"/><Vertex X="42216" Y="18781" Z="0"/><Vertex X="42196" Y="18822" Z="0"/><Vertex X="42196" Y="18863" Z="0"/><Vertex X="42176" Y="18863" Z="0"/><Vertex X="42176" Y="18924" Z="0"/><Vertex X="42135" Y="18965" Z="0"/><Vertex X="42135" Y="18985" Z="0"/><Vertex X="42094" Y="19026" Z="0"/><Vertex X="42094" Y="19067" Z="0"/><Vertex X="42053" Y="19088" Z="0"/><Vertex X="41992" Y="19149" Z="0"/><Vertex X="41951" Y="19210" Z="0"/><Vertex X="41890" Y="19251" Z="0"/><Vertex X="41828" Y="19292" Z="0"/><Vertex X="41767" Y="19353" Z="0"/><Vertex X="41706" Y="19414" Z="0"/><Vertex X="41686" Y="19414" Z="0"/><Vertex X="41686" Y="19455" Z="0"/><Vertex X="41624" Y="19455" Z="0"/><Vertex X="41624" Y="19516" Z="0"/><Vertex X="41543" Y="19557" Z="0"/><Vertex X="41502" Y="19557" Z="0"/><Vertex X="41461" Y="19639" Z="0"/><Vertex X="41441" Y="19680" Z="0"/><Vertex X="41441" Y="19700" Z="0"/><Vertex X="41379" Y="19741" Z="0"/><Vertex X="41379" Y="19782" Z="0"/><Vertex X="41318" Y="19822" Z="0"/><Vertex X="41318" Y="19843" Z="0"/><Vertex X="41257" Y="19884" Z="0"/><Vertex X="41257" Y="19925" Z="0"/><Vertex X="41236" Y="19925" Z="0"/><Vertex X="41236" Y="20006" Z="0"/><Vertex X="41196" Y="20006" Z="0"/><Vertex X="41155" Y="20088" Z="0"/><Vertex X="41155" Y="20108" Z="0"/><Vertex X="41114" Y="20108" Z="0"/><Vertex X="41114" Y="20169" Z="0"/><Vertex X="41094" Y="20169" Z="0"/><Vertex X="41094" Y="20231" Z="0"/><Vertex X="41053" Y="20272" Z="0"/><Vertex X="41053" Y="20353" Z="0"/><Vertex X="41012" Y="20414" Z="0"/><Vertex X="41012" Y="20435" Z="0"/><Vertex X="40971" Y="20496" Z="0"/><Vertex X="40930" Y="20557" Z="0"/><Vertex X="40889" Y="20619" Z="0"/><Vertex X="40889" Y="20639" Z="0"/><Vertex X="40869" Y="20680" Z="0"/><Vertex X="40869" Y="20721" Z="0"/><Vertex X="40828" Y="20721" Z="0"/><Vertex X="40828" Y="20782" Z="0"/><Vertex X="40787" Y="20823" Z="0"/><Vertex X="40787" Y="20884" Z="0"/><Vertex X="40747" Y="20925" Z="0"/><Vertex X="40747" Y="20945" Z="0"/><Vertex X="40747" Y="20986" Z="0"/><Vertex X="40726" Y="21027" Z="0"/><Vertex X="40726" Y="21047" Z="0"/><Vertex X="40685" Y="21109" Z="0"/><Vertex X="40685" Y="21149" Z="0"/><Vertex X="40644" Y="21190" Z="0"/><Vertex X="40604" Y="21231" Z="0"/><Vertex X="40604" Y="21272" Z="0"/><Vertex X="40604" Y="21313" Z="0"/><Vertex X="40563" Y="21333" Z="0"/><Vertex X="40563" Y="21394" Z="0"/><Vertex X="40563" Y="21456" Z="0"/><Vertex X="40542" Y="21456" Z="0"/><Vertex X="40542" Y="21496" Z="0"/><Vertex X="40542" Y="21558" Z="0"/><Vertex X="40542" Y="21619" Z="0"/><Vertex X="40542" Y="21660" Z="0"/><Vertex X="40542" Y="21701" Z="0"/><Vertex X="40542" Y="21741" Z="0"/><Vertex X="40542" Y="21762" Z="0"/><Vertex X="40542" Y="21803" Z="0"/><Vertex X="40542" Y="21823" Z="0"/><Vertex X="40542" Y="21864" Z="0"/><Vertex X="40542" Y="21905" Z="0"/><Vertex X="40542" Y="21925" Z="0"/><Vertex X="40542" Y="22007" Z="0"/><Vertex X="40542" Y="22027" Z="0"/><Vertex X="40542" Y="22068" Z="0"/><Vertex X="40542" Y="22109" Z="0"/><Vertex X="40542" Y="22129" Z="0"/><Vertex X="40542" Y="22170" Z="0"/><Vertex X="40542" Y="22211" Z="0"/><Vertex X="40583" Y="22231" Z="0"/><Vertex X="40583" Y="22272" Z="0"/><Vertex X="40583" Y="22313" Z="0"/><Vertex X="40624" Y="22415" Z="0"/><Vertex X="40685" Y="22476" Z="0"/><Vertex X="40726" Y="22517" Z="0"/><Vertex X="40726" Y="22537" Z="0"/><Vertex X="40747" Y="22578" Z="0"/><Vertex X="40787" Y="22640" Z="0"/><Vertex X="40787" Y="22680" Z="0"/><Vertex X="40828" Y="22701" Z="0"/><Vertex X="40828" Y="22742" Z="0"/><Vertex X="40889" Y="22742" Z="0"/><Vertex X="40889" Y="22823" Z="0"/><Vertex X="40910" Y="22864" Z="0"/><Vertex X="40910" Y="22885" Z="0"/><Vertex X="40971" Y="22925" Z="0"/><Vertex X="40971" Y="22966" Z="0"/><Vertex X="41032" Y="23007" Z="0"/><Vertex X="41073" Y="23068" Z="0"/><Vertex X="41134" Y="23109" Z="0"/><Vertex X="41134" Y="23130" Z="0"/><Vertex X="41175" Y="23170" Z="0"/><Vertex X="41216" Y="23211" Z="0"/><Vertex X="41216" Y="23252" Z="0"/><Vertex X="41277" Y="23252" Z="0"/><Vertex X="41359" Y="23293" Z="0"/><Vertex X="41461" Y="23293" Z="0"/><Vertex X="41522" Y="23293" Z="0"/><Vertex X="41563" Y="23252" Z="0"/><Vertex X="41604" Y="23252" Z="0"/><Vertex X="41624" Y="23211" Z="0"/><Vertex X="41665" Y="23211" Z="0"/><Vertex X="41706" Y="23170" Z="0"/><Vertex X="41747" Y="23170" Z="0"/><Vertex X="41747" Y="23150" Z="0"/><Vertex X="41808" Y="23150" Z="0"/><Vertex X="41849" Y="23150" Z="0"/><Vertex X="41869" Y="23150" Z="0"/><Vertex X="41869" Y="23109" Z="0"/><Vertex X="41910" Y="23109" Z="0"/><Vertex X="41931" Y="23109" Z="0"/><Vertex X="41971" Y="23109" Z="0"/><Vertex X="42012" Y="23109" Z="0"/><Vertex X="42033" Y="23109" Z="0"/><Vertex X="42094" Y="23109" Z="0"/><Vertex X="42155" Y="23109" Z="0"/><Vertex X="42176" Y="23130" Z="0"/><Vertex X="42237" Y="23130" Z="0"/><Vertex X="42318" Y="23130" Z="0"/><Vertex X="42400" Y="23170" Z="0"/><Vertex X="42461" Y="23170" Z="0"/><Vertex X="42502" Y="23170" Z="0"/><Vertex X="42543" Y="23170" Z="0"/><Vertex X="42563" Y="23211" Z="0"/><Vertex X="42604" Y="23211" Z="0"/><Vertex X="42665" Y="23211" Z="0"/><Vertex X="42727" Y="23211" Z="0"/><Vertex X="42788" Y="23211" Z="0"/><Vertex X="42829" Y="23211" Z="0"/><Vertex X="42890" Y="23211" Z="0"/><Vertex X="42931" Y="23211" Z="0"/><Vertex X="42951" Y="23211" Z="0"/><Vertex X="42992" Y="23211" Z="0"/><Vertex X="43012" Y="23211" Z="0"/><Vertex X="43053" Y="23211" Z="0"/><Vertex X="43094" Y="23211" Z="0"/><Vertex X="43115" Y="23211" Z="0"/><Vertex X="43176" Y="23211" Z="0"/><Vertex X="43217" Y="23211" Z="0"/><Vertex X="43257" Y="23191" Z="0"/><Vertex X="43298" Y="23191" Z="0"/><Vertex X="43298" Y="23150" Z="0"/><Vertex X="43298" Y="23109" Z="0"/><Vertex X="43298" Y="23068" Z="0"/><Vertex X="43298" Y="23027" Z="0"/><Vertex X="43339" Y="23007" Z="0"/><Vertex X="43339" Y="22966" Z="0"/><Vertex X="43339" Y="22905" Z="0"/><Vertex X="43360" Y="22905" Z="0"/><Vertex X="43360" Y="22864" Z="0"/><Vertex X="43360" Y="22803" Z="0"/><Vertex X="43400" Y="22762" Z="0"/><Vertex X="43400" Y="22742" Z="0"/><Vertex X="43441" Y="22701" Z="0"/><Vertex X="43441" Y="22660" Z="0"/><Vertex X="43462" Y="22640" Z="0"/><Vertex X="43502" Y="22599" Z="0"/><Vertex X="43543" Y="22558" Z="0"/><Vertex X="43584" Y="22517" Z="0"/><Vertex X="43604" Y="22517" Z="0"/><Vertex X="43604" Y="22497" Z="0"/><Vertex X="43645" Y="22497" Z="0"/><Vertex X="43645" Y="22456" Z="0"/><Vertex X="43686" Y="22456" Z="0"/><Vertex X="43686" Y="22435" Z="0"/><Vertex X="43707" Y="22435" Z="0"/><Vertex X="43707" Y="22395" Z="0"/><Vertex X="43747" Y="22395" Z="0"/><Vertex X="43747" Y="22354" Z="0"/><Vertex X="43768" Y="22354" Z="0"/><Vertex X="43768" Y="22333" Z="0"/><Vertex X="43809" Y="22333" Z="0"/><Vertex X="43849" Y="22293" Z="0"/><Vertex X="43870" Y="22272" Z="0"/><Vertex X="43870" Y="22211" Z="0"/><Vertex X="43911" Y="22150" Z="0"/><Vertex X="43911" Y="22088" Z="0"/><Vertex X="43952" Y="22088" Z="0"/><Vertex X="43952" Y="22048" Z="0"/><Vertex X="43952" Y="21986" Z="0"/><Vertex X="43972" Y="21986" Z="0"/><Vertex X="43972" Y="21925" Z="0"/><Vertex X="43972" Y="21884" Z="0"/><Vertex X="44013" Y="21823" Z="0"/><Vertex X="44013" Y="21762" Z="0"/><Vertex X="44013" Y="21721" Z="0"/><Vertex X="44054" Y="21680" Z="0"/><Vertex X="44054" Y="21639" Z="0"/><Vertex X="44054" Y="21619" Z="0"/><Vertex X="44054" Y="21578" Z="0"/><Vertex X="44074" Y="21578" Z="0"/><Vertex X="44074" Y="21517" Z="0"/><Vertex X="44074" Y="21476" Z="0"/><Vertex X="44074" Y="21415" Z="0"/><Vertex X="44115" Y="21353" Z="0"/><Vertex X="44115" Y="21292" Z="0"/><Vertex X="44115" Y="21272" Z="0"/><Vertex X="44156" Y="21272" Z="0"/><Vertex X="44156" Y="21211" Z="0"/><Vertex X="44156" Y="21170" Z="0"/><Vertex X="44156" Y="21109" Z="0"/><Vertex X="44196" Y="21068" Z="0"/><Vertex X="44196" Y="21006" Z="0"/><Vertex X="44217" Y="21006" Z="0"/><Vertex X="44217" Y="20966" Z="0"/><Vertex X="44258" Y="20925" Z="0"/><Vertex X="44258" Y="20864" Z="0"/><Vertex X="44299" Y="20864" Z="0"/><Vertex X="44299" Y="20823" Z="0"/><Vertex X="44299" Y="20761" Z="0"/><Vertex X="44319" Y="20761" Z="0"/><Vertex X="44319" Y="20700" Z="0"/><Vertex X="44319" Y="20680" Z="0"/><Vertex X="44360" Y="20680" Z="0"/><Vertex X="44360" Y="20639" Z="0"/><Vertex X="44401" Y="20578" Z="0"/><Vertex X="44401" Y="20537" Z="0"/><Vertex X="44441" Y="20496" Z="0"/><Vertex X="44441" Y="20455" Z="0"/><Vertex X="44441" Y="20435" Z="0"/><Vertex X="44462" Y="20353" Z="0"/><Vertex X="44503" Y="20292" Z="0"/><Vertex X="44503" Y="20251" Z="0"/><Vertex X="44544" Y="20251" Z="0"/><Vertex X="44544" Y="20190" Z="0"/><Vertex X="44544" Y="20129" Z="0"/><Vertex X="44564" Y="20129" Z="0"/><Vertex X="44564" Y="20088" Z="0"/><Vertex X="44564" Y="20047" Z="0"/><Vertex X="44605" Y="20006" Z="0"/><Vertex X="44605" Y="19965" Z="0"/><Vertex X="44646" Y="19965" Z="0"/><Vertex X="44646" Y="19904" Z="0"/><Vertex X="44666" Y="19904" Z="0"/><Vertex X="44666" Y="19843" Z="0"/><Vertex X="44707" Y="19802" Z="0"/><Vertex X="44707" Y="19741" Z="0"/><Vertex X="44748" Y="19680" Z="0"/><Vertex X="44748" Y="19618" Z="0"/><Vertex X="44748" Y="19577" Z="0"/><Vertex X="44788" Y="19577" Z="0"/><Vertex X="44788" Y="19516" Z="0"/><Vertex X="44788" Y="19455" Z="0"/><Vertex X="44809" Y="19455" Z="0"/><Vertex X="44809" Y="19414" Z="0"/><Vertex X="44809" Y="19353" Z="0"/><Vertex X="44850" Y="19312" Z="0"/><Vertex X="44850" Y="19292" Z="0"/><Vertex X="44891" Y="19230" Z="0"/><Vertex X="44891" Y="19190" Z="0"/><Vertex X="44891" Y="19169" Z="0"/><Vertex X="44931" Y="19108" Z="0"/><Vertex X="44931" Y="19047" Z="0"/><Vertex X="44931" Y="19026" Z="0"/><Vertex X="44972" Y="18965" Z="0"/><Vertex X="44972" Y="18904" Z="0"/><Vertex X="45013" Y="18843" Z="0"/><Vertex X="45013" Y="18802" Z="0"/><Vertex X="45033" Y="18802" Z="0"/><Vertex X="45033" Y="18740" Z="0"/><Vertex X="45074" Y="18679" Z="0"/><Vertex X="45074" Y="18638" Z="0"/><Vertex X="45115" Y="18638" Z="0"/><Vertex X="45115" Y="18577" Z="0"/><Vertex X="45136" Y="18516" Z="0"/><Vertex X="45136" Y="18455" Z="0"/><Vertex X="45176" Y="18455" Z="0"/><Vertex X="45176" Y="18414" Z="0"/><Vertex X="45217" Y="18353" Z="0"/><Vertex X="45258" Y="18291" Z="0"/><Vertex X="45278" Y="18230" Z="0"/><Vertex X="45319" Y="18189" Z="0"/><Vertex X="45360" Y="18108" Z="0"/><Vertex X="45401" Y="18046" Z="0"/><Vertex X="45462" Y="17985" Z="0"/><Vertex X="45462" Y="17944" Z="0"/><Vertex X="45523" Y="17944" Z="0"/><Vertex X="45523" Y="17904" Z="0"/><Vertex X="45544" Y="17842" Z="0"/><Vertex X="45585" Y="17842" Z="0"/><Vertex X="45585" Y="17761" Z="0"/><Vertex X="45605" Y="17720" Z="0"/><Vertex X="45666" Y="17679" Z="0"/><Vertex X="45707" Y="17618" Z="0"/><Vertex X="45748" Y="17556" Z="0"/><Vertex X="45789" Y="17495" Z="0"/><Vertex X="45830" Y="17454" Z="0"/><Vertex X="45870" Y="17393" Z="0"/><Vertex X="45870" Y="17352" Z="0"/><Vertex X="45891" Y="17312" Z="0"/><Vertex X="45891" Y="17291" Z="0"/><Vertex X="45932" Y="17250" Z="0"/><Vertex X="45932" Y="17209" Z="0"/><Vertex X="45972" Y="17189" Z="0"/><Vertex X="46013" Y="17128" Z="0"/><Vertex X="46013" Y="17087" Z="0"/><Vertex X="46054" Y="17046" Z="0"/><Vertex X="46054" Y="17026" Z="0"/><Vertex X="46075" Y="17026" Z="0"/><Vertex X="46136" Y="16903" Z="0"/><Vertex X="46136" Y="16883" Z="0"/><Vertex X="46197" Y="16842" Z="0"/><Vertex X="46197" Y="16801" Z="0"/><Vertex X="46217" Y="16801" Z="0"/><Vertex X="46217" Y="16740" Z="0"/><Vertex X="46258" Y="16740" Z="0"/><Vertex X="46258" Y="16699" Z="0"/><Vertex X="46299" Y="16638" Z="0"/><Vertex X="46299" Y="16597" Z="0"/><Vertex X="46340" Y="16577" Z="0"/><Vertex X="46340" Y="16536" Z="0"/><Vertex X="46360" Y="16475" Z="0"/><Vertex X="46401" Y="16434" Z="0"/><Vertex X="46401" Y="16393" Z="0"/><Vertex X="46442" Y="16393" Z="0"/><Vertex X="46442" Y="16352" Z="0"/><Vertex X="46483" Y="16291" Z="0"/><Vertex X="46483" Y="16230" Z="0"/><Vertex X="46503" Y="16189" Z="0"/><Vertex X="46503" Y="16168" Z="0"/><Vertex X="46544" Y="16128" Z="0"/><Vertex X="46544" Y="16087" Z="0"/><Vertex X="46585" Y="16066" Z="0"/><Vertex X="46585" Y="16005" Z="0"/><Vertex X="46626" Y="16005" Z="0"/><Vertex X="46626" Y="15944" Z="0"/><Vertex X="46646" Y="15903" Z="0"/><Vertex X="46646" Y="15862" Z="0"/><Vertex X="46687" Y="15862" Z="0"/><Vertex X="46687" Y="15801" Z="0"/><Vertex X="46728" Y="15740" Z="0"/><Vertex X="46769" Y="15699" Z="0"/><Vertex X="46769" Y="15658" Z="0"/><Vertex X="46789" Y="15658" Z="0"/><Vertex X="46789" Y="15597" Z="0"/><Vertex X="46830" Y="15536" Z="0"/><Vertex X="46830" Y="15515" Z="0"/><Vertex X="46871" Y="15515" Z="0"/><Vertex X="46871" Y="15454" Z="0"/><Vertex X="46891" Y="15393" Z="0"/><Vertex X="46932" Y="15393" Z="0"/><Vertex X="46932" Y="15352" Z="0"/><Vertex X="46932" Y="15270" Z="0"/><Vertex X="46932" Y="15229" Z="0"/><Vertex X="46973" Y="15188" Z="0"/><Vertex X="46973" Y="15148" Z="0"/><Vertex X="46973" Y="15107" Z="0"/><Vertex X="47014" Y="15046" Z="0"/><Vertex X="47014" Y="15005" Z="0"/><Vertex X="47034" Y="15005" Z="0"/><Vertex X="47034" Y="14964" Z="0"/><Vertex X="47034" Y="14903" Z="0"/><Vertex X="47075" Y="14903" Z="0"/><Vertex X="47075" Y="14841" Z="0"/><Vertex X="47075" Y="14821" Z="0"/><Vertex X="47075" Y="14780" Z="0"/><Vertex X="47116" Y="14719" Z="0"/><Vertex X="47116" Y="14678" Z="0"/><Vertex X="47116" Y="14658" Z="0"/><Vertex X="47136" Y="14617" Z="0"/><Vertex X="47136" Y="14556" Z="0"/><Vertex X="47136" Y="14515" Z="0"/><Vertex X="47177" Y="14515" Z="0"/><Vertex X="47177" Y="14454" Z="0"/><Vertex X="47177" Y="14392" Z="0"/><Vertex X="47218" Y="14351" Z="0"/><Vertex X="47218" Y="14290" Z="0"/><Vertex X="47238" Y="14290" Z="0"/><Vertex X="47238" Y="14229" Z="0"/><Vertex X="47238" Y="14188" Z="0"/><Vertex X="47238" Y="14147" Z="0"/><Vertex X="47279" Y="14147" Z="0"/><Vertex X="47279" Y="14086" Z="0"/><Vertex X="47279" Y="14045" Z="0"/><Vertex X="47279" Y="13964" Z="0"/><Vertex X="47299" Y="13964" Z="0"/><Vertex X="47299" Y="13882" Z="0"/><Vertex X="47299" Y="13821" Z="0"/><Vertex X="47299" Y="13780" Z="0"/><Vertex X="47340" Y="13780" Z="0"/><Vertex X="47340" Y="13739" Z="0"/><Vertex X="47340" Y="13719" Z="0"/><Vertex X="47340" Y="13657" Z="0"/><Vertex X="47340" Y="13596" Z="0"/><Vertex X="47381" Y="13535" Z="0"/><Vertex X="47381" Y="13515" Z="0"/><Vertex X="47422" Y="13474" Z="0"/><Vertex X="47422" Y="13433" Z="0"/><Vertex X="47422" Y="13412" Z="0"/><Vertex X="47422" Y="13372" Z="0"/><Vertex X="47422" Y="13351" Z="0"/><Vertex X="47422" Y="13310" Z="0"/><Vertex X="47401" Y="13270" Z="0"/><Vertex X="47361" Y="13249" Z="0"/><Vertex X="47340" Y="13249" Z="0"/><Vertex X="47299" Y="13208" Z="0"/><Vertex X="47259" Y="13208" Z="0"/><Vertex X="47238" Y="13208" Z="0"/><Vertex X="47197" Y="13208" Z="0"/><Vertex X="47157" Y="13208" Z="0"/><Vertex X="47136" Y="13208" Z="0"/><Vertex X="47095" Y="13208" Z="0"/><Vertex X="47075" Y="13208" Z="0"/><Vertex X="47034" Y="13208" Z="0"/><Vertex X="46993" Y="13208" Z="0"/><Vertex X="46973" Y="13208" Z="0"/><Vertex X="46932" Y="13208" Z="0"/><Vertex X="46912" Y="13208" Z="0"/><Vertex X="46871" Y="13208" Z="0"/><Vertex X="46830" Y="13208" Z="0"/><Vertex X="46809" Y="13208" Z="0"/><Vertex X="46850" Y="13188" Z="0"/></Vertices></Region></Regions><Plots></Plots></Annotation></Annotations>
