<Annotations MicronsPerPixel="0.493400">
	<Annotation Id="1" Name="" ReadOnly="0" NameReadOnly="0" LineColorReadOnly="0" Incremental="0" Type="4" LineColor="65280" Visible="1" Selected="1" MarkupImagePath="" MacroName=""><Attributes></Attributes><Regions><RegionAttributeHeaders></RegionAttributeHeaders><Region Id="1" Type="0" Zoom="0.019338" Selected="0" ImageLocation="" ImageFocus="-1" Length="31794.9" Area="43818670.0" LengthMicrons="15687.6" AreaMicrons="10667373.3" Text="" NegativeROA="0" InputRegionId="0" Analyze="1" DisplayId="1"><Attributes></Attributes><Vertices><Vertex X="31958" Y="10652" Z="0"/><Vertex X="31854" Y="10652" Z="0"/><Vertex X="31802" Y="10704" Z="0"/><Vertex X="31699" Y="10808" Z="0"/><Vertex X="31596" Y="10859" Z="0"/><Vertex X="31596" Y="10963" Z="0"/><Vertex X="31492" Y="10963" Z="0"/><Vertex X="31492" Y="11066" Z="0"/><Vertex X="31440" Y="11066" Z="0"/><Vertex X="31440" Y="11118" Z="0"/><Vertex X="31337" Y="11118" Z="0"/><Vertex X="31337" Y="11221" Z="0"/><Vertex X="31285" Y="11221" Z="0"/><Vertex X="31285" Y="11325" Z="0"/><Vertex X="31182" Y="11325" Z="0"/><Vertex X="31182" Y="11428" Z="0"/><Vertex X="31078" Y="11428" Z="0"/><Vertex X="31078" Y="11532" Z="0"/><Vertex X="31027" Y="11583" Z="0"/><Vertex X="31027" Y="11687" Z="0"/><Vertex X="30923" Y="11687" Z="0"/><Vertex X="30923" Y="11790" Z="0"/><Vertex X="30923" Y="11842" Z="0"/><Vertex X="30820" Y="11842" Z="0"/><Vertex X="30820" Y="11945" Z="0"/><Vertex X="30820" Y="11997" Z="0"/><Vertex X="30768" Y="11997" Z="0"/><Vertex X="30768" Y="12100" Z="0"/><Vertex X="30768" Y="12204" Z="0"/><Vertex X="30613" Y="12204" Z="0"/><Vertex X="30613" Y="12256" Z="0"/><Vertex X="30510" Y="12359" Z="0"/><Vertex X="30510" Y="12462" Z="0"/><Vertex X="30458" Y="12514" Z="0"/><Vertex X="30458" Y="12617" Z="0"/><Vertex X="30355" Y="12721" Z="0"/><Vertex X="30355" Y="12773" Z="0"/><Vertex X="30251" Y="12773" Z="0"/><Vertex X="30251" Y="12876" Z="0"/><Vertex X="30199" Y="12876" Z="0"/><Vertex X="30199" Y="12979" Z="0"/><Vertex X="30096" Y="12979" Z="0"/><Vertex X="30096" Y="13031" Z="0"/><Vertex X="29993" Y="13031" Z="0"/><Vertex X="29993" Y="13135" Z="0"/><Vertex X="29941" Y="13135" Z="0"/><Vertex X="29837" Y="13238" Z="0"/><Vertex X="29734" Y="13238" Z="0"/><Vertex X="29734" Y="13290" Z="0"/><Vertex X="29682" Y="13290" Z="0"/><Vertex X="29579" Y="13393" Z="0"/><Vertex X="29424" Y="13393" Z="0"/><Vertex X="29424" Y="13497" Z="0"/><Vertex X="29372" Y="13497" Z="0"/><Vertex X="29269" Y="13548" Z="0"/><Vertex X="29165" Y="13652" Z="0"/><Vertex X="29113" Y="13755" Z="0"/><Vertex X="29010" Y="13859" Z="0"/><Vertex X="29010" Y="13910" Z="0"/><Vertex X="28907" Y="13910" Z="0"/><Vertex X="28803" Y="14014" Z="0"/><Vertex X="28751" Y="14014" Z="0"/><Vertex X="28751" Y="14117" Z="0"/><Vertex X="28596" Y="14117" Z="0"/><Vertex X="28596" Y="14169" Z="0"/><Vertex X="28493" Y="14169" Z="0"/><Vertex X="28493" Y="14272" Z="0"/><Vertex X="28441" Y="14272" Z="0"/><Vertex X="28441" Y="14324" Z="0"/><Vertex X="28338" Y="14324" Z="0"/><Vertex X="28338" Y="14427" Z="0"/><Vertex X="28183" Y="14531" Z="0"/><Vertex X="28183" Y="14583" Z="0"/><Vertex X="28131" Y="14583" Z="0"/><Vertex X="28131" Y="14686" Z="0"/><Vertex X="28028" Y="14789" Z="0"/><Vertex X="28028" Y="14841" Z="0"/><Vertex X="27924" Y="14944" Z="0"/><Vertex X="27924" Y="15048" Z="0"/><Vertex X="27872" Y="15048" Z="0"/><Vertex X="27872" Y="15100" Z="0"/><Vertex X="27769" Y="15203" Z="0"/><Vertex X="27769" Y="15306" Z="0"/><Vertex X="27666" Y="15306" Z="0"/><Vertex X="27666" Y="15358" Z="0"/><Vertex X="27614" Y="15462" Z="0"/><Vertex X="27614" Y="15565" Z="0"/><Vertex X="27510" Y="15668" Z="0"/><Vertex X="27510" Y="15720" Z="0"/><Vertex X="27407" Y="15720" Z="0"/><Vertex X="27407" Y="15824" Z="0"/><Vertex X="27407" Y="15875" Z="0"/><Vertex X="27355" Y="15875" Z="0"/><Vertex X="27355" Y="15979" Z="0"/><Vertex X="27252" Y="15979" Z="0"/><Vertex X="27252" Y="16082" Z="0"/><Vertex X="27148" Y="16082" Z="0"/><Vertex X="27148" Y="16134" Z="0"/><Vertex X="27097" Y="16237" Z="0"/><Vertex X="27097" Y="16341" Z="0"/><Vertex X="26993" Y="16341" Z="0"/><Vertex X="26993" Y="16392" Z="0"/><Vertex X="26993" Y="16496" Z="0"/><Vertex X="26890" Y="16599" Z="0"/><Vertex X="26890" Y="16651" Z="0"/><Vertex X="26890" Y="16806" Z="0"/><Vertex X="26890" Y="16858" Z="0"/><Vertex X="26890" Y="16961" Z="0"/><Vertex X="26890" Y="17065" Z="0"/><Vertex X="26890" Y="17116" Z="0"/><Vertex X="26890" Y="17220" Z="0"/><Vertex X="26890" Y="17323" Z="0"/><Vertex X="26890" Y="17427" Z="0"/><Vertex X="26942" Y="17427" Z="0"/><Vertex X="26942" Y="17582" Z="0"/><Vertex X="26942" Y="17633" Z="0"/><Vertex X="26993" Y="17633" Z="0"/><Vertex X="26993" Y="17737" Z="0"/><Vertex X="26993" Y="17840" Z="0"/><Vertex X="27097" Y="17840" Z="0"/><Vertex X="27097" Y="17892" Z="0"/><Vertex X="27200" Y="17995" Z="0"/><Vertex X="27200" Y="18099" Z="0"/><Vertex X="27252" Y="18099" Z="0"/><Vertex X="27252" Y="18151" Z="0"/><Vertex X="27355" Y="18254" Z="0"/><Vertex X="27355" Y="18357" Z="0"/><Vertex X="27459" Y="18357" Z="0"/><Vertex X="27459" Y="18409" Z="0"/><Vertex X="27562" Y="18513" Z="0"/><Vertex X="27614" Y="18616" Z="0"/><Vertex X="27717" Y="18616" Z="0"/><Vertex X="27717" Y="18668" Z="0"/><Vertex X="27821" Y="18668" Z="0"/><Vertex X="27872" Y="18668" Z="0"/><Vertex X="27976" Y="18668" Z="0"/><Vertex X="28028" Y="18668" Z="0"/><Vertex X="28183" Y="18668" Z="0"/><Vertex X="28286" Y="18668" Z="0"/><Vertex X="28338" Y="18668" Z="0"/><Vertex X="28441" Y="18668" Z="0"/><Vertex X="28545" Y="18668" Z="0"/><Vertex X="28648" Y="18668" Z="0"/><Vertex X="28751" Y="18668" Z="0"/><Vertex X="28803" Y="18668" Z="0"/><Vertex X="28958" Y="18668" Z="0"/><Vertex X="29113" Y="18668" Z="0"/><Vertex X="29165" Y="18668" Z="0"/><Vertex X="29269" Y="18668" Z="0"/><Vertex X="29372" Y="18668" Z="0"/><Vertex X="29527" Y="18668" Z="0"/><Vertex X="29631" Y="18668" Z="0"/><Vertex X="29734" Y="18668" Z="0"/><Vertex X="29734" Y="18771" Z="0"/><Vertex X="29889" Y="18771" Z="0"/><Vertex X="30044" Y="18771" Z="0"/><Vertex X="30044" Y="18823" Z="0"/><Vertex X="30096" Y="18823" Z="0"/><Vertex X="30199" Y="18823" Z="0"/><Vertex X="30355" Y="18823" Z="0"/><Vertex X="30458" Y="18823" Z="0"/><Vertex X="30561" Y="18823" Z="0"/><Vertex X="30665" Y="18823" Z="0"/><Vertex X="30717" Y="18823" Z="0"/><Vertex X="30820" Y="18823" Z="0"/><Vertex X="30872" Y="18823" Z="0"/><Vertex X="30975" Y="18823" Z="0"/><Vertex X="31130" Y="18823" Z="0"/><Vertex X="31182" Y="18823" Z="0"/><Vertex X="31285" Y="18823" Z="0"/><Vertex X="31337" Y="18823" Z="0"/><Vertex X="31440" Y="18823" Z="0"/><Vertex X="31596" Y="18823" Z="0"/><Vertex X="31699" Y="18823" Z="0"/><Vertex X="31802" Y="18823" Z="0"/><Vertex X="31958" Y="18719" Z="0"/><Vertex X="32009" Y="18719" Z="0"/><Vertex X="32113" Y="18719" Z="0"/><Vertex X="32216" Y="18719" Z="0"/><Vertex X="32216" Y="18616" Z="0"/><Vertex X="32268" Y="18616" Z="0"/><Vertex X="32268" Y="18564" Z="0"/><Vertex X="32423" Y="18564" Z="0"/><Vertex X="32526" Y="18461" Z="0"/><Vertex X="32578" Y="18461" Z="0"/><Vertex X="32578" Y="18357" Z="0"/><Vertex X="32682" Y="18357" Z="0"/><Vertex X="32682" Y="18306" Z="0"/><Vertex X="32682" Y="18202" Z="0"/><Vertex X="32785" Y="18099" Z="0"/><Vertex X="32785" Y="18047" Z="0"/><Vertex X="32785" Y="17892" Z="0"/><Vertex X="32837" Y="17892" Z="0"/><Vertex X="32837" Y="17840" Z="0"/><Vertex X="32837" Y="17737" Z="0"/><Vertex X="32837" Y="17633" Z="0"/><Vertex X="32837" Y="17582" Z="0"/><Vertex X="32837" Y="17427" Z="0"/><Vertex X="32837" Y="17375" Z="0"/><Vertex X="32837" Y="17271" Z="0"/><Vertex X="32837" Y="17168" Z="0"/><Vertex X="32837" Y="17065" Z="0"/><Vertex X="32837" Y="16961" Z="0"/><Vertex X="32837" Y="16806" Z="0"/><Vertex X="32837" Y="16703" Z="0"/><Vertex X="32837" Y="16599" Z="0"/><Vertex X="32837" Y="16444" Z="0"/><Vertex X="32837" Y="16341" Z="0"/><Vertex X="32837" Y="16237" Z="0"/><Vertex X="32837" Y="16186" Z="0"/><Vertex X="32837" Y="16082" Z="0"/><Vertex X="32837" Y="15979" Z="0"/><Vertex X="32940" Y="15979" Z="0"/><Vertex X="32940" Y="15875" Z="0"/><Vertex X="32992" Y="15875" Z="0"/><Vertex X="32992" Y="15720" Z="0"/><Vertex X="33095" Y="15720" Z="0"/><Vertex X="33095" Y="15565" Z="0"/><Vertex X="33199" Y="15513" Z="0"/><Vertex X="33302" Y="15410" Z="0"/><Vertex X="33354" Y="15306" Z="0"/><Vertex X="33457" Y="15203" Z="0"/><Vertex X="33561" Y="15203" Z="0"/><Vertex X="33561" Y="15151" Z="0"/><Vertex X="33612" Y="15151" Z="0"/><Vertex X="33716" Y="15048" Z="0"/><Vertex X="33819" Y="15048" Z="0"/><Vertex X="33819" Y="14944" Z="0"/><Vertex X="33871" Y="14944" Z="0"/><Vertex X="33871" Y="14893" Z="0"/><Vertex X="33974" Y="14893" Z="0"/><Vertex X="34078" Y="14789" Z="0"/><Vertex X="34129" Y="14686" Z="0"/><Vertex X="34285" Y="14583" Z="0"/><Vertex X="34388" Y="14583" Z="0"/><Vertex X="34388" Y="14531" Z="0"/><Vertex X="34491" Y="14531" Z="0"/><Vertex X="34491" Y="14427" Z="0"/><Vertex X="34595" Y="14427" Z="0"/><Vertex X="34595" Y="14324" Z="0"/><Vertex X="34698" Y="14324" Z="0"/><Vertex X="34698" Y="14272" Z="0"/><Vertex X="34750" Y="14272" Z="0"/><Vertex X="34750" Y="14169" Z="0"/><Vertex X="34750" Y="14117" Z="0"/><Vertex X="34853" Y="14117" Z="0"/><Vertex X="34853" Y="14014" Z="0"/><Vertex X="34957" Y="13910" Z="0"/><Vertex X="34957" Y="13859" Z="0"/><Vertex X="35008" Y="13859" Z="0"/><Vertex X="35008" Y="13755" Z="0"/><Vertex X="35008" Y="13600" Z="0"/><Vertex X="35112" Y="13600" Z="0"/><Vertex X="35112" Y="13497" Z="0"/><Vertex X="35112" Y="13393" Z="0"/><Vertex X="35112" Y="13238" Z="0"/><Vertex X="35112" Y="13135" Z="0"/><Vertex X="35112" Y="13031" Z="0"/><Vertex X="35112" Y="12979" Z="0"/><Vertex X="35112" Y="12824" Z="0"/><Vertex X="35112" Y="12721" Z="0"/><Vertex X="35112" Y="12669" Z="0"/><Vertex X="35112" Y="12566" Z="0"/><Vertex X="35112" Y="12462" Z="0"/><Vertex X="35112" Y="12411" Z="0"/><Vertex X="35112" Y="12307" Z="0"/><Vertex X="35112" Y="12256" Z="0"/><Vertex X="35215" Y="12152" Z="0"/><Vertex X="35215" Y="12049" Z="0"/><Vertex X="35215" Y="11945" Z="0"/><Vertex X="35267" Y="11945" Z="0"/><Vertex X="35267" Y="11842" Z="0"/><Vertex X="35267" Y="11687" Z="0"/><Vertex X="35370" Y="11687" Z="0"/><Vertex X="35370" Y="11635" Z="0"/><Vertex X="35370" Y="11480" Z="0"/><Vertex X="35370" Y="11325" Z="0"/><Vertex X="35370" Y="11273" Z="0"/><Vertex X="35370" Y="11118" Z="0"/><Vertex X="35370" Y="11066" Z="0"/><Vertex X="35370" Y="10963" Z="0"/><Vertex X="35370" Y="10859" Z="0"/><Vertex X="35370" Y="10808" Z="0"/><Vertex X="35319" Y="10704" Z="0"/><Vertex X="35319" Y="10549" Z="0"/><Vertex X="35215" Y="10549" Z="0"/><Vertex X="35215" Y="10497" Z="0"/><Vertex X="35164" Y="10394" Z="0"/><Vertex X="35060" Y="10394" Z="0"/><Vertex X="35060" Y="10291" Z="0"/><Vertex X="34957" Y="10291" Z="0"/><Vertex X="34905" Y="10291" Z="0"/><Vertex X="34802" Y="10291" Z="0"/><Vertex X="34750" Y="10291" Z="0"/><Vertex X="34647" Y="10291" Z="0"/><Vertex X="34491" Y="10291" Z="0"/><Vertex X="34440" Y="10291" Z="0"/><Vertex X="34285" Y="10291" Z="0"/><Vertex X="34078" Y="10291" Z="0"/><Vertex X="34026" Y="10291" Z="0"/><Vertex X="33923" Y="10342" Z="0"/><Vertex X="33819" Y="10342" Z="0"/><Vertex X="33767" Y="10446" Z="0"/><Vertex X="33664" Y="10446" Z="0"/><Vertex X="33561" Y="10446" Z="0"/><Vertex X="33561" Y="10497" Z="0"/><Vertex X="33457" Y="10497" Z="0"/><Vertex X="33354" Y="10497" Z="0"/><Vertex X="33302" Y="10497" Z="0"/><Vertex X="33199" Y="10497" Z="0"/><Vertex X="33095" Y="10497" Z="0"/><Vertex X="33043" Y="10497" Z="0"/><Vertex X="32888" Y="10497" Z="0"/><Vertex X="32733" Y="10497" Z="0"/><Vertex X="32682" Y="10497" Z="0"/><Vertex X="32578" Y="10497" Z="0"/><Vertex X="32526" Y="10497" Z="0"/><Vertex X="32423" Y="10497" Z="0"/><Vertex X="32320" Y="10497" Z="0"/><Vertex X="32268" Y="10497" Z="0"/><Vertex X="32164" Y="10497" Z="0"/><Vertex X="32164" Y="10601" Z="0"/><Vertex X="32113" Y="10601" Z="0"/><Vertex X="32009" Y="10704" Z="0"/><Vertex X="32009" Y="10652" Z="0"/><Vertex X="31958" Y="10652" Z="0"/></Vertices></Region><Region Id="2" Type="0" Zoom="0.037606" Selected="0" ImageLocation="" ImageFocus="-1" Length="33004.6" Area="38164349.0" LengthMicrons="16284.5" AreaMicrons="9290865.3" Text="" NegativeROA="0" InputRegionId="0" Analyze="1" DisplayId="2"><Attributes></Attributes><Vertices><Vertex X="42865" Y="14546" Z="0"/><Vertex X="42812" Y="14573" Z="0"/><Vertex X="42785" Y="14573" Z="0"/><Vertex X="42785" Y="14626" Z="0"/><Vertex X="42706" Y="14626" Z="0"/><Vertex X="42652" Y="14679" Z="0"/><Vertex X="42573" Y="14759" Z="0"/><Vertex X="42519" Y="14812" Z="0"/><Vertex X="42519" Y="14865" Z="0"/><Vertex X="42466" Y="14918" Z="0"/><Vertex X="42466" Y="14945" Z="0"/><Vertex X="42386" Y="14998" Z="0"/><Vertex X="42386" Y="15051" Z="0"/><Vertex X="42307" Y="15131" Z="0"/><Vertex X="42307" Y="15184" Z="0"/><Vertex X="42227" Y="15264" Z="0"/><Vertex X="42227" Y="15344" Z="0"/><Vertex X="42147" Y="15423" Z="0"/><Vertex X="42147" Y="15503" Z="0"/><Vertex X="42067" Y="15530" Z="0"/><Vertex X="42067" Y="15583" Z="0"/><Vertex X="42014" Y="15636" Z="0"/><Vertex X="42014" Y="15663" Z="0"/><Vertex X="41961" Y="15716" Z="0"/><Vertex X="41961" Y="15769" Z="0"/><Vertex X="41908" Y="15822" Z="0"/><Vertex X="41908" Y="15849" Z="0"/><Vertex X="41881" Y="15849" Z="0"/><Vertex X="41881" Y="15929" Z="0"/><Vertex X="41828" Y="16008" Z="0"/><Vertex X="41828" Y="16035" Z="0"/><Vertex X="41828" Y="16115" Z="0"/><Vertex X="41775" Y="16115" Z="0"/><Vertex X="41775" Y="16195" Z="0"/><Vertex X="41775" Y="16274" Z="0"/><Vertex X="41722" Y="16328" Z="0"/><Vertex X="41722" Y="16381" Z="0"/><Vertex X="41722" Y="16407" Z="0"/><Vertex X="41695" Y="16460" Z="0"/><Vertex X="41695" Y="16514" Z="0"/><Vertex X="41642" Y="16567" Z="0"/><Vertex X="41642" Y="16593" Z="0"/><Vertex X="41642" Y="16647" Z="0"/><Vertex X="41589" Y="16673" Z="0"/><Vertex X="41589" Y="16726" Z="0"/><Vertex X="41589" Y="16806" Z="0"/><Vertex X="41589" Y="16833" Z="0"/><Vertex X="41536" Y="16886" Z="0"/><Vertex X="41536" Y="16939" Z="0"/><Vertex X="41536" Y="16966" Z="0"/><Vertex X="41536" Y="17019" Z="0"/><Vertex X="41536" Y="17072" Z="0"/><Vertex X="41482" Y="17099" Z="0"/><Vertex X="41482" Y="17152" Z="0"/><Vertex X="41482" Y="17205" Z="0"/><Vertex X="41482" Y="17232" Z="0"/><Vertex X="41482" Y="17311" Z="0"/><Vertex X="41482" Y="17338" Z="0"/><Vertex X="41482" Y="17391" Z="0"/><Vertex X="41482" Y="17444" Z="0"/><Vertex X="41482" Y="17471" Z="0"/><Vertex X="41456" Y="17551" Z="0"/><Vertex X="41456" Y="17604" Z="0"/><Vertex X="41403" Y="17631" Z="0"/><Vertex X="41403" Y="17684" Z="0"/><Vertex X="41349" Y="17737" Z="0"/><Vertex X="41349" Y="17763" Z="0"/><Vertex X="41349" Y="17817" Z="0"/><Vertex X="41296" Y="17817" Z="0"/><Vertex X="41296" Y="17870" Z="0"/><Vertex X="41270" Y="17870" Z="0"/><Vertex X="41270" Y="17896" Z="0"/><Vertex X="41190" Y="17950" Z="0"/><Vertex X="41137" Y="18003" Z="0"/><Vertex X="41083" Y="18056" Z="0"/><Vertex X="41030" Y="18083" Z="0"/><Vertex X="40977" Y="18136" Z="0"/><Vertex X="40924" Y="18136" Z="0"/><Vertex X="40924" Y="18189" Z="0"/><Vertex X="40897" Y="18189" Z="0"/><Vertex X="40818" Y="18242" Z="0"/><Vertex X="40764" Y="18242" Z="0"/><Vertex X="40711" Y="18269" Z="0"/><Vertex X="40685" Y="18269" Z="0"/><Vertex X="40605" Y="18269" Z="0"/><Vertex X="40525" Y="18322" Z="0"/><Vertex X="40472" Y="18322" Z="0"/><Vertex X="40419" Y="18322" Z="0"/><Vertex X="40365" Y="18375" Z="0"/><Vertex X="40312" Y="18375" Z="0"/><Vertex X="40233" Y="18375" Z="0"/><Vertex X="40179" Y="18375" Z="0"/><Vertex X="40153" Y="18428" Z="0"/><Vertex X="40100" Y="18428" Z="0"/><Vertex X="40046" Y="18428" Z="0"/><Vertex X="40020" Y="18428" Z="0"/><Vertex X="39967" Y="18428" Z="0"/><Vertex X="39967" Y="18402" Z="0"/><Vertex X="39940" Y="18402" Z="0"/><Vertex X="39860" Y="18348" Z="0"/><Vertex X="39780" Y="18322" Z="0"/><Vertex X="39701" Y="18269" Z="0"/><Vertex X="39648" Y="18189" Z="0"/><Vertex X="39594" Y="18109" Z="0"/><Vertex X="39541" Y="18003" Z="0"/><Vertex X="39541" Y="17976" Z="0"/><Vertex X="39541" Y="17923" Z="0"/><Vertex X="39515" Y="17870" Z="0"/><Vertex X="39515" Y="17843" Z="0"/><Vertex X="39515" Y="17790" Z="0"/><Vertex X="39461" Y="17710" Z="0"/><Vertex X="39461" Y="17631" Z="0"/><Vertex X="39461" Y="17577" Z="0"/><Vertex X="39408" Y="17524" Z="0"/><Vertex X="39408" Y="17471" Z="0"/><Vertex X="39408" Y="17418" Z="0"/><Vertex X="39408" Y="17365" Z="0"/><Vertex X="39408" Y="17338" Z="0"/><Vertex X="39408" Y="17285" Z="0"/><Vertex X="39355" Y="17232" Z="0"/><Vertex X="39355" Y="17205" Z="0"/><Vertex X="39355" Y="17152" Z="0"/><Vertex X="39355" Y="17099" Z="0"/><Vertex X="39302" Y="17072" Z="0"/><Vertex X="39302" Y="17019" Z="0"/><Vertex X="39302" Y="16966" Z="0"/><Vertex X="39275" Y="16939" Z="0"/><Vertex X="39275" Y="16886" Z="0"/><Vertex X="39275" Y="16833" Z="0"/><Vertex X="39222" Y="16806" Z="0"/><Vertex X="39169" Y="16726" Z="0"/><Vertex X="39116" Y="16673" Z="0"/><Vertex X="39063" Y="16620" Z="0"/><Vertex X="39036" Y="16620" Z="0"/><Vertex X="39036" Y="16593" Z="0"/><Vertex X="38983" Y="16593" Z="0"/><Vertex X="38930" Y="16540" Z="0"/><Vertex X="38903" Y="16540" Z="0"/><Vertex X="38903" Y="16487" Z="0"/><Vertex X="38850" Y="16487" Z="0"/><Vertex X="38797" Y="16434" Z="0"/><Vertex X="38743" Y="16434" Z="0"/><Vertex X="38690" Y="16407" Z="0"/><Vertex X="38637" Y="16407" Z="0"/><Vertex X="38610" Y="16407" Z="0"/><Vertex X="38610" Y="16514" Z="0"/><Vertex X="38557" Y="16567" Z="0"/><Vertex X="38557" Y="16620" Z="0"/><Vertex X="38557" Y="16647" Z="0"/><Vertex X="38504" Y="16700" Z="0"/><Vertex X="38504" Y="16780" Z="0"/><Vertex X="38504" Y="16859" Z="0"/><Vertex X="38451" Y="16966" Z="0"/><Vertex X="38451" Y="17072" Z="0"/><Vertex X="38451" Y="17152" Z="0"/><Vertex X="38398" Y="17232" Z="0"/><Vertex X="38398" Y="17285" Z="0"/><Vertex X="38398" Y="17391" Z="0"/><Vertex X="38398" Y="17498" Z="0"/><Vertex X="38398" Y="17577" Z="0"/><Vertex X="38398" Y="17684" Z="0"/><Vertex X="38398" Y="17790" Z="0"/><Vertex X="38398" Y="17896" Z="0"/><Vertex X="38398" Y="17976" Z="0"/><Vertex X="38424" Y="18162" Z="0"/><Vertex X="38424" Y="18242" Z="0"/><Vertex X="38424" Y="18295" Z="0"/><Vertex X="38478" Y="18375" Z="0"/><Vertex X="38478" Y="18455" Z="0"/><Vertex X="38478" Y="18535" Z="0"/><Vertex X="38478" Y="18561" Z="0"/><Vertex X="38478" Y="18641" Z="0"/><Vertex X="38531" Y="18721" Z="0"/><Vertex X="38531" Y="18747" Z="0"/><Vertex X="38531" Y="18801" Z="0"/><Vertex X="38531" Y="18827" Z="0"/><Vertex X="38531" Y="18880" Z="0"/><Vertex X="38531" Y="18933" Z="0"/><Vertex X="38531" Y="18960" Z="0"/><Vertex X="38584" Y="18960" Z="0"/><Vertex X="38584" Y="19040" Z="0"/><Vertex X="38584" Y="19120" Z="0"/><Vertex X="38584" Y="19146" Z="0"/><Vertex X="38610" Y="19226" Z="0"/><Vertex X="38610" Y="19306" Z="0"/><Vertex X="38610" Y="19359" Z="0"/><Vertex X="38610" Y="19412" Z="0"/><Vertex X="38610" Y="19492" Z="0"/><Vertex X="38610" Y="19545" Z="0"/><Vertex X="38610" Y="19625" Z="0"/><Vertex X="38610" Y="19678" Z="0"/><Vertex X="38610" Y="19705" Z="0"/><Vertex X="38610" Y="19758" Z="0"/><Vertex X="38557" Y="19838" Z="0"/><Vertex X="38557" Y="19864" Z="0"/><Vertex X="38504" Y="19917" Z="0"/><Vertex X="38504" Y="19971" Z="0"/><Vertex X="38451" Y="19997" Z="0"/><Vertex X="38451" Y="20077" Z="0"/><Vertex X="38371" Y="20157" Z="0"/><Vertex X="38371" Y="20236" Z="0"/><Vertex X="38345" Y="20236" Z="0"/><Vertex X="38345" Y="20290" Z="0"/><Vertex X="38345" Y="20369" Z="0"/><Vertex X="38291" Y="20369" Z="0"/><Vertex X="38291" Y="20476" Z="0"/><Vertex X="38238" Y="20556" Z="0"/><Vertex X="38238" Y="20609" Z="0"/><Vertex X="38238" Y="20662" Z="0"/><Vertex X="38238" Y="20689" Z="0"/><Vertex X="38238" Y="20742" Z="0"/><Vertex X="38238" Y="20821" Z="0"/><Vertex X="38238" Y="20875" Z="0"/><Vertex X="38238" Y="20954" Z="0"/><Vertex X="38238" Y="21008" Z="0"/><Vertex X="38238" Y="21061" Z="0"/><Vertex X="38238" Y="21141" Z="0"/><Vertex X="38238" Y="21220" Z="0"/><Vertex X="38238" Y="21274" Z="0"/><Vertex X="38212" Y="21274" Z="0"/><Vertex X="38212" Y="21353" Z="0"/><Vertex X="38212" Y="21406" Z="0"/><Vertex X="38212" Y="21433" Z="0"/><Vertex X="38212" Y="21513" Z="0"/><Vertex X="38212" Y="21539" Z="0"/><Vertex X="38212" Y="21593" Z="0"/><Vertex X="38158" Y="21672" Z="0"/><Vertex X="38158" Y="21699" Z="0"/><Vertex X="38158" Y="21752" Z="0"/><Vertex X="38158" Y="21805" Z="0"/><Vertex X="38158" Y="21832" Z="0"/><Vertex X="38158" Y="21885" Z="0"/><Vertex X="38158" Y="21912" Z="0"/><Vertex X="38158" Y="21965" Z="0"/><Vertex X="38158" Y="22018" Z="0"/><Vertex X="38158" Y="22045" Z="0"/><Vertex X="38158" Y="22098" Z="0"/><Vertex X="38158" Y="22178" Z="0"/><Vertex X="38158" Y="22231" Z="0"/><Vertex X="38158" Y="22284" Z="0"/><Vertex X="38212" Y="22284" Z="0"/><Vertex X="38212" Y="22337" Z="0"/><Vertex X="38265" Y="22444" Z="0"/><Vertex X="38318" Y="22497" Z="0"/><Vertex X="38318" Y="22523" Z="0"/><Vertex X="38345" Y="22576" Z="0"/><Vertex X="38345" Y="22630" Z="0"/><Vertex X="38398" Y="22656" Z="0"/><Vertex X="38398" Y="22709" Z="0"/><Vertex X="38451" Y="22763" Z="0"/><Vertex X="38504" Y="22842" Z="0"/><Vertex X="38504" Y="22869" Z="0"/><Vertex X="38557" Y="22869" Z="0"/><Vertex X="38557" Y="22975" Z="0"/><Vertex X="38637" Y="23029" Z="0"/><Vertex X="38637" Y="23055" Z="0"/><Vertex X="38717" Y="23108" Z="0"/><Vertex X="38797" Y="23215" Z="0"/><Vertex X="38797" Y="23241" Z="0"/><Vertex X="38876" Y="23294" Z="0"/><Vertex X="38876" Y="23348" Z="0"/><Vertex X="38930" Y="23401" Z="0"/><Vertex X="38930" Y="23427" Z="0"/><Vertex X="38983" Y="23481" Z="0"/><Vertex X="38983" Y="23534" Z="0"/><Vertex X="39036" Y="23534" Z="0"/><Vertex X="39036" Y="23587" Z="0"/><Vertex X="39116" Y="23587" Z="0"/><Vertex X="39142" Y="23667" Z="0"/><Vertex X="39249" Y="23720" Z="0"/><Vertex X="39302" Y="23720" Z="0"/><Vertex X="39355" Y="23773" Z="0"/><Vertex X="39382" Y="23773" Z="0"/><Vertex X="39435" Y="23826" Z="0"/><Vertex X="39488" Y="23826" Z="0"/><Vertex X="39541" Y="23853" Z="0"/><Vertex X="39568" Y="23853" Z="0"/><Vertex X="39621" Y="23906" Z="0"/><Vertex X="39674" Y="23906" Z="0"/><Vertex X="39701" Y="23959" Z="0"/><Vertex X="39780" Y="23959" Z="0"/><Vertex X="39834" Y="24039" Z="0"/><Vertex X="39913" Y="24039" Z="0"/><Vertex X="39940" Y="24119" Z="0"/><Vertex X="39993" Y="24119" Z="0"/><Vertex X="40073" Y="24172" Z="0"/><Vertex X="40100" Y="24172" Z="0"/><Vertex X="40153" Y="24199" Z="0"/><Vertex X="40233" Y="24199" Z="0"/><Vertex X="40312" Y="24252" Z="0"/><Vertex X="40339" Y="24252" Z="0"/><Vertex X="40392" Y="24252" Z="0"/><Vertex X="40445" Y="24305" Z="0"/><Vertex X="40472" Y="24305" Z="0"/><Vertex X="40525" Y="24305" Z="0"/><Vertex X="40552" Y="24305" Z="0"/><Vertex X="40605" Y="24305" Z="0"/><Vertex X="40658" Y="24305" Z="0"/><Vertex X="40685" Y="24305" Z="0"/><Vertex X="40738" Y="24305" Z="0"/><Vertex X="40764" Y="24305" Z="0"/><Vertex X="40818" Y="24305" Z="0"/><Vertex X="40871" Y="24305" Z="0"/><Vertex X="40897" Y="24305" Z="0"/><Vertex X="40950" Y="24305" Z="0"/><Vertex X="41004" Y="24305" Z="0"/><Vertex X="41057" Y="24305" Z="0"/><Vertex X="41137" Y="24305" Z="0"/><Vertex X="41163" Y="24305" Z="0"/><Vertex X="41216" Y="24305" Z="0"/><Vertex X="41296" Y="24305" Z="0"/><Vertex X="41349" Y="24305" Z="0"/><Vertex X="41403" Y="24278" Z="0"/><Vertex X="41403" Y="24252" Z="0"/><Vertex X="41456" Y="24252" Z="0"/><Vertex X="41456" Y="24172" Z="0"/><Vertex X="41482" Y="24119" Z="0"/><Vertex X="41482" Y="24092" Z="0"/><Vertex X="41536" Y="24039" Z="0"/><Vertex X="41536" Y="23986" Z="0"/><Vertex X="41589" Y="23933" Z="0"/><Vertex X="41589" Y="23906" Z="0"/><Vertex X="41668" Y="23826" Z="0"/><Vertex X="41668" Y="23747" Z="0"/><Vertex X="41722" Y="23667" Z="0"/><Vertex X="41722" Y="23587" Z="0"/><Vertex X="41775" Y="23507" Z="0"/><Vertex X="41775" Y="23427" Z="0"/><Vertex X="41775" Y="23374" Z="0"/><Vertex X="41801" Y="23321" Z="0"/><Vertex X="41801" Y="23268" Z="0"/><Vertex X="41801" Y="23241" Z="0"/><Vertex X="41801" Y="23188" Z="0"/><Vertex X="41801" Y="23135" Z="0"/><Vertex X="41801" Y="23108" Z="0"/><Vertex X="41801" Y="23055" Z="0"/><Vertex X="41855" Y="23002" Z="0"/><Vertex X="41855" Y="22975" Z="0"/><Vertex X="41855" Y="22922" Z="0"/><Vertex X="41855" Y="22896" Z="0"/><Vertex X="41855" Y="22842" Z="0"/><Vertex X="41908" Y="22789" Z="0"/><Vertex X="41908" Y="22736" Z="0"/><Vertex X="41961" Y="22683" Z="0"/><Vertex X="42014" Y="22603" Z="0"/><Vertex X="42041" Y="22523" Z="0"/><Vertex X="42121" Y="22470" Z="0"/><Vertex X="42174" Y="22470" Z="0"/><Vertex X="42227" Y="22417" Z="0"/><Vertex X="42253" Y="22417" Z="0"/><Vertex X="42307" Y="22390" Z="0"/><Vertex X="42360" Y="22390" Z="0"/><Vertex X="42386" Y="22390" Z="0"/><Vertex X="42440" Y="22390" Z="0"/><Vertex X="42519" Y="22337" Z="0"/><Vertex X="42599" Y="22337" Z="0"/><Vertex X="42679" Y="22337" Z="0"/><Vertex X="42706" Y="22337" Z="0"/><Vertex X="42759" Y="22337" Z="0"/><Vertex X="42785" Y="22337" Z="0"/><Vertex X="42838" Y="22337" Z="0"/><Vertex X="42892" Y="22337" Z="0"/><Vertex X="42918" Y="22364" Z="0"/><Vertex X="42971" Y="22364" Z="0"/><Vertex X="43051" Y="22364" Z="0"/><Vertex X="43051" Y="22417" Z="0"/><Vertex X="43104" Y="22417" Z="0"/><Vertex X="43158" Y="22417" Z="0"/><Vertex X="43158" Y="22470" Z="0"/><Vertex X="43237" Y="22470" Z="0"/><Vertex X="43291" Y="22470" Z="0"/><Vertex X="43370" Y="22470" Z="0"/><Vertex X="43477" Y="22470" Z="0"/><Vertex X="43556" Y="22470" Z="0"/><Vertex X="43610" Y="22470" Z="0"/><Vertex X="43663" Y="22470" Z="0"/><Vertex X="43743" Y="22444" Z="0"/><Vertex X="43796" Y="22444" Z="0"/><Vertex X="43822" Y="22444" Z="0"/><Vertex X="43876" Y="22390" Z="0"/><Vertex X="43929" Y="22390" Z="0"/><Vertex X="43955" Y="22390" Z="0"/><Vertex X="44008" Y="22364" Z="0"/><Vertex X="44062" Y="22364" Z="0"/><Vertex X="44088" Y="22311" Z="0"/><Vertex X="44168" Y="22257" Z="0"/><Vertex X="44248" Y="22204" Z="0"/><Vertex X="44328" Y="22151" Z="0"/><Vertex X="44381" Y="22098" Z="0"/><Vertex X="44461" Y="22045" Z="0"/><Vertex X="44514" Y="22018" Z="0"/><Vertex X="44567" Y="21965" Z="0"/><Vertex X="44567" Y="21912" Z="0"/><Vertex X="44594" Y="21912" Z="0"/><Vertex X="44594" Y="21859" Z="0"/><Vertex X="44594" Y="21805" Z="0"/><Vertex X="44647" Y="21726" Z="0"/><Vertex X="44647" Y="21672" Z="0"/><Vertex X="44647" Y="21619" Z="0"/><Vertex X="44700" Y="21593" Z="0"/><Vertex X="44700" Y="21513" Z="0"/><Vertex X="44700" Y="21460" Z="0"/><Vertex X="44700" Y="21380" Z="0"/><Vertex X="44700" Y="21353" Z="0"/><Vertex X="44700" Y="21274" Z="0"/><Vertex X="44700" Y="21194" Z="0"/><Vertex X="44700" Y="21141" Z="0"/><Vertex X="44700" Y="21087" Z="0"/><Vertex X="44753" Y="21008" Z="0"/><Vertex X="44753" Y="20954" Z="0"/><Vertex X="44753" Y="20875" Z="0"/><Vertex X="44753" Y="20821" Z="0"/><Vertex X="44780" Y="20821" Z="0"/><Vertex X="44780" Y="20768" Z="0"/><Vertex X="44780" Y="20689" Z="0"/><Vertex X="44833" Y="20609" Z="0"/><Vertex X="44833" Y="20529" Z="0"/><Vertex X="44833" Y="20502" Z="0"/><Vertex X="44833" Y="20449" Z="0"/><Vertex X="44833" Y="20423" Z="0"/><Vertex X="44833" Y="20343" Z="0"/><Vertex X="44833" Y="20263" Z="0"/><Vertex X="44833" Y="20236" Z="0"/><Vertex X="44833" Y="20183" Z="0"/><Vertex X="44833" Y="20103" Z="0"/><Vertex X="44833" Y="20077" Z="0"/><Vertex X="44780" Y="20024" Z="0"/><Vertex X="44780" Y="19971" Z="0"/><Vertex X="44726" Y="19891" Z="0"/><Vertex X="44700" Y="19838" Z="0"/><Vertex X="44700" Y="19784" Z="0"/><Vertex X="44647" Y="19758" Z="0"/><Vertex X="44647" Y="19705" Z="0"/><Vertex X="44594" Y="19651" Z="0"/><Vertex X="44594" Y="19625" Z="0"/><Vertex X="44540" Y="19572" Z="0"/><Vertex X="44487" Y="19492" Z="0"/><Vertex X="44487" Y="19439" Z="0"/><Vertex X="44461" Y="19412" Z="0"/><Vertex X="44461" Y="19359" Z="0"/><Vertex X="44407" Y="19306" Z="0"/><Vertex X="44354" Y="19226" Z="0"/><Vertex X="44354" Y="19173" Z="0"/><Vertex X="44301" Y="19146" Z="0"/><Vertex X="44301" Y="19093" Z="0"/><Vertex X="44248" Y="19093" Z="0"/><Vertex X="44248" Y="19013" Z="0"/><Vertex X="44168" Y="19013" Z="0"/><Vertex X="44168" Y="18960" Z="0"/><Vertex X="44115" Y="18880" Z="0"/><Vertex X="44115" Y="18827" Z="0"/><Vertex X="44088" Y="18801" Z="0"/><Vertex X="44088" Y="18747" Z="0"/><Vertex X="44088" Y="18694" Z="0"/><Vertex X="44035" Y="18668" Z="0"/><Vertex X="43982" Y="18561" Z="0"/><Vertex X="43982" Y="18508" Z="0"/><Vertex X="43929" Y="18455" Z="0"/><Vertex X="43929" Y="18428" Z="0"/><Vertex X="43876" Y="18322" Z="0"/><Vertex X="43822" Y="18269" Z="0"/><Vertex X="43822" Y="18242" Z="0"/><Vertex X="43796" Y="18189" Z="0"/><Vertex X="43743" Y="18083" Z="0"/><Vertex X="43689" Y="18083" Z="0"/><Vertex X="43689" Y="17976" Z="0"/><Vertex X="43663" Y="17870" Z="0"/><Vertex X="43610" Y="17843" Z="0"/><Vertex X="43610" Y="17763" Z="0"/><Vertex X="43556" Y="17763" Z="0"/><Vertex X="43556" Y="17684" Z="0"/><Vertex X="43530" Y="17604" Z="0"/><Vertex X="43477" Y="17577" Z="0"/><Vertex X="43423" Y="17498" Z="0"/><Vertex X="43423" Y="17418" Z="0"/><Vertex X="43397" Y="17418" Z="0"/><Vertex X="43397" Y="17365" Z="0"/><Vertex X="43344" Y="17285" Z="0"/><Vertex X="43344" Y="17205" Z="0"/><Vertex X="43291" Y="17125" Z="0"/><Vertex X="43291" Y="17072" Z="0"/><Vertex X="43291" Y="16966" Z="0"/><Vertex X="43291" Y="16886" Z="0"/><Vertex X="43291" Y="16859" Z="0"/><Vertex X="43291" Y="16780" Z="0"/><Vertex X="43291" Y="16700" Z="0"/><Vertex X="43291" Y="16647" Z="0"/><Vertex X="43291" Y="16593" Z="0"/><Vertex X="43317" Y="16514" Z="0"/><Vertex X="43317" Y="16487" Z="0"/><Vertex X="43317" Y="16407" Z="0"/><Vertex X="43317" Y="16354" Z="0"/><Vertex X="43370" Y="16328" Z="0"/><Vertex X="43370" Y="16274" Z="0"/><Vertex X="43370" Y="16221" Z="0"/><Vertex X="43397" Y="16168" Z="0"/><Vertex X="43397" Y="16088" Z="0"/><Vertex X="43397" Y="16008" Z="0"/><Vertex X="43397" Y="15955" Z="0"/><Vertex X="43397" Y="15902" Z="0"/><Vertex X="43397" Y="15849" Z="0"/><Vertex X="43397" Y="15822" Z="0"/><Vertex X="43397" Y="15769" Z="0"/><Vertex X="43397" Y="15743" Z="0"/><Vertex X="43397" Y="15689" Z="0"/><Vertex X="43397" Y="15610" Z="0"/><Vertex X="43397" Y="15556" Z="0"/><Vertex X="43397" Y="15477" Z="0"/><Vertex X="43397" Y="15423" Z="0"/><Vertex X="43397" Y="15397" Z="0"/><Vertex X="43397" Y="15344" Z="0"/><Vertex X="43397" Y="15317" Z="0"/><Vertex X="43397" Y="15264" Z="0"/><Vertex X="43397" Y="15211" Z="0"/><Vertex X="43397" Y="15184" Z="0"/><Vertex X="43397" Y="15131" Z="0"/><Vertex X="43397" Y="15104" Z="0"/><Vertex X="43397" Y="15051" Z="0"/><Vertex X="43397" Y="14998" Z="0"/><Vertex X="43344" Y="14971" Z="0"/><Vertex X="43344" Y="14918" Z="0"/><Vertex X="43291" Y="14918" Z="0"/><Vertex X="43291" Y="14865" Z="0"/><Vertex X="43264" Y="14838" Z="0"/><Vertex X="43211" Y="14785" Z="0"/><Vertex X="43158" Y="14785" Z="0"/><Vertex X="43158" Y="14732" Z="0"/><Vertex X="43131" Y="14732" Z="0"/><Vertex X="43131" Y="14705" Z="0"/><Vertex X="43078" Y="14705" Z="0"/><Vertex X="43025" Y="14705" Z="0"/><Vertex X="43025" Y="14652" Z="0"/><Vertex X="42998" Y="14652" Z="0"/><Vertex X="42945" Y="14652" Z="0"/><Vertex X="42865" Y="14546" Z="0"/></Vertices></Region><Region Id="3" Type="0" Zoom="0.037606" Selected="0" ImageLocation="" ImageFocus="-1" Length="12748.1" Area="5732606.0" LengthMicrons="6289.9" AreaMicrons="1395566.1" Text="" NegativeROA="0" InputRegionId="0" Analyze="1" DisplayId="3"><Attributes></Attributes><Vertices><Vertex X="23879" Y="22842" Z="0"/><Vertex X="23853" Y="22842" Z="0"/><Vertex X="23853" Y="22789" Z="0"/><Vertex X="23853" Y="22762" Z="0"/><Vertex X="23853" Y="22709" Z="0"/><Vertex X="23853" Y="22682" Z="0"/><Vertex X="23853" Y="22629" Z="0"/><Vertex X="23800" Y="22629" Z="0"/><Vertex X="23800" Y="22576" Z="0"/><Vertex X="23800" Y="22549" Z="0"/><Vertex X="23773" Y="22549" Z="0"/><Vertex X="23773" Y="22496" Z="0"/><Vertex X="23773" Y="22470" Z="0"/><Vertex X="23720" Y="22470" Z="0"/><Vertex X="23720" Y="22416" Z="0"/><Vertex X="23667" Y="22416" Z="0"/><Vertex X="23667" Y="22363" Z="0"/><Vertex X="23613" Y="22310" Z="0"/><Vertex X="23587" Y="22257" Z="0"/><Vertex X="23534" Y="22204" Z="0"/><Vertex X="23480" Y="22151" Z="0"/><Vertex X="23427" Y="22097" Z="0"/><Vertex X="23401" Y="22071" Z="0"/><Vertex X="23401" Y="22018" Z="0"/><Vertex X="23347" Y="22018" Z="0"/><Vertex X="23347" Y="21991" Z="0"/><Vertex X="23294" Y="21938" Z="0"/><Vertex X="23294" Y="21885" Z="0"/><Vertex X="23268" Y="21885" Z="0"/><Vertex X="23188" Y="21831" Z="0"/><Vertex X="23135" Y="21778" Z="0"/><Vertex X="23082" Y="21778" Z="0"/><Vertex X="23055" Y="21752" Z="0"/><Vertex X="22975" Y="21752" Z="0"/><Vertex X="22895" Y="21698" Z="0"/><Vertex X="22816" Y="21698" Z="0"/><Vertex X="22762" Y="21645" Z="0"/><Vertex X="22683" Y="21645" Z="0"/><Vertex X="22683" Y="21592" Z="0"/><Vertex X="22630" Y="21592" Z="0"/><Vertex X="22576" Y="21592" Z="0"/><Vertex X="22576" Y="21566" Z="0"/><Vertex X="22523" Y="21566" Z="0"/><Vertex X="22497" Y="21566" Z="0"/><Vertex X="22497" Y="21512" Z="0"/><Vertex X="22443" Y="21512" Z="0"/><Vertex X="22390" Y="21512" Z="0"/><Vertex X="22390" Y="21486" Z="0"/><Vertex X="22364" Y="21486" Z="0"/><Vertex X="22310" Y="21486" Z="0"/><Vertex X="22284" Y="21486" Z="0"/><Vertex X="22231" Y="21433" Z="0"/><Vertex X="22177" Y="21433" Z="0"/><Vertex X="22151" Y="21433" Z="0"/><Vertex X="22124" Y="21433" Z="0"/><Vertex X="22124" Y="21379" Z="0"/><Vertex X="22124" Y="21326" Z="0"/><Vertex X="22045" Y="21379" Z="0"/><Vertex X="22018" Y="21379" Z="0"/><Vertex X="22018" Y="21326" Z="0"/><Vertex X="21965" Y="21326" Z="0"/><Vertex X="21965" Y="21300" Z="0"/><Vertex X="21938" Y="21300" Z="0"/><Vertex X="21858" Y="21220" Z="0"/><Vertex X="21779" Y="21220" Z="0"/><Vertex X="21779" Y="21167" Z="0"/><Vertex X="21699" Y="21167" Z="0"/><Vertex X="21619" Y="21140" Z="0"/><Vertex X="21566" Y="21140" Z="0"/><Vertex X="21566" Y="21087" Z="0"/><Vertex X="21486" Y="21087" Z="0"/><Vertex X="21406" Y="21087" Z="0"/><Vertex X="21406" Y="21034" Z="0"/><Vertex X="21353" Y="21034" Z="0"/><Vertex X="21300" Y="21034" Z="0"/><Vertex X="21300" Y="21007" Z="0"/><Vertex X="21247" Y="21007" Z="0"/><Vertex X="21167" Y="21007" Z="0"/><Vertex X="21167" Y="20954" Z="0"/><Vertex X="21087" Y="20954" Z="0"/><Vertex X="21034" Y="20901" Z="0"/><Vertex X="21007" Y="20901" Z="0"/><Vertex X="21007" Y="20874" Z="0"/><Vertex X="20954" Y="20874" Z="0"/><Vertex X="20901" Y="20821" Z="0"/><Vertex X="20874" Y="20821" Z="0"/><Vertex X="20874" Y="20768" Z="0"/><Vertex X="20821" Y="20768" Z="0"/><Vertex X="20795" Y="20768" Z="0"/><Vertex X="20742" Y="20741" Z="0"/><Vertex X="20688" Y="20741" Z="0"/><Vertex X="20662" Y="20741" Z="0"/><Vertex X="20609" Y="20741" Z="0"/><Vertex X="20555" Y="20741" Z="0"/><Vertex X="20529" Y="20741" Z="0"/><Vertex X="20529" Y="20768" Z="0"/><Vertex X="20529" Y="20821" Z="0"/><Vertex X="20476" Y="20874" Z="0"/><Vertex X="20476" Y="20901" Z="0"/><Vertex X="20476" Y="20954" Z="0"/><Vertex X="20476" Y="20981" Z="0"/><Vertex X="20476" Y="21034" Z="0"/><Vertex X="20502" Y="21034" Z="0"/><Vertex X="20502" Y="21087" Z="0"/><Vertex X="20502" Y="21113" Z="0"/><Vertex X="20529" Y="21113" Z="0"/><Vertex X="20529" Y="21167" Z="0"/><Vertex X="20582" Y="21220" Z="0"/><Vertex X="20582" Y="21273" Z="0"/><Vertex X="20635" Y="21353" Z="0"/><Vertex X="20635" Y="21433" Z="0"/><Vertex X="20688" Y="21512" Z="0"/><Vertex X="20688" Y="21539" Z="0"/><Vertex X="20715" Y="21539" Z="0"/><Vertex X="20715" Y="21619" Z="0"/><Vertex X="20795" Y="21698" Z="0"/><Vertex X="20848" Y="21725" Z="0"/><Vertex X="20901" Y="21778" Z="0"/><Vertex X="20954" Y="21831" Z="0"/><Vertex X="20981" Y="21885" Z="0"/><Vertex X="21034" Y="21938" Z="0"/><Vertex X="21087" Y="21964" Z="0"/><Vertex X="21140" Y="22044" Z="0"/><Vertex X="21194" Y="22097" Z="0"/><Vertex X="21220" Y="22151" Z="0"/><Vertex X="21273" Y="22204" Z="0"/><Vertex X="21273" Y="22230" Z="0"/><Vertex X="21327" Y="22230" Z="0"/><Vertex X="21327" Y="22283" Z="0"/><Vertex X="21380" Y="22337" Z="0"/><Vertex X="21380" Y="22363" Z="0"/><Vertex X="21406" Y="22416" Z="0"/><Vertex X="21406" Y="22443" Z="0"/><Vertex X="21459" Y="22523" Z="0"/><Vertex X="21459" Y="22603" Z="0"/><Vertex X="21513" Y="22603" Z="0"/><Vertex X="21513" Y="22682" Z="0"/><Vertex X="21539" Y="22682" Z="0"/><Vertex X="21539" Y="22736" Z="0"/><Vertex X="21592" Y="22736" Z="0"/><Vertex X="21592" Y="22815" Z="0"/><Vertex X="21646" Y="22815" Z="0"/><Vertex X="21646" Y="22895" Z="0"/><Vertex X="21672" Y="22895" Z="0"/><Vertex X="21672" Y="22948" Z="0"/><Vertex X="21725" Y="22948" Z="0"/><Vertex X="21725" Y="23001" Z="0"/><Vertex X="21752" Y="23001" Z="0"/><Vertex X="21752" Y="23055" Z="0"/><Vertex X="21805" Y="23081" Z="0"/><Vertex X="21805" Y="23134" Z="0"/><Vertex X="21858" Y="23134" Z="0"/><Vertex X="21858" Y="23161" Z="0"/><Vertex X="21885" Y="23161" Z="0"/><Vertex X="21885" Y="23214" Z="0"/><Vertex X="21938" Y="23267" Z="0"/><Vertex X="21991" Y="23321" Z="0"/><Vertex X="22045" Y="23347" Z="0"/><Vertex X="22071" Y="23400" Z="0"/><Vertex X="22124" Y="23400" Z="0"/><Vertex X="22124" Y="23454" Z="0"/><Vertex X="22177" Y="23454" Z="0"/><Vertex X="22177" Y="23480" Z="0"/><Vertex X="22204" Y="23480" Z="0"/><Vertex X="22204" Y="23533" Z="0"/><Vertex X="22284" Y="23533" Z="0"/><Vertex X="22284" Y="23586" Z="0"/><Vertex X="22364" Y="23586" Z="0"/><Vertex X="22364" Y="23613" Z="0"/><Vertex X="22417" Y="23613" Z="0"/><Vertex X="22417" Y="23666" Z="0"/><Vertex X="22470" Y="23666" Z="0"/><Vertex X="22470" Y="23693" Z="0"/><Vertex X="22523" Y="23693" Z="0"/><Vertex X="22523" Y="23746" Z="0"/><Vertex X="22550" Y="23799" Z="0"/><Vertex X="22550" Y="23826" Z="0"/><Vertex X="22603" Y="23826" Z="0"/><Vertex X="22603" Y="23879" Z="0"/><Vertex X="22656" Y="23932" Z="0"/><Vertex X="22656" Y="23959" Z="0"/><Vertex X="22683" Y="24012" Z="0"/><Vertex X="22736" Y="24065" Z="0"/><Vertex X="22789" Y="24118" Z="0"/><Vertex X="22789" Y="24145" Z="0"/><Vertex X="22842" Y="24145" Z="0"/><Vertex X="22842" Y="24198" Z="0"/><Vertex X="22869" Y="24198" Z="0"/><Vertex X="22869" Y="24251" Z="0"/><Vertex X="22922" Y="24251" Z="0"/><Vertex X="22949" Y="24251" Z="0"/><Vertex X="22949" Y="24278" Z="0"/><Vertex X="23002" Y="24278" Z="0"/><Vertex X="23002" Y="24331" Z="0"/><Vertex X="23055" Y="24331" Z="0"/><Vertex X="23082" Y="24331" Z="0"/><Vertex X="23135" Y="24331" Z="0"/><Vertex X="24065" Y="23108" Z="0"/><Vertex X="24065" Y="23241" Z="0"/><Vertex X="24065" Y="23214" Z="0"/><Vertex X="24012" Y="23214" Z="0"/><Vertex X="24012" Y="23161" Z="0"/><Vertex X="23986" Y="23161" Z="0"/><Vertex X="23986" Y="23134" Z="0"/><Vertex X="23986" Y="23081" Z="0"/><Vertex X="23932" Y="23081" Z="0"/><Vertex X="23932" Y="23028" Z="0"/><Vertex X="23879" Y="23028" Z="0"/><Vertex X="23879" Y="23001" Z="0"/><Vertex X="23879" Y="22948" Z="0"/><Vertex X="23879" Y="22922" Z="0"/><Vertex X="23879" Y="22842" Z="0"/></Vertices></Region><Region Id="4" Type="0" Zoom="0.037606" Selected="0" ImageLocation="" ImageFocus="-1" Length="14451.4" Area="8076195.0" LengthMicrons="7130.3" AreaMicrons="1966097.7" Text="" NegativeROA="0" InputRegionId="0" Analyze="1" DisplayId="4"><Attributes></Attributes><Vertices><Vertex X="15928" Y="2154" Z="0"/><Vertex X="15901" Y="2154" Z="0"/><Vertex X="15848" Y="2154" Z="0"/><Vertex X="15795" Y="2154" Z="0"/><Vertex X="15742" Y="2154" Z="0"/><Vertex X="15742" Y="2207" Z="0"/><Vertex X="15662" Y="2260" Z="0"/><Vertex X="15529" Y="2340" Z="0"/><Vertex X="15503" Y="2393" Z="0"/><Vertex X="15449" Y="2419" Z="0"/><Vertex X="15396" Y="2473" Z="0"/><Vertex X="15343" Y="2526" Z="0"/><Vertex X="15316" Y="2579" Z="0"/><Vertex X="15263" Y="2606" Z="0"/><Vertex X="15183" Y="2685" Z="0"/><Vertex X="15130" Y="2765" Z="0"/><Vertex X="15077" Y="2845" Z="0"/><Vertex X="15077" Y="2925" Z="0"/><Vertex X="15051" Y="2925" Z="0"/><Vertex X="15051" Y="2951" Z="0"/><Vertex X="14997" Y="2951" Z="0"/><Vertex X="14997" Y="3004" Z="0"/><Vertex X="14944" Y="3004" Z="0"/><Vertex X="14944" Y="3031" Z="0"/><Vertex X="14918" Y="3031" Z="0"/><Vertex X="14838" Y="3031" Z="0"/><Vertex X="14838" Y="3084" Z="0"/><Vertex X="14758" Y="3084" Z="0"/><Vertex X="14705" Y="3084" Z="0"/><Vertex X="14652" Y="3137" Z="0"/><Vertex X="14598" Y="3137" Z="0"/><Vertex X="14572" Y="3191" Z="0"/><Vertex X="14572" Y="3217" Z="0"/><Vertex X="14519" Y="3217" Z="0"/><Vertex X="14519" Y="3297" Z="0"/><Vertex X="14466" Y="3297" Z="0"/><Vertex X="14466" Y="3350" Z="0"/><Vertex X="14466" Y="3403" Z="0"/><Vertex X="14466" Y="3456" Z="0"/><Vertex X="14466" Y="3483" Z="0"/><Vertex X="14492" Y="3536" Z="0"/><Vertex X="14545" Y="3589" Z="0"/><Vertex X="14598" Y="3643" Z="0"/><Vertex X="14652" Y="3643" Z="0"/><Vertex X="14652" Y="3669" Z="0"/><Vertex X="14731" Y="3669" Z="0"/><Vertex X="14838" Y="3669" Z="0"/><Vertex X="14838" Y="3722" Z="0"/><Vertex X="14944" Y="3722" Z="0"/><Vertex X="14971" Y="3722" Z="0"/><Vertex X="15024" Y="3722" Z="0"/><Vertex X="15051" Y="3722" Z="0"/><Vertex X="15104" Y="3776" Z="0"/><Vertex X="15183" Y="3776" Z="0"/><Vertex X="15263" Y="3776" Z="0"/><Vertex X="15343" Y="3776" Z="0"/><Vertex X="15396" Y="3776" Z="0"/><Vertex X="15476" Y="3802" Z="0"/><Vertex X="15529" Y="3802" Z="0"/><Vertex X="15582" Y="3802" Z="0"/><Vertex X="15636" Y="3802" Z="0"/><Vertex X="15689" Y="3802" Z="0"/><Vertex X="15715" Y="3802" Z="0"/><Vertex X="15768" Y="3855" Z="0"/><Vertex X="15848" Y="3855" Z="0"/><Vertex X="15901" Y="3855" Z="0"/><Vertex X="15928" Y="3855" Z="0"/><Vertex X="15981" Y="3855" Z="0"/><Vertex X="16034" Y="3909" Z="0"/><Vertex X="16061" Y="3909" Z="0"/><Vertex X="16141" Y="3909" Z="0"/><Vertex X="16221" Y="3962" Z="0"/><Vertex X="16300" Y="3962" Z="0"/><Vertex X="16353" Y="3962" Z="0"/><Vertex X="16407" Y="4015" Z="0"/><Vertex X="16486" Y="4015" Z="0"/><Vertex X="16540" Y="4015" Z="0"/><Vertex X="16619" Y="4068" Z="0"/><Vertex X="16673" Y="4068" Z="0"/><Vertex X="16699" Y="4095" Z="0"/><Vertex X="16779" Y="4095" Z="0"/><Vertex X="16832" Y="4148" Z="0"/><Vertex X="16938" Y="4148" Z="0"/><Vertex X="16965" Y="4148" Z="0"/><Vertex X="17071" Y="4201" Z="0"/><Vertex X="17125" Y="4201" Z="0"/><Vertex X="17151" Y="4201" Z="0"/><Vertex X="17204" Y="4201" Z="0"/><Vertex X="17258" Y="4201" Z="0"/><Vertex X="17284" Y="4201" Z="0"/><Vertex X="17391" Y="4254" Z="0"/><Vertex X="17417" Y="4254" Z="0"/><Vertex X="17470" Y="4254" Z="0"/><Vertex X="17497" Y="4254" Z="0"/><Vertex X="17550" Y="4254" Z="0"/><Vertex X="17603" Y="4254" Z="0"/><Vertex X="17683" Y="4307" Z="0"/><Vertex X="17736" Y="4307" Z="0"/><Vertex X="17816" Y="4307" Z="0"/><Vertex X="17843" Y="4307" Z="0"/><Vertex X="17896" Y="4334" Z="0"/><Vertex X="17949" Y="4334" Z="0"/><Vertex X="18055" Y="4334" Z="0"/><Vertex X="18082" Y="4334" Z="0"/><Vertex X="18135" Y="4334" Z="0"/><Vertex X="18215" Y="4334" Z="0"/><Vertex X="18268" Y="4387" Z="0"/><Vertex X="18321" Y="4387" Z="0"/><Vertex X="18348" Y="4387" Z="0"/><Vertex X="18401" Y="4387" Z="0"/><Vertex X="18481" Y="4387" Z="0"/><Vertex X="18561" Y="4387" Z="0"/><Vertex X="18667" Y="4361" Z="0"/><Vertex X="18720" Y="4361" Z="0"/><Vertex X="18800" Y="4361" Z="0"/><Vertex X="18826" Y="4361" Z="0"/><Vertex X="18880" Y="4334" Z="0"/><Vertex X="18933" Y="4334" Z="0"/><Vertex X="18986" Y="4334" Z="0"/><Vertex X="19039" Y="4334" Z="0"/><Vertex X="19066" Y="4334" Z="0"/><Vertex X="19119" Y="4334" Z="0"/><Vertex X="19172" Y="4334" Z="0"/><Vertex X="19199" Y="4334" Z="0"/><Vertex X="19252" Y="4334" Z="0"/><Vertex X="19279" Y="4334" Z="0"/><Vertex X="19279" Y="4281" Z="0"/><Vertex X="19358" Y="4281" Z="0"/><Vertex X="19438" Y="4281" Z="0"/><Vertex X="19518" Y="4228" Z="0"/><Vertex X="19571" Y="4228" Z="0"/><Vertex X="19651" Y="4174" Z="0"/><Vertex X="19731" Y="4174" Z="0"/><Vertex X="19810" Y="4121" Z="0"/><Vertex X="19864" Y="4121" Z="0"/><Vertex X="19864" Y="4095" Z="0"/><Vertex X="19943" Y="4095" Z="0"/><Vertex X="19943" Y="4042" Z="0"/><Vertex X="19970" Y="4042" Z="0"/><Vertex X="20023" Y="3988" Z="0"/><Vertex X="20023" Y="3962" Z="0"/><Vertex X="20076" Y="3962" Z="0"/><Vertex X="20076" Y="3909" Z="0"/><Vertex X="20103" Y="3909" Z="0"/><Vertex X="20103" Y="3882" Z="0"/><Vertex X="20156" Y="3882" Z="0"/><Vertex X="20156" Y="3829" Z="0"/><Vertex X="20209" Y="3829" Z="0"/><Vertex X="20209" Y="3749" Z="0"/><Vertex X="20262" Y="3696" Z="0"/><Vertex X="20262" Y="3643" Z="0"/><Vertex X="20262" Y="3589" Z="0"/><Vertex X="20262" Y="3563" Z="0"/><Vertex X="20262" Y="3510" Z="0"/><Vertex X="20262" Y="3483" Z="0"/><Vertex X="20262" Y="3430" Z="0"/><Vertex X="20262" Y="3350" Z="0"/><Vertex X="20262" Y="3324" Z="0"/><Vertex X="20262" Y="3270" Z="0"/><Vertex X="20209" Y="3270" Z="0"/><Vertex X="20209" Y="3217" Z="0"/><Vertex X="20156" Y="3217" Z="0"/><Vertex X="20103" Y="3217" Z="0"/><Vertex X="20103" Y="3191" Z="0"/><Vertex X="20023" Y="3191" Z="0"/><Vertex X="19970" Y="3191" Z="0"/><Vertex X="19970" Y="3137" Z="0"/><Vertex X="19943" Y="3137" Z="0"/><Vertex X="19890" Y="3084" Z="0"/><Vertex X="19837" Y="3084" Z="0"/><Vertex X="19784" Y="3058" Z="0"/><Vertex X="19704" Y="3058" Z="0"/><Vertex X="19624" Y="3004" Z="0"/><Vertex X="19571" Y="3004" Z="0"/><Vertex X="19518" Y="3004" Z="0"/><Vertex X="19465" Y="3004" Z="0"/><Vertex X="19438" Y="3004" Z="0"/><Vertex X="19385" Y="2951" Z="0"/><Vertex X="19305" Y="2951" Z="0"/><Vertex X="19252" Y="2951" Z="0"/><Vertex X="19199" Y="2951" Z="0"/><Vertex X="19172" Y="2951" Z="0"/><Vertex X="19119" Y="2951" Z="0"/><Vertex X="19066" Y="2898" Z="0"/><Vertex X="19039" Y="2898" Z="0"/><Vertex X="18933" Y="2898" Z="0"/><Vertex X="18880" Y="2898" Z="0"/><Vertex X="18853" Y="2898" Z="0"/><Vertex X="18800" Y="2898" Z="0"/><Vertex X="18773" Y="2898" Z="0"/><Vertex X="18720" Y="2898" Z="0"/><Vertex X="18667" Y="2845" Z="0"/><Vertex X="18640" Y="2845" Z="0"/><Vertex X="18587" Y="2845" Z="0"/><Vertex X="18561" Y="2845" Z="0"/><Vertex X="18507" Y="2845" Z="0"/><Vertex X="18454" Y="2818" Z="0"/><Vertex X="18374" Y="2818" Z="0"/><Vertex X="18321" Y="2765" Z="0"/><Vertex X="18268" Y="2765" Z="0"/><Vertex X="18162" Y="2765" Z="0"/><Vertex X="18135" Y="2765" Z="0"/><Vertex X="18082" Y="2712" Z="0"/><Vertex X="18029" Y="2712" Z="0"/><Vertex X="18002" Y="2712" Z="0"/><Vertex X="17949" Y="2712" Z="0"/><Vertex X="17922" Y="2712" Z="0"/><Vertex X="17869" Y="2659" Z="0"/><Vertex X="17789" Y="2659" Z="0"/><Vertex X="17710" Y="2659" Z="0"/><Vertex X="17710" Y="2632" Z="0"/><Vertex X="17656" Y="2632" Z="0"/><Vertex X="17603" Y="2632" Z="0"/><Vertex X="17577" Y="2632" Z="0"/><Vertex X="17524" Y="2579" Z="0"/><Vertex X="17470" Y="2579" Z="0"/><Vertex X="17444" Y="2579" Z="0"/><Vertex X="17337" Y="2526" Z="0"/><Vertex X="17311" Y="2526" Z="0"/><Vertex X="17258" Y="2473" Z="0"/><Vertex X="17204" Y="2473" Z="0"/><Vertex X="17178" Y="2473" Z="0"/><Vertex X="17125" Y="2419" Z="0"/><Vertex X="17071" Y="2419" Z="0"/><Vertex X="17045" Y="2419" Z="0"/><Vertex X="16992" Y="2393" Z="0"/><Vertex X="16885" Y="2340" Z="0"/><Vertex X="16806" Y="2340" Z="0"/><Vertex X="16752" Y="2286" Z="0"/><Vertex X="16726" Y="2286" Z="0"/><Vertex X="16673" Y="2286" Z="0"/><Vertex X="16646" Y="2233" Z="0"/><Vertex X="16593" Y="2233" Z="0"/><Vertex X="16540" Y="2233" Z="0"/><Vertex X="16513" Y="2207" Z="0"/><Vertex X="16460" Y="2207" Z="0"/><Vertex X="16407" Y="2207" Z="0"/><Vertex X="16353" Y="2154" Z="0"/><Vertex X="16300" Y="2154" Z="0"/><Vertex X="16247" Y="2154" Z="0"/><Vertex X="16221" Y="2154" Z="0"/><Vertex X="16167" Y="2154" Z="0"/><Vertex X="16141" Y="2154" Z="0"/><Vertex X="16088" Y="2154" Z="0"/><Vertex X="16114" Y="2074" Z="0"/><Vertex X="16088" Y="2074" Z="0"/><Vertex X="15928" Y="2154" Z="0"/></Vertices></Region></Regions><Plots></Plots></Annotation></Annotations>
