<Annotations MicronsPerPixel="0.493400">
	<Annotation Id="1" Name="" ReadOnly="0" NameReadOnly="0" LineColorReadOnly="0" Incremental="0" Type="4" LineColor="16776960" Visible="1" Selected="1" MarkupImagePath="" MacroName=""><Attributes></Attributes><Regions><RegionAttributeHeaders></RegionAttributeHeaders><Region Id="1" Type="0" Zoom="0.028706" Selected="0" ImageLocation="" ImageFocus="-1" Length="20006.8" Area="15306175.5" LengthMicrons="9871.3" AreaMicrons="3726190.0" Text="" NegativeROA="0" InputRegionId="0" Analyze="1" DisplayId="1"><Attributes></Attributes><Vertices><Vertex X="9371" Y="5539" Z="0"/><Vertex X="9336" Y="5539" Z="0"/><Vertex X="9267" Y="5539" Z="0"/><Vertex X="9197" Y="5539" Z="0"/><Vertex X="9093" Y="5609" Z="0"/><Vertex X="9023" Y="5678" Z="0"/><Vertex X="8918" Y="5748" Z="0"/><Vertex X="8814" Y="5818" Z="0"/><Vertex X="8709" Y="5887" Z="0"/><Vertex X="8605" Y="5957" Z="0"/><Vertex X="8570" Y="5957" Z="0"/><Vertex X="8570" Y="5992" Z="0"/><Vertex X="8500" Y="5992" Z="0"/><Vertex X="8465" Y="5992" Z="0"/><Vertex X="8465" Y="6062" Z="0"/><Vertex X="8361" Y="6062" Z="0"/><Vertex X="8291" Y="6131" Z="0"/><Vertex X="8187" Y="6131" Z="0"/><Vertex X="8117" Y="6131" Z="0"/><Vertex X="8047" Y="6131" Z="0"/><Vertex X="8047" Y="6166" Z="0"/><Vertex X="8013" Y="6166" Z="0"/><Vertex X="7943" Y="6166" Z="0"/><Vertex X="7873" Y="6166" Z="0"/><Vertex X="7838" Y="6166" Z="0"/><Vertex X="7769" Y="6166" Z="0"/><Vertex X="7769" Y="6236" Z="0"/><Vertex X="7769" Y="6271" Z="0"/><Vertex X="7734" Y="6271" Z="0"/><Vertex X="7734" Y="6340" Z="0"/><Vertex X="7664" Y="6340" Z="0"/><Vertex X="7664" Y="6410" Z="0"/><Vertex X="7664" Y="6445" Z="0"/><Vertex X="7664" Y="6514" Z="0"/><Vertex X="7664" Y="6549" Z="0"/><Vertex X="7664" Y="6619" Z="0"/><Vertex X="7699" Y="6689" Z="0"/><Vertex X="7699" Y="6723" Z="0"/><Vertex X="7699" Y="6793" Z="0"/><Vertex X="7734" Y="6793" Z="0"/><Vertex X="7734" Y="6863" Z="0"/><Vertex X="7734" Y="6898" Z="0"/><Vertex X="7734" Y="6967" Z="0"/><Vertex X="7734" Y="7002" Z="0"/><Vertex X="7734" Y="7072" Z="0"/><Vertex X="7734" Y="7141" Z="0"/><Vertex X="7734" Y="7176" Z="0"/><Vertex X="7734" Y="7246" Z="0"/><Vertex X="7734" Y="7281" Z="0"/><Vertex X="7734" Y="7350" Z="0"/><Vertex X="7664" Y="7420" Z="0"/><Vertex X="7595" Y="7490" Z="0"/><Vertex X="7595" Y="7525" Z="0"/><Vertex X="7560" Y="7525" Z="0"/><Vertex X="7560" Y="7594" Z="0"/><Vertex X="7560" Y="7629" Z="0"/><Vertex X="7490" Y="7629" Z="0"/><Vertex X="7490" Y="7699" Z="0"/><Vertex X="7490" Y="7768" Z="0"/><Vertex X="7420" Y="7768" Z="0"/><Vertex X="7420" Y="7803" Z="0"/><Vertex X="7386" Y="7803" Z="0"/><Vertex X="7386" Y="7873" Z="0"/><Vertex X="7316" Y="7943" Z="0"/><Vertex X="7316" Y="7978" Z="0"/><Vertex X="7316" Y="8047" Z="0"/><Vertex X="7246" Y="8047" Z="0"/><Vertex X="7246" Y="8082" Z="0"/><Vertex X="7246" Y="8152" Z="0"/><Vertex X="7211" Y="8152" Z="0"/><Vertex X="7211" Y="8221" Z="0"/><Vertex X="7211" Y="8256" Z="0"/><Vertex X="7211" Y="8326" Z="0"/><Vertex X="7211" Y="8361" Z="0"/><Vertex X="7211" Y="8430" Z="0"/><Vertex X="7211" Y="8500" Z="0"/><Vertex X="7211" Y="8535" Z="0"/><Vertex X="7281" Y="8535" Z="0"/><Vertex X="7281" Y="8605" Z="0"/><Vertex X="7351" Y="8605" Z="0"/><Vertex X="7386" Y="8605" Z="0"/><Vertex X="7455" Y="8605" Z="0"/><Vertex X="7560" Y="8674" Z="0"/><Vertex X="7595" Y="8674" Z="0"/><Vertex X="7664" Y="8674" Z="0"/><Vertex X="7734" Y="8674" Z="0"/><Vertex X="7838" Y="8674" Z="0"/><Vertex X="7943" Y="8674" Z="0"/><Vertex X="7978" Y="8674" Z="0"/><Vertex X="8047" Y="8674" Z="0"/><Vertex X="8117" Y="8674" Z="0"/><Vertex X="8187" Y="8674" Z="0"/><Vertex X="8256" Y="8674" Z="0"/><Vertex X="8291" Y="8674" Z="0"/><Vertex X="8361" Y="8674" Z="0"/><Vertex X="8431" Y="8674" Z="0"/><Vertex X="8465" Y="8709" Z="0"/><Vertex X="8535" Y="8709" Z="0"/><Vertex X="8605" Y="8709" Z="0"/><Vertex X="8605" Y="8779" Z="0"/><Vertex X="8640" Y="8779" Z="0"/><Vertex X="8640" Y="8848" Z="0"/><Vertex X="8709" Y="8848" Z="0"/><Vertex X="8709" Y="8883" Z="0"/><Vertex X="8744" Y="8883" Z="0"/><Vertex X="8744" Y="8953" Z="0"/><Vertex X="8814" Y="8953" Z="0"/><Vertex X="8883" Y="8953" Z="0"/><Vertex X="8918" Y="8953" Z="0"/><Vertex X="8988" Y="8953" Z="0"/><Vertex X="9058" Y="8953" Z="0"/><Vertex X="9127" Y="8918" Z="0"/><Vertex X="9197" Y="8918" Z="0"/><Vertex X="9267" Y="8848" Z="0"/><Vertex X="9336" Y="8779" Z="0"/><Vertex X="9406" Y="8779" Z="0"/><Vertex X="9406" Y="8744" Z="0"/><Vertex X="9476" Y="8744" Z="0"/><Vertex X="9476" Y="8674" Z="0"/><Vertex X="9511" Y="8674" Z="0"/><Vertex X="9511" Y="8639" Z="0"/><Vertex X="9580" Y="8639" Z="0"/><Vertex X="9650" Y="8570" Z="0"/><Vertex X="9685" Y="8570" Z="0"/><Vertex X="9685" Y="8500" Z="0"/><Vertex X="9754" Y="8500" Z="0"/><Vertex X="9824" Y="8396" Z="0"/><Vertex X="9859" Y="8361" Z="0"/><Vertex X="9929" Y="8291" Z="0"/><Vertex X="9929" Y="8221" Z="0"/><Vertex X="9998" Y="8221" Z="0"/><Vertex X="9998" Y="8187" Z="0"/><Vertex X="10033" Y="8187" Z="0"/><Vertex X="10033" Y="8117" Z="0"/><Vertex X="10103" Y="8117" Z="0"/><Vertex X="10103" Y="8047" Z="0"/><Vertex X="10172" Y="8012" Z="0"/><Vertex X="10172" Y="7943" Z="0"/><Vertex X="10207" Y="7943" Z="0"/><Vertex X="10207" Y="7873" Z="0"/><Vertex X="10277" Y="7873" Z="0"/><Vertex X="10347" Y="7838" Z="0"/><Vertex X="10381" Y="7838" Z="0"/><Vertex X="10451" Y="7768" Z="0"/><Vertex X="10521" Y="7768" Z="0"/><Vertex X="10556" Y="7768" Z="0"/><Vertex X="10625" Y="7699" Z="0"/><Vertex X="10695" Y="7699" Z="0"/><Vertex X="10730" Y="7699" Z="0"/><Vertex X="10730" Y="7664" Z="0"/><Vertex X="10799" Y="7664" Z="0"/><Vertex X="10869" Y="7664" Z="0"/><Vertex X="10869" Y="7594" Z="0"/><Vertex X="10904" Y="7594" Z="0"/><Vertex X="10974" Y="7594" Z="0"/><Vertex X="10974" Y="7525" Z="0"/><Vertex X="11008" Y="7525" Z="0"/><Vertex X="11078" Y="7525" Z="0"/><Vertex X="11078" Y="7490" Z="0"/><Vertex X="11148" Y="7490" Z="0"/><Vertex X="11183" Y="7420" Z="0"/><Vertex X="11252" Y="7420" Z="0"/><Vertex X="11252" Y="7350" Z="0"/><Vertex X="11322" Y="7350" Z="0"/><Vertex X="11357" Y="7316" Z="0"/><Vertex X="11427" Y="7316" Z="0"/><Vertex X="11427" Y="7246" Z="0"/><Vertex X="11496" Y="7246" Z="0"/><Vertex X="11531" Y="7176" Z="0"/><Vertex X="11601" Y="7176" Z="0"/><Vertex X="11601" Y="7141" Z="0"/><Vertex X="11670" Y="7141" Z="0"/><Vertex X="11705" Y="7141" Z="0"/><Vertex X="11705" Y="7072" Z="0"/><Vertex X="11775" Y="7072" Z="0"/><Vertex X="11775" Y="7002" Z="0"/><Vertex X="11845" Y="7002" Z="0"/><Vertex X="11845" Y="6967" Z="0"/><Vertex X="11914" Y="6967" Z="0"/><Vertex X="11984" Y="6898" Z="0"/><Vertex X="12054" Y="6828" Z="0"/><Vertex X="12088" Y="6828" Z="0"/><Vertex X="12158" Y="6828" Z="0"/><Vertex X="12228" Y="6758" Z="0"/><Vertex X="12263" Y="6758" Z="0"/><Vertex X="12332" Y="6723" Z="0"/><Vertex X="12367" Y="6723" Z="0"/><Vertex X="12367" Y="6654" Z="0"/><Vertex X="12437" Y="6654" Z="0"/><Vertex X="12506" Y="6584" Z="0"/><Vertex X="12576" Y="6549" Z="0"/><Vertex X="12611" Y="6480" Z="0"/><Vertex X="12611" Y="6410" Z="0"/><Vertex X="12681" Y="6410" Z="0"/><Vertex X="12681" Y="6375" Z="0"/><Vertex X="12750" Y="6375" Z="0"/><Vertex X="12750" Y="6305" Z="0"/><Vertex X="12785" Y="6236" Z="0"/><Vertex X="12785" Y="6201" Z="0"/><Vertex X="12855" Y="6201" Z="0"/><Vertex X="12855" Y="6131" Z="0"/><Vertex X="12924" Y="6131" Z="0"/><Vertex X="12924" Y="6062" Z="0"/><Vertex X="12959" Y="6062" Z="0"/><Vertex X="12959" Y="6027" Z="0"/><Vertex X="13029" Y="6027" Z="0"/><Vertex X="13099" Y="5957" Z="0"/><Vertex X="13134" Y="5957" Z="0"/><Vertex X="13134" Y="5887" Z="0"/><Vertex X="13203" Y="5887" Z="0"/><Vertex X="13203" Y="5852" Z="0"/><Vertex X="13238" Y="5852" Z="0"/><Vertex X="13308" Y="5783" Z="0"/><Vertex X="13308" Y="5713" Z="0"/><Vertex X="13308" Y="5678" Z="0"/><Vertex X="13308" Y="5609" Z="0"/><Vertex X="13308" Y="5574" Z="0"/><Vertex X="13308" Y="5504" Z="0"/><Vertex X="13308" Y="5434" Z="0"/><Vertex X="13308" Y="5400" Z="0"/><Vertex X="13308" Y="5330" Z="0"/><Vertex X="13308" Y="5295" Z="0"/><Vertex X="13238" Y="5295" Z="0"/><Vertex X="13238" Y="5225" Z="0"/><Vertex X="13168" Y="5225" Z="0"/><Vertex X="13134" Y="5156" Z="0"/><Vertex X="13064" Y="5156" Z="0"/><Vertex X="12959" Y="5156" Z="0"/><Vertex X="12924" Y="5156" Z="0"/><Vertex X="12855" Y="5156" Z="0"/><Vertex X="12820" Y="5156" Z="0"/><Vertex X="12820" Y="5121" Z="0"/><Vertex X="12750" Y="5121" Z="0"/><Vertex X="12681" Y="5121" Z="0"/><Vertex X="12646" Y="5051" Z="0"/><Vertex X="12576" Y="4982" Z="0"/><Vertex X="12506" Y="4982" Z="0"/><Vertex X="12506" Y="4912" Z="0"/><Vertex X="12472" Y="4912" Z="0"/><Vertex X="12402" Y="4877" Z="0"/><Vertex X="12332" Y="4877" Z="0"/><Vertex X="12297" Y="4877" Z="0"/><Vertex X="12297" Y="4807" Z="0"/><Vertex X="12228" Y="4807" Z="0"/><Vertex X="12158" Y="4807" Z="0"/><Vertex X="12158" Y="4738" Z="0"/><Vertex X="12123" Y="4738" Z="0"/><Vertex X="12123" Y="4703" Z="0"/><Vertex X="12123" Y="4633" Z="0"/><Vertex X="12123" Y="4598" Z="0"/><Vertex X="12123" Y="4529" Z="0"/><Vertex X="12123" Y="4459" Z="0"/><Vertex X="12123" Y="4424" Z="0"/><Vertex X="12054" Y="4424" Z="0"/><Vertex X="12019" Y="4424" Z="0"/><Vertex X="11949" Y="4424" Z="0"/><Vertex X="11879" Y="4355" Z="0"/><Vertex X="11845" Y="4355" Z="0"/><Vertex X="11775" Y="4355" Z="0"/><Vertex X="11705" Y="4355" Z="0"/><Vertex X="11670" Y="4355" Z="0"/><Vertex X="11601" Y="4355" Z="0"/><Vertex X="11566" Y="4355" Z="0"/><Vertex X="11496" Y="4355" Z="0"/><Vertex X="11427" Y="4355" Z="0"/><Vertex X="11392" Y="4355" Z="0"/><Vertex X="11322" Y="4355" Z="0"/><Vertex X="11287" Y="4355" Z="0"/><Vertex X="11218" Y="4355" Z="0"/><Vertex X="11148" Y="4355" Z="0"/><Vertex X="11113" Y="4355" Z="0"/><Vertex X="11043" Y="4355" Z="0"/><Vertex X="11008" Y="4355" Z="0"/><Vertex X="11008" Y="4285" Z="0"/><Vertex X="10939" Y="4285" Z="0"/><Vertex X="10869" Y="4285" Z="0"/><Vertex X="10869" Y="4250" Z="0"/><Vertex X="10834" Y="4250" Z="0"/><Vertex X="10765" Y="4250" Z="0"/><Vertex X="10695" Y="4285" Z="0"/><Vertex X="10660" Y="4285" Z="0"/><Vertex X="10590" Y="4320" Z="0"/><Vertex X="10556" Y="4389" Z="0"/><Vertex X="10451" Y="4424" Z="0"/><Vertex X="10381" Y="4529" Z="0"/><Vertex X="10312" Y="4529" Z="0"/><Vertex X="10312" Y="4598" Z="0"/><Vertex X="10277" Y="4598" Z="0"/><Vertex X="10207" Y="4633" Z="0"/><Vertex X="10207" Y="4703" Z="0"/><Vertex X="10172" Y="4703" Z="0"/><Vertex X="10172" Y="4773" Z="0"/><Vertex X="10103" Y="4773" Z="0"/><Vertex X="10033" Y="4807" Z="0"/><Vertex X="9998" Y="4807" Z="0"/><Vertex X="9998" Y="4877" Z="0"/><Vertex X="9929" Y="4877" Z="0"/><Vertex X="9929" Y="4947" Z="0"/><Vertex X="9894" Y="4947" Z="0"/><Vertex X="9894" Y="4982" Z="0"/><Vertex X="9824" Y="4982" Z="0"/><Vertex X="9824" Y="5051" Z="0"/><Vertex X="9754" Y="5051" Z="0"/><Vertex X="9754" Y="5086" Z="0"/><Vertex X="9720" Y="5086" Z="0"/><Vertex X="9720" Y="5156" Z="0"/><Vertex X="9650" Y="5156" Z="0"/><Vertex X="9650" Y="5225" Z="0"/><Vertex X="9615" Y="5225" Z="0"/><Vertex X="9615" Y="5260" Z="0"/><Vertex X="9615" Y="5330" Z="0"/><Vertex X="9545" Y="5330" Z="0"/><Vertex X="9545" Y="5434" Z="0"/><Vertex X="9476" Y="5434" Z="0"/><Vertex X="9476" Y="5469" Z="0"/><Vertex X="9441" Y="5469" Z="0"/><Vertex X="9441" Y="5504" Z="0"/><Vertex X="9441" Y="5539" Z="0"/><Vertex X="9371" Y="5539" Z="0"/></Vertices></Region><Region Id="2" Type="0" Zoom="0.028706" Selected="0" ImageLocation="" ImageFocus="-1" Length="21038.3" Area="13760445.5" LengthMicrons="10380.3" AreaMicrons="3349891.9" Text="" NegativeROA="0" InputRegionId="0" Analyze="1" DisplayId="2"><Attributes></Attributes><Vertices><Vertex X="15293" Y="3170" Z="0"/><Vertex X="15224" Y="3170" Z="0"/><Vertex X="15154" Y="3170" Z="0"/><Vertex X="15084" Y="3170" Z="0"/><Vertex X="15049" Y="3170" Z="0"/><Vertex X="15049" Y="3240" Z="0"/><Vertex X="14980" Y="3240" Z="0"/><Vertex X="14910" Y="3309" Z="0"/><Vertex X="14875" Y="3309" Z="0"/><Vertex X="14875" Y="3344" Z="0"/><Vertex X="14806" Y="3344" Z="0"/><Vertex X="14806" Y="3414" Z="0"/><Vertex X="14736" Y="3414" Z="0"/><Vertex X="14701" Y="3484" Z="0"/><Vertex X="14631" Y="3484" Z="0"/><Vertex X="14631" Y="3518" Z="0"/><Vertex X="14562" Y="3518" Z="0"/><Vertex X="14527" Y="3518" Z="0"/><Vertex X="14457" Y="3588" Z="0"/><Vertex X="14388" Y="3588" Z="0"/><Vertex X="14353" Y="3588" Z="0"/><Vertex X="14283" Y="3553" Z="0"/><Vertex X="14283" Y="3518" Z="0"/><Vertex X="14283" Y="3449" Z="0"/><Vertex X="14213" Y="3449" Z="0"/><Vertex X="14213" Y="3379" Z="0"/><Vertex X="14213" Y="3344" Z="0"/><Vertex X="14179" Y="3344" Z="0"/><Vertex X="14109" Y="3344" Z="0"/><Vertex X="14074" Y="3344" Z="0"/><Vertex X="14004" Y="3344" Z="0"/><Vertex X="13900" Y="3344" Z="0"/><Vertex X="13865" Y="3344" Z="0"/><Vertex X="13795" Y="3344" Z="0"/><Vertex X="13761" Y="3344" Z="0"/><Vertex X="13656" Y="3344" Z="0"/><Vertex X="13586" Y="3344" Z="0"/><Vertex X="13552" Y="3344" Z="0"/><Vertex X="13482" Y="3344" Z="0"/><Vertex X="13447" Y="3344" Z="0"/><Vertex X="13377" Y="3344" Z="0"/><Vertex X="13308" Y="3275" Z="0"/><Vertex X="13273" Y="3275" Z="0"/><Vertex X="13273" Y="3240" Z="0"/><Vertex X="13203" Y="3240" Z="0"/><Vertex X="13134" Y="3240" Z="0"/><Vertex X="13099" Y="3240" Z="0"/><Vertex X="13029" Y="3240" Z="0"/><Vertex X="12959" Y="3309" Z="0"/><Vertex X="12959" Y="3344" Z="0"/><Vertex X="12959" Y="3414" Z="0"/><Vertex X="12924" Y="3414" Z="0"/><Vertex X="12924" Y="3518" Z="0"/><Vertex X="12924" Y="3553" Z="0"/><Vertex X="12924" Y="3623" Z="0"/><Vertex X="12924" Y="3693" Z="0"/><Vertex X="12924" Y="3727" Z="0"/><Vertex X="12855" Y="3727" Z="0"/><Vertex X="12855" Y="3797" Z="0"/><Vertex X="12855" Y="3832" Z="0"/><Vertex X="12855" Y="3936" Z="0"/><Vertex X="12855" Y="4006" Z="0"/><Vertex X="12855" Y="4041" Z="0"/><Vertex X="12820" Y="4041" Z="0"/><Vertex X="12820" Y="4111" Z="0"/><Vertex X="12820" Y="4146" Z="0"/><Vertex X="12750" Y="4146" Z="0"/><Vertex X="12750" Y="4215" Z="0"/><Vertex X="12681" Y="4215" Z="0"/><Vertex X="12681" Y="4285" Z="0"/><Vertex X="12646" Y="4320" Z="0"/><Vertex X="12646" Y="4389" Z="0"/><Vertex X="12646" Y="4459" Z="0"/><Vertex X="12646" Y="4494" Z="0"/><Vertex X="12646" Y="4564" Z="0"/><Vertex X="12646" Y="4598" Z="0"/><Vertex X="12715" Y="4598" Z="0"/><Vertex X="12750" Y="4598" Z="0"/><Vertex X="12750" Y="4668" Z="0"/><Vertex X="12820" Y="4668" Z="0"/><Vertex X="12890" Y="4668" Z="0"/><Vertex X="12890" Y="4738" Z="0"/><Vertex X="12924" Y="4738" Z="0"/><Vertex X="12924" Y="4773" Z="0"/><Vertex X="12994" Y="4773" Z="0"/><Vertex X="12994" Y="4842" Z="0"/><Vertex X="13029" Y="4842" Z="0"/><Vertex X="13099" Y="4842" Z="0"/><Vertex X="13168" Y="4842" Z="0"/><Vertex X="13203" Y="4842" Z="0"/><Vertex X="13273" Y="4842" Z="0"/><Vertex X="13343" Y="4912" Z="0"/><Vertex X="13377" Y="4912" Z="0"/><Vertex X="13447" Y="4912" Z="0"/><Vertex X="13482" Y="4912" Z="0"/><Vertex X="13552" Y="4947" Z="0"/><Vertex X="13621" Y="4947" Z="0"/><Vertex X="13656" Y="4947" Z="0"/><Vertex X="13656" Y="5016" Z="0"/><Vertex X="13726" Y="5016" Z="0"/><Vertex X="13726" Y="5086" Z="0"/><Vertex X="13726" Y="5121" Z="0"/><Vertex X="13726" Y="5191" Z="0"/><Vertex X="13726" Y="5225" Z="0"/><Vertex X="13726" Y="5295" Z="0"/><Vertex X="13726" Y="5365" Z="0"/><Vertex X="13691" Y="5400" Z="0"/><Vertex X="13691" Y="5469" Z="0"/><Vertex X="13656" Y="5469" Z="0"/><Vertex X="13656" Y="5539" Z="0"/><Vertex X="13656" Y="5574" Z="0"/><Vertex X="13726" Y="5574" Z="0"/><Vertex X="13761" Y="5574" Z="0"/><Vertex X="13830" Y="5574" Z="0"/><Vertex X="13900" Y="5574" Z="0"/><Vertex X="13970" Y="5574" Z="0"/><Vertex X="14039" Y="5574" Z="0"/><Vertex X="14074" Y="5574" Z="0"/><Vertex X="14179" Y="5574" Z="0"/><Vertex X="14248" Y="5574" Z="0"/><Vertex X="14318" Y="5504" Z="0"/><Vertex X="14388" Y="5504" Z="0"/><Vertex X="14388" Y="5434" Z="0"/><Vertex X="14457" Y="5434" Z="0"/><Vertex X="14492" Y="5434" Z="0"/><Vertex X="14492" Y="5400" Z="0"/><Vertex X="14562" Y="5400" Z="0"/><Vertex X="14597" Y="5400" Z="0"/><Vertex X="14597" Y="5330" Z="0"/><Vertex X="14666" Y="5330" Z="0"/><Vertex X="14736" Y="5330" Z="0"/><Vertex X="14736" Y="5295" Z="0"/><Vertex X="14771" Y="5295" Z="0"/><Vertex X="14840" Y="5295" Z="0"/><Vertex X="14910" Y="5225" Z="0"/><Vertex X="14945" Y="5225" Z="0"/><Vertex X="15015" Y="5156" Z="0"/><Vertex X="15084" Y="5156" Z="0"/><Vertex X="15119" Y="5156" Z="0"/><Vertex X="15189" Y="5156" Z="0"/><Vertex X="15224" Y="5156" Z="0"/><Vertex X="15293" Y="5086" Z="0"/><Vertex X="15398" Y="5086" Z="0"/><Vertex X="15433" Y="5086" Z="0"/><Vertex X="15502" Y="5016" Z="0"/><Vertex X="15572" Y="5016" Z="0"/><Vertex X="15607" Y="5016" Z="0"/><Vertex X="15677" Y="5016" Z="0"/><Vertex X="15746" Y="5016" Z="0"/><Vertex X="15781" Y="4982" Z="0"/><Vertex X="15886" Y="4982" Z="0"/><Vertex X="15990" Y="4982" Z="0"/><Vertex X="16060" Y="4982" Z="0"/><Vertex X="16164" Y="4982" Z="0"/><Vertex X="16234" Y="4982" Z="0"/><Vertex X="16269" Y="4982" Z="0"/><Vertex X="16373" Y="4982" Z="0"/><Vertex X="16408" Y="4982" Z="0"/><Vertex X="16478" Y="4982" Z="0"/><Vertex X="16547" Y="4982" Z="0"/><Vertex X="16582" Y="4982" Z="0"/><Vertex X="16652" Y="4982" Z="0"/><Vertex X="16687" Y="4982" Z="0"/><Vertex X="16756" Y="4982" Z="0"/><Vertex X="16826" Y="4982" Z="0"/><Vertex X="16861" Y="4982" Z="0"/><Vertex X="16931" Y="4982" Z="0"/><Vertex X="16965" Y="4982" Z="0"/><Vertex X="17035" Y="4982" Z="0"/><Vertex X="17105" Y="4982" Z="0"/><Vertex X="17140" Y="4982" Z="0"/><Vertex X="17209" Y="5051" Z="0"/><Vertex X="17279" Y="5051" Z="0"/><Vertex X="17314" Y="5051" Z="0"/><Vertex X="17384" Y="5051" Z="0"/><Vertex X="17418" Y="5051" Z="0"/><Vertex X="17488" Y="5051" Z="0"/><Vertex X="17488" Y="5121" Z="0"/><Vertex X="17558" Y="5121" Z="0"/><Vertex X="17593" Y="5121" Z="0"/><Vertex X="17662" Y="5121" Z="0"/><Vertex X="17732" Y="5086" Z="0"/><Vertex X="17767" Y="5086" Z="0"/><Vertex X="17836" Y="5086" Z="0"/><Vertex X="17836" Y="5016" Z="0"/><Vertex X="17871" Y="5016" Z="0"/><Vertex X="17941" Y="5016" Z="0"/><Vertex X="18011" Y="5016" Z="0"/><Vertex X="18011" Y="4982" Z="0"/><Vertex X="18045" Y="4982" Z="0"/><Vertex X="18115" Y="4982" Z="0"/><Vertex X="18115" Y="4912" Z="0"/><Vertex X="18150" Y="4912" Z="0"/><Vertex X="18220" Y="4912" Z="0"/><Vertex X="18289" Y="4842" Z="0"/><Vertex X="18324" Y="4842" Z="0"/><Vertex X="18394" Y="4842" Z="0"/><Vertex X="18394" Y="4807" Z="0"/><Vertex X="18498" Y="4807" Z="0"/><Vertex X="18568" Y="4807" Z="0"/><Vertex X="18638" Y="4807" Z="0"/><Vertex X="18707" Y="4807" Z="0"/><Vertex X="18742" Y="4807" Z="0"/><Vertex X="18847" Y="4807" Z="0"/><Vertex X="18916" Y="4807" Z="0"/><Vertex X="18986" Y="4738" Z="0"/><Vertex X="19056" Y="4738" Z="0"/><Vertex X="19091" Y="4738" Z="0"/><Vertex X="19160" Y="4738" Z="0"/><Vertex X="19230" Y="4738" Z="0"/><Vertex X="19265" Y="4738" Z="0"/><Vertex X="19334" Y="4738" Z="0"/><Vertex X="19369" Y="4738" Z="0"/><Vertex X="19439" Y="4738" Z="0"/><Vertex X="19509" Y="4738" Z="0"/><Vertex X="19543" Y="4738" Z="0"/><Vertex X="19613" Y="4738" Z="0"/><Vertex X="19648" Y="4738" Z="0"/><Vertex X="19718" Y="4738" Z="0"/><Vertex X="19787" Y="4738" Z="0"/><Vertex X="19787" Y="4668" Z="0"/><Vertex X="19822" Y="4668" Z="0"/><Vertex X="19892" Y="4668" Z="0"/><Vertex X="19961" Y="4633" Z="0"/><Vertex X="20031" Y="4633" Z="0"/><Vertex X="20101" Y="4633" Z="0"/><Vertex X="20101" Y="4564" Z="0"/><Vertex X="20101" Y="4494" Z="0"/><Vertex X="20101" Y="4459" Z="0"/><Vertex X="20101" Y="4389" Z="0"/><Vertex X="20101" Y="4355" Z="0"/><Vertex X="20066" Y="4355" Z="0"/><Vertex X="20066" Y="4250" Z="0"/><Vertex X="19996" Y="4146" Z="0"/><Vertex X="19996" Y="4041" Z="0"/><Vertex X="19961" Y="4006" Z="0"/><Vertex X="19961" Y="3902" Z="0"/><Vertex X="19961" Y="3797" Z="0"/><Vertex X="19961" Y="3727" Z="0"/><Vertex X="19961" Y="3658" Z="0"/><Vertex X="19961" Y="3623" Z="0"/><Vertex X="19961" Y="3553" Z="0"/><Vertex X="19961" Y="3484" Z="0"/><Vertex X="19961" Y="3414" Z="0"/><Vertex X="19961" Y="3344" Z="0"/><Vertex X="20031" Y="3240" Z="0"/><Vertex X="20031" Y="3205" Z="0"/><Vertex X="20031" Y="3100" Z="0"/><Vertex X="20031" Y="3031" Z="0"/><Vertex X="20031" Y="2996" Z="0"/><Vertex X="20031" Y="2926" Z="0"/><Vertex X="19961" Y="2857" Z="0"/><Vertex X="19892" Y="2857" Z="0"/><Vertex X="19892" Y="2822" Z="0"/><Vertex X="19857" Y="2822" Z="0"/><Vertex X="19787" Y="2822" Z="0"/><Vertex X="19787" Y="2752" Z="0"/><Vertex X="19752" Y="2752" Z="0"/><Vertex X="19683" Y="2752" Z="0"/><Vertex X="19613" Y="2682" Z="0"/><Vertex X="19578" Y="2682" Z="0"/><Vertex X="19509" Y="2682" Z="0"/><Vertex X="19439" Y="2682" Z="0"/><Vertex X="19404" Y="2682" Z="0"/><Vertex X="19334" Y="2682" Z="0"/><Vertex X="19300" Y="2682" Z="0"/><Vertex X="19230" Y="2717" Z="0"/><Vertex X="19125" Y="2717" Z="0"/><Vertex X="19056" Y="2787" Z="0"/><Vertex X="18986" Y="2787" Z="0"/><Vertex X="18881" Y="2857" Z="0"/><Vertex X="18777" Y="2857" Z="0"/><Vertex X="18742" Y="2857" Z="0"/><Vertex X="18742" Y="2891" Z="0"/><Vertex X="18603" Y="2891" Z="0"/><Vertex X="18533" Y="2891" Z="0"/><Vertex X="18498" Y="2891" Z="0"/><Vertex X="18498" Y="2961" Z="0"/><Vertex X="18394" Y="2961" Z="0"/><Vertex X="18289" Y="2961" Z="0"/><Vertex X="18185" Y="3031" Z="0"/><Vertex X="18115" Y="3031" Z="0"/><Vertex X="18011" Y="3031" Z="0"/><Vertex X="17906" Y="3031" Z="0"/><Vertex X="17836" Y="3031" Z="0"/><Vertex X="17767" Y="3031" Z="0"/><Vertex X="17732" Y="3031" Z="0"/><Vertex X="17732" Y="3100" Z="0"/><Vertex X="17662" Y="3100" Z="0"/><Vertex X="17593" Y="3100" Z="0"/><Vertex X="17558" Y="3100" Z="0"/><Vertex X="17488" Y="3100" Z="0"/><Vertex X="17418" Y="3100" Z="0"/><Vertex X="17349" Y="3066" Z="0"/><Vertex X="17279" Y="3066" Z="0"/><Vertex X="17244" Y="3066" Z="0"/><Vertex X="17175" Y="2996" Z="0"/><Vertex X="17105" Y="2996" Z="0"/><Vertex X="17070" Y="2996" Z="0"/><Vertex X="17000" Y="2996" Z="0"/><Vertex X="17000" Y="2961" Z="0"/><Vertex X="16965" Y="2961" Z="0"/><Vertex X="16896" Y="2961" Z="0"/><Vertex X="16826" Y="2961" Z="0"/><Vertex X="16791" Y="2961" Z="0"/><Vertex X="16722" Y="2961" Z="0"/><Vertex X="16652" Y="2961" Z="0"/><Vertex X="16617" Y="2961" Z="0"/><Vertex X="16617" Y="3031" Z="0"/><Vertex X="16547" Y="3031" Z="0"/><Vertex X="16513" Y="3031" Z="0"/><Vertex X="16443" Y="3031" Z="0"/><Vertex X="16373" Y="3100" Z="0"/><Vertex X="16338" Y="3100" Z="0"/><Vertex X="16269" Y="3100" Z="0"/><Vertex X="16199" Y="3100" Z="0"/><Vertex X="16164" Y="3100" Z="0"/><Vertex X="16095" Y="3170" Z="0"/><Vertex X="16025" Y="3170" Z="0"/><Vertex X="15955" Y="3170" Z="0"/><Vertex X="15886" Y="3170" Z="0"/><Vertex X="15851" Y="3170" Z="0"/><Vertex X="15781" Y="3170" Z="0"/><Vertex X="15711" Y="3170" Z="0"/><Vertex X="15711" Y="3205" Z="0"/><Vertex X="15677" Y="3205" Z="0"/><Vertex X="15607" Y="3205" Z="0"/><Vertex X="15572" Y="3205" Z="0"/><Vertex X="15502" Y="3205" Z="0"/><Vertex X="15433" Y="3205" Z="0"/><Vertex X="15398" Y="3205" Z="0"/><Vertex X="15328" Y="3205" Z="0"/><Vertex X="15293" Y="3170" Z="0"/></Vertices></Region><Region Id="3" Type="0" Zoom="0.028706" Selected="0" ImageLocation="" ImageFocus="-1" Length="29707.0" Area="22384175.5" LengthMicrons="14657.4" AreaMicrons="5449283.5" Text="" NegativeROA="0" InputRegionId="0" Analyze="1" DisplayId="3"><Attributes></Attributes><Vertices><Vertex X="13377" Y="14283" Z="0"/><Vertex X="13273" Y="14353" Z="0"/><Vertex X="13203" Y="14353" Z="0"/><Vertex X="13203" Y="14387" Z="0"/><Vertex X="13099" Y="14387" Z="0"/><Vertex X="12994" Y="14457" Z="0"/><Vertex X="12994" Y="14492" Z="0"/><Vertex X="12959" Y="14492" Z="0"/><Vertex X="12959" Y="14562" Z="0"/><Vertex X="12890" Y="14562" Z="0"/><Vertex X="12890" Y="14631" Z="0"/><Vertex X="12820" Y="14631" Z="0"/><Vertex X="12820" Y="14666" Z="0"/><Vertex X="12785" Y="14666" Z="0"/><Vertex X="12785" Y="14736" Z="0"/><Vertex X="12715" Y="14805" Z="0"/><Vertex X="12715" Y="14840" Z="0"/><Vertex X="12646" Y="14840" Z="0"/><Vertex X="12646" Y="14910" Z="0"/><Vertex X="12611" Y="14980" Z="0"/><Vertex X="12541" Y="15014" Z="0"/><Vertex X="12541" Y="15084" Z="0"/><Vertex X="12472" Y="15084" Z="0"/><Vertex X="12472" Y="15154" Z="0"/><Vertex X="12437" Y="15189" Z="0"/><Vertex X="12437" Y="15258" Z="0"/><Vertex X="12367" Y="15258" Z="0"/><Vertex X="12367" Y="15328" Z="0"/><Vertex X="12297" Y="15363" Z="0"/><Vertex X="12228" Y="15432" Z="0"/><Vertex X="12193" Y="15432" Z="0"/><Vertex X="12193" Y="15502" Z="0"/><Vertex X="12123" Y="15502" Z="0"/><Vertex X="12123" Y="15537" Z="0"/><Vertex X="12088" Y="15537" Z="0"/><Vertex X="12019" Y="15607" Z="0"/><Vertex X="11949" Y="15607" Z="0"/><Vertex X="11949" Y="15676" Z="0"/><Vertex X="11914" Y="15676" Z="0"/><Vertex X="11914" Y="15711" Z="0"/><Vertex X="11845" Y="15711" Z="0"/><Vertex X="11775" Y="15781" Z="0"/><Vertex X="11775" Y="15850" Z="0"/><Vertex X="11740" Y="15850" Z="0"/><Vertex X="11740" Y="15885" Z="0"/><Vertex X="11740" Y="15955" Z="0"/><Vertex X="11670" Y="15955" Z="0"/><Vertex X="11670" Y="15990" Z="0"/><Vertex X="11670" Y="16060" Z="0"/><Vertex X="11670" Y="16129" Z="0"/><Vertex X="11705" Y="16164" Z="0"/><Vertex X="11705" Y="16234" Z="0"/><Vertex X="11740" Y="16234" Z="0"/><Vertex X="11810" Y="16303" Z="0"/><Vertex X="11879" Y="16303" Z="0"/><Vertex X="11949" Y="16303" Z="0"/><Vertex X="12054" Y="16303" Z="0"/><Vertex X="12193" Y="16303" Z="0"/><Vertex X="12228" Y="16303" Z="0"/><Vertex X="12297" Y="16303" Z="0"/><Vertex X="12402" Y="16303" Z="0"/><Vertex X="12437" Y="16303" Z="0"/><Vertex X="12541" Y="16303" Z="0"/><Vertex X="12646" Y="16303" Z="0"/><Vertex X="12715" Y="16269" Z="0"/><Vertex X="12820" Y="16269" Z="0"/><Vertex X="12959" Y="16199" Z="0"/><Vertex X="13029" Y="16199" Z="0"/><Vertex X="13029" Y="16164" Z="0"/><Vertex X="13099" Y="16164" Z="0"/><Vertex X="13134" Y="16164" Z="0"/><Vertex X="13134" Y="16094" Z="0"/><Vertex X="13203" Y="16094" Z="0"/><Vertex X="13273" Y="16094" Z="0"/><Vertex X="13273" Y="16025" Z="0"/><Vertex X="13308" Y="16025" Z="0"/><Vertex X="13377" Y="16025" Z="0"/><Vertex X="13412" Y="16025" Z="0"/><Vertex X="13482" Y="15990" Z="0"/><Vertex X="13552" Y="15990" Z="0"/><Vertex X="13586" Y="15990" Z="0"/><Vertex X="13656" Y="15990" Z="0"/><Vertex X="13726" Y="15990" Z="0"/><Vertex X="13761" Y="15990" Z="0"/><Vertex X="13830" Y="15990" Z="0"/><Vertex X="13900" Y="15990" Z="0"/><Vertex X="13935" Y="15990" Z="0"/><Vertex X="14004" Y="15990" Z="0"/><Vertex X="14039" Y="15990" Z="0"/><Vertex X="14039" Y="16060" Z="0"/><Vertex X="14109" Y="16060" Z="0"/><Vertex X="14109" Y="16129" Z="0"/><Vertex X="14179" Y="16129" Z="0"/><Vertex X="14179" Y="16164" Z="0"/><Vertex X="14213" Y="16164" Z="0"/><Vertex X="14283" Y="16164" Z="0"/><Vertex X="14388" Y="16234" Z="0"/><Vertex X="14422" Y="16234" Z="0"/><Vertex X="14422" Y="16303" Z="0"/><Vertex X="14492" Y="16303" Z="0"/><Vertex X="14527" Y="16303" Z="0"/><Vertex X="14527" Y="16338" Z="0"/><Vertex X="14597" Y="16338" Z="0"/><Vertex X="14597" Y="16408" Z="0"/><Vertex X="14666" Y="16408" Z="0"/><Vertex X="14666" Y="16443" Z="0"/><Vertex X="14701" Y="16443" Z="0"/><Vertex X="14771" Y="16443" Z="0"/><Vertex X="14806" Y="16443" Z="0"/><Vertex X="14875" Y="16443" Z="0"/><Vertex X="14945" Y="16443" Z="0"/><Vertex X="15015" Y="16443" Z="0"/><Vertex X="15119" Y="16443" Z="0"/><Vertex X="15224" Y="16443" Z="0"/><Vertex X="15293" Y="16443" Z="0"/><Vertex X="15398" Y="16443" Z="0"/><Vertex X="15502" Y="16443" Z="0"/><Vertex X="15572" Y="16443" Z="0"/><Vertex X="15642" Y="16443" Z="0"/><Vertex X="15677" Y="16443" Z="0"/><Vertex X="15781" Y="16443" Z="0"/><Vertex X="15851" Y="16443" Z="0"/><Vertex X="15886" Y="16443" Z="0"/><Vertex X="15955" Y="16443" Z="0"/><Vertex X="16060" Y="16443" Z="0"/><Vertex X="16129" Y="16443" Z="0"/><Vertex X="16234" Y="16443" Z="0"/><Vertex X="16304" Y="16443" Z="0"/><Vertex X="16373" Y="16443" Z="0"/><Vertex X="16478" Y="16443" Z="0"/><Vertex X="16547" Y="16443" Z="0"/><Vertex X="16617" Y="16443" Z="0"/><Vertex X="16722" Y="16443" Z="0"/><Vertex X="16722" Y="16373" Z="0"/><Vertex X="16826" Y="16373" Z="0"/><Vertex X="16896" Y="16373" Z="0"/><Vertex X="16965" Y="16303" Z="0"/><Vertex X="17035" Y="16303" Z="0"/><Vertex X="17070" Y="16303" Z="0"/><Vertex X="17070" Y="16269" Z="0"/><Vertex X="17140" Y="16269" Z="0"/><Vertex X="17175" Y="16269" Z="0"/><Vertex X="17279" Y="16269" Z="0"/><Vertex X="17349" Y="16199" Z="0"/><Vertex X="17384" Y="16199" Z="0"/><Vertex X="17453" Y="16199" Z="0"/><Vertex X="17558" Y="16199" Z="0"/><Vertex X="17662" Y="16129" Z="0"/><Vertex X="17732" Y="16129" Z="0"/><Vertex X="17802" Y="16129" Z="0"/><Vertex X="17836" Y="16129" Z="0"/><Vertex X="17906" Y="16129" Z="0"/><Vertex X="18011" Y="16129" Z="0"/><Vertex X="18045" Y="16129" Z="0"/><Vertex X="18045" Y="16060" Z="0"/><Vertex X="18115" Y="16060" Z="0"/><Vertex X="18185" Y="16060" Z="0"/><Vertex X="18254" Y="16060" Z="0"/><Vertex X="18359" Y="16060" Z="0"/><Vertex X="18463" Y="16060" Z="0"/><Vertex X="18463" Y="16025" Z="0"/><Vertex X="18533" Y="16025" Z="0"/><Vertex X="18638" Y="16025" Z="0"/><Vertex X="18742" Y="16025" Z="0"/><Vertex X="18812" Y="16025" Z="0"/><Vertex X="18881" Y="15955" Z="0"/><Vertex X="18951" Y="15955" Z="0"/><Vertex X="18986" Y="15955" Z="0"/><Vertex X="19056" Y="15885" Z="0"/><Vertex X="19125" Y="15885" Z="0"/><Vertex X="19125" Y="15850" Z="0"/><Vertex X="19160" Y="15850" Z="0"/><Vertex X="19230" Y="15850" Z="0"/><Vertex X="19230" Y="15781" Z="0"/><Vertex X="19265" Y="15781" Z="0"/><Vertex X="19334" Y="15781" Z="0"/><Vertex X="19334" Y="15711" Z="0"/><Vertex X="19404" Y="15711" Z="0"/><Vertex X="19404" Y="15676" Z="0"/><Vertex X="19439" Y="15676" Z="0"/><Vertex X="19439" Y="15607" Z="0"/><Vertex X="19439" Y="15572" Z="0"/><Vertex X="19439" Y="15502" Z="0"/><Vertex X="19509" Y="15432" Z="0"/><Vertex X="19509" Y="15398" Z="0"/><Vertex X="19509" Y="15328" Z="0"/><Vertex X="19578" Y="15328" Z="0"/><Vertex X="19578" Y="15258" Z="0"/><Vertex X="19613" Y="15223" Z="0"/><Vertex X="19613" Y="15154" Z="0"/><Vertex X="19683" Y="15084" Z="0"/><Vertex X="19752" Y="14980" Z="0"/><Vertex X="19822" Y="14945" Z="0"/><Vertex X="19857" Y="14945" Z="0"/><Vertex X="19857" Y="14875" Z="0"/><Vertex X="19927" Y="14875" Z="0"/><Vertex X="19996" Y="14805" Z="0"/><Vertex X="20031" Y="14805" Z="0"/><Vertex X="20101" Y="14805" Z="0"/><Vertex X="20101" Y="14771" Z="0"/><Vertex X="20170" Y="14771" Z="0"/><Vertex X="20205" Y="14771" Z="0"/><Vertex X="20275" Y="14771" Z="0"/><Vertex X="20310" Y="14771" Z="0"/><Vertex X="20379" Y="14771" Z="0"/><Vertex X="20449" Y="14771" Z="0"/><Vertex X="20484" Y="14771" Z="0"/><Vertex X="20484" Y="14840" Z="0"/><Vertex X="20484" Y="14910" Z="0"/><Vertex X="20554" Y="14910" Z="0"/><Vertex X="20554" Y="14980" Z="0"/><Vertex X="20554" Y="15049" Z="0"/><Vertex X="20554" Y="15084" Z="0"/><Vertex X="20588" Y="15084" Z="0"/><Vertex X="20658" Y="15084" Z="0"/><Vertex X="20728" Y="15084" Z="0"/><Vertex X="20763" Y="15084" Z="0"/><Vertex X="20832" Y="15084" Z="0"/><Vertex X="20867" Y="15084" Z="0"/><Vertex X="20937" Y="15084" Z="0"/><Vertex X="21006" Y="15084" Z="0"/><Vertex X="21041" Y="15084" Z="0"/><Vertex X="21041" Y="15014" Z="0"/><Vertex X="21111" Y="15014" Z="0"/><Vertex X="21146" Y="15014" Z="0"/><Vertex X="21216" Y="14945" Z="0"/><Vertex X="21285" Y="14945" Z="0"/><Vertex X="21285" Y="14910" Z="0"/><Vertex X="21320" Y="14910" Z="0"/><Vertex X="21320" Y="14840" Z="0"/><Vertex X="21390" Y="14840" Z="0"/><Vertex X="21425" Y="14840" Z="0"/><Vertex X="21425" Y="14805" Z="0"/><Vertex X="21494" Y="14805" Z="0"/><Vertex X="21564" Y="14736" Z="0"/><Vertex X="21599" Y="14736" Z="0"/><Vertex X="21668" Y="14666" Z="0"/><Vertex X="21738" Y="14666" Z="0"/><Vertex X="21773" Y="14596" Z="0"/><Vertex X="21843" Y="14596" Z="0"/><Vertex X="21912" Y="14596" Z="0"/><Vertex X="21947" Y="14562" Z="0"/><Vertex X="22052" Y="14562" Z="0"/><Vertex X="22121" Y="14562" Z="0"/><Vertex X="22156" Y="14492" Z="0"/><Vertex X="22226" Y="14492" Z="0"/><Vertex X="22295" Y="14492" Z="0"/><Vertex X="22330" Y="14492" Z="0"/><Vertex X="22400" Y="14492" Z="0"/><Vertex X="22470" Y="14422" Z="0"/><Vertex X="22504" Y="14422" Z="0"/><Vertex X="22574" Y="14353" Z="0"/><Vertex X="22609" Y="14353" Z="0"/><Vertex X="22609" Y="14318" Z="0"/><Vertex X="22679" Y="14318" Z="0"/><Vertex X="22748" Y="14248" Z="0"/><Vertex X="22783" Y="14213" Z="0"/><Vertex X="22853" Y="14213" Z="0"/><Vertex X="22922" Y="14144" Z="0"/><Vertex X="22957" Y="14144" Z="0"/><Vertex X="22957" Y="14074" Z="0"/><Vertex X="23027" Y="14074" Z="0"/><Vertex X="23027" Y="14039" Z="0"/><Vertex X="23097" Y="14039" Z="0"/><Vertex X="23097" Y="13969" Z="0"/><Vertex X="23097" Y="13900" Z="0"/><Vertex X="23132" Y="13900" Z="0"/><Vertex X="23132" Y="13830" Z="0"/><Vertex X="23132" Y="13760" Z="0"/><Vertex X="23132" Y="13656" Z="0"/><Vertex X="23132" Y="13621" Z="0"/><Vertex X="23132" Y="13551" Z="0"/><Vertex X="23132" Y="13516" Z="0"/><Vertex X="23132" Y="13412" Z="0"/><Vertex X="23132" Y="13342" Z="0"/><Vertex X="23132" Y="13307" Z="0"/><Vertex X="23097" Y="13238" Z="0"/><Vertex X="23097" Y="13168" Z="0"/><Vertex X="23097" Y="13133" Z="0"/><Vertex X="23062" Y="13133" Z="0"/><Vertex X="23062" Y="13064" Z="0"/><Vertex X="22992" Y="13064" Z="0"/><Vertex X="22992" Y="13029" Z="0"/><Vertex X="22957" Y="13029" Z="0"/><Vertex X="22888" Y="12959" Z="0"/><Vertex X="22818" Y="12959" Z="0"/><Vertex X="22748" Y="12889" Z="0"/><Vertex X="22713" Y="12889" Z="0"/><Vertex X="22644" Y="12889" Z="0"/><Vertex X="22609" Y="12889" Z="0"/><Vertex X="22539" Y="12889" Z="0"/><Vertex X="22435" Y="12889" Z="0"/><Vertex X="22365" Y="12820" Z="0"/><Vertex X="22261" Y="12820" Z="0"/><Vertex X="22156" Y="12820" Z="0"/><Vertex X="22121" Y="12820" Z="0"/><Vertex X="21912" Y="12820" Z="0"/><Vertex X="21877" Y="12820" Z="0"/><Vertex X="21808" Y="12820" Z="0"/><Vertex X="21668" Y="12820" Z="0"/><Vertex X="21634" Y="12820" Z="0"/><Vertex X="21529" Y="12820" Z="0"/><Vertex X="21494" Y="12820" Z="0"/><Vertex X="21425" Y="12820" Z="0"/><Vertex X="21355" Y="12820" Z="0"/><Vertex X="21320" Y="12855" Z="0"/><Vertex X="21216" Y="12855" Z="0"/><Vertex X="21146" Y="12855" Z="0"/><Vertex X="21076" Y="12855" Z="0"/><Vertex X="20972" Y="12924" Z="0"/><Vertex X="20867" Y="12924" Z="0"/><Vertex X="20763" Y="12924" Z="0"/><Vertex X="20693" Y="12994" Z="0"/><Vertex X="20588" Y="12994" Z="0"/><Vertex X="20484" Y="13064" Z="0"/><Vertex X="20449" Y="13064" Z="0"/><Vertex X="20379" Y="13098" Z="0"/><Vertex X="20310" Y="13098" Z="0"/><Vertex X="20240" Y="13168" Z="0"/><Vertex X="20205" Y="13168" Z="0"/><Vertex X="20101" Y="13238" Z="0"/><Vertex X="20031" Y="13238" Z="0"/><Vertex X="19996" Y="13238" Z="0"/><Vertex X="19996" Y="13307" Z="0"/><Vertex X="19927" Y="13307" Z="0"/><Vertex X="19892" Y="13307" Z="0"/><Vertex X="19787" Y="13307" Z="0"/><Vertex X="19718" Y="13307" Z="0"/><Vertex X="19683" Y="13307" Z="0"/><Vertex X="19613" Y="13307" Z="0"/><Vertex X="19578" Y="13307" Z="0"/><Vertex X="19509" Y="13342" Z="0"/><Vertex X="19439" Y="13342" Z="0"/><Vertex X="19404" Y="13342" Z="0"/><Vertex X="19334" Y="13342" Z="0"/><Vertex X="19265" Y="13342" Z="0"/><Vertex X="19230" Y="13342" Z="0"/><Vertex X="19230" Y="13412" Z="0"/><Vertex X="19125" Y="13412" Z="0"/><Vertex X="19021" Y="13482" Z="0"/><Vertex X="18951" Y="13482" Z="0"/><Vertex X="18847" Y="13516" Z="0"/><Vertex X="18742" Y="13516" Z="0"/><Vertex X="18742" Y="13586" Z="0"/><Vertex X="18707" Y="13586" Z="0"/><Vertex X="18638" Y="13586" Z="0"/><Vertex X="18638" Y="13656" Z="0"/><Vertex X="18568" Y="13656" Z="0"/><Vertex X="18533" Y="13656" Z="0"/><Vertex X="18533" Y="13691" Z="0"/><Vertex X="18463" Y="13691" Z="0"/><Vertex X="18429" Y="13691" Z="0"/><Vertex X="18359" Y="13691" Z="0"/><Vertex X="18359" Y="13760" Z="0"/><Vertex X="18289" Y="13760" Z="0"/><Vertex X="18254" Y="13760" Z="0"/><Vertex X="18185" Y="13760" Z="0"/><Vertex X="18150" Y="13760" Z="0"/><Vertex X="18080" Y="13760" Z="0"/><Vertex X="18011" Y="13760" Z="0"/><Vertex X="18011" Y="13795" Z="0"/><Vertex X="17976" Y="13795" Z="0"/><Vertex X="17906" Y="13795" Z="0"/><Vertex X="17836" Y="13795" Z="0"/><Vertex X="17732" Y="13795" Z="0"/><Vertex X="17662" Y="13795" Z="0"/><Vertex X="17627" Y="13795" Z="0"/><Vertex X="17627" Y="13865" Z="0"/><Vertex X="17523" Y="13865" Z="0"/><Vertex X="17453" Y="13865" Z="0"/><Vertex X="17384" Y="13934" Z="0"/><Vertex X="17349" Y="13934" Z="0"/><Vertex X="17279" Y="13934" Z="0"/><Vertex X="17175" Y="13934" Z="0"/><Vertex X="17175" Y="13969" Z="0"/><Vertex X="17105" Y="13969" Z="0"/><Vertex X="17000" Y="13969" Z="0"/><Vertex X="16931" Y="13969" Z="0"/><Vertex X="16896" Y="13969" Z="0"/><Vertex X="16826" Y="14039" Z="0"/><Vertex X="16756" Y="14039" Z="0"/><Vertex X="16722" Y="14039" Z="0"/><Vertex X="16652" Y="14039" Z="0"/><Vertex X="16617" Y="14039" Z="0"/><Vertex X="16547" Y="14039" Z="0"/><Vertex X="16478" Y="14039" Z="0"/><Vertex X="16443" Y="14039" Z="0"/><Vertex X="16373" Y="14039" Z="0"/><Vertex X="16338" Y="14039" Z="0"/><Vertex X="16338" Y="13969" Z="0"/><Vertex X="16269" Y="13969" Z="0"/><Vertex X="16199" Y="13969" Z="0"/><Vertex X="16164" Y="13969" Z="0"/><Vertex X="16164" Y="13900" Z="0"/><Vertex X="16095" Y="13900" Z="0"/><Vertex X="16060" Y="13900" Z="0"/><Vertex X="15990" Y="13900" Z="0"/><Vertex X="15920" Y="13900" Z="0"/><Vertex X="15886" Y="13900" Z="0"/><Vertex X="15816" Y="13865" Z="0"/><Vertex X="15746" Y="13865" Z="0"/><Vertex X="15711" Y="13865" Z="0"/><Vertex X="15642" Y="13865" Z="0"/><Vertex X="15537" Y="13865" Z="0"/><Vertex X="15502" Y="13865" Z="0"/><Vertex X="15433" Y="13865" Z="0"/><Vertex X="15363" Y="13865" Z="0"/><Vertex X="15293" Y="13865" Z="0"/><Vertex X="15224" Y="13934" Z="0"/><Vertex X="15189" Y="13934" Z="0"/><Vertex X="15119" Y="13934" Z="0"/><Vertex X="15084" Y="13934" Z="0"/><Vertex X="15015" Y="13934" Z="0"/><Vertex X="14945" Y="13934" Z="0"/><Vertex X="14875" Y="13934" Z="0"/><Vertex X="14806" Y="14004" Z="0"/><Vertex X="14701" Y="14004" Z="0"/><Vertex X="14631" Y="14074" Z="0"/><Vertex X="14597" Y="14074" Z="0"/><Vertex X="14527" Y="14109" Z="0"/><Vertex X="14422" Y="14109" Z="0"/><Vertex X="14422" Y="14178" Z="0"/><Vertex X="14353" Y="14178" Z="0"/><Vertex X="14283" Y="14178" Z="0"/><Vertex X="14213" Y="14248" Z="0"/><Vertex X="14144" Y="14248" Z="0"/><Vertex X="14144" Y="14283" Z="0"/><Vertex X="14074" Y="14283" Z="0"/><Vertex X="14004" Y="14283" Z="0"/><Vertex X="13970" Y="14283" Z="0"/><Vertex X="13900" Y="14283" Z="0"/><Vertex X="13900" Y="14353" Z="0"/><Vertex X="13865" Y="14353" Z="0"/><Vertex X="13761" Y="14422" Z="0"/><Vertex X="13691" Y="14422" Z="0"/><Vertex X="13656" Y="14422" Z="0"/><Vertex X="13586" Y="14422" Z="0"/><Vertex X="13517" Y="14422" Z="0"/><Vertex X="13377" Y="14283" Z="0"/></Vertices></Region><Region Id="4" Type="0" Zoom="0.028706" Selected="0" ImageLocation="" ImageFocus="-1" Length="18466.5" Area="10944612.5" LengthMicrons="9111.4" AreaMicrons="2664395.5" Text="" NegativeROA="0" InputRegionId="0" Analyze="1" DisplayId="4"><Attributes></Attributes><Vertices><Vertex X="9336" Y="25396" Z="0"/><Vertex X="9267" Y="25396" Z="0"/><Vertex X="9162" Y="25430" Z="0"/><Vertex X="9058" Y="25500" Z="0"/><Vertex X="8988" Y="25500" Z="0"/><Vertex X="8953" Y="25605" Z="0"/><Vertex X="8814" Y="25709" Z="0"/><Vertex X="8814" Y="25779" Z="0"/><Vertex X="8709" Y="25848" Z="0"/><Vertex X="8605" Y="25953" Z="0"/><Vertex X="8605" Y="25988" Z="0"/><Vertex X="8570" Y="25988" Z="0"/><Vertex X="8570" Y="26092" Z="0"/><Vertex X="8500" Y="26197" Z="0"/><Vertex X="8500" Y="26232" Z="0"/><Vertex X="8500" Y="26301" Z="0"/><Vertex X="8500" Y="26371" Z="0"/><Vertex X="8500" Y="26441" Z="0"/><Vertex X="8431" Y="26441" Z="0"/><Vertex X="8431" Y="26510" Z="0"/><Vertex X="8431" Y="26545" Z="0"/><Vertex X="8431" Y="26615" Z="0"/><Vertex X="8431" Y="26685" Z="0"/><Vertex X="8431" Y="26719" Z="0"/><Vertex X="8465" Y="26719" Z="0"/><Vertex X="8465" Y="26789" Z="0"/><Vertex X="8465" Y="26824" Z="0"/><Vertex X="8465" Y="26894" Z="0"/><Vertex X="8465" Y="26963" Z="0"/><Vertex X="8465" Y="26998" Z="0"/><Vertex X="8465" Y="27068" Z="0"/><Vertex X="8465" Y="27103" Z="0"/><Vertex X="8535" Y="27172" Z="0"/><Vertex X="8570" Y="27172" Z="0"/><Vertex X="8570" Y="27242" Z="0"/><Vertex X="8640" Y="27242" Z="0"/><Vertex X="8674" Y="27242" Z="0"/><Vertex X="8744" Y="27312" Z="0"/><Vertex X="8814" Y="27312" Z="0"/><Vertex X="8883" Y="27312" Z="0"/><Vertex X="8883" Y="27346" Z="0"/><Vertex X="8953" Y="27346" Z="0"/><Vertex X="9023" Y="27346" Z="0"/><Vertex X="9058" Y="27346" Z="0"/><Vertex X="9058" Y="27416" Z="0"/><Vertex X="9127" Y="27416" Z="0"/><Vertex X="9197" Y="27486" Z="0"/><Vertex X="9232" Y="27486" Z="0"/><Vertex X="9302" Y="27486" Z="0"/><Vertex X="9371" Y="27521" Z="0"/><Vertex X="9406" Y="27521" Z="0"/><Vertex X="9406" Y="27590" Z="0"/><Vertex X="9476" Y="27590" Z="0"/><Vertex X="9511" Y="27590" Z="0"/><Vertex X="9580" Y="27590" Z="0"/><Vertex X="9650" Y="27590" Z="0"/><Vertex X="9685" Y="27590" Z="0"/><Vertex X="9754" Y="27555" Z="0"/><Vertex X="9824" Y="27555" Z="0"/><Vertex X="9824" Y="27521" Z="0"/><Vertex X="9859" Y="27521" Z="0"/><Vertex X="9929" Y="27451" Z="0"/><Vertex X="9963" Y="27451" Z="0"/><Vertex X="10033" Y="27451" Z="0"/><Vertex X="10103" Y="27381" Z="0"/><Vertex X="10172" Y="27381" Z="0"/><Vertex X="10242" Y="27381" Z="0"/><Vertex X="10312" Y="27381" Z="0"/><Vertex X="10347" Y="27381" Z="0"/><Vertex X="10486" Y="27312" Z="0"/><Vertex X="10590" Y="27312" Z="0"/><Vertex X="10660" Y="27312" Z="0"/><Vertex X="10695" Y="27312" Z="0"/><Vertex X="10765" Y="27312" Z="0"/><Vertex X="10799" Y="27312" Z="0"/><Vertex X="10869" Y="27312" Z="0"/><Vertex X="10939" Y="27312" Z="0"/><Vertex X="10974" Y="27312" Z="0"/><Vertex X="11043" Y="27312" Z="0"/><Vertex X="11113" Y="27312" Z="0"/><Vertex X="11218" Y="27312" Z="0"/><Vertex X="11322" Y="27312" Z="0"/><Vertex X="11322" Y="27346" Z="0"/><Vertex X="11357" Y="27346" Z="0"/><Vertex X="11357" Y="27381" Z="0"/><Vertex X="11427" Y="27381" Z="0"/><Vertex X="11427" Y="27451" Z="0"/><Vertex X="11496" Y="27521" Z="0"/><Vertex X="11496" Y="27555" Z="0"/><Vertex X="11531" Y="27625" Z="0"/><Vertex X="11531" Y="27695" Z="0"/><Vertex X="11531" Y="27730" Z="0"/><Vertex X="11531" Y="27799" Z="0"/><Vertex X="11531" Y="27869" Z="0"/><Vertex X="11531" Y="27904" Z="0"/><Vertex X="11531" Y="27974" Z="0"/><Vertex X="11531" Y="28008" Z="0"/><Vertex X="11531" Y="28078" Z="0"/><Vertex X="11531" Y="28148" Z="0"/><Vertex X="11531" Y="28183" Z="0"/><Vertex X="11531" Y="28252" Z="0"/><Vertex X="11601" Y="28322" Z="0"/><Vertex X="11670" Y="28322" Z="0"/><Vertex X="11705" Y="28392" Z="0"/><Vertex X="11775" Y="28392" Z="0"/><Vertex X="11879" Y="28392" Z="0"/><Vertex X="11949" Y="28392" Z="0"/><Vertex X="12054" Y="28392" Z="0"/><Vertex X="12158" Y="28392" Z="0"/><Vertex X="12228" Y="28392" Z="0"/><Vertex X="12297" Y="28392" Z="0"/><Vertex X="12437" Y="28392" Z="0"/><Vertex X="12506" Y="28392" Z="0"/><Vertex X="12611" Y="28392" Z="0"/><Vertex X="12681" Y="28392" Z="0"/><Vertex X="12681" Y="28357" Z="0"/><Vertex X="12750" Y="28357" Z="0"/><Vertex X="12855" Y="28357" Z="0"/><Vertex X="12959" Y="28287" Z="0"/><Vertex X="13064" Y="28287" Z="0"/><Vertex X="13099" Y="28287" Z="0"/><Vertex X="13168" Y="28287" Z="0"/><Vertex X="13203" Y="28287" Z="0"/><Vertex X="13273" Y="28287" Z="0"/><Vertex X="13273" Y="28217" Z="0"/><Vertex X="13343" Y="28217" Z="0"/><Vertex X="13343" Y="28183" Z="0"/><Vertex X="13377" Y="28183" Z="0"/><Vertex X="13447" Y="28183" Z="0"/><Vertex X="13447" Y="28113" Z="0"/><Vertex X="13482" Y="28113" Z="0"/><Vertex X="13552" Y="28078" Z="0"/><Vertex X="13621" Y="28078" Z="0"/><Vertex X="13621" Y="28008" Z="0"/><Vertex X="13656" Y="28008" Z="0"/><Vertex X="13726" Y="27939" Z="0"/><Vertex X="13726" Y="27904" Z="0"/><Vertex X="13795" Y="27904" Z="0"/><Vertex X="13795" Y="27834" Z="0"/><Vertex X="13795" Y="27730" Z="0"/><Vertex X="13830" Y="27730" Z="0"/><Vertex X="13830" Y="27660" Z="0"/><Vertex X="13830" Y="27590" Z="0"/><Vertex X="13900" Y="27590" Z="0"/><Vertex X="13900" Y="27521" Z="0"/><Vertex X="13900" Y="27486" Z="0"/><Vertex X="13900" Y="27416" Z="0"/><Vertex X="13900" Y="27381" Z="0"/><Vertex X="13900" Y="27312" Z="0"/><Vertex X="13900" Y="27242" Z="0"/><Vertex X="13900" Y="27207" Z="0"/><Vertex X="13865" Y="27207" Z="0"/><Vertex X="13795" Y="27137" Z="0"/><Vertex X="13761" Y="27137" Z="0"/><Vertex X="13761" Y="27068" Z="0"/><Vertex X="13691" Y="27068" Z="0"/><Vertex X="13656" Y="27068" Z="0"/><Vertex X="13586" Y="27033" Z="0"/><Vertex X="13517" Y="27033" Z="0"/><Vertex X="13482" Y="27033" Z="0"/><Vertex X="13412" Y="27033" Z="0"/><Vertex X="13343" Y="26963" Z="0"/><Vertex X="13308" Y="26963" Z="0"/><Vertex X="13308" Y="26894" Z="0"/><Vertex X="13308" Y="26859" Z="0"/><Vertex X="13308" Y="26789" Z="0"/><Vertex X="13308" Y="26719" Z="0"/><Vertex X="13308" Y="26685" Z="0"/><Vertex X="13308" Y="26615" Z="0"/><Vertex X="13308" Y="26580" Z="0"/><Vertex X="13377" Y="26580" Z="0"/><Vertex X="13447" Y="26580" Z="0"/><Vertex X="13482" Y="26580" Z="0"/><Vertex X="13552" Y="26580" Z="0"/><Vertex X="13586" Y="26580" Z="0"/><Vertex X="13656" Y="26580" Z="0"/><Vertex X="13726" Y="26580" Z="0"/><Vertex X="13761" Y="26580" Z="0"/><Vertex X="13830" Y="26580" Z="0"/><Vertex X="13865" Y="26580" Z="0"/><Vertex X="13935" Y="26580" Z="0"/><Vertex X="14004" Y="26580" Z="0"/><Vertex X="14004" Y="26510" Z="0"/><Vertex X="14039" Y="26510" Z="0"/><Vertex X="14039" Y="26441" Z="0"/><Vertex X="14039" Y="26406" Z="0"/><Vertex X="14109" Y="26336" Z="0"/><Vertex X="14109" Y="26267" Z="0"/><Vertex X="14109" Y="26232" Z="0"/><Vertex X="14179" Y="26232" Z="0"/><Vertex X="14179" Y="26162" Z="0"/><Vertex X="14179" Y="26127" Z="0"/><Vertex X="14179" Y="26058" Z="0"/><Vertex X="14179" Y="25988" Z="0"/><Vertex X="14213" Y="25988" Z="0"/><Vertex X="14213" Y="25953" Z="0"/><Vertex X="14213" Y="25883" Z="0"/><Vertex X="14213" Y="25848" Z="0"/><Vertex X="14213" Y="25779" Z="0"/><Vertex X="14213" Y="25709" Z="0"/><Vertex X="14144" Y="25709" Z="0"/><Vertex X="14144" Y="25674" Z="0"/><Vertex X="14074" Y="25674" Z="0"/><Vertex X="14039" Y="25674" Z="0"/><Vertex X="13970" Y="25674" Z="0"/><Vertex X="13935" Y="25674" Z="0"/><Vertex X="13865" Y="25674" Z="0"/><Vertex X="13795" Y="25674" Z="0"/><Vertex X="13761" Y="25674" Z="0"/><Vertex X="13656" Y="25674" Z="0"/><Vertex X="13586" Y="25674" Z="0"/><Vertex X="13552" Y="25674" Z="0"/><Vertex X="13482" Y="25674" Z="0"/><Vertex X="13447" Y="25674" Z="0"/><Vertex X="13343" Y="25674" Z="0"/><Vertex X="13343" Y="25744" Z="0"/><Vertex X="13238" Y="25744" Z="0"/><Vertex X="13134" Y="25744" Z="0"/><Vertex X="13099" Y="25744" Z="0"/><Vertex X="13029" Y="25744" Z="0"/><Vertex X="12924" Y="25814" Z="0"/><Vertex X="12855" Y="25814" Z="0"/><Vertex X="12750" Y="25814" Z="0"/><Vertex X="12646" Y="25814" Z="0"/><Vertex X="12576" Y="25814" Z="0"/><Vertex X="12472" Y="25883" Z="0"/><Vertex X="12367" Y="25883" Z="0"/><Vertex X="12263" Y="25883" Z="0"/><Vertex X="12193" Y="25883" Z="0"/><Vertex X="12019" Y="25883" Z="0"/><Vertex X="11949" Y="25918" Z="0"/><Vertex X="11879" Y="25918" Z="0"/><Vertex X="11775" Y="25918" Z="0"/><Vertex X="11705" Y="25918" Z="0"/><Vertex X="11601" Y="25918" Z="0"/><Vertex X="11461" Y="25918" Z="0"/><Vertex X="11392" Y="25918" Z="0"/><Vertex X="11287" Y="25918" Z="0"/><Vertex X="11183" Y="25883" Z="0"/><Vertex X="11148" Y="25883" Z="0"/><Vertex X="11043" Y="25883" Z="0"/><Vertex X="10974" Y="25814" Z="0"/><Vertex X="10939" Y="25814" Z="0"/><Vertex X="10834" Y="25779" Z="0"/><Vertex X="10730" Y="25779" Z="0"/><Vertex X="10625" Y="25709" Z="0"/><Vertex X="10556" Y="25709" Z="0"/><Vertex X="10451" Y="25709" Z="0"/><Vertex X="10451" Y="25639" Z="0"/><Vertex X="10347" Y="25639" Z="0"/><Vertex X="10277" Y="25639" Z="0"/><Vertex X="10207" Y="25639" Z="0"/><Vertex X="10172" Y="25639" Z="0"/><Vertex X="10172" Y="25605" Z="0"/><Vertex X="10103" Y="25605" Z="0"/><Vertex X="10033" Y="25605" Z="0"/><Vertex X="9998" Y="25605" Z="0"/><Vertex X="9929" Y="25605" Z="0"/><Vertex X="9894" Y="25605" Z="0"/><Vertex X="9894" Y="25535" Z="0"/><Vertex X="9824" Y="25535" Z="0"/><Vertex X="9754" Y="25535" Z="0"/><Vertex X="9720" Y="25535" Z="0"/><Vertex X="9650" Y="25535" Z="0"/><Vertex X="9615" Y="25535" Z="0"/><Vertex X="9545" Y="25535" Z="0"/><Vertex X="9476" Y="25535" Z="0"/><Vertex X="9441" Y="25535" Z="0"/><Vertex X="9371" Y="25535" Z="0"/><Vertex X="9336" Y="25535" Z="0"/><Vertex X="9336" Y="25396" Z="0"/></Vertices></Region><Region Id="5" Type="0" Zoom="0.028706" Selected="0" ImageLocation="" ImageFocus="-1" Length="18262.1" Area="13241337.0" LengthMicrons="9010.5" AreaMicrons="3223518.3" Text="" NegativeROA="0" InputRegionId="0" Analyze="1" DisplayId="5"><Attributes></Attributes><Vertices><Vertex X="16791" Y="25570" Z="0"/><Vertex X="16687" Y="25570" Z="0"/><Vertex X="16652" Y="25570" Z="0"/><Vertex X="16547" Y="25570" Z="0"/><Vertex X="16478" Y="25570" Z="0"/><Vertex X="16408" Y="25570" Z="0"/><Vertex X="16373" Y="25570" Z="0"/><Vertex X="16304" Y="25570" Z="0"/><Vertex X="16164" Y="25570" Z="0"/><Vertex X="16129" Y="25570" Z="0"/><Vertex X="16025" Y="25605" Z="0"/><Vertex X="15955" Y="25674" Z="0"/><Vertex X="15920" Y="25674" Z="0"/><Vertex X="15920" Y="25709" Z="0"/><Vertex X="15851" Y="25709" Z="0"/><Vertex X="15851" Y="25779" Z="0"/><Vertex X="15816" Y="25779" Z="0"/><Vertex X="15816" Y="25814" Z="0"/><Vertex X="15746" Y="25814" Z="0"/><Vertex X="15746" Y="25883" Z="0"/><Vertex X="15677" Y="25953" Z="0"/><Vertex X="15677" Y="25988" Z="0"/><Vertex X="15677" Y="26058" Z="0"/><Vertex X="15677" Y="26127" Z="0"/><Vertex X="15677" Y="26162" Z="0"/><Vertex X="15711" Y="26232" Z="0"/><Vertex X="15781" Y="26301" Z="0"/><Vertex X="15886" Y="26371" Z="0"/><Vertex X="15990" Y="26371" Z="0"/><Vertex X="15990" Y="26406" Z="0"/><Vertex X="16095" Y="26476" Z="0"/><Vertex X="16199" Y="26476" Z="0"/><Vertex X="16199" Y="26510" Z="0"/><Vertex X="16269" Y="26510" Z="0"/><Vertex X="16269" Y="26580" Z="0"/><Vertex X="16373" Y="26580" Z="0"/><Vertex X="16443" Y="26650" Z="0"/><Vertex X="16478" Y="26650" Z="0"/><Vertex X="16478" Y="26685" Z="0"/><Vertex X="16547" Y="26685" Z="0"/><Vertex X="16547" Y="26754" Z="0"/><Vertex X="16617" Y="26754" Z="0"/><Vertex X="16617" Y="26859" Z="0"/><Vertex X="16652" Y="26859" Z="0"/><Vertex X="16652" Y="26894" Z="0"/><Vertex X="16722" Y="26894" Z="0"/><Vertex X="16722" Y="26963" Z="0"/><Vertex X="16791" Y="27033" Z="0"/><Vertex X="16791" Y="27068" Z="0"/><Vertex X="16791" Y="27137" Z="0"/><Vertex X="16826" Y="27207" Z="0"/><Vertex X="16826" Y="27242" Z="0"/><Vertex X="16826" Y="27312" Z="0"/><Vertex X="16896" Y="27416" Z="0"/><Vertex X="16896" Y="27451" Z="0"/><Vertex X="16896" Y="27521" Z="0"/><Vertex X="16896" Y="27555" Z="0"/><Vertex X="16896" Y="27625" Z="0"/><Vertex X="16896" Y="27695" Z="0"/><Vertex X="16896" Y="27730" Z="0"/><Vertex X="16896" Y="27799" Z="0"/><Vertex X="16896" Y="27834" Z="0"/><Vertex X="16896" Y="27904" Z="0"/><Vertex X="16896" Y="27974" Z="0"/><Vertex X="17000" Y="27974" Z="0"/><Vertex X="17070" Y="27974" Z="0"/><Vertex X="17209" Y="27974" Z="0"/><Vertex X="17279" Y="27939" Z="0"/><Vertex X="17349" Y="27939" Z="0"/><Vertex X="17453" Y="27869" Z="0"/><Vertex X="17593" Y="27869" Z="0"/><Vertex X="17627" Y="27869" Z="0"/><Vertex X="17732" Y="27799" Z="0"/><Vertex X="17836" Y="27799" Z="0"/><Vertex X="17906" Y="27799" Z="0"/><Vertex X="18011" Y="27799" Z="0"/><Vertex X="18115" Y="27764" Z="0"/><Vertex X="18150" Y="27764" Z="0"/><Vertex X="18220" Y="27695" Z="0"/><Vertex X="18289" Y="27695" Z="0"/><Vertex X="18324" Y="27695" Z="0"/><Vertex X="18394" Y="27695" Z="0"/><Vertex X="18429" Y="27695" Z="0"/><Vertex X="18498" Y="27695" Z="0"/><Vertex X="18568" Y="27625" Z="0"/><Vertex X="18603" Y="27625" Z="0"/><Vertex X="18672" Y="27625" Z="0"/><Vertex X="18672" Y="27590" Z="0"/><Vertex X="18742" Y="27590" Z="0"/><Vertex X="18777" Y="27590" Z="0"/><Vertex X="18847" Y="27590" Z="0"/><Vertex X="18881" Y="27590" Z="0"/><Vertex X="18951" Y="27590" Z="0"/><Vertex X="19021" Y="27590" Z="0"/><Vertex X="19056" Y="27590" Z="0"/><Vertex X="19125" Y="27590" Z="0"/><Vertex X="19160" Y="27590" Z="0"/><Vertex X="19230" Y="27590" Z="0"/><Vertex X="19334" Y="27590" Z="0"/><Vertex X="19369" Y="27590" Z="0"/><Vertex X="19439" Y="27590" Z="0"/><Vertex X="19509" Y="27590" Z="0"/><Vertex X="19543" Y="27590" Z="0"/><Vertex X="19613" Y="27590" Z="0"/><Vertex X="19648" Y="27590" Z="0"/><Vertex X="19752" Y="27660" Z="0"/><Vertex X="19822" Y="27660" Z="0"/><Vertex X="19892" Y="27660" Z="0"/><Vertex X="19996" Y="27660" Z="0"/><Vertex X="20101" Y="27660" Z="0"/><Vertex X="20136" Y="27660" Z="0"/><Vertex X="20205" Y="27660" Z="0"/><Vertex X="20275" Y="27660" Z="0"/><Vertex X="20310" Y="27660" Z="0"/><Vertex X="20414" Y="27660" Z="0"/><Vertex X="20484" Y="27660" Z="0"/><Vertex X="20554" Y="27660" Z="0"/><Vertex X="20658" Y="27660" Z="0"/><Vertex X="20693" Y="27660" Z="0"/><Vertex X="20797" Y="27660" Z="0"/><Vertex X="20902" Y="27660" Z="0"/><Vertex X="20972" Y="27730" Z="0"/><Vertex X="21041" Y="27730" Z="0"/><Vertex X="21111" Y="27730" Z="0"/><Vertex X="21146" Y="27730" Z="0"/><Vertex X="21216" Y="27730" Z="0"/><Vertex X="21250" Y="27730" Z="0"/><Vertex X="21320" Y="27730" Z="0"/><Vertex X="21390" Y="27730" Z="0"/><Vertex X="21425" Y="27730" Z="0"/><Vertex X="21494" Y="27730" Z="0"/><Vertex X="21564" Y="27695" Z="0"/><Vertex X="21599" Y="27695" Z="0"/><Vertex X="21599" Y="27660" Z="0"/><Vertex X="21668" Y="27660" Z="0"/><Vertex X="21703" Y="27660" Z="0"/><Vertex X="21703" Y="27590" Z="0"/><Vertex X="21773" Y="27521" Z="0"/><Vertex X="21773" Y="27486" Z="0"/><Vertex X="21843" Y="27486" Z="0"/><Vertex X="21877" Y="27416" Z="0"/><Vertex X="21877" Y="27346" Z="0"/><Vertex X="21947" Y="27346" Z="0"/><Vertex X="21947" Y="27312" Z="0"/><Vertex X="22017" Y="27312" Z="0"/><Vertex X="22017" Y="27242" Z="0"/><Vertex X="22017" Y="27207" Z="0"/><Vertex X="22052" Y="27207" Z="0"/><Vertex X="22052" Y="27137" Z="0"/><Vertex X="22121" Y="27068" Z="0"/><Vertex X="22191" Y="26998" Z="0"/><Vertex X="22191" Y="26963" Z="0"/><Vertex X="22226" Y="26963" Z="0"/><Vertex X="22226" Y="26894" Z="0"/><Vertex X="22226" Y="26859" Z="0"/><Vertex X="22226" Y="26789" Z="0"/><Vertex X="22295" Y="26719" Z="0"/><Vertex X="22295" Y="26685" Z="0"/><Vertex X="22295" Y="26615" Z="0"/><Vertex X="22295" Y="26545" Z="0"/><Vertex X="22295" Y="26510" Z="0"/><Vertex X="22295" Y="26441" Z="0"/><Vertex X="22295" Y="26406" Z="0"/><Vertex X="22295" Y="26336" Z="0"/><Vertex X="22295" Y="26267" Z="0"/><Vertex X="22295" Y="26232" Z="0"/><Vertex X="22295" Y="26162" Z="0"/><Vertex X="22295" Y="26127" Z="0"/><Vertex X="22295" Y="26058" Z="0"/><Vertex X="22295" Y="25988" Z="0"/><Vertex X="22295" Y="25953" Z="0"/><Vertex X="22295" Y="25883" Z="0"/><Vertex X="22295" Y="25848" Z="0"/><Vertex X="22295" Y="25779" Z="0"/><Vertex X="22295" Y="25709" Z="0"/><Vertex X="22295" Y="25674" Z="0"/><Vertex X="22295" Y="25605" Z="0"/><Vertex X="22226" Y="25535" Z="0"/><Vertex X="22226" Y="25500" Z="0"/><Vertex X="22226" Y="25430" Z="0"/><Vertex X="22226" Y="25396" Z="0"/><Vertex X="22156" Y="25326" Z="0"/><Vertex X="22156" Y="25256" Z="0"/><Vertex X="22156" Y="25221" Z="0"/><Vertex X="22086" Y="25221" Z="0"/><Vertex X="22086" Y="25152" Z="0"/><Vertex X="22052" Y="25152" Z="0"/><Vertex X="22052" Y="25117" Z="0"/><Vertex X="21982" Y="25117" Z="0"/><Vertex X="21982" Y="25047" Z="0"/><Vertex X="21947" Y="25047" Z="0"/><Vertex X="21877" Y="25047" Z="0"/><Vertex X="21808" Y="25047" Z="0"/><Vertex X="21773" Y="25047" Z="0"/><Vertex X="21703" Y="25047" Z="0"/><Vertex X="21668" Y="25047" Z="0"/><Vertex X="21599" Y="25047" Z="0"/><Vertex X="21529" Y="25082" Z="0"/><Vertex X="21494" Y="25082" Z="0"/><Vertex X="21425" Y="25082" Z="0"/><Vertex X="21355" Y="25117" Z="0"/><Vertex X="21320" Y="25117" Z="0"/><Vertex X="21250" Y="25117" Z="0"/><Vertex X="21181" Y="25187" Z="0"/><Vertex X="21111" Y="25187" Z="0"/><Vertex X="21041" Y="25187" Z="0"/><Vertex X="20937" Y="25187" Z="0"/><Vertex X="20937" Y="25256" Z="0"/><Vertex X="20902" Y="25256" Z="0"/><Vertex X="20797" Y="25256" Z="0"/><Vertex X="20693" Y="25326" Z="0"/><Vertex X="20623" Y="25326" Z="0"/><Vertex X="20519" Y="25396" Z="0"/><Vertex X="20449" Y="25396" Z="0"/><Vertex X="20414" Y="25396" Z="0"/><Vertex X="20345" Y="25396" Z="0"/><Vertex X="20240" Y="25430" Z="0"/><Vertex X="20170" Y="25430" Z="0"/><Vertex X="20066" Y="25430" Z="0"/><Vertex X="20066" Y="25500" Z="0"/><Vertex X="19996" Y="25500" Z="0"/><Vertex X="19892" Y="25500" Z="0"/><Vertex X="19822" Y="25500" Z="0"/><Vertex X="19787" Y="25500" Z="0"/><Vertex X="19718" Y="25500" Z="0"/><Vertex X="19683" Y="25500" Z="0"/><Vertex X="19578" Y="25500" Z="0"/><Vertex X="19509" Y="25500" Z="0"/><Vertex X="19474" Y="25500" Z="0"/><Vertex X="19404" Y="25500" Z="0"/><Vertex X="19369" Y="25500" Z="0"/><Vertex X="19300" Y="25500" Z="0"/><Vertex X="19230" Y="25500" Z="0"/><Vertex X="19195" Y="25500" Z="0"/><Vertex X="19125" Y="25500" Z="0"/><Vertex X="19091" Y="25500" Z="0"/><Vertex X="19021" Y="25500" Z="0"/><Vertex X="18916" Y="25500" Z="0"/><Vertex X="18881" Y="25500" Z="0"/><Vertex X="18812" Y="25570" Z="0"/><Vertex X="18742" Y="25570" Z="0"/><Vertex X="18707" Y="25570" Z="0"/><Vertex X="18638" Y="25570" Z="0"/><Vertex X="18533" Y="25639" Z="0"/><Vertex X="18498" Y="25639" Z="0"/><Vertex X="18394" Y="25639" Z="0"/><Vertex X="18324" Y="25639" Z="0"/><Vertex X="18254" Y="25639" Z="0"/><Vertex X="18185" Y="25639" Z="0"/><Vertex X="18080" Y="25639" Z="0"/><Vertex X="18045" Y="25639" Z="0"/><Vertex X="17976" Y="25639" Z="0"/><Vertex X="17941" Y="25639" Z="0"/><Vertex X="17871" Y="25639" Z="0"/><Vertex X="17802" Y="25639" Z="0"/><Vertex X="17767" Y="25605" Z="0"/><Vertex X="17697" Y="25605" Z="0"/><Vertex X="17662" Y="25605" Z="0"/><Vertex X="17593" Y="25605" Z="0"/><Vertex X="17523" Y="25605" Z="0"/><Vertex X="17488" Y="25605" Z="0"/><Vertex X="17418" Y="25605" Z="0"/><Vertex X="17384" Y="25605" Z="0"/><Vertex X="17314" Y="25605" Z="0"/><Vertex X="17244" Y="25605" Z="0"/><Vertex X="17209" Y="25605" Z="0"/><Vertex X="17140" Y="25605" Z="0"/><Vertex X="17105" Y="25605" Z="0"/><Vertex X="17035" Y="25605" Z="0"/><Vertex X="16965" Y="25605" Z="0"/><Vertex X="16931" Y="25605" Z="0"/><Vertex X="16861" Y="25605" Z="0"/><Vertex X="16791" Y="25674" Z="0"/><Vertex X="16756" Y="25674" Z="0"/><Vertex X="16791" Y="25570" Z="0"/></Vertices></Region><Region Id="6" Type="0" Zoom="0.028706" Selected="0" ImageLocation="" ImageFocus="-1" Length="26701.6" Area="21780619.5" LengthMicrons="13174.6" AreaMicrons="5302351.7" Text="" NegativeROA="0" InputRegionId="0" Analyze="1" DisplayId="6"><Attributes></Attributes><Vertices><Vertex X="10799" Y="20588" Z="0"/><Vertex X="10730" Y="20588" Z="0"/><Vertex X="10625" Y="20623" Z="0"/><Vertex X="10556" Y="20623" Z="0"/><Vertex X="10556" Y="20658" Z="0"/><Vertex X="10451" Y="20658" Z="0"/><Vertex X="10347" Y="20658" Z="0"/><Vertex X="10347" Y="20728" Z="0"/><Vertex X="10312" Y="20728" Z="0"/><Vertex X="10242" Y="20728" Z="0"/><Vertex X="10242" Y="20762" Z="0"/><Vertex X="10207" Y="20762" Z="0"/><Vertex X="10138" Y="20762" Z="0"/><Vertex X="10068" Y="20832" Z="0"/><Vertex X="10033" Y="20832" Z="0"/><Vertex X="9963" Y="20902" Z="0"/><Vertex X="9894" Y="20902" Z="0"/><Vertex X="9894" Y="20971" Z="0"/><Vertex X="9859" Y="20971" Z="0"/><Vertex X="9789" Y="21006" Z="0"/><Vertex X="9720" Y="21006" Z="0"/><Vertex X="9685" Y="21076" Z="0"/><Vertex X="9615" Y="21076" Z="0"/><Vertex X="9580" Y="21076" Z="0"/><Vertex X="9511" Y="21111" Z="0"/><Vertex X="9511" Y="21180" Z="0"/><Vertex X="9441" Y="21180" Z="0"/><Vertex X="9406" Y="21250" Z="0"/><Vertex X="9336" Y="21285" Z="0"/><Vertex X="9267" Y="21285" Z="0"/><Vertex X="9232" Y="21389" Z="0"/><Vertex X="9232" Y="21459" Z="0"/><Vertex X="9162" Y="21564" Z="0"/><Vertex X="9162" Y="21598" Z="0"/><Vertex X="9093" Y="21598" Z="0"/><Vertex X="9093" Y="21668" Z="0"/><Vertex X="9093" Y="21703" Z="0"/><Vertex X="9023" Y="21773" Z="0"/><Vertex X="9023" Y="21877" Z="0"/><Vertex X="9023" Y="21912" Z="0"/><Vertex X="9023" Y="22017" Z="0"/><Vertex X="9023" Y="22086" Z="0"/><Vertex X="9023" Y="22156" Z="0"/><Vertex X="9023" Y="22260" Z="0"/><Vertex X="9023" Y="22330" Z="0"/><Vertex X="9058" Y="22365" Z="0"/><Vertex X="9058" Y="22435" Z="0"/><Vertex X="9127" Y="22435" Z="0"/><Vertex X="9127" Y="22504" Z="0"/><Vertex X="9162" Y="22504" Z="0"/><Vertex X="9162" Y="22539" Z="0"/><Vertex X="9232" Y="22539" Z="0"/><Vertex X="9336" Y="22609" Z="0"/><Vertex X="9371" Y="22609" Z="0"/><Vertex X="9511" Y="22678" Z="0"/><Vertex X="9545" Y="22678" Z="0"/><Vertex X="9615" Y="22713" Z="0"/><Vertex X="9685" Y="22713" Z="0"/><Vertex X="9720" Y="22713" Z="0"/><Vertex X="9789" Y="22783" Z="0"/><Vertex X="9859" Y="22783" Z="0"/><Vertex X="9894" Y="22783" Z="0"/><Vertex X="9963" Y="22853" Z="0"/><Vertex X="10033" Y="22853" Z="0"/><Vertex X="10068" Y="22853" Z="0"/><Vertex X="10172" Y="22853" Z="0"/><Vertex X="10277" Y="22853" Z="0"/><Vertex X="10312" Y="22853" Z="0"/><Vertex X="10381" Y="22853" Z="0"/><Vertex X="10416" Y="22853" Z="0"/><Vertex X="10486" Y="22922" Z="0"/><Vertex X="10556" Y="22922" Z="0"/><Vertex X="10590" Y="22922" Z="0"/><Vertex X="10660" Y="22922" Z="0"/><Vertex X="10730" Y="22922" Z="0"/><Vertex X="10834" Y="22922" Z="0"/><Vertex X="10939" Y="22922" Z="0"/><Vertex X="11008" Y="22922" Z="0"/><Vertex X="11113" Y="22887" Z="0"/><Vertex X="11252" Y="22887" Z="0"/><Vertex X="11357" Y="22818" Z="0"/><Vertex X="11461" Y="22818" Z="0"/><Vertex X="11531" Y="22818" Z="0"/><Vertex X="11636" Y="22818" Z="0"/><Vertex X="11740" Y="22818" Z="0"/><Vertex X="11775" Y="22748" Z="0"/><Vertex X="11845" Y="22748" Z="0"/><Vertex X="11914" Y="22748" Z="0"/><Vertex X="11949" Y="22713" Z="0"/><Vertex X="12019" Y="22713" Z="0"/><Vertex X="12088" Y="22713" Z="0"/><Vertex X="12088" Y="22644" Z="0"/><Vertex X="12158" Y="22644" Z="0"/><Vertex X="12263" Y="22574" Z="0"/><Vertex X="12332" Y="22574" Z="0"/><Vertex X="12332" Y="22504" Z="0"/><Vertex X="12367" Y="22504" Z="0"/><Vertex X="12472" Y="22469" Z="0"/><Vertex X="12541" Y="22469" Z="0"/><Vertex X="12576" Y="22469" Z="0"/><Vertex X="12646" Y="22400" Z="0"/><Vertex X="12715" Y="22400" Z="0"/><Vertex X="12750" Y="22400" Z="0"/><Vertex X="12820" Y="22400" Z="0"/><Vertex X="12820" Y="22330" Z="0"/><Vertex X="12924" Y="22330" Z="0"/><Vertex X="12994" Y="22330" Z="0"/><Vertex X="13099" Y="22330" Z="0"/><Vertex X="13203" Y="22330" Z="0"/><Vertex X="13273" Y="22330" Z="0"/><Vertex X="13377" Y="22330" Z="0"/><Vertex X="13482" Y="22330" Z="0"/><Vertex X="13517" Y="22330" Z="0"/><Vertex X="13586" Y="22330" Z="0"/><Vertex X="13656" Y="22330" Z="0"/><Vertex X="13761" Y="22330" Z="0"/><Vertex X="13865" Y="22330" Z="0"/><Vertex X="13900" Y="22330" Z="0"/><Vertex X="14039" Y="22330" Z="0"/><Vertex X="14144" Y="22330" Z="0"/><Vertex X="14213" Y="22330" Z="0"/><Vertex X="14283" Y="22330" Z="0"/><Vertex X="14388" Y="22330" Z="0"/><Vertex X="14422" Y="22330" Z="0"/><Vertex X="14527" Y="22260" Z="0"/><Vertex X="14631" Y="22260" Z="0"/><Vertex X="14666" Y="22260" Z="0"/><Vertex X="14736" Y="22260" Z="0"/><Vertex X="14806" Y="22260" Z="0"/><Vertex X="14840" Y="22260" Z="0"/><Vertex X="14910" Y="22260" Z="0"/><Vertex X="14980" Y="22260" Z="0"/><Vertex X="15049" Y="22260" Z="0"/><Vertex X="15154" Y="22260" Z="0"/><Vertex X="15189" Y="22260" Z="0"/><Vertex X="15189" Y="22226" Z="0"/><Vertex X="15259" Y="22226" Z="0"/><Vertex X="15328" Y="22226" Z="0"/><Vertex X="15363" Y="22226" Z="0"/><Vertex X="15433" Y="22156" Z="0"/><Vertex X="15502" Y="22156" Z="0"/><Vertex X="15537" Y="22156" Z="0"/><Vertex X="15537" Y="22086" Z="0"/><Vertex X="15607" Y="22086" Z="0"/><Vertex X="15642" Y="22086" Z="0"/><Vertex X="15711" Y="22086" Z="0"/><Vertex X="15711" Y="22051" Z="0"/><Vertex X="15781" Y="22051" Z="0"/><Vertex X="15816" Y="22051" Z="0"/><Vertex X="15920" Y="22051" Z="0"/><Vertex X="15955" Y="22051" Z="0"/><Vertex X="16025" Y="22051" Z="0"/><Vertex X="16025" Y="21982" Z="0"/><Vertex X="16095" Y="21982" Z="0"/><Vertex X="16129" Y="21982" Z="0"/><Vertex X="16234" Y="21982" Z="0"/><Vertex X="16338" Y="21982" Z="0"/><Vertex X="16408" Y="21912" Z="0"/><Vertex X="16478" Y="21912" Z="0"/><Vertex X="16547" Y="21912" Z="0"/><Vertex X="16547" Y="21877" Z="0"/><Vertex X="16582" Y="21877" Z="0"/><Vertex X="16652" Y="21807" Z="0"/><Vertex X="16722" Y="21807" Z="0"/><Vertex X="16756" Y="21738" Z="0"/><Vertex X="16826" Y="21738" Z="0"/><Vertex X="16861" Y="21738" Z="0"/><Vertex X="16861" Y="21703" Z="0"/><Vertex X="16931" Y="21703" Z="0"/><Vertex X="17000" Y="21703" Z="0"/><Vertex X="17035" Y="21703" Z="0"/><Vertex X="17035" Y="21633" Z="0"/><Vertex X="17105" Y="21633" Z="0"/><Vertex X="17140" Y="21633" Z="0"/><Vertex X="17209" Y="21564" Z="0"/><Vertex X="17279" Y="21564" Z="0"/><Vertex X="17384" Y="21564" Z="0"/><Vertex X="17453" Y="21494" Z="0"/><Vertex X="17558" Y="21494" Z="0"/><Vertex X="17627" Y="21494" Z="0"/><Vertex X="17662" Y="21494" Z="0"/><Vertex X="17732" Y="21494" Z="0"/><Vertex X="17767" Y="21494" Z="0"/><Vertex X="17836" Y="21494" Z="0"/><Vertex X="17906" Y="21494" Z="0"/><Vertex X="17976" Y="21494" Z="0"/><Vertex X="18080" Y="21494" Z="0"/><Vertex X="18150" Y="21494" Z="0"/><Vertex X="18254" Y="21494" Z="0"/><Vertex X="18289" Y="21494" Z="0"/><Vertex X="18359" Y="21494" Z="0"/><Vertex X="18359" Y="21459" Z="0"/><Vertex X="18429" Y="21459" Z="0"/><Vertex X="18463" Y="21459" Z="0"/><Vertex X="18533" Y="21459" Z="0"/><Vertex X="18568" Y="21459" Z="0"/><Vertex X="18638" Y="21459" Z="0"/><Vertex X="18707" Y="21459" Z="0"/><Vertex X="18707" Y="21389" Z="0"/><Vertex X="18742" Y="21389" Z="0"/><Vertex X="18812" Y="21389" Z="0"/><Vertex X="18812" Y="21355" Z="0"/><Vertex X="18847" Y="21355" Z="0"/><Vertex X="18847" Y="21285" Z="0"/><Vertex X="18916" Y="21285" Z="0"/><Vertex X="18916" Y="21215" Z="0"/><Vertex X="18986" Y="21215" Z="0"/><Vertex X="18986" Y="21180" Z="0"/><Vertex X="19021" Y="21180" Z="0"/><Vertex X="19021" Y="21111" Z="0"/><Vertex X="19091" Y="21111" Z="0"/><Vertex X="19091" Y="21076" Z="0"/><Vertex X="19125" Y="21076" Z="0"/><Vertex X="19125" Y="21006" Z="0"/><Vertex X="19125" Y="20937" Z="0"/><Vertex X="19056" Y="20937" Z="0"/><Vertex X="19056" Y="20902" Z="0"/><Vertex X="19056" Y="20832" Z="0"/><Vertex X="19021" Y="20832" Z="0"/><Vertex X="19021" Y="20797" Z="0"/><Vertex X="19021" Y="20693" Z="0"/><Vertex X="18951" Y="20693" Z="0"/><Vertex X="18951" Y="20588" Z="0"/><Vertex X="18951" Y="20519" Z="0"/><Vertex X="18881" Y="20449" Z="0"/><Vertex X="18881" Y="20379" Z="0"/><Vertex X="18881" Y="20344" Z="0"/><Vertex X="18881" Y="20275" Z="0"/><Vertex X="18881" Y="20205" Z="0"/><Vertex X="18881" Y="20170" Z="0"/><Vertex X="18881" Y="20101" Z="0"/><Vertex X="18881" Y="20066" Z="0"/><Vertex X="18881" Y="19996" Z="0"/><Vertex X="18881" Y="19891" Z="0"/><Vertex X="18916" Y="19822" Z="0"/><Vertex X="18916" Y="19787" Z="0"/><Vertex X="18916" Y="19717" Z="0"/><Vertex X="18916" Y="19682" Z="0"/><Vertex X="18986" Y="19682" Z="0"/><Vertex X="18986" Y="19613" Z="0"/><Vertex X="18986" Y="19543" Z="0"/><Vertex X="18986" Y="19508" Z="0"/><Vertex X="18986" Y="19439" Z="0"/><Vertex X="18986" Y="19404" Z="0"/><Vertex X="18986" Y="19299" Z="0"/><Vertex X="18986" Y="19230" Z="0"/><Vertex X="18986" Y="19195" Z="0"/><Vertex X="18951" Y="19195" Z="0"/><Vertex X="18951" Y="19125" Z="0"/><Vertex X="18951" Y="19090" Z="0"/><Vertex X="18881" Y="19021" Z="0"/><Vertex X="18881" Y="18951" Z="0"/><Vertex X="18847" Y="18951" Z="0"/><Vertex X="18847" Y="18916" Z="0"/><Vertex X="18777" Y="18916" Z="0"/><Vertex X="18707" Y="18846" Z="0"/><Vertex X="18672" Y="18846" Z="0"/><Vertex X="18672" Y="18777" Z="0"/><Vertex X="18603" Y="18777" Z="0"/><Vertex X="18533" Y="18812" Z="0"/><Vertex X="18498" Y="18812" Z="0"/><Vertex X="18289" Y="18916" Z="0"/><Vertex X="18150" Y="18986" Z="0"/><Vertex X="18115" Y="19055" Z="0"/><Vertex X="18011" Y="19055" Z="0"/><Vertex X="17906" Y="19125" Z="0"/><Vertex X="17871" Y="19195" Z="0"/><Vertex X="17871" Y="19264" Z="0"/><Vertex X="17767" Y="19264" Z="0"/><Vertex X="17697" Y="19299" Z="0"/><Vertex X="17627" Y="19299" Z="0"/><Vertex X="17558" Y="19299" Z="0"/><Vertex X="17558" Y="19369" Z="0"/><Vertex X="17488" Y="19369" Z="0"/><Vertex X="17453" Y="19369" Z="0"/><Vertex X="17384" Y="19369" Z="0"/><Vertex X="17279" Y="19369" Z="0"/><Vertex X="17244" Y="19369" Z="0"/><Vertex X="17175" Y="19439" Z="0"/><Vertex X="17070" Y="19439" Z="0"/><Vertex X="16931" Y="19439" Z="0"/><Vertex X="16826" Y="19439" Z="0"/><Vertex X="16756" Y="19439" Z="0"/><Vertex X="16687" Y="19439" Z="0"/><Vertex X="16617" Y="19439" Z="0"/><Vertex X="16513" Y="19439" Z="0"/><Vertex X="16408" Y="19508" Z="0"/><Vertex X="16304" Y="19508" Z="0"/><Vertex X="16199" Y="19508" Z="0"/><Vertex X="16164" Y="19508" Z="0"/><Vertex X="16095" Y="19508" Z="0"/><Vertex X="15920" Y="19508" Z="0"/><Vertex X="15816" Y="19508" Z="0"/><Vertex X="15816" Y="19543" Z="0"/><Vertex X="15642" Y="19543" Z="0"/><Vertex X="15572" Y="19543" Z="0"/><Vertex X="15468" Y="19543" Z="0"/><Vertex X="15468" Y="19613" Z="0"/><Vertex X="15328" Y="19613" Z="0"/><Vertex X="15293" Y="19613" Z="0"/><Vertex X="15189" Y="19613" Z="0"/><Vertex X="15084" Y="19613" Z="0"/><Vertex X="15015" Y="19682" Z="0"/><Vertex X="14910" Y="19682" Z="0"/><Vertex X="14875" Y="19682" Z="0"/><Vertex X="14771" Y="19717" Z="0"/><Vertex X="14631" Y="19787" Z="0"/><Vertex X="14562" Y="19787" Z="0"/><Vertex X="14457" Y="19857" Z="0"/><Vertex X="14318" Y="19926" Z="0"/><Vertex X="14248" Y="19961" Z="0"/><Vertex X="14179" Y="19961" Z="0"/><Vertex X="14179" Y="20031" Z="0"/><Vertex X="14074" Y="20031" Z="0"/><Vertex X="14004" Y="20031" Z="0"/><Vertex X="13970" Y="20101" Z="0"/><Vertex X="13900" Y="20101" Z="0"/><Vertex X="13830" Y="20170" Z="0"/><Vertex X="13761" Y="20170" Z="0"/><Vertex X="13656" Y="20240" Z="0"/><Vertex X="13586" Y="20240" Z="0"/><Vertex X="13482" Y="20275" Z="0"/><Vertex X="13377" Y="20275" Z="0"/><Vertex X="13238" Y="20344" Z="0"/><Vertex X="13203" Y="20344" Z="0"/><Vertex X="13134" Y="20414" Z="0"/><Vertex X="13029" Y="20414" Z="0"/><Vertex X="13029" Y="20449" Z="0"/><Vertex X="12959" Y="20449" Z="0"/><Vertex X="12855" Y="20449" Z="0"/><Vertex X="12855" Y="20519" Z="0"/><Vertex X="12750" Y="20519" Z="0"/><Vertex X="12681" Y="20519" Z="0"/><Vertex X="12611" Y="20519" Z="0"/><Vertex X="12506" Y="20588" Z="0"/><Vertex X="12402" Y="20588" Z="0"/><Vertex X="12367" Y="20588" Z="0"/><Vertex X="12263" Y="20658" Z="0"/><Vertex X="12158" Y="20658" Z="0"/><Vertex X="12088" Y="20658" Z="0"/><Vertex X="11984" Y="20658" Z="0"/><Vertex X="11914" Y="20658" Z="0"/><Vertex X="11845" Y="20658" Z="0"/><Vertex X="11740" Y="20658" Z="0"/><Vertex X="11636" Y="20658" Z="0"/><Vertex X="11566" Y="20658" Z="0"/><Vertex X="11461" Y="20728" Z="0"/><Vertex X="11357" Y="20728" Z="0"/><Vertex X="11322" Y="20728" Z="0"/><Vertex X="11252" Y="20728" Z="0"/><Vertex X="11183" Y="20728" Z="0"/><Vertex X="11148" Y="20728" Z="0"/><Vertex X="11078" Y="20728" Z="0"/><Vertex X="11043" Y="20728" Z="0"/><Vertex X="10974" Y="20728" Z="0"/><Vertex X="10904" Y="20728" Z="0"/><Vertex X="10869" Y="20728" Z="0"/><Vertex X="10799" Y="20728" Z="0"/><Vertex X="10765" Y="20728" Z="0"/><Vertex X="10799" Y="20588" Z="0"/></Vertices></Region><Region Id="7" Type="0" Zoom="0.028706" Selected="0" ImageLocation="" ImageFocus="-1" Length="13001.9" Area="8591166.5" LengthMicrons="6415.1" AreaMicrons="2091464.2" Text="" NegativeROA="0" InputRegionId="0" Analyze="1" DisplayId="7"><Attributes></Attributes><Vertices><Vertex X="22957" Y="18115" Z="0"/><Vertex X="22888" Y="18115" Z="0"/><Vertex X="22853" Y="18115" Z="0"/><Vertex X="22748" Y="18115" Z="0"/><Vertex X="22644" Y="18150" Z="0"/><Vertex X="22539" Y="18219" Z="0"/><Vertex X="22435" Y="18324" Z="0"/><Vertex X="22435" Y="18394" Z="0"/><Vertex X="22400" Y="18428" Z="0"/><Vertex X="22400" Y="18498" Z="0"/><Vertex X="22400" Y="18568" Z="0"/><Vertex X="22400" Y="18637" Z="0"/><Vertex X="22400" Y="18707" Z="0"/><Vertex X="22400" Y="18742" Z="0"/><Vertex X="22400" Y="18812" Z="0"/><Vertex X="22400" Y="18916" Z="0"/><Vertex X="22400" Y="18986" Z="0"/><Vertex X="22400" Y="19021" Z="0"/><Vertex X="22400" Y="19090" Z="0"/><Vertex X="22400" Y="19195" Z="0"/><Vertex X="22400" Y="19264" Z="0"/><Vertex X="22470" Y="19334" Z="0"/><Vertex X="22470" Y="19369" Z="0"/><Vertex X="22470" Y="19473" Z="0"/><Vertex X="22470" Y="19578" Z="0"/><Vertex X="22470" Y="19613" Z="0"/><Vertex X="22539" Y="19613" Z="0"/><Vertex X="22539" Y="19787" Z="0"/><Vertex X="22539" Y="19857" Z="0"/><Vertex X="22539" Y="19961" Z="0"/><Vertex X="22539" Y="20066" Z="0"/><Vertex X="22539" Y="20101" Z="0"/><Vertex X="22539" Y="20170" Z="0"/><Vertex X="22539" Y="20275" Z="0"/><Vertex X="22574" Y="20275" Z="0"/><Vertex X="22574" Y="20310" Z="0"/><Vertex X="22644" Y="20310" Z="0"/><Vertex X="22644" Y="20379" Z="0"/><Vertex X="22713" Y="20379" Z="0"/><Vertex X="22713" Y="20414" Z="0"/><Vertex X="22748" Y="20414" Z="0"/><Vertex X="22818" Y="20484" Z="0"/><Vertex X="22888" Y="20484" Z="0"/><Vertex X="22888" Y="20553" Z="0"/><Vertex X="22922" Y="20553" Z="0"/><Vertex X="22992" Y="20588" Z="0"/><Vertex X="23062" Y="20588" Z="0"/><Vertex X="23062" Y="20658" Z="0"/><Vertex X="23097" Y="20658" Z="0"/><Vertex X="23166" Y="20728" Z="0"/><Vertex X="23236" Y="20797" Z="0"/><Vertex X="23271" Y="20797" Z="0"/><Vertex X="23271" Y="20867" Z="0"/><Vertex X="23375" Y="20937" Z="0"/><Vertex X="23375" Y="21006" Z="0"/><Vertex X="23445" Y="21006" Z="0"/><Vertex X="23445" Y="21041" Z="0"/><Vertex X="23480" Y="21111" Z="0"/><Vertex X="23550" Y="21111" Z="0"/><Vertex X="23550" Y="21180" Z="0"/><Vertex X="23584" Y="21180" Z="0"/><Vertex X="23584" Y="21215" Z="0"/><Vertex X="23654" Y="21285" Z="0"/><Vertex X="23724" Y="21355" Z="0"/><Vertex X="23724" Y="21389" Z="0"/><Vertex X="23793" Y="21389" Z="0"/><Vertex X="23793" Y="21459" Z="0"/><Vertex X="23828" Y="21529" Z="0"/><Vertex X="23898" Y="21564" Z="0"/><Vertex X="23968" Y="21564" Z="0"/><Vertex X="24037" Y="21633" Z="0"/><Vertex X="24072" Y="21633" Z="0"/><Vertex X="24142" Y="21703" Z="0"/><Vertex X="24211" Y="21703" Z="0"/><Vertex X="24246" Y="21773" Z="0"/><Vertex X="24316" Y="21773" Z="0"/><Vertex X="24386" Y="21773" Z="0"/><Vertex X="24420" Y="21773" Z="0"/><Vertex X="24490" Y="21773" Z="0"/><Vertex X="24525" Y="21773" Z="0"/><Vertex X="24595" Y="21773" Z="0"/><Vertex X="24699" Y="21773" Z="0"/><Vertex X="24769" Y="21738" Z="0"/><Vertex X="24838" Y="21738" Z="0"/><Vertex X="24943" Y="21738" Z="0"/><Vertex X="24943" Y="21668" Z="0"/><Vertex X="24978" Y="21668" Z="0"/><Vertex X="24978" Y="21633" Z="0"/><Vertex X="25048" Y="21633" Z="0"/><Vertex X="25048" Y="21564" Z="0"/><Vertex X="25082" Y="21564" Z="0"/><Vertex X="25082" Y="21529" Z="0"/><Vertex X="25082" Y="21459" Z="0"/><Vertex X="25152" Y="21389" Z="0"/><Vertex X="25152" Y="21355" Z="0"/><Vertex X="25222" Y="21285" Z="0"/><Vertex X="25222" Y="21215" Z="0"/><Vertex X="25291" Y="21180" Z="0"/><Vertex X="25291" Y="21111" Z="0"/><Vertex X="25326" Y="21041" Z="0"/><Vertex X="25326" Y="21006" Z="0"/><Vertex X="25326" Y="20937" Z="0"/><Vertex X="25396" Y="20937" Z="0"/><Vertex X="25396" Y="20832" Z="0"/><Vertex X="25396" Y="20762" Z="0"/><Vertex X="25466" Y="20658" Z="0"/><Vertex X="25466" Y="20553" Z="0"/><Vertex X="25466" Y="20519" Z="0"/><Vertex X="25466" Y="20449" Z="0"/><Vertex X="25466" Y="20379" Z="0"/><Vertex X="25500" Y="20379" Z="0"/><Vertex X="25500" Y="20310" Z="0"/><Vertex X="25500" Y="20205" Z="0"/><Vertex X="25500" Y="20135" Z="0"/><Vertex X="25500" Y="20101" Z="0"/><Vertex X="25500" Y="20031" Z="0"/><Vertex X="25500" Y="19996" Z="0"/><Vertex X="25500" Y="19926" Z="0"/><Vertex X="25500" Y="19857" Z="0"/><Vertex X="25500" Y="19822" Z="0"/><Vertex X="25500" Y="19752" Z="0"/><Vertex X="25431" Y="19752" Z="0"/><Vertex X="25431" Y="19682" Z="0"/><Vertex X="25431" Y="19648" Z="0"/><Vertex X="25396" Y="19648" Z="0"/><Vertex X="25396" Y="19578" Z="0"/><Vertex X="25326" Y="19543" Z="0"/><Vertex X="25257" Y="19473" Z="0"/><Vertex X="25187" Y="19404" Z="0"/><Vertex X="25187" Y="19334" Z="0"/><Vertex X="25152" Y="19334" Z="0"/><Vertex X="25152" Y="19299" Z="0"/><Vertex X="25048" Y="19230" Z="0"/><Vertex X="24978" Y="19160" Z="0"/><Vertex X="24908" Y="19090" Z="0"/><Vertex X="24908" Y="19055" Z="0"/><Vertex X="24838" Y="18986" Z="0"/><Vertex X="24838" Y="18916" Z="0"/><Vertex X="24804" Y="18916" Z="0"/><Vertex X="24804" Y="18881" Z="0"/><Vertex X="24734" Y="18812" Z="0"/><Vertex X="24734" Y="18742" Z="0"/><Vertex X="24664" Y="18742" Z="0"/><Vertex X="24664" Y="18707" Z="0"/><Vertex X="24629" Y="18637" Z="0"/><Vertex X="24629" Y="18568" Z="0"/><Vertex X="24560" Y="18568" Z="0"/><Vertex X="24560" Y="18533" Z="0"/><Vertex X="24490" Y="18463" Z="0"/><Vertex X="24490" Y="18394" Z="0"/><Vertex X="24455" Y="18394" Z="0"/><Vertex X="24455" Y="18359" Z="0"/><Vertex X="24455" Y="18289" Z="0"/><Vertex X="24386" Y="18289" Z="0"/><Vertex X="24386" Y="18254" Z="0"/><Vertex X="24386" Y="18150" Z="0"/><Vertex X="24386" Y="18080" Z="0"/><Vertex X="24316" Y="18080" Z="0"/><Vertex X="24316" Y="18045" Z="0"/><Vertex X="24281" Y="17976" Z="0"/><Vertex X="24211" Y="17976" Z="0"/><Vertex X="24211" Y="17906" Z="0"/><Vertex X="24177" Y="17906" Z="0"/><Vertex X="24177" Y="17871" Z="0"/><Vertex X="24107" Y="17871" Z="0"/><Vertex X="24107" Y="17801" Z="0"/><Vertex X="24037" Y="17801" Z="0"/><Vertex X="24002" Y="17801" Z="0"/><Vertex X="23933" Y="17801" Z="0"/><Vertex X="23898" Y="17801" Z="0"/><Vertex X="23828" Y="17801" Z="0"/><Vertex X="23759" Y="17801" Z="0"/><Vertex X="23724" Y="17801" Z="0"/><Vertex X="23619" Y="17801" Z="0"/><Vertex X="23550" Y="17801" Z="0"/><Vertex X="23515" Y="17836" Z="0"/><Vertex X="23445" Y="17836" Z="0"/><Vertex X="23445" Y="17871" Z="0"/><Vertex X="23410" Y="17871" Z="0"/><Vertex X="23341" Y="17941" Z="0"/><Vertex X="23271" Y="17941" Z="0"/><Vertex X="23271" Y="18010" Z="0"/><Vertex X="23236" Y="18010" Z="0"/><Vertex X="23166" Y="18010" Z="0"/><Vertex X="23166" Y="18045" Z="0"/><Vertex X="23097" Y="18045" Z="0"/><Vertex X="23062" Y="18045" Z="0"/><Vertex X="23062" Y="18115" Z="0"/><Vertex X="22992" Y="18185" Z="0"/><Vertex X="22992" Y="18115" Z="0"/><Vertex X="22992" Y="18045" Z="0"/><Vertex X="22957" Y="18115" Z="0"/></Vertices></Region></Regions><Plots></Plots></Annotation></Annotations>
