<Annotations MicronsPerPixel="0.493400">
	<Annotation Id="1" Name="" ReadOnly="0" NameReadOnly="0" LineColorReadOnly="0" Incremental="0" Type="4" LineColor="16711935" Visible="1" Selected="1" MarkupImagePath="" MacroName=""><Attributes></Attributes><Regions><RegionAttributeHeaders></RegionAttributeHeaders><Region Id="1" Type="0" Zoom="0.026219" Selected="0" ImageLocation="" ImageFocus="-1" Length="29306.8" Area="24575518.0" LengthMicrons="14460.0" AreaMicrons="5982751.8" Text="" NegativeROA="0" InputRegionId="0" Analyze="1" DisplayId="1"><Attributes></Attributes><Vertices><Vertex X="15218" Y="14951" Z="0"/><Vertex X="15141" Y="14951" Z="0"/><Vertex X="15103" Y="14951" Z="0"/><Vertex X="15027" Y="14989" Z="0"/><Vertex X="14951" Y="14989" Z="0"/><Vertex X="14912" Y="14989" Z="0"/><Vertex X="14912" Y="15027" Z="0"/><Vertex X="14836" Y="15027" Z="0"/><Vertex X="14760" Y="15027" Z="0"/><Vertex X="14722" Y="15103" Z="0"/><Vertex X="14645" Y="15103" Z="0"/><Vertex X="14569" Y="15180" Z="0"/><Vertex X="14531" Y="15180" Z="0"/><Vertex X="14531" Y="15256" Z="0"/><Vertex X="14455" Y="15256" Z="0"/><Vertex X="14378" Y="15294" Z="0"/><Vertex X="14340" Y="15370" Z="0"/><Vertex X="14264" Y="15447" Z="0"/><Vertex X="14264" Y="15561" Z="0"/><Vertex X="14188" Y="15561" Z="0"/><Vertex X="14188" Y="15599" Z="0"/><Vertex X="14150" Y="15599" Z="0"/><Vertex X="14150" Y="15675" Z="0"/><Vertex X="14073" Y="15714" Z="0"/><Vertex X="14073" Y="15790" Z="0"/><Vertex X="13997" Y="15790" Z="0"/><Vertex X="13997" Y="15866" Z="0"/><Vertex X="13921" Y="15904" Z="0"/><Vertex X="13921" Y="15981" Z="0"/><Vertex X="13883" Y="15981" Z="0"/><Vertex X="13883" Y="16057" Z="0"/><Vertex X="13806" Y="16095" Z="0"/><Vertex X="13806" Y="16171" Z="0"/><Vertex X="13730" Y="16171" Z="0"/><Vertex X="13730" Y="16248" Z="0"/><Vertex X="13692" Y="16286" Z="0"/><Vertex X="13692" Y="16362" Z="0"/><Vertex X="13616" Y="16362" Z="0"/><Vertex X="13616" Y="16438" Z="0"/><Vertex X="13539" Y="16476" Z="0"/><Vertex X="13463" Y="16553" Z="0"/><Vertex X="13463" Y="16629" Z="0"/><Vertex X="13425" Y="16629" Z="0"/><Vertex X="13425" Y="16667" Z="0"/><Vertex X="13349" Y="16667" Z="0"/><Vertex X="13349" Y="16743" Z="0"/><Vertex X="13311" Y="16820" Z="0"/><Vertex X="13311" Y="16858" Z="0"/><Vertex X="13234" Y="16858" Z="0"/><Vertex X="13234" Y="16934" Z="0"/><Vertex X="13158" Y="16934" Z="0"/><Vertex X="13158" Y="17010" Z="0"/><Vertex X="13120" Y="17048" Z="0"/><Vertex X="13120" Y="17125" Z="0"/><Vertex X="13044" Y="17201" Z="0"/><Vertex X="13044" Y="17239" Z="0"/><Vertex X="12967" Y="17315" Z="0"/><Vertex X="12967" Y="17392" Z="0"/><Vertex X="12967" Y="17430" Z="0"/><Vertex X="12891" Y="17430" Z="0"/><Vertex X="12891" Y="17506" Z="0"/><Vertex X="12891" Y="17582" Z="0"/><Vertex X="12929" Y="17582" Z="0"/><Vertex X="12929" Y="17621" Z="0"/><Vertex X="13005" Y="17697" Z="0"/><Vertex X="13082" Y="17773" Z="0"/><Vertex X="13120" Y="17773" Z="0"/><Vertex X="13196" Y="17773" Z="0"/><Vertex X="13196" Y="17811" Z="0"/><Vertex X="13234" Y="17811" Z="0"/><Vertex X="13311" Y="17811" Z="0"/><Vertex X="13463" Y="17811" Z="0"/><Vertex X="13501" Y="17811" Z="0"/><Vertex X="13578" Y="17811" Z="0"/><Vertex X="13616" Y="17811" Z="0"/><Vertex X="13692" Y="17811" Z="0"/><Vertex X="13844" Y="17811" Z="0"/><Vertex X="13883" Y="17811" Z="0"/><Vertex X="13959" Y="17811" Z="0"/><Vertex X="14035" Y="17811" Z="0"/><Vertex X="14073" Y="17811" Z="0"/><Vertex X="14226" Y="17735" Z="0"/><Vertex X="14264" Y="17735" Z="0"/><Vertex X="14340" Y="17735" Z="0"/><Vertex X="14378" Y="17735" Z="0"/><Vertex X="14493" Y="17735" Z="0"/><Vertex X="14607" Y="17735" Z="0"/><Vertex X="14684" Y="17735" Z="0"/><Vertex X="14760" Y="17735" Z="0"/><Vertex X="14836" Y="17735" Z="0"/><Vertex X="14874" Y="17735" Z="0"/><Vertex X="14951" Y="17773" Z="0"/><Vertex X="15027" Y="17773" Z="0"/><Vertex X="15065" Y="17773" Z="0"/><Vertex X="15141" Y="17773" Z="0"/><Vertex X="15179" Y="17773" Z="0"/><Vertex X="15256" Y="17773" Z="0"/><Vertex X="15332" Y="17773" Z="0"/><Vertex X="15370" Y="17773" Z="0"/><Vertex X="15446" Y="17773" Z="0"/><Vertex X="15523" Y="17773" Z="0"/><Vertex X="15637" Y="17773" Z="0"/><Vertex X="15751" Y="17735" Z="0"/><Vertex X="15828" Y="17735" Z="0"/><Vertex X="15866" Y="17735" Z="0"/><Vertex X="15980" Y="17659" Z="0"/><Vertex X="16057" Y="17659" Z="0"/><Vertex X="16095" Y="17582" Z="0"/><Vertex X="16171" Y="17582" Z="0"/><Vertex X="16247" Y="17506" Z="0"/><Vertex X="16285" Y="17506" Z="0"/><Vertex X="16362" Y="17506" Z="0"/><Vertex X="16400" Y="17506" Z="0"/><Vertex X="16400" Y="17468" Z="0"/><Vertex X="16476" Y="17468" Z="0"/><Vertex X="16552" Y="17468" Z="0"/><Vertex X="16591" Y="17468" Z="0"/><Vertex X="16667" Y="17468" Z="0"/><Vertex X="16705" Y="17468" Z="0"/><Vertex X="16781" Y="17468" Z="0"/><Vertex X="16858" Y="17468" Z="0"/><Vertex X="16896" Y="17468" Z="0"/><Vertex X="16972" Y="17468" Z="0"/><Vertex X="16972" Y="17392" Z="0"/><Vertex X="17010" Y="17392" Z="0"/><Vertex X="17010" Y="17354" Z="0"/><Vertex X="17086" Y="17354" Z="0"/><Vertex X="17086" Y="17277" Z="0"/><Vertex X="17163" Y="17277" Z="0"/><Vertex X="17163" Y="17201" Z="0"/><Vertex X="17201" Y="17201" Z="0"/><Vertex X="17277" Y="17163" Z="0"/><Vertex X="17353" Y="17087" Z="0"/><Vertex X="17391" Y="17087" Z="0"/><Vertex X="17391" Y="17010" Z="0"/><Vertex X="17468" Y="17010" Z="0"/><Vertex X="17468" Y="16972" Z="0"/><Vertex X="17544" Y="16972" Z="0"/><Vertex X="17582" Y="16972" Z="0"/><Vertex X="17582" Y="16896" Z="0"/><Vertex X="17658" Y="16896" Z="0"/><Vertex X="17697" Y="16896" Z="0"/><Vertex X="17773" Y="16896" Z="0"/><Vertex X="17849" Y="16896" Z="0"/><Vertex X="17887" Y="16896" Z="0"/><Vertex X="17887" Y="16820" Z="0"/><Vertex X="17964" Y="16820" Z="0"/><Vertex X="18002" Y="16820" Z="0"/><Vertex X="18078" Y="16820" Z="0"/><Vertex X="18192" Y="16820" Z="0"/><Vertex X="18231" Y="16820" Z="0"/><Vertex X="18307" Y="16820" Z="0"/><Vertex X="18383" Y="16820" Z="0"/><Vertex X="18421" Y="16820" Z="0"/><Vertex X="18498" Y="16820" Z="0"/><Vertex X="18498" Y="16781" Z="0"/><Vertex X="18574" Y="16781" Z="0"/><Vertex X="18688" Y="16781" Z="0"/><Vertex X="18803" Y="16781" Z="0"/><Vertex X="18879" Y="16781" Z="0"/><Vertex X="18955" Y="16781" Z="0"/><Vertex X="19031" Y="16781" Z="0"/><Vertex X="19070" Y="16705" Z="0"/><Vertex X="19146" Y="16705" Z="0"/><Vertex X="19222" Y="16705" Z="0"/><Vertex X="19260" Y="16705" Z="0"/><Vertex X="19337" Y="16629" Z="0"/><Vertex X="19451" Y="16629" Z="0"/><Vertex X="19489" Y="16553" Z="0"/><Vertex X="19565" Y="16553" Z="0"/><Vertex X="19642" Y="16553" Z="0"/><Vertex X="19642" Y="16515" Z="0"/><Vertex X="19680" Y="16515" Z="0"/><Vertex X="19756" Y="16515" Z="0"/><Vertex X="19756" Y="16438" Z="0"/><Vertex X="19794" Y="16438" Z="0"/><Vertex X="19909" Y="16438" Z="0"/><Vertex X="19909" Y="16400" Z="0"/><Vertex X="20023" Y="16400" Z="0"/><Vertex X="20099" Y="16400" Z="0"/><Vertex X="20099" Y="16324" Z="0"/><Vertex X="20214" Y="16324" Z="0"/><Vertex X="20328" Y="16324" Z="0"/><Vertex X="20328" Y="16248" Z="0"/><Vertex X="20366" Y="16248" Z="0"/><Vertex X="20481" Y="16248" Z="0"/><Vertex X="20481" Y="16209" Z="0"/><Vertex X="20557" Y="16209" Z="0"/><Vertex X="20633" Y="16209" Z="0"/><Vertex X="20633" Y="16133" Z="0"/><Vertex X="20748" Y="16133" Z="0"/><Vertex X="20862" Y="16133" Z="0"/><Vertex X="20938" Y="16057" Z="0"/><Vertex X="21053" Y="16057" Z="0"/><Vertex X="21129" Y="16057" Z="0"/><Vertex X="21167" Y="16057" Z="0"/><Vertex X="21244" Y="16057" Z="0"/><Vertex X="21282" Y="16057" Z="0"/><Vertex X="21358" Y="16019" Z="0"/><Vertex X="21434" Y="16019" Z="0"/><Vertex X="21472" Y="16019" Z="0"/><Vertex X="21549" Y="16019" Z="0"/><Vertex X="21663" Y="16019" Z="0"/><Vertex X="21701" Y="16019" Z="0"/><Vertex X="21701" Y="15942" Z="0"/><Vertex X="21816" Y="15942" Z="0"/><Vertex X="21930" Y="15942" Z="0"/><Vertex X="22006" Y="15942" Z="0"/><Vertex X="22121" Y="15942" Z="0"/><Vertex X="22121" Y="15866" Z="0"/><Vertex X="22235" Y="15866" Z="0"/><Vertex X="22312" Y="15866" Z="0"/><Vertex X="22426" Y="15866" Z="0"/><Vertex X="22502" Y="15828" Z="0"/><Vertex X="22540" Y="15828" Z="0"/><Vertex X="22655" Y="15828" Z="0"/><Vertex X="22769" Y="15828" Z="0"/><Vertex X="22769" Y="15752" Z="0"/><Vertex X="22845" Y="15752" Z="0"/><Vertex X="22960" Y="15752" Z="0"/><Vertex X="23036" Y="15752" Z="0"/><Vertex X="23074" Y="15752" Z="0"/><Vertex X="23151" Y="15752" Z="0"/><Vertex X="23189" Y="15752" Z="0"/><Vertex X="23265" Y="15752" Z="0"/><Vertex X="23341" Y="15752" Z="0"/><Vertex X="23379" Y="15752" Z="0"/><Vertex X="23379" Y="15675" Z="0"/><Vertex X="23456" Y="15675" Z="0"/><Vertex X="23494" Y="15675" Z="0"/><Vertex X="23570" Y="15675" Z="0"/><Vertex X="23570" Y="15637" Z="0"/><Vertex X="23570" Y="15561" Z="0"/><Vertex X="23570" Y="15523" Z="0"/><Vertex X="23570" Y="15408" Z="0"/><Vertex X="23532" Y="15294" Z="0"/><Vertex X="23532" Y="15180" Z="0"/><Vertex X="23494" Y="15180" Z="0"/><Vertex X="23494" Y="15103" Z="0"/><Vertex X="23418" Y="15027" Z="0"/><Vertex X="23418" Y="14951" Z="0"/><Vertex X="23341" Y="14913" Z="0"/><Vertex X="23341" Y="14836" Z="0"/><Vertex X="23265" Y="14722" Z="0"/><Vertex X="23265" Y="14646" Z="0"/><Vertex X="23265" Y="14531" Z="0"/><Vertex X="23227" Y="14531" Z="0"/><Vertex X="23227" Y="14455" Z="0"/><Vertex X="23227" Y="14379" Z="0"/><Vertex X="23151" Y="14264" Z="0"/><Vertex X="23151" Y="14188" Z="0"/><Vertex X="23151" Y="14112" Z="0"/><Vertex X="23074" Y="14112" Z="0"/><Vertex X="23074" Y="13997" Z="0"/><Vertex X="23074" Y="13921" Z="0"/><Vertex X="23036" Y="13921" Z="0"/><Vertex X="23036" Y="13883" Z="0"/><Vertex X="23036" Y="13807" Z="0"/><Vertex X="22960" Y="13807" Z="0"/><Vertex X="22960" Y="13768" Z="0"/><Vertex X="22884" Y="13768" Z="0"/><Vertex X="22884" Y="13692" Z="0"/><Vertex X="22845" Y="13692" Z="0"/><Vertex X="22845" Y="13616" Z="0"/><Vertex X="22769" Y="13616" Z="0"/><Vertex X="22731" Y="13616" Z="0"/><Vertex X="22655" Y="13616" Z="0"/><Vertex X="22540" Y="13616" Z="0"/><Vertex X="22464" Y="13616" Z="0"/><Vertex X="22388" Y="13616" Z="0"/><Vertex X="22273" Y="13616" Z="0"/><Vertex X="22235" Y="13616" Z="0"/><Vertex X="22121" Y="13616" Z="0"/><Vertex X="22045" Y="13616" Z="0"/><Vertex X="22006" Y="13616" Z="0"/><Vertex X="21930" Y="13616" Z="0"/><Vertex X="21892" Y="13616" Z="0"/><Vertex X="21816" Y="13578" Z="0"/><Vertex X="21739" Y="13578" Z="0"/><Vertex X="21663" Y="13501" Z="0"/><Vertex X="21625" Y="13501" Z="0"/><Vertex X="21549" Y="13501" Z="0"/><Vertex X="21511" Y="13501" Z="0"/><Vertex X="21511" Y="13425" Z="0"/><Vertex X="21434" Y="13425" Z="0"/><Vertex X="21358" Y="13425" Z="0"/><Vertex X="21320" Y="13425" Z="0"/><Vertex X="21205" Y="13425" Z="0"/><Vertex X="21129" Y="13425" Z="0"/><Vertex X="20977" Y="13425" Z="0"/><Vertex X="20824" Y="13463" Z="0"/><Vertex X="20786" Y="13463" Z="0"/><Vertex X="20633" Y="13463" Z="0"/><Vertex X="20557" Y="13463" Z="0"/><Vertex X="20519" Y="13463" Z="0"/><Vertex X="20366" Y="13463" Z="0"/><Vertex X="20290" Y="13463" Z="0"/><Vertex X="20252" Y="13463" Z="0"/><Vertex X="20176" Y="13463" Z="0"/><Vertex X="20099" Y="13463" Z="0"/><Vertex X="19985" Y="13463" Z="0"/><Vertex X="19871" Y="13463" Z="0"/><Vertex X="19871" Y="13540" Z="0"/><Vertex X="19794" Y="13540" Z="0"/><Vertex X="19680" Y="13616" Z="0"/><Vertex X="19565" Y="13616" Z="0"/><Vertex X="19565" Y="13654" Z="0"/><Vertex X="19527" Y="13654" Z="0"/><Vertex X="19451" Y="13730" Z="0"/><Vertex X="19375" Y="13730" Z="0"/><Vertex X="19337" Y="13730" Z="0"/><Vertex X="19337" Y="13807" Z="0"/><Vertex X="19260" Y="13807" Z="0"/><Vertex X="19184" Y="13845" Z="0"/><Vertex X="19146" Y="13845" Z="0"/><Vertex X="19070" Y="13921" Z="0"/><Vertex X="18993" Y="13921" Z="0"/><Vertex X="18917" Y="13997" Z="0"/><Vertex X="18879" Y="13997" Z="0"/><Vertex X="18803" Y="14074" Z="0"/><Vertex X="18726" Y="14074" Z="0"/><Vertex X="18650" Y="14150" Z="0"/><Vertex X="18574" Y="14150" Z="0"/><Vertex X="18498" Y="14150" Z="0"/><Vertex X="18459" Y="14188" Z="0"/><Vertex X="18383" Y="14188" Z="0"/><Vertex X="18307" Y="14188" Z="0"/><Vertex X="18231" Y="14188" Z="0"/><Vertex X="18231" Y="14264" Z="0"/><Vertex X="18154" Y="14264" Z="0"/><Vertex X="18116" Y="14264" Z="0"/><Vertex X="18040" Y="14264" Z="0"/><Vertex X="17964" Y="14264" Z="0"/><Vertex X="17925" Y="14264" Z="0"/><Vertex X="17849" Y="14341" Z="0"/><Vertex X="17773" Y="14341" Z="0"/><Vertex X="17735" Y="14341" Z="0"/><Vertex X="17658" Y="14341" Z="0"/><Vertex X="17582" Y="14341" Z="0"/><Vertex X="17582" Y="14379" Z="0"/><Vertex X="17506" Y="14379" Z="0"/><Vertex X="17430" Y="14379" Z="0"/><Vertex X="17430" Y="14455" Z="0"/><Vertex X="17391" Y="14455" Z="0"/><Vertex X="17391" Y="14531" Z="0"/><Vertex X="17391" Y="14569" Z="0"/><Vertex X="17391" Y="14646" Z="0"/><Vertex X="17391" Y="14684" Z="0"/><Vertex X="17391" Y="14760" Z="0"/><Vertex X="17391" Y="14836" Z="0"/><Vertex X="17391" Y="14874" Z="0"/><Vertex X="17468" Y="14989" Z="0"/><Vertex X="17468" Y="15065" Z="0"/><Vertex X="17544" Y="15103" Z="0"/><Vertex X="17544" Y="15180" Z="0"/><Vertex X="17544" Y="15256" Z="0"/><Vertex X="17544" Y="15294" Z="0"/><Vertex X="17506" Y="15294" Z="0"/><Vertex X="17468" Y="15294" Z="0"/><Vertex X="17391" Y="15294" Z="0"/><Vertex X="17315" Y="15370" Z="0"/><Vertex X="17277" Y="15370" Z="0"/><Vertex X="17201" Y="15370" Z="0"/><Vertex X="17163" Y="15370" Z="0"/><Vertex X="17086" Y="15370" Z="0"/><Vertex X="16972" Y="15370" Z="0"/><Vertex X="16934" Y="15370" Z="0"/><Vertex X="16858" Y="15332" Z="0"/><Vertex X="16743" Y="15332" Z="0"/><Vertex X="16667" Y="15332" Z="0"/><Vertex X="16552" Y="15256" Z="0"/><Vertex X="16438" Y="15256" Z="0"/><Vertex X="16400" Y="15256" Z="0"/><Vertex X="16324" Y="15256" Z="0"/><Vertex X="16247" Y="15256" Z="0"/><Vertex X="16171" Y="15180" Z="0"/><Vertex X="16095" Y="15180" Z="0"/><Vertex X="16018" Y="15180" Z="0"/><Vertex X="15980" Y="15180" Z="0"/><Vertex X="15980" Y="15141" Z="0"/><Vertex X="15904" Y="15141" Z="0"/><Vertex X="15866" Y="15141" Z="0"/><Vertex X="15866" Y="15065" Z="0"/><Vertex X="15790" Y="15065" Z="0"/><Vertex X="15713" Y="15065" Z="0"/><Vertex X="15675" Y="15065" Z="0"/><Vertex X="15599" Y="15065" Z="0"/><Vertex X="15561" Y="15065" Z="0"/><Vertex X="15484" Y="15065" Z="0"/><Vertex X="15408" Y="15065" Z="0"/><Vertex X="15370" Y="15065" Z="0"/><Vertex X="15294" Y="15065" Z="0"/><Vertex X="15218" Y="15103" Z="0"/><Vertex X="15218" Y="15065" Z="0"/><Vertex X="15218" Y="15027" Z="0"/><Vertex X="15218" Y="14951" Z="0"/></Vertices></Region><Region Id="2" Type="0" Zoom="0.026219" Selected="0" ImageLocation="" ImageFocus="-1" Length="41394.7" Area="38025102.5" LengthMicrons="20424.1" AreaMicrons="9256966.6" Text="" NegativeROA="0" InputRegionId="0" Analyze="1" DisplayId="2"><Attributes></Attributes><Vertices><Vertex X="24714" Y="12586" Z="0"/><Vertex X="24676" Y="12586" Z="0"/><Vertex X="24600" Y="12586" Z="0"/><Vertex X="24485" Y="12586" Z="0"/><Vertex X="24371" Y="12624" Z="0"/><Vertex X="24295" Y="12624" Z="0"/><Vertex X="24218" Y="12701" Z="0"/><Vertex X="24104" Y="12777" Z="0"/><Vertex X="23990" Y="12853" Z="0"/><Vertex X="23952" Y="12929" Z="0"/><Vertex X="23952" Y="12968" Z="0"/><Vertex X="23875" Y="12968" Z="0"/><Vertex X="23875" Y="13044" Z="0"/><Vertex X="23875" Y="13120" Z="0"/><Vertex X="23875" Y="13196" Z="0"/><Vertex X="23875" Y="13311" Z="0"/><Vertex X="23875" Y="13387" Z="0"/><Vertex X="23875" Y="13501" Z="0"/><Vertex X="23875" Y="13578" Z="0"/><Vertex X="23875" Y="13616" Z="0"/><Vertex X="23875" Y="13692" Z="0"/><Vertex X="23913" Y="13768" Z="0"/><Vertex X="23913" Y="13807" Z="0"/><Vertex X="23952" Y="13807" Z="0"/><Vertex X="23952" Y="13883" Z="0"/><Vertex X="24028" Y="13959" Z="0"/><Vertex X="24028" Y="13997" Z="0"/><Vertex X="24104" Y="13997" Z="0"/><Vertex X="24104" Y="14074" Z="0"/><Vertex X="24104" Y="14112" Z="0"/><Vertex X="24142" Y="14112" Z="0"/><Vertex X="24142" Y="14188" Z="0"/><Vertex X="24142" Y="14264" Z="0"/><Vertex X="24218" Y="14264" Z="0"/><Vertex X="24218" Y="14341" Z="0"/><Vertex X="24218" Y="14455" Z="0"/><Vertex X="24218" Y="14531" Z="0"/><Vertex X="24218" Y="14569" Z="0"/><Vertex X="24295" Y="14569" Z="0"/><Vertex X="24295" Y="14646" Z="0"/><Vertex X="24295" Y="14684" Z="0"/><Vertex X="24295" Y="14760" Z="0"/><Vertex X="24333" Y="14760" Z="0"/><Vertex X="24333" Y="14836" Z="0"/><Vertex X="24409" Y="14836" Z="0"/><Vertex X="24409" Y="14874" Z="0"/><Vertex X="24447" Y="14874" Z="0"/><Vertex X="24447" Y="14951" Z="0"/><Vertex X="24447" Y="14989" Z="0"/><Vertex X="24524" Y="14989" Z="0"/><Vertex X="24524" Y="15065" Z="0"/><Vertex X="24600" Y="15065" Z="0"/><Vertex X="24638" Y="15065" Z="0"/><Vertex X="24638" Y="15141" Z="0"/><Vertex X="24714" Y="15141" Z="0"/><Vertex X="24752" Y="15141" Z="0"/><Vertex X="24752" Y="15180" Z="0"/><Vertex X="24829" Y="15180" Z="0"/><Vertex X="24943" Y="15180" Z="0"/><Vertex X="24981" Y="15180" Z="0"/><Vertex X="25058" Y="15180" Z="0"/><Vertex X="25096" Y="15180" Z="0"/><Vertex X="25210" Y="15180" Z="0"/><Vertex X="25325" Y="15180" Z="0"/><Vertex X="25401" Y="15180" Z="0"/><Vertex X="25401" Y="15103" Z="0"/><Vertex X="25515" Y="15103" Z="0"/><Vertex X="25592" Y="15103" Z="0"/><Vertex X="25668" Y="15027" Z="0"/><Vertex X="25706" Y="15027" Z="0"/><Vertex X="25782" Y="15027" Z="0"/><Vertex X="25820" Y="14951" Z="0"/><Vertex X="25935" Y="14951" Z="0"/><Vertex X="26011" Y="14913" Z="0"/><Vertex X="26087" Y="14913" Z="0"/><Vertex X="26125" Y="14836" Z="0"/><Vertex X="26202" Y="14836" Z="0"/><Vertex X="26278" Y="14760" Z="0"/><Vertex X="26316" Y="14760" Z="0"/><Vertex X="26431" Y="14684" Z="0"/><Vertex X="26545" Y="14684" Z="0"/><Vertex X="26621" Y="14684" Z="0"/><Vertex X="26736" Y="14608" Z="0"/><Vertex X="26850" Y="14608" Z="0"/><Vertex X="26926" Y="14608" Z="0"/><Vertex X="27003" Y="14531" Z="0"/><Vertex X="27079" Y="14531" Z="0"/><Vertex X="27155" Y="14531" Z="0"/><Vertex X="27193" Y="14493" Z="0"/><Vertex X="27308" Y="14493" Z="0"/><Vertex X="27384" Y="14493" Z="0"/><Vertex X="27422" Y="14417" Z="0"/><Vertex X="27499" Y="14417" Z="0"/><Vertex X="27575" Y="14417" Z="0"/><Vertex X="27613" Y="14341" Z="0"/><Vertex X="27689" Y="14341" Z="0"/><Vertex X="27765" Y="14341" Z="0"/><Vertex X="27804" Y="14341" Z="0"/><Vertex X="27880" Y="14264" Z="0"/><Vertex X="28032" Y="14264" Z="0"/><Vertex X="28071" Y="14264" Z="0"/><Vertex X="28185" Y="14188" Z="0"/><Vertex X="28299" Y="14188" Z="0"/><Vertex X="28338" Y="14188" Z="0"/><Vertex X="28338" Y="14150" Z="0"/><Vertex X="28414" Y="14150" Z="0"/><Vertex X="28490" Y="14150" Z="0"/><Vertex X="28528" Y="14150" Z="0"/><Vertex X="28605" Y="14074" Z="0"/><Vertex X="28681" Y="14074" Z="0"/><Vertex X="28719" Y="14074" Z="0"/><Vertex X="28719" Y="13997" Z="0"/><Vertex X="28795" Y="13997" Z="0"/><Vertex X="28833" Y="13997" Z="0"/><Vertex X="28910" Y="13997" Z="0"/><Vertex X="28986" Y="13959" Z="0"/><Vertex X="29024" Y="13959" Z="0"/><Vertex X="29100" Y="13959" Z="0"/><Vertex X="29139" Y="13959" Z="0"/><Vertex X="29215" Y="13883" Z="0"/><Vertex X="29291" Y="13883" Z="0"/><Vertex X="29329" Y="13883" Z="0"/><Vertex X="29405" Y="13883" Z="0"/><Vertex X="29482" Y="13807" Z="0"/><Vertex X="29596" Y="13807" Z="0"/><Vertex X="29634" Y="13807" Z="0"/><Vertex X="29711" Y="13807" Z="0"/><Vertex X="29749" Y="13730" Z="0"/><Vertex X="29825" Y="13730" Z="0"/><Vertex X="29901" Y="13730" Z="0"/><Vertex X="29901" Y="13692" Z="0"/><Vertex X="29978" Y="13692" Z="0"/><Vertex X="30092" Y="13692" Z="0"/><Vertex X="30168" Y="13616" Z="0"/><Vertex X="30206" Y="13616" Z="0"/><Vertex X="30283" Y="13616" Z="0"/><Vertex X="30359" Y="13616" Z="0"/><Vertex X="30397" Y="13616" Z="0"/><Vertex X="30512" Y="13616" Z="0"/><Vertex X="30512" Y="13540" Z="0"/><Vertex X="30626" Y="13540" Z="0"/><Vertex X="30702" Y="13540" Z="0"/><Vertex X="30817" Y="13540" Z="0"/><Vertex X="30855" Y="13540" Z="0"/><Vertex X="30855" Y="13501" Z="0"/><Vertex X="31007" Y="13501" Z="0"/><Vertex X="31084" Y="13501" Z="0"/><Vertex X="31236" Y="13501" Z="0"/><Vertex X="31274" Y="13501" Z="0"/><Vertex X="31351" Y="13425" Z="0"/><Vertex X="31427" Y="13425" Z="0"/><Vertex X="31503" Y="13425" Z="0"/><Vertex X="31579" Y="13425" Z="0"/><Vertex X="31618" Y="13425" Z="0"/><Vertex X="31618" Y="13349" Z="0"/><Vertex X="31732" Y="13349" Z="0"/><Vertex X="31808" Y="13349" Z="0"/><Vertex X="31846" Y="13349" Z="0"/><Vertex X="31923" Y="13349" Z="0"/><Vertex X="32037" Y="13349" Z="0"/><Vertex X="32037" Y="13311" Z="0"/><Vertex X="32075" Y="13311" Z="0"/><Vertex X="32190" Y="13311" Z="0"/><Vertex X="32228" Y="13311" Z="0"/><Vertex X="32304" Y="13311" Z="0"/><Vertex X="32380" Y="13234" Z="0"/><Vertex X="32419" Y="13234" Z="0"/><Vertex X="32495" Y="13234" Z="0"/><Vertex X="32495" Y="13158" Z="0"/><Vertex X="32571" Y="13158" Z="0"/><Vertex X="32609" Y="13158" Z="0"/><Vertex X="32686" Y="13158" Z="0"/><Vertex X="32686" Y="13120" Z="0"/><Vertex X="32762" Y="13120" Z="0"/><Vertex X="32838" Y="13120" Z="0"/><Vertex X="32952" Y="13120" Z="0"/><Vertex X="32952" Y="13044" Z="0"/><Vertex X="33029" Y="13044" Z="0"/><Vertex X="33143" Y="13044" Z="0"/><Vertex X="33219" Y="12968" Z="0"/><Vertex X="33258" Y="12968" Z="0"/><Vertex X="33410" Y="12968" Z="0"/><Vertex X="33486" Y="12929" Z="0"/><Vertex X="33601" Y="12929" Z="0"/><Vertex X="33677" Y="12929" Z="0"/><Vertex X="33677" Y="12853" Z="0"/><Vertex X="33753" Y="12853" Z="0"/><Vertex X="33830" Y="12853" Z="0"/><Vertex X="33868" Y="12853" Z="0"/><Vertex X="33868" Y="12777" Z="0"/><Vertex X="33944" Y="12777" Z="0"/><Vertex X="33982" Y="12777" Z="0"/><Vertex X="34059" Y="12777" Z="0"/><Vertex X="34059" Y="12739" Z="0"/><Vertex X="34173" Y="12739" Z="0"/><Vertex X="34249" Y="12739" Z="0"/><Vertex X="34364" Y="12739" Z="0"/><Vertex X="34364" Y="12662" Z="0"/><Vertex X="34478" Y="12662" Z="0"/><Vertex X="34554" Y="12662" Z="0"/><Vertex X="34669" Y="12662" Z="0"/><Vertex X="34669" Y="12624" Z="0"/><Vertex X="34783" Y="12624" Z="0"/><Vertex X="34859" Y="12624" Z="0"/><Vertex X="34936" Y="12624" Z="0"/><Vertex X="34974" Y="12624" Z="0"/><Vertex X="35050" Y="12624" Z="0"/><Vertex X="35165" Y="12624" Z="0"/><Vertex X="35241" Y="12548" Z="0"/><Vertex X="35279" Y="12548" Z="0"/><Vertex X="35355" Y="12548" Z="0"/><Vertex X="35393" Y="12548" Z="0"/><Vertex X="35470" Y="12548" Z="0"/><Vertex X="35546" Y="12548" Z="0"/><Vertex X="35584" Y="12472" Z="0"/><Vertex X="35699" Y="12472" Z="0"/><Vertex X="35813" Y="12472" Z="0"/><Vertex X="35851" Y="12472" Z="0"/><Vertex X="35966" Y="12472" Z="0"/><Vertex X="36080" Y="12472" Z="0"/><Vertex X="36156" Y="12472" Z="0"/><Vertex X="36156" Y="12434" Z="0"/><Vertex X="36271" Y="12434" Z="0"/><Vertex X="36347" Y="12434" Z="0"/><Vertex X="36385" Y="12434" Z="0"/><Vertex X="36499" Y="12434" Z="0"/><Vertex X="36576" Y="12434" Z="0"/><Vertex X="36690" Y="12434" Z="0"/><Vertex X="36690" Y="12357" Z="0"/><Vertex X="36805" Y="12357" Z="0"/><Vertex X="36881" Y="12357" Z="0"/><Vertex X="36995" Y="12357" Z="0"/><Vertex X="37110" Y="12357" Z="0"/><Vertex X="37186" Y="12281" Z="0"/><Vertex X="37224" Y="12281" Z="0"/><Vertex X="37300" Y="12281" Z="0"/><Vertex X="37415" Y="12205" Z="0"/><Vertex X="37453" Y="12205" Z="0"/><Vertex X="37529" Y="12205" Z="0"/><Vertex X="37529" Y="12167" Z="0"/><Vertex X="37606" Y="12167" Z="0"/><Vertex X="37682" Y="12167" Z="0"/><Vertex X="37758" Y="12090" Z="0"/><Vertex X="37873" Y="12090" Z="0"/><Vertex X="37949" Y="12090" Z="0"/><Vertex X="37949" Y="12014" Z="0"/><Vertex X="38025" Y="12014" Z="0"/><Vertex X="38063" Y="12014" Z="0"/><Vertex X="38063" Y="11976" Z="0"/><Vertex X="38139" Y="11976" Z="0"/><Vertex X="38216" Y="11900" Z="0"/><Vertex X="38254" Y="11900" Z="0"/><Vertex X="38330" Y="11823" Z="0"/><Vertex X="38406" Y="11823" Z="0"/><Vertex X="38406" Y="11785" Z="0"/><Vertex X="38445" Y="11785" Z="0"/><Vertex X="38521" Y="11709" Z="0"/><Vertex X="38597" Y="11709" Z="0"/><Vertex X="38635" Y="11633" Z="0"/><Vertex X="38750" Y="11633" Z="0"/><Vertex X="38826" Y="11556" Z="0"/><Vertex X="38902" Y="11556" Z="0"/><Vertex X="38902" Y="11518" Z="0"/><Vertex X="38940" Y="11518" Z="0"/><Vertex X="39017" Y="11442" Z="0"/><Vertex X="39093" Y="11366" Z="0"/><Vertex X="39131" Y="11366" Z="0"/><Vertex X="39207" Y="11289" Z="0"/><Vertex X="39284" Y="11289" Z="0"/><Vertex X="39284" Y="11251" Z="0"/><Vertex X="39322" Y="11251" Z="0"/><Vertex X="39398" Y="11175" Z="0"/><Vertex X="39474" Y="11175" Z="0"/><Vertex X="39474" Y="11099" Z="0"/><Vertex X="39513" Y="11099" Z="0"/><Vertex X="39589" Y="11099" Z="0"/><Vertex X="39589" Y="11061" Z="0"/><Vertex X="39627" Y="11061" Z="0"/><Vertex X="39703" Y="10984" Z="0"/><Vertex X="39780" Y="10984" Z="0"/><Vertex X="39780" Y="10908" Z="0"/><Vertex X="39818" Y="10908" Z="0"/><Vertex X="39818" Y="10870" Z="0"/><Vertex X="39894" Y="10870" Z="0"/><Vertex X="39970" Y="10794" Z="0"/><Vertex X="40008" Y="10794" Z="0"/><Vertex X="40008" Y="10717" Z="0"/><Vertex X="40085" Y="10717" Z="0"/><Vertex X="40085" Y="10679" Z="0"/><Vertex X="40085" Y="10603" Z="0"/><Vertex X="40161" Y="10603" Z="0"/><Vertex X="40161" Y="10488" Z="0"/><Vertex X="40161" Y="10450" Z="0"/><Vertex X="40161" Y="10374" Z="0"/><Vertex X="40199" Y="10374" Z="0"/><Vertex X="40199" Y="10336" Z="0"/><Vertex X="40199" Y="10260" Z="0"/><Vertex X="40199" Y="10183" Z="0"/><Vertex X="40199" Y="10145" Z="0"/><Vertex X="40199" Y="10069" Z="0"/><Vertex X="40199" Y="10031" Z="0"/><Vertex X="40123" Y="9954" Z="0"/><Vertex X="40123" Y="9878" Z="0"/><Vertex X="40046" Y="9878" Z="0"/><Vertex X="40046" Y="9840" Z="0"/><Vertex X="40008" Y="9840" Z="0"/><Vertex X="39932" Y="9764" Z="0"/><Vertex X="39856" Y="9687" Z="0"/><Vertex X="39780" Y="9611" Z="0"/><Vertex X="39741" Y="9611" Z="0"/><Vertex X="39665" Y="9573" Z="0"/><Vertex X="39589" Y="9573" Z="0"/><Vertex X="39551" Y="9573" Z="0"/><Vertex X="39474" Y="9497" Z="0"/><Vertex X="39398" Y="9497" Z="0"/><Vertex X="39360" Y="9497" Z="0"/><Vertex X="39284" Y="9497" Z="0"/><Vertex X="39246" Y="9497" Z="0"/><Vertex X="39169" Y="9497" Z="0"/><Vertex X="39093" Y="9421" Z="0"/><Vertex X="39055" Y="9421" Z="0"/><Vertex X="38979" Y="9421" Z="0"/><Vertex X="38902" Y="9421" Z="0"/><Vertex X="38864" Y="9421" Z="0"/><Vertex X="38788" Y="9421" Z="0"/><Vertex X="38712" Y="9459" Z="0"/><Vertex X="38673" Y="9459" Z="0"/><Vertex X="38597" Y="9459" Z="0"/><Vertex X="38521" Y="9535" Z="0"/><Vertex X="38483" Y="9535" Z="0"/><Vertex X="38368" Y="9535" Z="0"/><Vertex X="38368" Y="9573" Z="0"/><Vertex X="38330" Y="9573" Z="0"/><Vertex X="38254" Y="9573" Z="0"/><Vertex X="38178" Y="9573" Z="0"/><Vertex X="38178" Y="9649" Z="0"/><Vertex X="38139" Y="9649" Z="0"/><Vertex X="38025" Y="9649" Z="0"/><Vertex X="37911" Y="9649" Z="0"/><Vertex X="37873" Y="9649" Z="0"/><Vertex X="37873" Y="9687" Z="0"/><Vertex X="37796" Y="9687" Z="0"/><Vertex X="37758" Y="9687" Z="0"/><Vertex X="37682" Y="9687" Z="0"/><Vertex X="37606" Y="9687" Z="0"/><Vertex X="37606" Y="9764" Z="0"/><Vertex X="37529" Y="9764" Z="0"/><Vertex X="37415" Y="9764" Z="0"/><Vertex X="37339" Y="9764" Z="0"/><Vertex X="37300" Y="9764" Z="0"/><Vertex X="37224" Y="9764" Z="0"/><Vertex X="37186" Y="9764" Z="0"/><Vertex X="37110" Y="9764" Z="0"/><Vertex X="37033" Y="9764" Z="0"/><Vertex X="37033" Y="9840" Z="0"/><Vertex X="36995" Y="9840" Z="0"/><Vertex X="36919" Y="9840" Z="0"/><Vertex X="36881" Y="9840" Z="0"/><Vertex X="36805" Y="9840" Z="0"/><Vertex X="36805" Y="9878" Z="0"/><Vertex X="36690" Y="9878" Z="0"/><Vertex X="36614" Y="9878" Z="0"/><Vertex X="36499" Y="9878" Z="0"/><Vertex X="36385" Y="9878" Z="0"/><Vertex X="36309" Y="9878" Z="0"/><Vertex X="36194" Y="9954" Z="0"/><Vertex X="36080" Y="9954" Z="0"/><Vertex X="36004" Y="9954" Z="0"/><Vertex X="36004" Y="10031" Z="0"/><Vertex X="35889" Y="10031" Z="0"/><Vertex X="35775" Y="10031" Z="0"/><Vertex X="35775" Y="10069" Z="0"/><Vertex X="35699" Y="10069" Z="0"/><Vertex X="35622" Y="10069" Z="0"/><Vertex X="35622" Y="10145" Z="0"/><Vertex X="35508" Y="10145" Z="0"/><Vertex X="35432" Y="10145" Z="0"/><Vertex X="35432" Y="10183" Z="0"/><Vertex X="35317" Y="10183" Z="0"/><Vertex X="35203" Y="10183" Z="0"/><Vertex X="35203" Y="10260" Z="0"/><Vertex X="35126" Y="10260" Z="0"/><Vertex X="35012" Y="10336" Z="0"/><Vertex X="34898" Y="10336" Z="0"/><Vertex X="34783" Y="10412" Z="0"/><Vertex X="34745" Y="10412" Z="0"/><Vertex X="34669" Y="10412" Z="0"/><Vertex X="34669" Y="10450" Z="0"/><Vertex X="34631" Y="10450" Z="0"/><Vertex X="34554" Y="10450" Z="0"/><Vertex X="34478" Y="10527" Z="0"/><Vertex X="34440" Y="10527" Z="0"/><Vertex X="34364" Y="10527" Z="0"/><Vertex X="34287" Y="10603" Z="0"/><Vertex X="34211" Y="10603" Z="0"/><Vertex X="34135" Y="10603" Z="0"/><Vertex X="34059" Y="10603" Z="0"/><Vertex X="34059" Y="10679" Z="0"/><Vertex X="34020" Y="10679" Z="0"/><Vertex X="33944" Y="10679" Z="0"/><Vertex X="33906" Y="10679" Z="0"/><Vertex X="33830" Y="10679" Z="0"/><Vertex X="33753" Y="10679" Z="0"/><Vertex X="33715" Y="10679" Z="0"/><Vertex X="33639" Y="10679" Z="0"/><Vertex X="33601" Y="10679" Z="0"/><Vertex X="33525" Y="10679" Z="0"/><Vertex X="33410" Y="10679" Z="0"/><Vertex X="33334" Y="10679" Z="0"/><Vertex X="33219" Y="10679" Z="0"/><Vertex X="33105" Y="10679" Z="0"/><Vertex X="33029" Y="10679" Z="0"/><Vertex X="32914" Y="10679" Z="0"/><Vertex X="32838" Y="10679" Z="0"/><Vertex X="32800" Y="10679" Z="0"/><Vertex X="32724" Y="10679" Z="0"/><Vertex X="32724" Y="10641" Z="0"/><Vertex X="32647" Y="10641" Z="0"/><Vertex X="32609" Y="10641" Z="0"/><Vertex X="32533" Y="10641" Z="0"/><Vertex X="32495" Y="10641" Z="0"/><Vertex X="32419" Y="10641" Z="0"/><Vertex X="32342" Y="10641" Z="0"/><Vertex X="32342" Y="10679" Z="0"/><Vertex X="32304" Y="10679" Z="0"/><Vertex X="32228" Y="10679" Z="0"/><Vertex X="32190" Y="10679" Z="0"/><Vertex X="32113" Y="10679" Z="0"/><Vertex X="32037" Y="10679" Z="0"/><Vertex X="31999" Y="10717" Z="0"/><Vertex X="31923" Y="10717" Z="0"/><Vertex X="31885" Y="10717" Z="0"/><Vertex X="31808" Y="10717" Z="0"/><Vertex X="31808" Y="10794" Z="0"/><Vertex X="31732" Y="10794" Z="0"/><Vertex X="31694" Y="10794" Z="0"/><Vertex X="31579" Y="10794" Z="0"/><Vertex X="31503" Y="10794" Z="0"/><Vertex X="31465" Y="10870" Z="0"/><Vertex X="31389" Y="10870" Z="0"/><Vertex X="31312" Y="10870" Z="0"/><Vertex X="31274" Y="10870" Z="0"/><Vertex X="31274" Y="10908" Z="0"/><Vertex X="31198" Y="10908" Z="0"/><Vertex X="31160" Y="10908" Z="0"/><Vertex X="31084" Y="10908" Z="0"/><Vertex X="31084" Y="10984" Z="0"/><Vertex X="31007" Y="10984" Z="0"/><Vertex X="30969" Y="10984" Z="0"/><Vertex X="30893" Y="10984" Z="0"/><Vertex X="30817" Y="10984" Z="0"/><Vertex X="30740" Y="10984" Z="0"/><Vertex X="30664" Y="10984" Z="0"/><Vertex X="30626" Y="10984" Z="0"/><Vertex X="30550" Y="10984" Z="0"/><Vertex X="30512" Y="10984" Z="0"/><Vertex X="30435" Y="10984" Z="0"/><Vertex X="30359" Y="10984" Z="0"/><Vertex X="30321" Y="10984" Z="0"/><Vertex X="30245" Y="10984" Z="0"/><Vertex X="30245" Y="11022" Z="0"/><Vertex X="30206" Y="11022" Z="0"/><Vertex X="30130" Y="11022" Z="0"/><Vertex X="30054" Y="11099" Z="0"/><Vertex X="29978" Y="11099" Z="0"/><Vertex X="29863" Y="11099" Z="0"/><Vertex X="29863" Y="11175" Z="0"/><Vertex X="29787" Y="11175" Z="0"/><Vertex X="29749" Y="11175" Z="0"/><Vertex X="29749" Y="11213" Z="0"/><Vertex X="29672" Y="11213" Z="0"/><Vertex X="29596" Y="11213" Z="0"/><Vertex X="29520" Y="11289" Z="0"/><Vertex X="29444" Y="11289" Z="0"/><Vertex X="29367" Y="11289" Z="0"/><Vertex X="29367" Y="11366" Z="0"/><Vertex X="29291" Y="11366" Z="0"/><Vertex X="29177" Y="11366" Z="0"/><Vertex X="29177" Y="11442" Z="0"/><Vertex X="29139" Y="11442" Z="0"/><Vertex X="29062" Y="11442" Z="0"/><Vertex X="28986" Y="11480" Z="0"/><Vertex X="28948" Y="11480" Z="0"/><Vertex X="28872" Y="11480" Z="0"/><Vertex X="28872" Y="11556" Z="0"/><Vertex X="28795" Y="11556" Z="0"/><Vertex X="28719" Y="11556" Z="0"/><Vertex X="28719" Y="11633" Z="0"/><Vertex X="28643" Y="11633" Z="0"/><Vertex X="28566" Y="11633" Z="0"/><Vertex X="28528" Y="11671" Z="0"/><Vertex X="28452" Y="11671" Z="0"/><Vertex X="28414" Y="11671" Z="0"/><Vertex X="28338" Y="11671" Z="0"/><Vertex X="28261" Y="11671" Z="0"/><Vertex X="28223" Y="11747" Z="0"/><Vertex X="28147" Y="11747" Z="0"/><Vertex X="28071" Y="11747" Z="0"/><Vertex X="28032" Y="11747" Z="0"/><Vertex X="27956" Y="11747" Z="0"/><Vertex X="27880" Y="11823" Z="0"/><Vertex X="27804" Y="11823" Z="0"/><Vertex X="27727" Y="11900" Z="0"/><Vertex X="27651" Y="11900" Z="0"/><Vertex X="27613" Y="11938" Z="0"/><Vertex X="27537" Y="11938" Z="0"/><Vertex X="27537" Y="12014" Z="0"/><Vertex X="27460" Y="12014" Z="0"/><Vertex X="27422" Y="12090" Z="0"/><Vertex X="27308" Y="12090" Z="0"/><Vertex X="27308" Y="12128" Z="0"/><Vertex X="27232" Y="12128" Z="0"/><Vertex X="27193" Y="12128" Z="0"/><Vertex X="27193" Y="12205" Z="0"/><Vertex X="27117" Y="12205" Z="0"/><Vertex X="27041" Y="12205" Z="0"/><Vertex X="27041" Y="12281" Z="0"/><Vertex X="27003" Y="12281" Z="0"/><Vertex X="26926" Y="12281" Z="0"/><Vertex X="26888" Y="12281" Z="0"/><Vertex X="26888" Y="12319" Z="0"/><Vertex X="26812" Y="12319" Z="0"/><Vertex X="26736" Y="12319" Z="0"/><Vertex X="26659" Y="12319" Z="0"/><Vertex X="26583" Y="12319" Z="0"/><Vertex X="26545" Y="12319" Z="0"/><Vertex X="26469" Y="12319" Z="0"/><Vertex X="26392" Y="12319" Z="0"/><Vertex X="26354" Y="12319" Z="0"/><Vertex X="26278" Y="12319" Z="0"/><Vertex X="26240" Y="12319" Z="0"/><Vertex X="26164" Y="12395" Z="0"/><Vertex X="26087" Y="12395" Z="0"/><Vertex X="26049" Y="12395" Z="0"/><Vertex X="25973" Y="12472" Z="0"/><Vertex X="25897" Y="12472" Z="0"/><Vertex X="25859" Y="12472" Z="0"/><Vertex X="25782" Y="12548" Z="0"/><Vertex X="25706" Y="12548" Z="0"/><Vertex X="25668" Y="12548" Z="0"/><Vertex X="25668" Y="12586" Z="0"/><Vertex X="25592" Y="12586" Z="0"/><Vertex X="25515" Y="12586" Z="0"/><Vertex X="25515" Y="12662" Z="0"/><Vertex X="25477" Y="12662" Z="0"/><Vertex X="25401" Y="12662" Z="0"/><Vertex X="25363" Y="12662" Z="0"/><Vertex X="25286" Y="12662" Z="0"/><Vertex X="25210" Y="12662" Z="0"/><Vertex X="25172" Y="12662" Z="0"/><Vertex X="25096" Y="12662" Z="0"/><Vertex X="25058" Y="12662" Z="0"/><Vertex X="24943" Y="12662" Z="0"/><Vertex X="24867" Y="12662" Z="0"/><Vertex X="24829" Y="12662" Z="0"/><Vertex X="24752" Y="12662" Z="0"/><Vertex X="24752" Y="12586" Z="0"/><Vertex X="24714" Y="12586" Z="0"/></Vertices></Region><Region Id="3" Type="0" Zoom="0.026219" Selected="0" ImageLocation="" ImageFocus="-1" Length="5547.0" Area="1174405.0" LengthMicrons="2736.9" AreaMicrons="285901.3" Text="" NegativeROA="0" InputRegionId="0" Analyze="1" DisplayId="3"><Attributes></Attributes><Vertices><Vertex X="8848" Y="6026" Z="0"/><Vertex X="8810" Y="6026" Z="0"/><Vertex X="8734" Y="6026" Z="0"/><Vertex X="8657" Y="6026" Z="0"/><Vertex X="8619" Y="6026" Z="0"/><Vertex X="8543" Y="6026" Z="0"/><Vertex X="8467" Y="6026" Z="0"/><Vertex X="8352" Y="6064" Z="0"/><Vertex X="8276" Y="6064" Z="0"/><Vertex X="8200" Y="6102" Z="0"/><Vertex X="8162" Y="6179" Z="0"/><Vertex X="8162" Y="6255" Z="0"/><Vertex X="8085" Y="6255" Z="0"/><Vertex X="8085" Y="6293" Z="0"/><Vertex X="8085" Y="6369" Z="0"/><Vertex X="8009" Y="6369" Z="0"/><Vertex X="8009" Y="6446" Z="0"/><Vertex X="8009" Y="6484" Z="0"/><Vertex X="8009" Y="6560" Z="0"/><Vertex X="8047" Y="6636" Z="0"/><Vertex X="8124" Y="6636" Z="0"/><Vertex X="8162" Y="6636" Z="0"/><Vertex X="8162" Y="6674" Z="0"/><Vertex X="8238" Y="6674" Z="0"/><Vertex X="8314" Y="6674" Z="0"/><Vertex X="8352" Y="6674" Z="0"/><Vertex X="8429" Y="6674" Z="0"/><Vertex X="8467" Y="6674" Z="0"/><Vertex X="8543" Y="6674" Z="0"/><Vertex X="8619" Y="6674" Z="0"/><Vertex X="8657" Y="6674" Z="0"/><Vertex X="8734" Y="6636" Z="0"/><Vertex X="8810" Y="6636" Z="0"/><Vertex X="8848" Y="6636" Z="0"/><Vertex X="8924" Y="6636" Z="0"/><Vertex X="8963" Y="6636" Z="0"/><Vertex X="8963" Y="6598" Z="0"/><Vertex X="9039" Y="6598" Z="0"/><Vertex X="9115" Y="6598" Z="0"/><Vertex X="9153" Y="6598" Z="0"/><Vertex X="9230" Y="6598" Z="0"/><Vertex X="9268" Y="6598" Z="0"/><Vertex X="9344" Y="6598" Z="0"/><Vertex X="9420" Y="6598" Z="0"/><Vertex X="9458" Y="6598" Z="0"/><Vertex X="9458" Y="6522" Z="0"/><Vertex X="9535" Y="6522" Z="0"/><Vertex X="9573" Y="6522" Z="0"/><Vertex X="9649" Y="6446" Z="0"/><Vertex X="9725" Y="6446" Z="0"/><Vertex X="9764" Y="6446" Z="0"/><Vertex X="9840" Y="6446" Z="0"/><Vertex X="9916" Y="6446" Z="0"/><Vertex X="9954" Y="6446" Z="0"/><Vertex X="10031" Y="6446" Z="0"/><Vertex X="10107" Y="6407" Z="0"/><Vertex X="10145" Y="6407" Z="0"/><Vertex X="10145" Y="6331" Z="0"/><Vertex X="10145" Y="6255" Z="0"/><Vertex X="10145" Y="6217" Z="0"/><Vertex X="10107" Y="6140" Z="0"/><Vertex X="10069" Y="6064" Z="0"/><Vertex X="9992" Y="6064" Z="0"/><Vertex X="9992" Y="6026" Z="0"/><Vertex X="9916" Y="6026" Z="0"/><Vertex X="9878" Y="6026" Z="0"/><Vertex X="9802" Y="5950" Z="0"/><Vertex X="9725" Y="5950" Z="0"/><Vertex X="9649" Y="5950" Z="0"/><Vertex X="9573" Y="5950" Z="0"/><Vertex X="9535" Y="5950" Z="0"/><Vertex X="9458" Y="5950" Z="0"/><Vertex X="9344" Y="5950" Z="0"/><Vertex X="9306" Y="5950" Z="0"/><Vertex X="9230" Y="5950" Z="0"/><Vertex X="9153" Y="5950" Z="0"/><Vertex X="9115" Y="5950" Z="0"/><Vertex X="9115" Y="5988" Z="0"/><Vertex X="9039" Y="5988" Z="0"/><Vertex X="9001" Y="5988" Z="0"/><Vertex X="8924" Y="5988" Z="0"/><Vertex X="8924" Y="6026" Z="0"/><Vertex X="8848" Y="6026" Z="0"/><Vertex X="8848" Y="5950" Z="0"/><Vertex X="8848" Y="6026" Z="0"/></Vertices></Region><Region Id="4" Type="0" Zoom="0.026219" Selected="0" ImageLocation="" ImageFocus="-1" Length="9675.3" Area="3329680.5" LengthMicrons="4773.8" AreaMicrons="810589.3" Text="" NegativeROA="0" InputRegionId="0" Analyze="1" DisplayId="4"><Attributes></Attributes><Vertices><Vertex X="18612" Y="1716" Z="0"/><Vertex X="18536" Y="1640" Z="0"/><Vertex X="18459" Y="1640" Z="0"/><Vertex X="18421" Y="1640" Z="0"/><Vertex X="18345" Y="1640" Z="0"/><Vertex X="18269" Y="1640" Z="0"/><Vertex X="18192" Y="1640" Z="0"/><Vertex X="18116" Y="1640" Z="0"/><Vertex X="18040" Y="1678" Z="0"/><Vertex X="17887" Y="1754" Z="0"/><Vertex X="17849" Y="1754" Z="0"/><Vertex X="17849" Y="1831" Z="0"/><Vertex X="17735" Y="1831" Z="0"/><Vertex X="17735" Y="1869" Z="0"/><Vertex X="17658" Y="1869" Z="0"/><Vertex X="17658" Y="1945" Z="0"/><Vertex X="17620" Y="1945" Z="0"/><Vertex X="17620" Y="1983" Z="0"/><Vertex X="17544" Y="1983" Z="0"/><Vertex X="17544" Y="2060" Z="0"/><Vertex X="17468" Y="2136" Z="0"/><Vertex X="17468" Y="2174" Z="0"/><Vertex X="17468" Y="2288" Z="0"/><Vertex X="17468" Y="2403" Z="0"/><Vertex X="17468" Y="2441" Z="0"/><Vertex X="17468" Y="2555" Z="0"/><Vertex X="17468" Y="2670" Z="0"/><Vertex X="17468" Y="2708" Z="0"/><Vertex X="17468" Y="2784" Z="0"/><Vertex X="17468" Y="2822" Z="0"/><Vertex X="17506" Y="2822" Z="0"/><Vertex X="17506" Y="2899" Z="0"/><Vertex X="17506" Y="2975" Z="0"/><Vertex X="17506" Y="3013" Z="0"/><Vertex X="17582" Y="3013" Z="0"/><Vertex X="17582" Y="3089" Z="0"/><Vertex X="17582" Y="3127" Z="0"/><Vertex X="17582" Y="3204" Z="0"/><Vertex X="17582" Y="3280" Z="0"/><Vertex X="17582" Y="3318" Z="0"/><Vertex X="17620" Y="3318" Z="0"/><Vertex X="17620" Y="3394" Z="0"/><Vertex X="17620" Y="3433" Z="0"/><Vertex X="17697" Y="3433" Z="0"/><Vertex X="17735" Y="3433" Z="0"/><Vertex X="17811" Y="3433" Z="0"/><Vertex X="17887" Y="3433" Z="0"/><Vertex X="17925" Y="3433" Z="0"/><Vertex X="18002" Y="3433" Z="0"/><Vertex X="18078" Y="3394" Z="0"/><Vertex X="18154" Y="3280" Z="0"/><Vertex X="18154" Y="3166" Z="0"/><Vertex X="18192" Y="3166" Z="0"/><Vertex X="18192" Y="3051" Z="0"/><Vertex X="18269" Y="2975" Z="0"/><Vertex X="18269" Y="2899" Z="0"/><Vertex X="18345" Y="2899" Z="0"/><Vertex X="18345" Y="2822" Z="0"/><Vertex X="18383" Y="2784" Z="0"/><Vertex X="18459" Y="2708" Z="0"/><Vertex X="18536" Y="2708" Z="0"/><Vertex X="18574" Y="2708" Z="0"/><Vertex X="18650" Y="2708" Z="0"/><Vertex X="18726" Y="2746" Z="0"/><Vertex X="18726" Y="2784" Z="0"/><Vertex X="18726" Y="2860" Z="0"/><Vertex X="18803" Y="2937" Z="0"/><Vertex X="18841" Y="2975" Z="0"/><Vertex X="18917" Y="2975" Z="0"/><Vertex X="18993" Y="2975" Z="0"/><Vertex X="19031" Y="2975" Z="0"/><Vertex X="19108" Y="2975" Z="0"/><Vertex X="19146" Y="2975" Z="0"/><Vertex X="19222" Y="2975" Z="0"/><Vertex X="19298" Y="2975" Z="0"/><Vertex X="19337" Y="2975" Z="0"/><Vertex X="19413" Y="2899" Z="0"/><Vertex X="19489" Y="2899" Z="0"/><Vertex X="19489" Y="2822" Z="0"/><Vertex X="19565" Y="2822" Z="0"/><Vertex X="19565" Y="2784" Z="0"/><Vertex X="19642" Y="2784" Z="0"/><Vertex X="19718" Y="2708" Z="0"/><Vertex X="19756" Y="2708" Z="0"/><Vertex X="19832" Y="2708" Z="0"/><Vertex X="19909" Y="2708" Z="0"/><Vertex X="19947" Y="2708" Z="0"/><Vertex X="20023" Y="2708" Z="0"/><Vertex X="20061" Y="2708" Z="0"/><Vertex X="20138" Y="2708" Z="0"/><Vertex X="20138" Y="2632" Z="0"/><Vertex X="20214" Y="2632" Z="0"/><Vertex X="20252" Y="2555" Z="0"/><Vertex X="20328" Y="2555" Z="0"/><Vertex X="20328" Y="2517" Z="0"/><Vertex X="20405" Y="2517" Z="0"/><Vertex X="20405" Y="2441" Z="0"/><Vertex X="20443" Y="2441" Z="0"/><Vertex X="20519" Y="2365" Z="0"/><Vertex X="20595" Y="2327" Z="0"/><Vertex X="20595" Y="2250" Z="0"/><Vertex X="20595" Y="2212" Z="0"/><Vertex X="20595" Y="2136" Z="0"/><Vertex X="20557" Y="2060" Z="0"/><Vertex X="20557" Y="2021" Z="0"/><Vertex X="20481" Y="2021" Z="0"/><Vertex X="20443" Y="1945" Z="0"/><Vertex X="20366" Y="1945" Z="0"/><Vertex X="20290" Y="1945" Z="0"/><Vertex X="20290" Y="1869" Z="0"/><Vertex X="20252" Y="1869" Z="0"/><Vertex X="20176" Y="1869" Z="0"/><Vertex X="20138" Y="1869" Z="0"/><Vertex X="20138" Y="1907" Z="0"/><Vertex X="20061" Y="1907" Z="0"/><Vertex X="19985" Y="1907" Z="0"/><Vertex X="19947" Y="1907" Z="0"/><Vertex X="19832" Y="1907" Z="0"/><Vertex X="19756" Y="1907" Z="0"/><Vertex X="19718" Y="1907" Z="0"/><Vertex X="19642" Y="1907" Z="0"/><Vertex X="19565" Y="1907" Z="0"/><Vertex X="19489" Y="1907" Z="0"/><Vertex X="19413" Y="1907" Z="0"/><Vertex X="19375" Y="1907" Z="0"/><Vertex X="19298" Y="1907" Z="0"/><Vertex X="19222" Y="1869" Z="0"/><Vertex X="19184" Y="1869" Z="0"/><Vertex X="19184" Y="1793" Z="0"/><Vertex X="19108" Y="1793" Z="0"/><Vertex X="19070" Y="1793" Z="0"/><Vertex X="18955" Y="1793" Z="0"/><Vertex X="18879" Y="1793" Z="0"/><Vertex X="18841" Y="1793" Z="0"/><Vertex X="18765" Y="1793" Z="0"/><Vertex X="18726" Y="1793" Z="0"/><Vertex X="18650" Y="1793" Z="0"/><Vertex X="18612" Y="1716" Z="0"/></Vertices></Region><Region Id="5" Type="0" Zoom="0.026219" Selected="0" ImageLocation="" ImageFocus="-1" Length="42158.4" Area="36191679.5" LengthMicrons="20801.0" AreaMicrons="8810631.6" Text="" NegativeROA="0" InputRegionId="0" Analyze="1" DisplayId="5"><Attributes></Attributes><Vertices><Vertex X="9153" Y="22007" Z="0"/><Vertex X="9115" Y="22007" Z="0"/><Vertex X="9039" Y="22007" Z="0"/><Vertex X="8963" Y="22007" Z="0"/><Vertex X="8963" Y="22045" Z="0"/><Vertex X="8924" Y="22045" Z="0"/><Vertex X="8848" Y="22045" Z="0"/><Vertex X="8848" Y="22121" Z="0"/><Vertex X="8810" Y="22121" Z="0"/><Vertex X="8734" Y="22159" Z="0"/><Vertex X="8657" Y="22159" Z="0"/><Vertex X="8657" Y="22235" Z="0"/><Vertex X="8619" Y="22235" Z="0"/><Vertex X="8619" Y="22312" Z="0"/><Vertex X="8543" Y="22312" Z="0"/><Vertex X="8543" Y="22350" Z="0"/><Vertex X="8505" Y="22350" Z="0"/><Vertex X="8505" Y="22426" Z="0"/><Vertex X="8429" Y="22426" Z="0"/><Vertex X="8429" Y="22464" Z="0"/><Vertex X="8352" Y="22541" Z="0"/><Vertex X="8352" Y="22617" Z="0"/><Vertex X="8276" Y="22655" Z="0"/><Vertex X="8276" Y="22731" Z="0"/><Vertex X="8276" Y="22808" Z="0"/><Vertex X="8276" Y="22846" Z="0"/><Vertex X="8276" Y="22960" Z="0"/><Vertex X="8238" Y="22960" Z="0"/><Vertex X="8238" Y="23075" Z="0"/><Vertex X="8238" Y="23113" Z="0"/><Vertex X="8238" Y="23189" Z="0"/><Vertex X="8238" Y="23227" Z="0"/><Vertex X="8238" Y="23303" Z="0"/><Vertex X="8238" Y="23380" Z="0"/><Vertex X="8238" Y="23418" Z="0"/><Vertex X="8238" Y="23494" Z="0"/><Vertex X="8238" Y="23532" Z="0"/><Vertex X="8238" Y="23608" Z="0"/><Vertex X="8162" Y="23685" Z="0"/><Vertex X="8162" Y="23723" Z="0"/><Vertex X="8162" Y="23799" Z="0"/><Vertex X="8162" Y="23875" Z="0"/><Vertex X="8162" Y="23914" Z="0"/><Vertex X="8162" Y="23990" Z="0"/><Vertex X="8162" Y="24028" Z="0"/><Vertex X="8162" Y="24104" Z="0"/><Vertex X="8162" Y="24181" Z="0"/><Vertex X="8162" Y="24219" Z="0"/><Vertex X="8162" Y="24295" Z="0"/><Vertex X="8162" Y="24333" Z="0"/><Vertex X="8162" Y="24409" Z="0"/><Vertex X="8162" Y="24486" Z="0"/><Vertex X="8200" Y="24486" Z="0"/><Vertex X="8200" Y="24524" Z="0"/><Vertex X="8238" Y="24600" Z="0"/><Vertex X="8238" Y="24676" Z="0"/><Vertex X="8314" Y="24676" Z="0"/><Vertex X="8314" Y="24715" Z="0"/><Vertex X="8391" Y="24715" Z="0"/><Vertex X="8429" Y="24715" Z="0"/><Vertex X="8429" Y="24791" Z="0"/><Vertex X="8505" Y="24791" Z="0"/><Vertex X="8543" Y="24791" Z="0"/><Vertex X="8619" Y="24791" Z="0"/><Vertex X="8696" Y="24791" Z="0"/><Vertex X="8734" Y="24791" Z="0"/><Vertex X="8734" Y="24829" Z="0"/><Vertex X="8810" Y="24829" Z="0"/><Vertex X="8886" Y="24829" Z="0"/><Vertex X="9001" Y="24829" Z="0"/><Vertex X="9115" Y="24829" Z="0"/><Vertex X="9268" Y="24829" Z="0"/><Vertex X="9344" Y="24829" Z="0"/><Vertex X="9420" Y="24829" Z="0"/><Vertex X="9458" Y="24829" Z="0"/><Vertex X="9535" Y="24829" Z="0"/><Vertex X="9611" Y="24829" Z="0"/><Vertex X="9649" Y="24829" Z="0"/><Vertex X="9725" Y="24829" Z="0"/><Vertex X="9840" Y="24829" Z="0"/><Vertex X="9878" Y="24753" Z="0"/><Vertex X="9954" Y="24753" Z="0"/><Vertex X="10031" Y="24753" Z="0"/><Vertex X="10069" Y="24753" Z="0"/><Vertex X="10069" Y="24676" Z="0"/><Vertex X="10145" Y="24676" Z="0"/><Vertex X="10221" Y="24600" Z="0"/><Vertex X="10259" Y="24600" Z="0"/><Vertex X="10259" Y="24562" Z="0"/><Vertex X="10336" Y="24562" Z="0"/><Vertex X="10336" Y="24486" Z="0"/><Vertex X="10374" Y="24486" Z="0"/><Vertex X="10374" Y="24448" Z="0"/><Vertex X="10450" Y="24448" Z="0"/><Vertex X="10450" Y="24371" Z="0"/><Vertex X="10526" Y="24371" Z="0"/><Vertex X="10526" Y="24295" Z="0"/><Vertex X="10564" Y="24295" Z="0"/><Vertex X="10564" Y="24257" Z="0"/><Vertex X="10641" Y="24257" Z="0"/><Vertex X="10717" Y="24181" Z="0"/><Vertex X="10755" Y="24181" Z="0"/><Vertex X="10831" Y="24104" Z="0"/><Vertex X="10908" Y="24104" Z="0"/><Vertex X="10946" Y="24104" Z="0"/><Vertex X="11022" Y="24066" Z="0"/><Vertex X="11098" Y="24066" Z="0"/><Vertex X="11137" Y="24066" Z="0"/><Vertex X="11213" Y="24066" Z="0"/><Vertex X="11213" Y="23990" Z="0"/><Vertex X="11251" Y="23990" Z="0"/><Vertex X="11327" Y="23990" Z="0"/><Vertex X="11404" Y="23990" Z="0"/><Vertex X="11442" Y="23990" Z="0"/><Vertex X="11518" Y="23990" Z="0"/><Vertex X="11556" Y="23990" Z="0"/><Vertex X="11632" Y="23990" Z="0"/><Vertex X="11709" Y="23990" Z="0"/><Vertex X="11747" Y="23990" Z="0"/><Vertex X="11747" Y="24028" Z="0"/><Vertex X="11823" Y="24028" Z="0"/><Vertex X="11861" Y="24028" Z="0"/><Vertex X="11861" Y="24066" Z="0"/><Vertex X="11937" Y="24066" Z="0"/><Vertex X="11937" Y="24142" Z="0"/><Vertex X="12014" Y="24142" Z="0"/><Vertex X="12014" Y="24181" Z="0"/><Vertex X="12052" Y="24181" Z="0"/><Vertex X="12052" Y="24257" Z="0"/><Vertex X="12128" Y="24257" Z="0"/><Vertex X="12166" Y="24333" Z="0"/><Vertex X="12243" Y="24333" Z="0"/><Vertex X="12243" Y="24371" Z="0"/><Vertex X="12319" Y="24371" Z="0"/><Vertex X="12319" Y="24448" Z="0"/><Vertex X="12357" Y="24448" Z="0"/><Vertex X="12357" Y="24486" Z="0"/><Vertex X="12433" Y="24486" Z="0"/><Vertex X="12433" Y="24562" Z="0"/><Vertex X="12471" Y="24562" Z="0"/><Vertex X="12471" Y="24638" Z="0"/><Vertex X="12548" Y="24638" Z="0"/><Vertex X="12548" Y="24676" Z="0"/><Vertex X="12624" Y="24676" Z="0"/><Vertex X="12662" Y="24753" Z="0"/><Vertex X="12777" Y="24753" Z="0"/><Vertex X="12853" Y="24753" Z="0"/><Vertex X="12853" Y="24829" Z="0"/><Vertex X="12891" Y="24829" Z="0"/><Vertex X="13005" Y="24829" Z="0"/><Vertex X="13120" Y="24829" Z="0"/><Vertex X="13158" Y="24829" Z="0"/><Vertex X="13234" Y="24829" Z="0"/><Vertex X="13349" Y="24829" Z="0"/><Vertex X="13425" Y="24829" Z="0"/><Vertex X="13501" Y="24829" Z="0"/><Vertex X="13578" Y="24829" Z="0"/><Vertex X="13654" Y="24829" Z="0"/><Vertex X="13730" Y="24829" Z="0"/><Vertex X="13768" Y="24829" Z="0"/><Vertex X="13844" Y="24829" Z="0"/><Vertex X="13883" Y="24829" Z="0"/><Vertex X="13959" Y="24829" Z="0"/><Vertex X="14035" Y="24791" Z="0"/><Vertex X="14073" Y="24791" Z="0"/><Vertex X="14150" Y="24715" Z="0"/><Vertex X="14226" Y="24715" Z="0"/><Vertex X="14226" Y="24676" Z="0"/><Vertex X="14340" Y="24676" Z="0"/><Vertex X="14417" Y="24676" Z="0"/><Vertex X="14417" Y="24600" Z="0"/><Vertex X="14531" Y="24600" Z="0"/><Vertex X="14645" Y="24600" Z="0"/><Vertex X="14684" Y="24524" Z="0"/><Vertex X="14760" Y="24524" Z="0"/><Vertex X="14760" Y="24486" Z="0"/><Vertex X="14836" Y="24409" Z="0"/><Vertex X="14874" Y="24333" Z="0"/><Vertex X="14951" Y="24257" Z="0"/><Vertex X="14951" Y="24219" Z="0"/><Vertex X="15027" Y="24219" Z="0"/><Vertex X="15027" Y="24142" Z="0"/><Vertex X="15065" Y="24142" Z="0"/><Vertex X="15141" Y="24142" Z="0"/><Vertex X="15141" Y="24066" Z="0"/><Vertex X="15218" Y="24066" Z="0"/><Vertex X="15256" Y="24066" Z="0"/><Vertex X="15332" Y="24028" Z="0"/><Vertex X="15446" Y="24028" Z="0"/><Vertex X="15599" Y="23952" Z="0"/><Vertex X="15637" Y="23952" Z="0"/><Vertex X="15713" Y="23952" Z="0"/><Vertex X="15828" Y="23875" Z="0"/><Vertex X="15904" Y="23875" Z="0"/><Vertex X="15980" Y="23875" Z="0"/><Vertex X="15980" Y="23799" Z="0"/><Vertex X="16057" Y="23799" Z="0"/><Vertex X="16095" Y="23799" Z="0"/><Vertex X="16171" Y="23799" Z="0"/><Vertex X="16209" Y="23799" Z="0"/><Vertex X="16209" Y="23761" Z="0"/><Vertex X="16324" Y="23761" Z="0"/><Vertex X="16400" Y="23761" Z="0"/><Vertex X="16476" Y="23761" Z="0"/><Vertex X="16591" Y="23761" Z="0"/><Vertex X="16705" Y="23685" Z="0"/><Vertex X="16743" Y="23685" Z="0"/><Vertex X="16819" Y="23685" Z="0"/><Vertex X="16896" Y="23685" Z="0"/><Vertex X="16934" Y="23685" Z="0"/><Vertex X="17010" Y="23685" Z="0"/><Vertex X="17048" Y="23685" Z="0"/><Vertex X="17125" Y="23685" Z="0"/><Vertex X="17201" Y="23685" Z="0"/><Vertex X="17239" Y="23685" Z="0"/><Vertex X="17315" Y="23685" Z="0"/><Vertex X="17315" Y="23761" Z="0"/><Vertex X="17353" Y="23761" Z="0"/><Vertex X="17430" Y="23761" Z="0"/><Vertex X="17506" Y="23761" Z="0"/><Vertex X="17544" Y="23761" Z="0"/><Vertex X="17620" Y="23761" Z="0"/><Vertex X="17697" Y="23761" Z="0"/><Vertex X="17773" Y="23837" Z="0"/><Vertex X="17849" Y="23837" Z="0"/><Vertex X="17925" Y="23875" Z="0"/><Vertex X="17964" Y="23875" Z="0"/><Vertex X="18040" Y="23952" Z="0"/><Vertex X="18116" Y="23952" Z="0"/><Vertex X="18154" Y="23952" Z="0"/><Vertex X="18231" Y="23952" Z="0"/><Vertex X="18231" Y="24028" Z="0"/><Vertex X="18307" Y="24028" Z="0"/><Vertex X="18421" Y="24028" Z="0"/><Vertex X="18536" Y="24028" Z="0"/><Vertex X="18612" Y="24028" Z="0"/><Vertex X="18726" Y="24028" Z="0"/><Vertex X="18841" Y="24028" Z="0"/><Vertex X="18917" Y="24028" Z="0"/><Vertex X="18993" Y="24028" Z="0"/><Vertex X="19070" Y="24028" Z="0"/><Vertex X="19108" Y="24028" Z="0"/><Vertex X="19184" Y="24028" Z="0"/><Vertex X="19298" Y="24028" Z="0"/><Vertex X="19337" Y="24104" Z="0"/><Vertex X="19413" Y="24104" Z="0"/><Vertex X="19489" Y="24104" Z="0"/><Vertex X="19527" Y="24104" Z="0"/><Vertex X="19604" Y="24104" Z="0"/><Vertex X="19642" Y="24104" Z="0"/><Vertex X="19718" Y="24104" Z="0"/><Vertex X="19794" Y="24104" Z="0"/><Vertex X="19794" Y="24066" Z="0"/><Vertex X="19832" Y="24066" Z="0"/><Vertex X="19909" Y="24066" Z="0"/><Vertex X="19947" Y="24066" Z="0"/><Vertex X="20023" Y="24066" Z="0"/><Vertex X="20099" Y="24066" Z="0"/><Vertex X="20138" Y="24066" Z="0"/><Vertex X="20214" Y="24066" Z="0"/><Vertex X="20252" Y="24066" Z="0"/><Vertex X="20328" Y="23990" Z="0"/><Vertex X="20405" Y="23990" Z="0"/><Vertex X="20443" Y="23990" Z="0"/><Vertex X="20519" Y="23990" Z="0"/><Vertex X="20633" Y="23990" Z="0"/><Vertex X="20633" Y="23952" Z="0"/><Vertex X="20671" Y="23952" Z="0"/><Vertex X="20786" Y="23952" Z="0"/><Vertex X="20862" Y="23952" Z="0"/><Vertex X="20938" Y="23952" Z="0"/><Vertex X="20938" Y="23875" Z="0"/><Vertex X="21015" Y="23875" Z="0"/><Vertex X="21053" Y="23875" Z="0"/><Vertex X="21129" Y="23875" Z="0"/><Vertex X="21129" Y="23799" Z="0"/><Vertex X="21167" Y="23799" Z="0"/><Vertex X="21244" Y="23799" Z="0"/><Vertex X="21320" Y="23799" Z="0"/><Vertex X="21396" Y="23761" Z="0"/><Vertex X="21511" Y="23761" Z="0"/><Vertex X="21625" Y="23761" Z="0"/><Vertex X="21663" Y="23761" Z="0"/><Vertex X="21663" Y="23685" Z="0"/><Vertex X="21778" Y="23685" Z="0"/><Vertex X="21854" Y="23685" Z="0"/><Vertex X="21968" Y="23685" Z="0"/><Vertex X="22083" Y="23685" Z="0"/><Vertex X="22235" Y="23608" Z="0"/><Vertex X="22312" Y="23608" Z="0"/><Vertex X="22350" Y="23608" Z="0"/><Vertex X="22464" Y="23608" Z="0"/><Vertex X="22464" Y="23532" Z="0"/><Vertex X="22578" Y="23532" Z="0"/><Vertex X="22617" Y="23532" Z="0"/><Vertex X="22617" Y="23494" Z="0"/><Vertex X="22693" Y="23494" Z="0"/><Vertex X="22807" Y="23494" Z="0"/><Vertex X="22845" Y="23418" Z="0"/><Vertex X="22922" Y="23418" Z="0"/><Vertex X="22960" Y="23418" Z="0"/><Vertex X="23036" Y="23342" Z="0"/><Vertex X="23151" Y="23342" Z="0"/><Vertex X="23265" Y="23342" Z="0"/><Vertex X="23303" Y="23265" Z="0"/><Vertex X="23418" Y="23265" Z="0"/><Vertex X="23532" Y="23265" Z="0"/><Vertex X="23608" Y="23227" Z="0"/><Vertex X="23646" Y="23227" Z="0"/><Vertex X="23723" Y="23151" Z="0"/><Vertex X="23761" Y="23151" Z="0"/><Vertex X="23837" Y="23151" Z="0"/><Vertex X="23837" Y="23075" Z="0"/><Vertex X="23913" Y="23075" Z="0"/><Vertex X="23952" Y="23075" Z="0"/><Vertex X="24028" Y="23075" Z="0"/><Vertex X="24066" Y="23075" Z="0"/><Vertex X="24142" Y="22998" Z="0"/><Vertex X="24218" Y="22998" Z="0"/><Vertex X="24218" Y="22960" Z="0"/><Vertex X="24257" Y="22960" Z="0"/><Vertex X="24333" Y="22884" Z="0"/><Vertex X="24333" Y="22808" Z="0"/><Vertex X="24409" Y="22808" Z="0"/><Vertex X="24409" Y="22769" Z="0"/><Vertex X="24409" Y="22693" Z="0"/><Vertex X="24447" Y="22693" Z="0"/><Vertex X="24447" Y="22655" Z="0"/><Vertex X="24524" Y="22579" Z="0"/><Vertex X="24524" Y="22502" Z="0"/><Vertex X="24600" Y="22464" Z="0"/><Vertex X="24600" Y="22388" Z="0"/><Vertex X="24600" Y="22312" Z="0"/><Vertex X="24600" Y="22274" Z="0"/><Vertex X="24600" Y="22197" Z="0"/><Vertex X="24600" Y="22159" Z="0"/><Vertex X="24600" Y="22083" Z="0"/><Vertex X="24600" Y="21968" Z="0"/><Vertex X="24600" Y="21892" Z="0"/><Vertex X="24600" Y="21816" Z="0"/><Vertex X="24600" Y="21740" Z="0"/><Vertex X="24600" Y="21702" Z="0"/><Vertex X="24562" Y="21702" Z="0"/><Vertex X="24524" Y="21702" Z="0"/><Vertex X="24447" Y="21702" Z="0"/><Vertex X="24371" Y="21702" Z="0"/><Vertex X="24257" Y="21702" Z="0"/><Vertex X="24142" Y="21702" Z="0"/><Vertex X="24104" Y="21702" Z="0"/><Vertex X="24028" Y="21702" Z="0"/><Vertex X="23952" Y="21740" Z="0"/><Vertex X="23913" Y="21740" Z="0"/><Vertex X="23837" Y="21778" Z="0"/><Vertex X="23761" Y="21778" Z="0"/><Vertex X="23685" Y="21854" Z="0"/><Vertex X="23646" Y="21854" Z="0"/><Vertex X="23570" Y="21930" Z="0"/><Vertex X="23494" Y="21930" Z="0"/><Vertex X="23379" Y="22007" Z="0"/><Vertex X="23303" Y="22007" Z="0"/><Vertex X="23265" Y="22045" Z="0"/><Vertex X="23151" Y="22045" Z="0"/><Vertex X="23036" Y="22045" Z="0"/><Vertex X="22998" Y="22045" Z="0"/><Vertex X="22998" Y="22121" Z="0"/><Vertex X="22922" Y="22121" Z="0"/><Vertex X="22845" Y="22121" Z="0"/><Vertex X="22731" Y="22121" Z="0"/><Vertex X="22617" Y="22121" Z="0"/><Vertex X="22502" Y="22121" Z="0"/><Vertex X="22388" Y="22121" Z="0"/><Vertex X="22312" Y="22121" Z="0"/><Vertex X="22197" Y="22121" Z="0"/><Vertex X="22159" Y="22121" Z="0"/><Vertex X="22045" Y="22121" Z="0"/><Vertex X="21968" Y="22083" Z="0"/><Vertex X="21930" Y="22083" Z="0"/><Vertex X="21854" Y="22083" Z="0"/><Vertex X="21778" Y="22045" Z="0"/><Vertex X="21739" Y="22045" Z="0"/><Vertex X="21739" Y="21968" Z="0"/><Vertex X="21663" Y="21968" Z="0"/><Vertex X="21625" Y="21968" Z="0"/><Vertex X="21625" Y="21892" Z="0"/><Vertex X="21549" Y="21892" Z="0"/><Vertex X="21472" Y="21892" Z="0"/><Vertex X="21472" Y="21854" Z="0"/><Vertex X="21434" Y="21854" Z="0"/><Vertex X="21358" Y="21854" Z="0"/><Vertex X="21358" Y="21778" Z="0"/><Vertex X="21320" Y="21778" Z="0"/><Vertex X="21205" Y="21778" Z="0"/><Vertex X="21205" Y="21740" Z="0"/><Vertex X="21091" Y="21740" Z="0"/><Vertex X="21015" Y="21740" Z="0"/><Vertex X="20938" Y="21740" Z="0"/><Vertex X="20938" Y="21663" Z="0"/><Vertex X="20824" Y="21663" Z="0"/><Vertex X="20748" Y="21663" Z="0"/><Vertex X="20748" Y="21587" Z="0"/><Vertex X="20633" Y="21587" Z="0"/><Vertex X="20519" Y="21587" Z="0"/><Vertex X="20481" Y="21549" Z="0"/><Vertex X="20328" Y="21549" Z="0"/><Vertex X="20214" Y="21549" Z="0"/><Vertex X="20138" Y="21549" Z="0"/><Vertex X="20061" Y="21549" Z="0"/><Vertex X="20061" Y="21473" Z="0"/><Vertex X="19985" Y="21473" Z="0"/><Vertex X="19947" Y="21473" Z="0"/><Vertex X="19871" Y="21473" Z="0"/><Vertex X="19832" Y="21473" Z="0"/><Vertex X="19756" Y="21473" Z="0"/><Vertex X="19680" Y="21473" Z="0"/><Vertex X="19604" Y="21473" Z="0"/><Vertex X="19489" Y="21473" Z="0"/><Vertex X="19375" Y="21473" Z="0"/><Vertex X="19298" Y="21473" Z="0"/><Vertex X="19146" Y="21473" Z="0"/><Vertex X="19070" Y="21473" Z="0"/><Vertex X="19031" Y="21473" Z="0"/><Vertex X="18955" Y="21473" Z="0"/><Vertex X="18917" Y="21473" Z="0"/><Vertex X="18841" Y="21473" Z="0"/><Vertex X="18726" Y="21473" Z="0"/><Vertex X="18650" Y="21473" Z="0"/><Vertex X="18536" Y="21473" Z="0"/><Vertex X="18421" Y="21473" Z="0"/><Vertex X="18383" Y="21473" Z="0"/><Vertex X="18269" Y="21473" Z="0"/><Vertex X="18154" Y="21473" Z="0"/><Vertex X="18078" Y="21473" Z="0"/><Vertex X="17964" Y="21473" Z="0"/><Vertex X="17849" Y="21473" Z="0"/><Vertex X="17811" Y="21473" Z="0"/><Vertex X="17735" Y="21473" Z="0"/><Vertex X="17620" Y="21473" Z="0"/><Vertex X="17544" Y="21473" Z="0"/><Vertex X="17430" Y="21511" Z="0"/><Vertex X="17353" Y="21511" Z="0"/><Vertex X="17277" Y="21511" Z="0"/><Vertex X="17163" Y="21587" Z="0"/><Vertex X="17048" Y="21587" Z="0"/><Vertex X="16972" Y="21587" Z="0"/><Vertex X="16896" Y="21625" Z="0"/><Vertex X="16819" Y="21625" Z="0"/><Vertex X="16781" Y="21625" Z="0"/><Vertex X="16705" Y="21702" Z="0"/><Vertex X="16629" Y="21702" Z="0"/><Vertex X="16629" Y="21778" Z="0"/><Vertex X="16514" Y="21778" Z="0"/><Vertex X="16476" Y="21778" Z="0"/><Vertex X="16476" Y="21816" Z="0"/><Vertex X="16400" Y="21816" Z="0"/><Vertex X="16362" Y="21816" Z="0"/><Vertex X="16285" Y="21892" Z="0"/><Vertex X="16209" Y="21892" Z="0"/><Vertex X="16171" Y="21968" Z="0"/><Vertex X="16095" Y="21968" Z="0"/><Vertex X="16018" Y="22045" Z="0"/><Vertex X="15980" Y="22045" Z="0"/><Vertex X="15904" Y="22045" Z="0"/><Vertex X="15904" Y="22083" Z="0"/><Vertex X="15828" Y="22083" Z="0"/><Vertex X="15790" Y="22083" Z="0"/><Vertex X="15713" Y="22083" Z="0"/><Vertex X="15675" Y="22083" Z="0"/><Vertex X="15599" Y="22083" Z="0"/><Vertex X="15523" Y="22083" Z="0"/><Vertex X="15446" Y="22083" Z="0"/><Vertex X="15370" Y="22083" Z="0"/><Vertex X="15256" Y="22083" Z="0"/><Vertex X="15179" Y="22083" Z="0"/><Vertex X="15065" Y="22083" Z="0"/><Vertex X="14989" Y="22083" Z="0"/><Vertex X="14989" Y="22159" Z="0"/><Vertex X="14912" Y="22159" Z="0"/><Vertex X="14798" Y="22159" Z="0"/><Vertex X="14684" Y="22159" Z="0"/><Vertex X="14684" Y="22235" Z="0"/><Vertex X="14645" Y="22235" Z="0"/><Vertex X="14569" Y="22235" Z="0"/><Vertex X="14531" Y="22235" Z="0"/><Vertex X="14455" Y="22235" Z="0"/><Vertex X="14378" Y="22235" Z="0"/><Vertex X="14302" Y="22274" Z="0"/><Vertex X="14188" Y="22274" Z="0"/><Vertex X="14111" Y="22274" Z="0"/><Vertex X="14073" Y="22274" Z="0"/><Vertex X="13997" Y="22274" Z="0"/><Vertex X="13959" Y="22274" Z="0"/><Vertex X="13844" Y="22274" Z="0"/><Vertex X="13768" Y="22274" Z="0"/><Vertex X="13730" Y="22274" Z="0"/><Vertex X="13654" Y="22274" Z="0"/><Vertex X="13578" Y="22274" Z="0"/><Vertex X="13539" Y="22274" Z="0"/><Vertex X="13463" Y="22274" Z="0"/><Vertex X="13463" Y="22197" Z="0"/><Vertex X="13425" Y="22197" Z="0"/><Vertex X="13349" Y="22197" Z="0"/><Vertex X="13272" Y="22121" Z="0"/><Vertex X="13234" Y="22121" Z="0"/><Vertex X="13158" Y="22121" Z="0"/><Vertex X="13158" Y="22083" Z="0"/><Vertex X="13082" Y="22083" Z="0"/><Vertex X="13082" Y="22007" Z="0"/><Vertex X="13044" Y="22007" Z="0"/><Vertex X="13044" Y="21930" Z="0"/><Vertex X="12967" Y="21930" Z="0"/><Vertex X="12891" Y="21892" Z="0"/><Vertex X="12853" Y="21892" Z="0"/><Vertex X="12777" Y="21816" Z="0"/><Vertex X="12700" Y="21816" Z="0"/><Vertex X="12662" Y="21816" Z="0"/><Vertex X="12662" Y="21740" Z="0"/><Vertex X="12586" Y="21740" Z="0"/><Vertex X="12548" Y="21740" Z="0"/><Vertex X="12471" Y="21740" Z="0"/><Vertex X="12395" Y="21740" Z="0"/><Vertex X="12357" Y="21740" Z="0"/><Vertex X="12243" Y="21740" Z="0"/><Vertex X="12128" Y="21663" Z="0"/><Vertex X="12090" Y="21663" Z="0"/><Vertex X="11976" Y="21663" Z="0"/><Vertex X="11861" Y="21663" Z="0"/><Vertex X="11785" Y="21663" Z="0"/><Vertex X="11785" Y="21702" Z="0"/><Vertex X="11671" Y="21702" Z="0"/><Vertex X="11594" Y="21702" Z="0"/><Vertex X="11556" Y="21702" Z="0"/><Vertex X="11480" Y="21778" Z="0"/><Vertex X="11404" Y="21778" Z="0"/><Vertex X="11365" Y="21778" Z="0"/><Vertex X="11365" Y="21816" Z="0"/><Vertex X="11289" Y="21816" Z="0"/><Vertex X="11251" Y="21816" Z="0"/><Vertex X="11175" Y="21816" Z="0"/><Vertex X="11060" Y="21816" Z="0"/><Vertex X="10984" Y="21816" Z="0"/><Vertex X="10870" Y="21816" Z="0"/><Vertex X="10755" Y="21816" Z="0"/><Vertex X="10679" Y="21816" Z="0"/><Vertex X="10564" Y="21892" Z="0"/><Vertex X="10488" Y="21892" Z="0"/><Vertex X="10450" Y="21892" Z="0"/><Vertex X="10374" Y="21892" Z="0"/><Vertex X="10336" Y="21892" Z="0"/><Vertex X="10259" Y="21968" Z="0"/><Vertex X="10183" Y="21968" Z="0"/><Vertex X="10145" Y="21968" Z="0"/><Vertex X="10031" Y="21968" Z="0"/><Vertex X="9954" Y="21968" Z="0"/><Vertex X="9878" Y="22045" Z="0"/><Vertex X="9840" Y="22045" Z="0"/><Vertex X="9764" Y="22045" Z="0"/><Vertex X="9764" Y="22083" Z="0"/><Vertex X="9725" Y="22083" Z="0"/><Vertex X="9649" Y="22083" Z="0"/><Vertex X="9573" Y="22083" Z="0"/><Vertex X="9535" Y="22159" Z="0"/><Vertex X="9458" Y="22159" Z="0"/><Vertex X="9420" Y="22159" Z="0"/><Vertex X="9344" Y="22159" Z="0"/><Vertex X="9268" Y="22159" Z="0"/><Vertex X="9230" Y="22159" Z="0"/><Vertex X="9230" Y="22235" Z="0"/><Vertex X="9153" Y="22235" Z="0"/><Vertex X="9153" Y="22007" Z="0"/></Vertices></Region></Regions><Plots></Plots></Annotation></Annotations>
