<Annotations MicronsPerPixel="0.493400">
	<Annotation Id="1" Name="" ReadOnly="0" NameReadOnly="0" LineColorReadOnly="0" Incremental="0" Type="4" LineColor="16711935" Visible="1" Selected="1" MarkupImagePath="" MacroName=""><Attributes></Attributes><Regions><RegionAttributeHeaders></RegionAttributeHeaders><Region Id="1" Type="0" Zoom="0.030203" Selected="0" ImageLocation="" ImageFocus="-1" Length="37721.7" Area="26746428.5" LengthMicrons="18611.9" AreaMicrons="6511246.0" Text="" NegativeROA="0" InputRegionId="0" Analyze="1" DisplayId="1"><Attributes></Attributes><Vertices><Vertex X="7748" Y="13211" Z="0"/><Vertex X="7649" Y="13211" Z="0"/><Vertex X="7616" Y="13211" Z="0"/><Vertex X="7549" Y="13211" Z="0"/><Vertex X="7483" Y="13244" Z="0"/><Vertex X="7450" Y="13244" Z="0"/><Vertex X="7450" Y="13310" Z="0"/><Vertex X="7384" Y="13310" Z="0"/><Vertex X="7384" Y="13343" Z="0"/><Vertex X="7318" Y="13343" Z="0"/><Vertex X="7318" Y="13409" Z="0"/><Vertex X="7284" Y="13409" Z="0"/><Vertex X="7284" Y="13442" Z="0"/><Vertex X="7218" Y="13442" Z="0"/><Vertex X="7218" Y="13509" Z="0"/><Vertex X="7119" Y="13509" Z="0"/><Vertex X="7119" Y="13575" Z="0"/><Vertex X="7053" Y="13575" Z="0"/><Vertex X="7053" Y="13608" Z="0"/><Vertex X="6953" Y="13608" Z="0"/><Vertex X="6887" Y="13674" Z="0"/><Vertex X="6821" Y="13674" Z="0"/><Vertex X="6821" Y="13740" Z="0"/><Vertex X="6755" Y="13740" Z="0"/><Vertex X="6688" Y="13740" Z="0"/><Vertex X="6688" Y="13773" Z="0"/><Vertex X="6655" Y="13773" Z="0"/><Vertex X="6655" Y="13873" Z="0"/><Vertex X="6589" Y="13873" Z="0"/><Vertex X="6556" Y="13873" Z="0"/><Vertex X="6490" Y="13939" Z="0"/><Vertex X="6424" Y="13939" Z="0"/><Vertex X="6391" Y="13939" Z="0"/><Vertex X="6291" Y="13939" Z="0"/><Vertex X="6225" Y="13939" Z="0"/><Vertex X="6225" Y="13972" Z="0"/><Vertex X="6159" Y="13972" Z="0"/><Vertex X="6026" Y="13972" Z="0"/><Vertex X="5927" Y="14038" Z="0"/><Vertex X="5894" Y="14038" Z="0"/><Vertex X="5795" Y="14038" Z="0"/><Vertex X="5695" Y="14105" Z="0"/><Vertex X="5662" Y="14105" Z="0"/><Vertex X="5596" Y="14105" Z="0"/><Vertex X="5596" Y="14171" Z="0"/><Vertex X="5530" Y="14171" Z="0"/><Vertex X="5463" Y="14171" Z="0"/><Vertex X="5397" Y="14171" Z="0"/><Vertex X="5298" Y="14171" Z="0"/><Vertex X="5232" Y="14171" Z="0"/><Vertex X="5232" Y="14204" Z="0"/><Vertex X="5165" Y="14204" Z="0"/><Vertex X="5066" Y="14204" Z="0"/><Vertex X="5000" Y="14204" Z="0"/><Vertex X="4901" Y="14270" Z="0"/><Vertex X="4801" Y="14270" Z="0"/><Vertex X="4801" Y="14336" Z="0"/><Vertex X="4735" Y="14336" Z="0"/><Vertex X="4636" Y="14402" Z="0"/><Vertex X="4570" Y="14402" Z="0"/><Vertex X="4570" Y="14436" Z="0"/><Vertex X="4536" Y="14436" Z="0"/><Vertex X="4470" Y="14502" Z="0"/><Vertex X="4404" Y="14502" Z="0"/><Vertex X="4404" Y="14601" Z="0"/><Vertex X="4371" Y="14601" Z="0"/><Vertex X="4305" Y="14634" Z="0"/><Vertex X="4238" Y="14634" Z="0"/><Vertex X="4238" Y="14700" Z="0"/><Vertex X="4172" Y="14700" Z="0"/><Vertex X="4073" Y="14700" Z="0"/><Vertex X="4007" Y="14767" Z="0"/><Vertex X="3974" Y="14767" Z="0"/><Vertex X="3907" Y="14767" Z="0"/><Vertex X="3841" Y="14833" Z="0"/><Vertex X="3775" Y="14833" Z="0"/><Vertex X="3709" Y="14866" Z="0"/><Vertex X="3642" Y="14866" Z="0"/><Vertex X="3609" Y="14866" Z="0"/><Vertex X="3543" Y="14932" Z="0"/><Vertex X="3444" Y="14932" Z="0"/><Vertex X="3378" Y="14932" Z="0"/><Vertex X="3344" Y="14932" Z="0"/><Vertex X="3278" Y="14932" Z="0"/><Vertex X="3278" Y="14998" Z="0"/><Vertex X="3245" Y="14998" Z="0"/><Vertex X="3179" Y="15032" Z="0"/><Vertex X="3179" Y="15098" Z="0"/><Vertex X="3179" Y="15164" Z="0"/><Vertex X="3113" Y="15197" Z="0"/><Vertex X="3113" Y="15263" Z="0"/><Vertex X="3113" Y="15330" Z="0"/><Vertex X="3146" Y="15363" Z="0"/><Vertex X="3212" Y="15429" Z="0"/><Vertex X="3245" Y="15495" Z="0"/><Vertex X="3311" Y="15561" Z="0"/><Vertex X="3378" Y="15628" Z="0"/><Vertex X="3444" Y="15661" Z="0"/><Vertex X="3543" Y="15727" Z="0"/><Vertex X="3609" Y="15793" Z="0"/><Vertex X="3676" Y="15793" Z="0"/><Vertex X="3676" Y="15859" Z="0"/><Vertex X="3775" Y="15859" Z="0"/><Vertex X="3808" Y="15859" Z="0"/><Vertex X="3808" Y="15892" Z="0"/><Vertex X="3907" Y="15892" Z="0"/><Vertex X="3974" Y="15892" Z="0"/><Vertex X="3974" Y="15959" Z="0"/><Vertex X="4040" Y="15959" Z="0"/><Vertex X="4106" Y="16025" Z="0"/><Vertex X="4205" Y="16025" Z="0"/><Vertex X="4272" Y="16025" Z="0"/><Vertex X="4272" Y="16058" Z="0"/><Vertex X="4371" Y="16058" Z="0"/><Vertex X="4470" Y="16058" Z="0"/><Vertex X="4470" Y="16124" Z="0"/><Vertex X="4536" Y="16124" Z="0"/><Vertex X="4603" Y="16190" Z="0"/><Vertex X="4669" Y="16223" Z="0"/><Vertex X="4669" Y="16290" Z="0"/><Vertex X="4735" Y="16290" Z="0"/><Vertex X="4735" Y="16356" Z="0"/><Vertex X="4735" Y="16389" Z="0"/><Vertex X="4768" Y="16389" Z="0"/><Vertex X="4768" Y="16455" Z="0"/><Vertex X="4768" Y="16488" Z="0"/><Vertex X="4834" Y="16488" Z="0"/><Vertex X="4834" Y="16555" Z="0"/><Vertex X="4867" Y="16555" Z="0"/><Vertex X="4934" Y="16555" Z="0"/><Vertex X="5000" Y="16555" Z="0"/><Vertex X="5066" Y="16555" Z="0"/><Vertex X="5132" Y="16555" Z="0"/><Vertex X="5165" Y="16555" Z="0"/><Vertex X="5232" Y="16555" Z="0"/><Vertex X="5298" Y="16555" Z="0"/><Vertex X="5331" Y="16555" Z="0"/><Vertex X="5397" Y="16521" Z="0"/><Vertex X="5463" Y="16521" Z="0"/><Vertex X="5463" Y="16488" Z="0"/><Vertex X="5497" Y="16488" Z="0"/><Vertex X="5563" Y="16488" Z="0"/><Vertex X="5563" Y="16422" Z="0"/><Vertex X="5596" Y="16422" Z="0"/><Vertex X="5662" Y="16422" Z="0"/><Vertex X="5662" Y="16356" Z="0"/><Vertex X="5728" Y="16356" Z="0"/><Vertex X="5761" Y="16356" Z="0"/><Vertex X="5761" Y="16323" Z="0"/><Vertex X="5828" Y="16323" Z="0"/><Vertex X="5861" Y="16323" Z="0"/><Vertex X="5861" Y="16257" Z="0"/><Vertex X="5927" Y="16257" Z="0"/><Vertex X="5993" Y="16190" Z="0"/><Vertex X="6026" Y="16190" Z="0"/><Vertex X="6026" Y="16157" Z="0"/><Vertex X="6093" Y="16157" Z="0"/><Vertex X="6192" Y="16058" Z="0"/><Vertex X="6225" Y="16058" Z="0"/><Vertex X="6225" Y="15959" Z="0"/><Vertex X="6291" Y="15959" Z="0"/><Vertex X="6357" Y="15859" Z="0"/><Vertex X="6391" Y="15859" Z="0"/><Vertex X="6391" Y="15826" Z="0"/><Vertex X="6457" Y="15826" Z="0"/><Vertex X="6523" Y="15760" Z="0"/><Vertex X="6556" Y="15760" Z="0"/><Vertex X="6622" Y="15694" Z="0"/><Vertex X="6688" Y="15694" Z="0"/><Vertex X="6722" Y="15694" Z="0"/><Vertex X="6821" Y="15628" Z="0"/><Vertex X="6920" Y="15628" Z="0"/><Vertex X="7020" Y="15594" Z="0"/><Vertex X="7086" Y="15594" Z="0"/><Vertex X="7086" Y="15528" Z="0"/><Vertex X="7185" Y="15528" Z="0"/><Vertex X="7251" Y="15528" Z="0"/><Vertex X="7251" Y="15462" Z="0"/><Vertex X="7284" Y="15462" Z="0"/><Vertex X="7351" Y="15462" Z="0"/><Vertex X="7417" Y="15429" Z="0"/><Vertex X="7450" Y="15429" Z="0"/><Vertex X="7549" Y="15429" Z="0"/><Vertex X="7549" Y="15363" Z="0"/><Vertex X="7649" Y="15363" Z="0"/><Vertex X="7715" Y="15363" Z="0"/><Vertex X="7814" Y="15363" Z="0"/><Vertex X="7814" Y="15296" Z="0"/><Vertex X="7914" Y="15296" Z="0"/><Vertex X="7947" Y="15296" Z="0"/><Vertex X="7947" Y="15263" Z="0"/><Vertex X="8046" Y="15263" Z="0"/><Vertex X="8145" Y="15197" Z="0"/><Vertex X="8212" Y="15197" Z="0"/><Vertex X="8311" Y="15131" Z="0"/><Vertex X="8410" Y="15131" Z="0"/><Vertex X="8476" Y="15131" Z="0"/><Vertex X="8476" Y="15065" Z="0"/><Vertex X="8576" Y="15065" Z="0"/><Vertex X="8675" Y="15065" Z="0"/><Vertex X="8741" Y="15065" Z="0"/><Vertex X="8841" Y="15032" Z="0"/><Vertex X="8940" Y="15032" Z="0"/><Vertex X="9039" Y="15032" Z="0"/><Vertex X="9105" Y="15032" Z="0"/><Vertex X="9105" Y="14965" Z="0"/><Vertex X="9205" Y="14965" Z="0"/><Vertex X="9304" Y="14965" Z="0"/><Vertex X="9304" Y="14899" Z="0"/><Vertex X="9337" Y="14899" Z="0"/><Vertex X="9403" Y="14899" Z="0"/><Vertex X="9437" Y="14899" Z="0"/><Vertex X="9437" Y="14866" Z="0"/><Vertex X="9503" Y="14866" Z="0"/><Vertex X="9569" Y="14866" Z="0"/><Vertex X="9602" Y="14866" Z="0"/><Vertex X="9668" Y="14866" Z="0"/><Vertex X="9701" Y="14866" Z="0"/><Vertex X="9768" Y="14866" Z="0"/><Vertex X="9834" Y="14866" Z="0"/><Vertex X="9867" Y="14866" Z="0"/><Vertex X="9933" Y="14800" Z="0"/><Vertex X="9999" Y="14800" Z="0"/><Vertex X="10033" Y="14800" Z="0"/><Vertex X="10132" Y="14800" Z="0"/><Vertex X="10198" Y="14734" Z="0"/><Vertex X="10231" Y="14734" Z="0"/><Vertex X="10331" Y="14734" Z="0"/><Vertex X="10430" Y="14667" Z="0"/><Vertex X="10496" Y="14667" Z="0"/><Vertex X="10595" Y="14667" Z="0"/><Vertex X="10595" Y="14634" Z="0"/><Vertex X="10662" Y="14634" Z="0"/><Vertex X="10695" Y="14634" Z="0"/><Vertex X="10761" Y="14634" Z="0"/><Vertex X="10761" Y="14568" Z="0"/><Vertex X="10794" Y="14568" Z="0"/><Vertex X="10860" Y="14568" Z="0"/><Vertex X="10926" Y="14568" Z="0"/><Vertex X="10960" Y="14502" Z="0"/><Vertex X="11026" Y="14502" Z="0"/><Vertex X="11092" Y="14502" Z="0"/><Vertex X="11125" Y="14502" Z="0"/><Vertex X="11191" Y="14469" Z="0"/><Vertex X="11258" Y="14469" Z="0"/><Vertex X="11291" Y="14469" Z="0"/><Vertex X="11357" Y="14469" Z="0"/><Vertex X="11357" Y="14402" Z="0"/><Vertex X="11390" Y="14402" Z="0"/><Vertex X="11456" Y="14402" Z="0"/><Vertex X="11522" Y="14336" Z="0"/><Vertex X="11589" Y="14336" Z="0"/><Vertex X="11688" Y="14336" Z="0"/><Vertex X="11688" Y="14303" Z="0"/><Vertex X="11754" Y="14303" Z="0"/><Vertex X="11820" Y="14303" Z="0"/><Vertex X="11820" Y="14237" Z="0"/><Vertex X="11920" Y="14237" Z="0"/><Vertex X="12019" Y="14171" Z="0"/><Vertex X="12118" Y="14171" Z="0"/><Vertex X="12118" Y="14138" Z="0"/><Vertex X="12185" Y="14138" Z="0"/><Vertex X="12284" Y="14138" Z="0"/><Vertex X="12383" Y="14138" Z="0"/><Vertex X="12383" Y="14071" Z="0"/><Vertex X="12449" Y="14071" Z="0"/><Vertex X="12549" Y="14071" Z="0"/><Vertex X="12648" Y="14071" Z="0"/><Vertex X="12714" Y="14005" Z="0"/><Vertex X="12847" Y="14005" Z="0"/><Vertex X="12913" Y="14005" Z="0"/><Vertex X="13012" Y="13939" Z="0"/><Vertex X="13079" Y="13939" Z="0"/><Vertex X="13178" Y="13939" Z="0"/><Vertex X="13277" Y="13939" Z="0"/><Vertex X="13310" Y="13939" Z="0"/><Vertex X="13377" Y="13939" Z="0"/><Vertex X="13410" Y="13939" Z="0"/><Vertex X="13476" Y="13939" Z="0"/><Vertex X="13575" Y="13939" Z="0"/><Vertex X="13641" Y="13939" Z="0"/><Vertex X="13741" Y="13939" Z="0"/><Vertex X="13807" Y="13939" Z="0"/><Vertex X="13906" Y="13939" Z="0"/><Vertex X="13973" Y="13939" Z="0"/><Vertex X="14006" Y="13939" Z="0"/><Vertex X="14072" Y="13939" Z="0"/><Vertex X="14138" Y="13939" Z="0"/><Vertex X="14171" Y="13939" Z="0"/><Vertex X="14237" Y="13873" Z="0"/><Vertex X="14304" Y="13873" Z="0"/><Vertex X="14370" Y="13873" Z="0"/><Vertex X="14469" Y="13873" Z="0"/><Vertex X="14535" Y="13873" Z="0"/><Vertex X="14602" Y="13873" Z="0"/><Vertex X="14701" Y="13873" Z="0"/><Vertex X="14800" Y="13873" Z="0"/><Vertex X="14866" Y="13873" Z="0"/><Vertex X="14933" Y="13873" Z="0"/><Vertex X="14966" Y="13873" Z="0"/><Vertex X="15098" Y="13873" Z="0"/><Vertex X="15164" Y="13840" Z="0"/><Vertex X="15264" Y="13840" Z="0"/><Vertex X="15330" Y="13840" Z="0"/><Vertex X="15396" Y="13840" Z="0"/><Vertex X="15396" Y="13773" Z="0"/><Vertex X="15462" Y="13773" Z="0"/><Vertex X="15496" Y="13773" Z="0"/><Vertex X="15496" Y="13707" Z="0"/><Vertex X="15562" Y="13707" Z="0"/><Vertex X="15595" Y="13707" Z="0"/><Vertex X="15661" Y="13674" Z="0"/><Vertex X="15760" Y="13674" Z="0"/><Vertex X="15827" Y="13674" Z="0"/><Vertex X="15926" Y="13674" Z="0"/><Vertex X="15926" Y="13608" Z="0"/><Vertex X="16025" Y="13608" Z="0"/><Vertex X="16092" Y="13608" Z="0"/><Vertex X="16158" Y="13608" Z="0"/><Vertex X="16224" Y="13542" Z="0"/><Vertex X="16257" Y="13542" Z="0"/><Vertex X="16323" Y="13542" Z="0"/><Vertex X="16389" Y="13509" Z="0"/><Vertex X="16423" Y="13509" Z="0"/><Vertex X="16489" Y="13509" Z="0"/><Vertex X="16555" Y="13509" Z="0"/><Vertex X="16588" Y="13442" Z="0"/><Vertex X="16654" Y="13442" Z="0"/><Vertex X="16721" Y="13442" Z="0"/><Vertex X="16754" Y="13442" Z="0"/><Vertex X="16754" Y="13376" Z="0"/><Vertex X="16820" Y="13376" Z="0"/><Vertex X="16853" Y="13376" Z="0"/><Vertex X="16919" Y="13376" Z="0"/><Vertex X="16985" Y="13310" Z="0"/><Vertex X="17019" Y="13310" Z="0"/><Vertex X="17019" Y="13277" Z="0"/><Vertex X="17085" Y="13277" Z="0"/><Vertex X="17085" Y="13211" Z="0"/><Vertex X="17151" Y="13211" Z="0"/><Vertex X="17184" Y="13144" Z="0"/><Vertex X="17250" Y="13111" Z="0"/><Vertex X="17250" Y="13045" Z="0"/><Vertex X="17317" Y="13045" Z="0"/><Vertex X="17317" Y="12979" Z="0"/><Vertex X="17383" Y="12946" Z="0"/><Vertex X="17383" Y="12846" Z="0"/><Vertex X="17416" Y="12846" Z="0"/><Vertex X="17416" Y="12780" Z="0"/><Vertex X="17482" Y="12747" Z="0"/><Vertex X="17548" Y="12681" Z="0"/><Vertex X="17581" Y="12615" Z="0"/><Vertex X="17648" Y="12548" Z="0"/><Vertex X="17714" Y="12482" Z="0"/><Vertex X="17813" Y="12449" Z="0"/><Vertex X="17913" Y="12383" Z="0"/><Vertex X="17979" Y="12317" Z="0"/><Vertex X="18078" Y="12317" Z="0"/><Vertex X="18078" Y="12250" Z="0"/><Vertex X="18144" Y="12250" Z="0"/><Vertex X="18177" Y="12184" Z="0"/><Vertex X="18244" Y="12151" Z="0"/><Vertex X="18310" Y="12085" Z="0"/><Vertex X="18310" Y="12019" Z="0"/><Vertex X="18376" Y="12019" Z="0"/><Vertex X="18376" Y="11986" Z="0"/><Vertex X="18376" Y="11919" Z="0"/><Vertex X="18376" Y="11886" Z="0"/><Vertex X="18376" Y="11820" Z="0"/><Vertex X="18376" Y="11754" Z="0"/><Vertex X="18376" Y="11721" Z="0"/><Vertex X="18376" Y="11654" Z="0"/><Vertex X="18343" Y="11588" Z="0"/><Vertex X="18343" Y="11555" Z="0"/><Vertex X="18277" Y="11555" Z="0"/><Vertex X="18277" Y="11489" Z="0"/><Vertex X="18244" Y="11489" Z="0"/><Vertex X="18177" Y="11489" Z="0"/><Vertex X="18111" Y="11489" Z="0"/><Vertex X="18078" Y="11489" Z="0"/><Vertex X="18012" Y="11489" Z="0"/><Vertex X="17979" Y="11489" Z="0"/><Vertex X="17879" Y="11489" Z="0"/><Vertex X="17813" Y="11489" Z="0"/><Vertex X="17780" Y="11489" Z="0"/><Vertex X="17714" Y="11522" Z="0"/><Vertex X="17648" Y="11522" Z="0"/><Vertex X="17615" Y="11522" Z="0"/><Vertex X="17548" Y="11522" Z="0"/><Vertex X="17548" Y="11588" Z="0"/><Vertex X="17482" Y="11588" Z="0"/><Vertex X="17383" Y="11588" Z="0"/><Vertex X="17317" Y="11621" Z="0"/><Vertex X="17184" Y="11621" Z="0"/><Vertex X="17085" Y="11621" Z="0"/><Vertex X="16952" Y="11688" Z="0"/><Vertex X="16919" Y="11688" Z="0"/><Vertex X="16853" Y="11688" Z="0"/><Vertex X="16787" Y="11688" Z="0"/><Vertex X="16754" Y="11688" Z="0"/><Vertex X="16687" Y="11688" Z="0"/><Vertex X="16621" Y="11754" Z="0"/><Vertex X="16555" Y="11754" Z="0"/><Vertex X="16489" Y="11754" Z="0"/><Vertex X="16389" Y="11820" Z="0"/><Vertex X="16356" Y="11820" Z="0"/><Vertex X="16257" Y="11820" Z="0"/><Vertex X="16224" Y="11820" Z="0"/><Vertex X="16158" Y="11820" Z="0"/><Vertex X="16092" Y="11820" Z="0"/><Vertex X="16092" Y="11853" Z="0"/><Vertex X="16058" Y="11853" Z="0"/><Vertex X="15959" Y="11853" Z="0"/><Vertex X="15893" Y="11853" Z="0"/><Vertex X="15860" Y="11853" Z="0"/><Vertex X="15794" Y="11853" Z="0"/><Vertex X="15727" Y="11853" Z="0"/><Vertex X="15628" Y="11853" Z="0"/><Vertex X="15562" Y="11853" Z="0"/><Vertex X="15496" Y="11853" Z="0"/><Vertex X="15429" Y="11853" Z="0"/><Vertex X="15330" Y="11853" Z="0"/><Vertex X="15297" Y="11853" Z="0"/><Vertex X="15231" Y="11853" Z="0"/><Vertex X="15198" Y="11853" Z="0"/><Vertex X="15131" Y="11853" Z="0"/><Vertex X="15065" Y="11853" Z="0"/><Vertex X="15032" Y="11853" Z="0"/><Vertex X="14966" Y="11853" Z="0"/><Vertex X="14933" Y="11853" Z="0"/><Vertex X="14866" Y="11853" Z="0"/><Vertex X="14800" Y="11853" Z="0"/><Vertex X="14767" Y="11853" Z="0"/><Vertex X="14668" Y="11853" Z="0"/><Vertex X="14568" Y="11853" Z="0"/><Vertex X="14502" Y="11886" Z="0"/><Vertex X="14403" Y="11886" Z="0"/><Vertex X="14304" Y="11886" Z="0"/><Vertex X="14270" Y="11919" Z="0"/><Vertex X="14171" Y="11919" Z="0"/><Vertex X="14105" Y="11919" Z="0"/><Vertex X="14039" Y="11986" Z="0"/><Vertex X="14006" Y="11986" Z="0"/><Vertex X="13939" Y="11986" Z="0"/><Vertex X="13906" Y="11986" Z="0"/><Vertex X="13807" Y="12052" Z="0"/><Vertex X="13708" Y="12052" Z="0"/><Vertex X="13608" Y="12118" Z="0"/><Vertex X="13542" Y="12118" Z="0"/><Vertex X="13542" Y="12151" Z="0"/><Vertex X="13443" Y="12151" Z="0"/><Vertex X="13343" Y="12151" Z="0"/><Vertex X="13343" Y="12217" Z="0"/><Vertex X="13310" Y="12217" Z="0"/><Vertex X="13244" Y="12217" Z="0"/><Vertex X="13244" Y="12284" Z="0"/><Vertex X="13211" Y="12284" Z="0"/><Vertex X="13145" Y="12284" Z="0"/><Vertex X="13145" Y="12317" Z="0"/><Vertex X="13079" Y="12317" Z="0"/><Vertex X="13045" Y="12317" Z="0"/><Vertex X="12979" Y="12383" Z="0"/><Vertex X="12913" Y="12383" Z="0"/><Vertex X="12880" Y="12449" Z="0"/><Vertex X="12814" Y="12449" Z="0"/><Vertex X="12747" Y="12449" Z="0"/><Vertex X="12714" Y="12449" Z="0"/><Vertex X="12648" Y="12515" Z="0"/><Vertex X="12582" Y="12515" Z="0"/><Vertex X="12549" Y="12515" Z="0"/><Vertex X="12483" Y="12515" Z="0"/><Vertex X="12416" Y="12548" Z="0"/><Vertex X="12383" Y="12548" Z="0"/><Vertex X="12317" Y="12615" Z="0"/><Vertex X="12251" Y="12615" Z="0"/><Vertex X="12218" Y="12615" Z="0"/><Vertex X="12152" Y="12681" Z="0"/><Vertex X="12118" Y="12681" Z="0"/><Vertex X="12052" Y="12681" Z="0"/><Vertex X="11986" Y="12681" Z="0"/><Vertex X="11953" Y="12681" Z="0"/><Vertex X="11887" Y="12681" Z="0"/><Vertex X="11887" Y="12747" Z="0"/><Vertex X="11854" Y="12747" Z="0"/><Vertex X="11754" Y="12747" Z="0"/><Vertex X="11688" Y="12747" Z="0"/><Vertex X="11655" Y="12747" Z="0"/><Vertex X="11589" Y="12747" Z="0"/><Vertex X="11589" Y="12780" Z="0"/><Vertex X="11522" Y="12780" Z="0"/><Vertex X="11489" Y="12780" Z="0"/><Vertex X="11423" Y="12780" Z="0"/><Vertex X="11390" Y="12780" Z="0"/><Vertex X="11324" Y="12780" Z="0"/><Vertex X="11258" Y="12780" Z="0"/><Vertex X="11224" Y="12780" Z="0"/><Vertex X="11158" Y="12780" Z="0"/><Vertex X="11125" Y="12780" Z="0"/><Vertex X="11059" Y="12780" Z="0"/><Vertex X="10993" Y="12780" Z="0"/><Vertex X="10926" Y="12780" Z="0"/><Vertex X="10827" Y="12780" Z="0"/><Vertex X="10728" Y="12780" Z="0"/><Vertex X="10662" Y="12780" Z="0"/><Vertex X="10562" Y="12780" Z="0"/><Vertex X="10496" Y="12780" Z="0"/><Vertex X="10463" Y="12780" Z="0"/><Vertex X="10397" Y="12780" Z="0"/><Vertex X="10331" Y="12780" Z="0"/><Vertex X="10231" Y="12780" Z="0"/><Vertex X="10132" Y="12780" Z="0"/><Vertex X="10099" Y="12780" Z="0"/><Vertex X="10033" Y="12780" Z="0"/><Vertex X="9966" Y="12780" Z="0"/><Vertex X="9933" Y="12780" Z="0"/><Vertex X="9867" Y="12780" Z="0"/><Vertex X="9834" Y="12780" Z="0"/><Vertex X="9768" Y="12780" Z="0"/><Vertex X="9701" Y="12780" Z="0"/><Vertex X="9701" Y="12846" Z="0"/><Vertex X="9635" Y="12846" Z="0"/><Vertex X="9569" Y="12846" Z="0"/><Vertex X="9470" Y="12846" Z="0"/><Vertex X="9403" Y="12846" Z="0"/><Vertex X="9370" Y="12846" Z="0"/><Vertex X="9304" Y="12879" Z="0"/><Vertex X="9238" Y="12879" Z="0"/><Vertex X="9172" Y="12879" Z="0"/><Vertex X="9172" Y="12946" Z="0"/><Vertex X="9105" Y="12946" Z="0"/><Vertex X="9072" Y="12946" Z="0"/><Vertex X="9006" Y="13012" Z="0"/><Vertex X="8940" Y="13012" Z="0"/><Vertex X="8907" Y="13078" Z="0"/><Vertex X="8807" Y="13078" Z="0"/><Vertex X="8741" Y="13078" Z="0"/><Vertex X="8708" Y="13111" Z="0"/><Vertex X="8642" Y="13111" Z="0"/><Vertex X="8609" Y="13111" Z="0"/><Vertex X="8609" Y="13177" Z="0"/><Vertex X="8510" Y="13177" Z="0"/><Vertex X="8443" Y="13177" Z="0"/><Vertex X="8377" Y="13177" Z="0"/><Vertex X="8278" Y="13177" Z="0"/><Vertex X="8278" Y="13211" Z="0"/><Vertex X="8178" Y="13211" Z="0"/><Vertex X="8145" Y="13211" Z="0"/><Vertex X="8079" Y="13211" Z="0"/><Vertex X="8013" Y="13211" Z="0"/><Vertex X="7980" Y="13211" Z="0"/><Vertex X="7914" Y="13211" Z="0"/><Vertex X="7880" Y="13211" Z="0"/><Vertex X="7814" Y="13211" Z="0"/><Vertex X="7748" Y="13211" Z="0"/><Vertex X="7715" Y="13277" Z="0"/><Vertex X="7715" Y="13244" Z="0"/><Vertex X="7748" Y="13211" Z="0"/></Vertices></Region><Region Id="2" Type="0" Zoom="0.030203" Selected="0" ImageLocation="" ImageFocus="-1" Length="14192.5" Area="7207885.0" LengthMicrons="7002.6" AreaMicrons="1754713.2" Text="" NegativeROA="0" InputRegionId="0" Analyze="1" DisplayId="2"><Attributes></Attributes><Vertices><Vertex X="17515" Y="6523" Z="0"/><Vertex X="17416" Y="6589" Z="0"/><Vertex X="17383" Y="6589" Z="0"/><Vertex X="17316" Y="6589" Z="0"/><Vertex X="17316" Y="6622" Z="0"/><Vertex X="17217" Y="6622" Z="0"/><Vertex X="17151" Y="6622" Z="0"/><Vertex X="17151" Y="6688" Z="0"/><Vertex X="17018" Y="6688" Z="0"/><Vertex X="16952" Y="6688" Z="0"/><Vertex X="16952" Y="6721" Z="0"/><Vertex X="16886" Y="6721" Z="0"/><Vertex X="16787" Y="6787" Z="0"/><Vertex X="16720" Y="6787" Z="0"/><Vertex X="16687" Y="6854" Z="0"/><Vertex X="16621" Y="6854" Z="0"/><Vertex X="16621" Y="6920" Z="0"/><Vertex X="16555" Y="6920" Z="0"/><Vertex X="16555" Y="6953" Z="0"/><Vertex X="16522" Y="6953" Z="0"/><Vertex X="16522" Y="7019" Z="0"/><Vertex X="16522" Y="7052" Z="0"/><Vertex X="16522" Y="7118" Z="0"/><Vertex X="16522" Y="7185" Z="0"/><Vertex X="16522" Y="7251" Z="0"/><Vertex X="16522" Y="7317" Z="0"/><Vertex X="16522" Y="7383" Z="0"/><Vertex X="16522" Y="7450" Z="0"/><Vertex X="16522" Y="7516" Z="0"/><Vertex X="16522" Y="7549" Z="0"/><Vertex X="16522" Y="7615" Z="0"/><Vertex X="16522" Y="7681" Z="0"/><Vertex X="16522" Y="7748" Z="0"/><Vertex X="16522" Y="7814" Z="0"/><Vertex X="16522" Y="7847" Z="0"/><Vertex X="16522" Y="7946" Z="0"/><Vertex X="16522" Y="8046" Z="0"/><Vertex X="16522" Y="8112" Z="0"/><Vertex X="16456" Y="8112" Z="0"/><Vertex X="16456" Y="8178" Z="0"/><Vertex X="16456" Y="8277" Z="0"/><Vertex X="16422" Y="8277" Z="0"/><Vertex X="16422" Y="8310" Z="0"/><Vertex X="16422" Y="8377" Z="0"/><Vertex X="16422" Y="8443" Z="0"/><Vertex X="16422" Y="8476" Z="0"/><Vertex X="16422" Y="8542" Z="0"/><Vertex X="16422" Y="8575" Z="0"/><Vertex X="16422" Y="8675" Z="0"/><Vertex X="16422" Y="8741" Z="0"/><Vertex X="16356" Y="8774" Z="0"/><Vertex X="16356" Y="8840" Z="0"/><Vertex X="16290" Y="8840" Z="0"/><Vertex X="16290" Y="8906" Z="0"/><Vertex X="16257" Y="8906" Z="0"/><Vertex X="16257" Y="8939" Z="0"/><Vertex X="16191" Y="8939" Z="0"/><Vertex X="16191" Y="9006" Z="0"/><Vertex X="16125" Y="9006" Z="0"/><Vertex X="16125" Y="9039" Z="0"/><Vertex X="16091" Y="9105" Z="0"/><Vertex X="16091" Y="9171" Z="0"/><Vertex X="16025" Y="9171" Z="0"/><Vertex X="16025" Y="9204" Z="0"/><Vertex X="16025" Y="9271" Z="0"/><Vertex X="16025" Y="9337" Z="0"/><Vertex X="16025" Y="9370" Z="0"/><Vertex X="16058" Y="9436" Z="0"/><Vertex X="16058" Y="9502" Z="0"/><Vertex X="16091" Y="9502" Z="0"/><Vertex X="16091" Y="9535" Z="0"/><Vertex X="16158" Y="9535" Z="0"/><Vertex X="16224" Y="9535" Z="0"/><Vertex X="16257" Y="9535" Z="0"/><Vertex X="16323" Y="9535" Z="0"/><Vertex X="16356" Y="9535" Z="0"/><Vertex X="16422" Y="9535" Z="0"/><Vertex X="16489" Y="9535" Z="0"/><Vertex X="16522" Y="9535" Z="0"/><Vertex X="16588" Y="9535" Z="0"/><Vertex X="16621" Y="9535" Z="0"/><Vertex X="16687" Y="9535" Z="0"/><Vertex X="16754" Y="9535" Z="0"/><Vertex X="16787" Y="9469" Z="0"/><Vertex X="16853" Y="9469" Z="0"/><Vertex X="16853" Y="9403" Z="0"/><Vertex X="16952" Y="9403" Z="0"/><Vertex X="16952" Y="9370" Z="0"/><Vertex X="16985" Y="9370" Z="0"/><Vertex X="17052" Y="9304" Z="0"/><Vertex X="17118" Y="9304" Z="0"/><Vertex X="17151" Y="9237" Z="0"/><Vertex X="17217" Y="9237" Z="0"/><Vertex X="17283" Y="9171" Z="0"/><Vertex X="17316" Y="9171" Z="0"/><Vertex X="17383" Y="9171" Z="0"/><Vertex X="17383" Y="9138" Z="0"/><Vertex X="17449" Y="9138" Z="0"/><Vertex X="17482" Y="9138" Z="0"/><Vertex X="17482" Y="9072" Z="0"/><Vertex X="17548" Y="9072" Z="0"/><Vertex X="17581" Y="9006" Z="0"/><Vertex X="17648" Y="8939" Z="0"/><Vertex X="17714" Y="8939" Z="0"/><Vertex X="17714" Y="8906" Z="0"/><Vertex X="17747" Y="8906" Z="0"/><Vertex X="17747" Y="8840" Z="0"/><Vertex X="17813" Y="8840" Z="0"/><Vertex X="17879" Y="8774" Z="0"/><Vertex X="17912" Y="8774" Z="0"/><Vertex X="17979" Y="8741" Z="0"/><Vertex X="18045" Y="8741" Z="0"/><Vertex X="18045" Y="8675" Z="0"/><Vertex X="18078" Y="8675" Z="0"/><Vertex X="18078" Y="8608" Z="0"/><Vertex X="18144" Y="8608" Z="0"/><Vertex X="18144" Y="8575" Z="0"/><Vertex X="18210" Y="8575" Z="0"/><Vertex X="18210" Y="8509" Z="0"/><Vertex X="18243" Y="8509" Z="0"/><Vertex X="18243" Y="8476" Z="0"/><Vertex X="18310" Y="8476" Z="0"/><Vertex X="18310" Y="8410" Z="0"/><Vertex X="18343" Y="8410" Z="0"/><Vertex X="18409" Y="8410" Z="0"/><Vertex X="18409" Y="8344" Z="0"/><Vertex X="18475" Y="8344" Z="0"/><Vertex X="18475" Y="8310" Z="0"/><Vertex X="18508" Y="8310" Z="0"/><Vertex X="18575" Y="8310" Z="0"/><Vertex X="18575" Y="8244" Z="0"/><Vertex X="18608" Y="8244" Z="0"/><Vertex X="18674" Y="8244" Z="0"/><Vertex X="18740" Y="8244" Z="0"/><Vertex X="18806" Y="8178" Z="0"/><Vertex X="18873" Y="8178" Z="0"/><Vertex X="18939" Y="8178" Z="0"/><Vertex X="18972" Y="8178" Z="0"/><Vertex X="19038" Y="8178" Z="0"/><Vertex X="19071" Y="8178" Z="0"/><Vertex X="19071" Y="8145" Z="0"/><Vertex X="19137" Y="8145" Z="0"/><Vertex X="19204" Y="8145" Z="0"/><Vertex X="19237" Y="8145" Z="0"/><Vertex X="19237" Y="8079" Z="0"/><Vertex X="19303" Y="8079" Z="0"/><Vertex X="19336" Y="8079" Z="0"/><Vertex X="19402" Y="8012" Z="0"/><Vertex X="19469" Y="8012" Z="0"/><Vertex X="19502" Y="8012" Z="0"/><Vertex X="19568" Y="7979" Z="0"/><Vertex X="19634" Y="7979" Z="0"/><Vertex X="19667" Y="7979" Z="0"/><Vertex X="19667" Y="7913" Z="0"/><Vertex X="19733" Y="7913" Z="0"/><Vertex X="19800" Y="7913" Z="0"/><Vertex X="19800" Y="7847" Z="0"/><Vertex X="19800" Y="7814" Z="0"/><Vertex X="19800" Y="7748" Z="0"/><Vertex X="19800" Y="7714" Z="0"/><Vertex X="19767" Y="7714" Z="0"/><Vertex X="19767" Y="7648" Z="0"/><Vertex X="19700" Y="7648" Z="0"/><Vertex X="19700" Y="7582" Z="0"/><Vertex X="19667" Y="7582" Z="0"/><Vertex X="19667" Y="7549" Z="0"/><Vertex X="19601" Y="7483" Z="0"/><Vertex X="19601" Y="7416" Z="0"/><Vertex X="19535" Y="7416" Z="0"/><Vertex X="19535" Y="7383" Z="0"/><Vertex X="19535" Y="7317" Z="0"/><Vertex X="19502" Y="7317" Z="0"/><Vertex X="19502" Y="7251" Z="0"/><Vertex X="19502" Y="7185" Z="0"/><Vertex X="19435" Y="7185" Z="0"/><Vertex X="19435" Y="7118" Z="0"/><Vertex X="19435" Y="7085" Z="0"/><Vertex X="19435" Y="7019" Z="0"/><Vertex X="19435" Y="6986" Z="0"/><Vertex X="19435" Y="6920" Z="0"/><Vertex X="19435" Y="6820" Z="0"/><Vertex X="19435" Y="6787" Z="0"/><Vertex X="19469" Y="6721" Z="0"/><Vertex X="19469" Y="6655" Z="0"/><Vertex X="19568" Y="6655" Z="0"/><Vertex X="19568" Y="6622" Z="0"/><Vertex X="19601" Y="6622" Z="0"/><Vertex X="19601" Y="6556" Z="0"/><Vertex X="19667" Y="6556" Z="0"/><Vertex X="19667" Y="6523" Z="0"/><Vertex X="19700" Y="6523" Z="0"/><Vertex X="19700" Y="6456" Z="0"/><Vertex X="19767" Y="6390" Z="0"/><Vertex X="19767" Y="6357" Z="0"/><Vertex X="19767" Y="6291" Z="0"/><Vertex X="19767" Y="6225" Z="0"/><Vertex X="19700" Y="6225" Z="0"/><Vertex X="19634" Y="6225" Z="0"/><Vertex X="19568" Y="6225" Z="0"/><Vertex X="19502" Y="6225" Z="0"/><Vertex X="19469" Y="6225" Z="0"/><Vertex X="19402" Y="6225" Z="0"/><Vertex X="19336" Y="6225" Z="0"/><Vertex X="19303" Y="6225" Z="0"/><Vertex X="19237" Y="6225" Z="0"/><Vertex X="19171" Y="6225" Z="0"/><Vertex X="19071" Y="6225" Z="0"/><Vertex X="19071" Y="6258" Z="0"/><Vertex X="18972" Y="6258" Z="0"/><Vertex X="18873" Y="6258" Z="0"/><Vertex X="18806" Y="6258" Z="0"/><Vertex X="18806" Y="6324" Z="0"/><Vertex X="18740" Y="6324" Z="0"/><Vertex X="18707" Y="6324" Z="0"/><Vertex X="18641" Y="6324" Z="0"/><Vertex X="18575" Y="6324" Z="0"/><Vertex X="18575" Y="6357" Z="0"/><Vertex X="18508" Y="6357" Z="0"/><Vertex X="18409" Y="6357" Z="0"/><Vertex X="18310" Y="6423" Z="0"/><Vertex X="18243" Y="6423" Z="0"/><Vertex X="18144" Y="6489" Z="0"/><Vertex X="18078" Y="6489" Z="0"/><Vertex X="18045" Y="6489" Z="0"/><Vertex X="18045" Y="6556" Z="0"/><Vertex X="17979" Y="6556" Z="0"/><Vertex X="17912" Y="6556" Z="0"/><Vertex X="17879" Y="6556" Z="0"/><Vertex X="17813" Y="6556" Z="0"/><Vertex X="17747" Y="6589" Z="0"/><Vertex X="17714" Y="6589" Z="0"/><Vertex X="17648" Y="6589" Z="0"/><Vertex X="17614" Y="6589" Z="0"/><Vertex X="17515" Y="6589" Z="0"/><Vertex X="17515" Y="6523" Z="0"/></Vertices></Region><Region Id="3" Type="0" Zoom="0.030203" Selected="0" ImageLocation="" ImageFocus="-1" Length="12277.0" Area="6014825.5" LengthMicrons="6057.5" AreaMicrons="1464270.6" Text="" NegativeROA="0" InputRegionId="0" Analyze="1" DisplayId="3"><Attributes></Attributes><Vertices><Vertex X="24567" Y="9867" Z="0"/><Vertex X="24468" Y="9867" Z="0"/><Vertex X="24402" Y="9867" Z="0"/><Vertex X="24402" Y="9900" Z="0"/><Vertex X="24302" Y="9900" Z="0"/><Vertex X="24236" Y="9966" Z="0"/><Vertex X="24236" Y="9999" Z="0"/><Vertex X="24170" Y="9999" Z="0"/><Vertex X="24170" Y="10098" Z="0"/><Vertex X="24104" Y="10165" Z="0"/><Vertex X="24104" Y="10231" Z="0"/><Vertex X="24104" Y="10330" Z="0"/><Vertex X="24104" Y="10429" Z="0"/><Vertex X="24104" Y="10496" Z="0"/><Vertex X="24104" Y="10562" Z="0"/><Vertex X="24104" Y="10595" Z="0"/><Vertex X="24104" Y="10661" Z="0"/><Vertex X="24137" Y="10661" Z="0"/><Vertex X="24137" Y="10727" Z="0"/><Vertex X="24137" Y="10760" Z="0"/><Vertex X="24137" Y="10827" Z="0"/><Vertex X="24137" Y="10860" Z="0"/><Vertex X="24137" Y="10959" Z="0"/><Vertex X="24137" Y="11025" Z="0"/><Vertex X="24137" Y="11092" Z="0"/><Vertex X="24137" Y="11158" Z="0"/><Vertex X="24137" Y="11257" Z="0"/><Vertex X="24104" Y="11257" Z="0"/><Vertex X="24104" Y="11323" Z="0"/><Vertex X="24038" Y="11323" Z="0"/><Vertex X="24038" Y="11390" Z="0"/><Vertex X="24004" Y="11456" Z="0"/><Vertex X="24004" Y="11489" Z="0"/><Vertex X="23938" Y="11489" Z="0"/><Vertex X="23938" Y="11555" Z="0"/><Vertex X="23872" Y="11555" Z="0"/><Vertex X="23872" Y="11621" Z="0"/><Vertex X="23839" Y="11654" Z="0"/><Vertex X="23839" Y="11721" Z="0"/><Vertex X="23839" Y="11787" Z="0"/><Vertex X="23839" Y="11820" Z="0"/><Vertex X="23839" Y="11886" Z="0"/><Vertex X="23839" Y="11919" Z="0"/><Vertex X="23839" Y="12019" Z="0"/><Vertex X="23905" Y="12019" Z="0"/><Vertex X="23971" Y="12085" Z="0"/><Vertex X="24004" Y="12085" Z="0"/><Vertex X="24071" Y="12085" Z="0"/><Vertex X="24104" Y="12085" Z="0"/><Vertex X="24170" Y="12085" Z="0"/><Vertex X="24236" Y="12085" Z="0"/><Vertex X="24269" Y="12085" Z="0"/><Vertex X="24336" Y="12085" Z="0"/><Vertex X="24435" Y="12052" Z="0"/><Vertex X="24501" Y="12052" Z="0"/><Vertex X="24501" Y="11986" Z="0"/><Vertex X="24600" Y="11986" Z="0"/><Vertex X="24667" Y="11986" Z="0"/><Vertex X="24700" Y="11952" Z="0"/><Vertex X="24766" Y="11952" Z="0"/><Vertex X="24832" Y="11952" Z="0"/><Vertex X="24865" Y="11952" Z="0"/><Vertex X="24932" Y="11952" Z="0"/><Vertex X="24965" Y="11952" Z="0"/><Vertex X="25064" Y="11886" Z="0"/><Vertex X="25130" Y="11886" Z="0"/><Vertex X="25196" Y="11820" Z="0"/><Vertex X="25230" Y="11820" Z="0"/><Vertex X="25296" Y="11754" Z="0"/><Vertex X="25395" Y="11754" Z="0"/><Vertex X="25395" Y="11688" Z="0"/><Vertex X="25461" Y="11688" Z="0"/><Vertex X="25528" Y="11654" Z="0"/><Vertex X="25594" Y="11654" Z="0"/><Vertex X="25594" Y="11588" Z="0"/><Vertex X="25627" Y="11588" Z="0"/><Vertex X="25627" Y="11555" Z="0"/><Vertex X="25726" Y="11555" Z="0"/><Vertex X="25726" Y="11489" Z="0"/><Vertex X="25792" Y="11489" Z="0"/><Vertex X="25825" Y="11423" Z="0"/><Vertex X="25892" Y="11423" Z="0"/><Vertex X="25958" Y="11356" Z="0"/><Vertex X="25991" Y="11356" Z="0"/><Vertex X="26057" Y="11356" Z="0"/><Vertex X="26057" Y="11323" Z="0"/><Vertex X="26123" Y="11323" Z="0"/><Vertex X="26157" Y="11323" Z="0"/><Vertex X="26223" Y="11323" Z="0"/><Vertex X="26223" Y="11257" Z="0"/><Vertex X="26256" Y="11257" Z="0"/><Vertex X="26322" Y="11257" Z="0"/><Vertex X="26388" Y="11257" Z="0"/><Vertex X="26388" Y="11224" Z="0"/><Vertex X="26421" Y="11224" Z="0"/><Vertex X="26488" Y="11224" Z="0"/><Vertex X="26521" Y="11224" Z="0"/><Vertex X="26587" Y="11224" Z="0"/><Vertex X="26587" Y="11158" Z="0"/><Vertex X="26653" Y="11158" Z="0"/><Vertex X="26686" Y="11158" Z="0"/><Vertex X="26753" Y="11158" Z="0"/><Vertex X="26786" Y="11158" Z="0"/><Vertex X="26852" Y="11158" Z="0"/><Vertex X="26852" Y="11092" Z="0"/><Vertex X="26885" Y="11092" Z="0"/><Vertex X="26951" Y="11092" Z="0"/><Vertex X="27017" Y="11092" Z="0"/><Vertex X="27017" Y="11058" Z="0"/><Vertex X="27051" Y="11058" Z="0"/><Vertex X="27117" Y="11058" Z="0"/><Vertex X="27150" Y="11058" Z="0"/><Vertex X="27216" Y="11058" Z="0"/><Vertex X="27282" Y="11058" Z="0"/><Vertex X="27315" Y="11058" Z="0"/><Vertex X="27382" Y="11058" Z="0"/><Vertex X="27382" Y="10992" Z="0"/><Vertex X="27415" Y="10992" Z="0"/><Vertex X="27481" Y="10992" Z="0"/><Vertex X="27481" Y="10959" Z="0"/><Vertex X="27481" Y="10893" Z="0"/><Vertex X="27481" Y="10827" Z="0"/><Vertex X="27481" Y="10760" Z="0"/><Vertex X="27481" Y="10694" Z="0"/><Vertex X="27481" Y="10562" Z="0"/><Vertex X="27481" Y="10529" Z="0"/><Vertex X="27481" Y="10462" Z="0"/><Vertex X="27448" Y="10462" Z="0"/><Vertex X="27448" Y="10363" Z="0"/><Vertex X="27448" Y="10330" Z="0"/><Vertex X="27448" Y="10264" Z="0"/><Vertex X="27448" Y="10231" Z="0"/><Vertex X="27448" Y="10165" Z="0"/><Vertex X="27448" Y="10098" Z="0"/><Vertex X="27448" Y="10032" Z="0"/><Vertex X="27448" Y="9933" Z="0"/><Vertex X="27448" Y="9833" Z="0"/><Vertex X="27448" Y="9800" Z="0"/><Vertex X="27448" Y="9734" Z="0"/><Vertex X="27415" Y="9668" Z="0"/><Vertex X="27415" Y="9635" Z="0"/><Vertex X="27349" Y="9635" Z="0"/><Vertex X="27349" Y="9569" Z="0"/><Vertex X="27315" Y="9569" Z="0"/><Vertex X="27249" Y="9569" Z="0"/><Vertex X="27249" Y="9535" Z="0"/><Vertex X="27183" Y="9535" Z="0"/><Vertex X="27150" Y="9535" Z="0"/><Vertex X="27084" Y="9535" Z="0"/><Vertex X="27051" Y="9535" Z="0"/><Vertex X="27051" Y="9469" Z="0"/><Vertex X="26984" Y="9469" Z="0"/><Vertex X="26918" Y="9469" Z="0"/><Vertex X="26885" Y="9469" Z="0"/><Vertex X="26819" Y="9469" Z="0"/><Vertex X="26753" Y="9502" Z="0"/><Vertex X="26686" Y="9502" Z="0"/><Vertex X="26686" Y="9535" Z="0"/><Vertex X="26587" Y="9535" Z="0"/><Vertex X="26521" Y="9535" Z="0"/><Vertex X="26455" Y="9602" Z="0"/><Vertex X="26355" Y="9602" Z="0"/><Vertex X="26256" Y="9668" Z="0"/><Vertex X="26157" Y="9668" Z="0"/><Vertex X="26090" Y="9734" Z="0"/><Vertex X="25991" Y="9734" Z="0"/><Vertex X="25925" Y="9734" Z="0"/><Vertex X="25925" Y="9800" Z="0"/><Vertex X="25859" Y="9800" Z="0"/><Vertex X="25759" Y="9867" Z="0"/><Vertex X="25693" Y="9867" Z="0"/><Vertex X="25693" Y="9900" Z="0"/><Vertex X="25627" Y="9900" Z="0"/><Vertex X="25561" Y="9900" Z="0"/><Vertex X="25561" Y="9966" Z="0"/><Vertex X="25461" Y="9966" Z="0"/><Vertex X="25395" Y="9966" Z="0"/><Vertex X="25329" Y="9966" Z="0"/><Vertex X="25263" Y="10032" Z="0"/><Vertex X="25230" Y="10032" Z="0"/><Vertex X="25163" Y="10032" Z="0"/><Vertex X="25130" Y="10032" Z="0"/><Vertex X="25064" Y="10032" Z="0"/><Vertex X="25064" Y="9999" Z="0"/><Vertex X="24998" Y="9999" Z="0"/><Vertex X="24965" Y="9999" Z="0"/><Vertex X="24898" Y="9999" Z="0"/><Vertex X="24865" Y="9999" Z="0"/><Vertex X="24799" Y="9999" Z="0"/><Vertex X="24733" Y="9999" Z="0"/><Vertex X="24700" Y="9999" Z="0"/><Vertex X="24634" Y="9999" Z="0"/><Vertex X="24600" Y="9999" Z="0"/><Vertex X="24600" Y="9933" Z="0"/><Vertex X="24534" Y="9933" Z="0"/><Vertex X="24534" Y="9900" Z="0"/><Vertex X="24567" Y="9867" Z="0"/></Vertices></Region><Region Id="4" Type="0" Zoom="0.030203" Selected="0" ImageLocation="" ImageFocus="-1" Length="13010.7" Area="4240662.5" LengthMicrons="6419.5" AreaMicrons="1032362.0" Text="" NegativeROA="0" InputRegionId="0" Analyze="1" DisplayId="4"><Attributes></Attributes><Vertices><Vertex X="29765" Y="9072" Z="0"/><Vertex X="29699" Y="9072" Z="0"/><Vertex X="29600" Y="9105" Z="0"/><Vertex X="29567" Y="9105" Z="0"/><Vertex X="29501" Y="9105" Z="0"/><Vertex X="29434" Y="9171" Z="0"/><Vertex X="29401" Y="9171" Z="0"/><Vertex X="29335" Y="9171" Z="0"/><Vertex X="29269" Y="9237" Z="0"/><Vertex X="29170" Y="9304" Z="0"/><Vertex X="29136" Y="9304" Z="0"/><Vertex X="29136" Y="9337" Z="0"/><Vertex X="29070" Y="9337" Z="0"/><Vertex X="29070" Y="9403" Z="0"/><Vertex X="29037" Y="9403" Z="0"/><Vertex X="28971" Y="9502" Z="0"/><Vertex X="28905" Y="9569" Z="0"/><Vertex X="28805" Y="9635" Z="0"/><Vertex X="28805" Y="9734" Z="0"/><Vertex X="28772" Y="9734" Z="0"/><Vertex X="28772" Y="9767" Z="0"/><Vertex X="28706" Y="9767" Z="0"/><Vertex X="28706" Y="9833" Z="0"/><Vertex X="28706" Y="9900" Z="0"/><Vertex X="28706" Y="9966" Z="0"/><Vertex X="28706" Y="10032" Z="0"/><Vertex X="28706" Y="10098" Z="0"/><Vertex X="28772" Y="10131" Z="0"/><Vertex X="28872" Y="10198" Z="0"/><Vertex X="28938" Y="10198" Z="0"/><Vertex X="28938" Y="10264" Z="0"/><Vertex X="29037" Y="10264" Z="0"/><Vertex X="29136" Y="10264" Z="0"/><Vertex X="29170" Y="10330" Z="0"/><Vertex X="29236" Y="10330" Z="0"/><Vertex X="29302" Y="10297" Z="0"/><Vertex X="29335" Y="10231" Z="0"/><Vertex X="29434" Y="10131" Z="0"/><Vertex X="29501" Y="10065" Z="0"/><Vertex X="29567" Y="10032" Z="0"/><Vertex X="29567" Y="9966" Z="0"/><Vertex X="29633" Y="9966" Z="0"/><Vertex X="29633" Y="9900" Z="0"/><Vertex X="29666" Y="9900" Z="0"/><Vertex X="29666" Y="9867" Z="0"/><Vertex X="29732" Y="9867" Z="0"/><Vertex X="29732" Y="9800" Z="0"/><Vertex X="29765" Y="9800" Z="0"/><Vertex X="29765" Y="9767" Z="0"/><Vertex X="29832" Y="9767" Z="0"/><Vertex X="29898" Y="9701" Z="0"/><Vertex X="29964" Y="9701" Z="0"/><Vertex X="29964" Y="9635" Z="0"/><Vertex X="30063" Y="9635" Z="0"/><Vertex X="30163" Y="9569" Z="0"/><Vertex X="30262" Y="9569" Z="0"/><Vertex X="30328" Y="9569" Z="0"/><Vertex X="30428" Y="9569" Z="0"/><Vertex X="30461" Y="9569" Z="0"/><Vertex X="30527" Y="9569" Z="0"/><Vertex X="30527" Y="9635" Z="0"/><Vertex X="30593" Y="9701" Z="0"/><Vertex X="30593" Y="9734" Z="0"/><Vertex X="30593" Y="9833" Z="0"/><Vertex X="30626" Y="9833" Z="0"/><Vertex X="30626" Y="9900" Z="0"/><Vertex X="30626" Y="9933" Z="0"/><Vertex X="30626" Y="10032" Z="0"/><Vertex X="30626" Y="10098" Z="0"/><Vertex X="30693" Y="10098" Z="0"/><Vertex X="30693" Y="10131" Z="0"/><Vertex X="30693" Y="10198" Z="0"/><Vertex X="30759" Y="10264" Z="0"/><Vertex X="30759" Y="10297" Z="0"/><Vertex X="30825" Y="10363" Z="0"/><Vertex X="30825" Y="10429" Z="0"/><Vertex X="30858" Y="10429" Z="0"/><Vertex X="30858" Y="10462" Z="0"/><Vertex X="30924" Y="10462" Z="0"/><Vertex X="30991" Y="10529" Z="0"/><Vertex X="30991" Y="10595" Z="0"/><Vertex X="31024" Y="10595" Z="0"/><Vertex X="31024" Y="10628" Z="0"/><Vertex X="31090" Y="10694" Z="0"/><Vertex X="31156" Y="10694" Z="0"/><Vertex X="31156" Y="10760" Z="0"/><Vertex X="31189" Y="10760" Z="0"/><Vertex X="31255" Y="10760" Z="0"/><Vertex X="31255" Y="10794" Z="0"/><Vertex X="31289" Y="10794" Z="0"/><Vertex X="31289" Y="10860" Z="0"/><Vertex X="31355" Y="10860" Z="0"/><Vertex X="31355" Y="10893" Z="0"/><Vertex X="31421" Y="10893" Z="0"/><Vertex X="31454" Y="10959" Z="0"/><Vertex X="31520" Y="10959" Z="0"/><Vertex X="31586" Y="10959" Z="0"/><Vertex X="31620" Y="10959" Z="0"/><Vertex X="31686" Y="10959" Z="0"/><Vertex X="31719" Y="10959" Z="0"/><Vertex X="31818" Y="10959" Z="0"/><Vertex X="31918" Y="10959" Z="0"/><Vertex X="31918" Y="10926" Z="0"/><Vertex X="31984" Y="10926" Z="0"/><Vertex X="32050" Y="10926" Z="0"/><Vertex X="32116" Y="10926" Z="0"/><Vertex X="32149" Y="10926" Z="0"/><Vertex X="32216" Y="10926" Z="0"/><Vertex X="32249" Y="10926" Z="0"/><Vertex X="32315" Y="10893" Z="0"/><Vertex X="32381" Y="10893" Z="0"/><Vertex X="32447" Y="10893" Z="0"/><Vertex X="32447" Y="10827" Z="0"/><Vertex X="32514" Y="10827" Z="0"/><Vertex X="32514" Y="10794" Z="0"/><Vertex X="32580" Y="10794" Z="0"/><Vertex X="32613" Y="10794" Z="0"/><Vertex X="32613" Y="10727" Z="0"/><Vertex X="32679" Y="10727" Z="0"/><Vertex X="32679" Y="10661" Z="0"/><Vertex X="32712" Y="10661" Z="0"/><Vertex X="32712" Y="10628" Z="0"/><Vertex X="32778" Y="10628" Z="0"/><Vertex X="32778" Y="10562" Z="0"/><Vertex X="32878" Y="10562" Z="0"/><Vertex X="32878" Y="10529" Z="0"/><Vertex X="32911" Y="10529" Z="0"/><Vertex X="32977" Y="10462" Z="0"/><Vertex X="33043" Y="10396" Z="0"/><Vertex X="33043" Y="10330" Z="0"/><Vertex X="33110" Y="10297" Z="0"/><Vertex X="33110" Y="10231" Z="0"/><Vertex X="33143" Y="10231" Z="0"/><Vertex X="33143" Y="10131" Z="0"/><Vertex X="33143" Y="10065" Z="0"/><Vertex X="33143" Y="9999" Z="0"/><Vertex X="33143" Y="9933" Z="0"/><Vertex X="33110" Y="9867" Z="0"/><Vertex X="33076" Y="9867" Z="0"/><Vertex X="33076" Y="9800" Z="0"/><Vertex X="32977" Y="9800" Z="0"/><Vertex X="32878" Y="9800" Z="0"/><Vertex X="32845" Y="9800" Z="0"/><Vertex X="32778" Y="9734" Z="0"/><Vertex X="32712" Y="9734" Z="0"/><Vertex X="32679" Y="9734" Z="0"/><Vertex X="32613" Y="9734" Z="0"/><Vertex X="32480" Y="9734" Z="0"/><Vertex X="32480" Y="9701" Z="0"/><Vertex X="32414" Y="9701" Z="0"/><Vertex X="32348" Y="9701" Z="0"/><Vertex X="32315" Y="9701" Z="0"/><Vertex X="32182" Y="9701" Z="0"/><Vertex X="32116" Y="9701" Z="0"/><Vertex X="32083" Y="9701" Z="0"/><Vertex X="32017" Y="9701" Z="0"/><Vertex X="31918" Y="9701" Z="0"/><Vertex X="31851" Y="9635" Z="0"/><Vertex X="31785" Y="9635" Z="0"/><Vertex X="31719" Y="9635" Z="0"/><Vertex X="31719" Y="9569" Z="0"/><Vertex X="31686" Y="9569" Z="0"/><Vertex X="31620" Y="9569" Z="0"/><Vertex X="31620" Y="9535" Z="0"/><Vertex X="31586" Y="9535" Z="0"/><Vertex X="31520" Y="9469" Z="0"/><Vertex X="31454" Y="9469" Z="0"/><Vertex X="31388" Y="9403" Z="0"/><Vertex X="31355" Y="9337" Z="0"/><Vertex X="31289" Y="9337" Z="0"/><Vertex X="31289" Y="9304" Z="0"/><Vertex X="31222" Y="9304" Z="0"/><Vertex X="31189" Y="9237" Z="0"/><Vertex X="31123" Y="9237" Z="0"/><Vertex X="31024" Y="9171" Z="0"/><Vertex X="30957" Y="9171" Z="0"/><Vertex X="30891" Y="9171" Z="0"/><Vertex X="30825" Y="9171" Z="0"/><Vertex X="30726" Y="9171" Z="0"/><Vertex X="30593" Y="9171" Z="0"/><Vertex X="30461" Y="9171" Z="0"/><Vertex X="30428" Y="9171" Z="0"/><Vertex X="30328" Y="9171" Z="0"/><Vertex X="30262" Y="9171" Z="0"/><Vertex X="30229" Y="9171" Z="0"/><Vertex X="30163" Y="9171" Z="0"/><Vertex X="30097" Y="9171" Z="0"/><Vertex X="30063" Y="9171" Z="0"/><Vertex X="29997" Y="9171" Z="0"/><Vertex X="29964" Y="9171" Z="0"/><Vertex X="29865" Y="9171" Z="0"/><Vertex X="29765" Y="9171" Z="0"/><Vertex X="29765" Y="9204" Z="0"/><Vertex X="29732" Y="9204" Z="0"/><Vertex X="29765" Y="9072" Z="0"/></Vertices></Region><Region Id="5" Type="0" Zoom="0.030203" Selected="0" ImageLocation="" ImageFocus="-1" Length="16082.6" Area="8572995.5" LengthMicrons="7935.2" AreaMicrons="2087040.6" Text="" NegativeROA="0" InputRegionId="0" Analyze="1" DisplayId="5"><Attributes></Attributes><Vertices><Vertex X="8907" Y="17813" Z="0"/><Vertex X="8840" Y="17813" Z="0"/><Vertex X="8807" Y="17846" Z="0"/><Vertex X="8741" Y="17846" Z="0"/><Vertex X="8675" Y="17846" Z="0"/><Vertex X="8642" Y="17846" Z="0"/><Vertex X="8543" Y="17912" Z="0"/><Vertex X="8443" Y="17912" Z="0"/><Vertex X="8377" Y="17912" Z="0"/><Vertex X="8311" Y="17978" Z="0"/><Vertex X="8245" Y="17978" Z="0"/><Vertex X="8211" Y="17978" Z="0"/><Vertex X="8145" Y="18044" Z="0"/><Vertex X="8079" Y="18044" Z="0"/><Vertex X="8046" Y="18044" Z="0"/><Vertex X="7980" Y="18078" Z="0"/><Vertex X="7913" Y="18078" Z="0"/><Vertex X="7880" Y="18078" Z="0"/><Vertex X="7880" Y="18144" Z="0"/><Vertex X="7814" Y="18144" Z="0"/><Vertex X="7748" Y="18144" Z="0"/><Vertex X="7715" Y="18144" Z="0"/><Vertex X="7649" Y="18210" Z="0"/><Vertex X="7582" Y="18210" Z="0"/><Vertex X="7582" Y="18243" Z="0"/><Vertex X="7549" Y="18243" Z="0"/><Vertex X="7483" Y="18243" Z="0"/><Vertex X="7450" Y="18243" Z="0"/><Vertex X="7450" Y="18309" Z="0"/><Vertex X="7351" Y="18309" Z="0"/><Vertex X="7284" Y="18309" Z="0"/><Vertex X="7284" Y="18342" Z="0"/><Vertex X="7251" Y="18342" Z="0"/><Vertex X="7185" Y="18342" Z="0"/><Vertex X="7185" Y="18409" Z="0"/><Vertex X="7119" Y="18409" Z="0"/><Vertex X="7053" Y="18475" Z="0"/><Vertex X="6986" Y="18475" Z="0"/><Vertex X="6953" Y="18475" Z="0"/><Vertex X="6953" Y="18508" Z="0"/><Vertex X="6887" Y="18574" Z="0"/><Vertex X="6887" Y="18640" Z="0"/><Vertex X="6887" Y="18674" Z="0"/><Vertex X="6821" Y="18740" Z="0"/><Vertex X="6821" Y="18806" Z="0"/><Vertex X="6821" Y="18839" Z="0"/><Vertex X="6821" Y="18905" Z="0"/><Vertex X="6821" Y="18972" Z="0"/><Vertex X="6854" Y="19005" Z="0"/><Vertex X="6854" Y="19071" Z="0"/><Vertex X="6854" Y="19137" Z="0"/><Vertex X="6920" Y="19170" Z="0"/><Vertex X="6920" Y="19236" Z="0"/><Vertex X="6920" Y="19303" Z="0"/><Vertex X="6953" Y="19303" Z="0"/><Vertex X="6953" Y="19336" Z="0"/><Vertex X="7019" Y="19402" Z="0"/><Vertex X="7019" Y="19468" Z="0"/><Vertex X="7086" Y="19501" Z="0"/><Vertex X="7119" Y="19568" Z="0"/><Vertex X="7185" Y="19634" Z="0"/><Vertex X="7251" Y="19634" Z="0"/><Vertex X="7351" Y="19700" Z="0"/><Vertex X="7417" Y="19700" Z="0"/><Vertex X="7516" Y="19766" Z="0"/><Vertex X="7615" Y="19766" Z="0"/><Vertex X="7615" Y="19799" Z="0"/><Vertex X="7682" Y="19799" Z="0"/><Vertex X="7748" Y="19866" Z="0"/><Vertex X="7814" Y="19866" Z="0"/><Vertex X="7814" Y="19932" Z="0"/><Vertex X="7847" Y="19932" Z="0"/><Vertex X="7913" Y="19965" Z="0"/><Vertex X="7980" Y="19965" Z="0"/><Vertex X="7980" Y="20031" Z="0"/><Vertex X="8013" Y="20031" Z="0"/><Vertex X="8079" Y="20031" Z="0"/><Vertex X="8145" Y="20097" Z="0"/><Vertex X="8211" Y="20097" Z="0"/><Vertex X="8278" Y="20097" Z="0"/><Vertex X="8377" Y="20097" Z="0"/><Vertex X="8443" Y="20163" Z="0"/><Vertex X="8476" Y="20163" Z="0"/><Vertex X="8543" Y="20163" Z="0"/><Vertex X="8543" Y="20197" Z="0"/><Vertex X="8576" Y="20197" Z="0"/><Vertex X="8642" Y="20197" Z="0"/><Vertex X="8642" Y="20263" Z="0"/><Vertex X="8708" Y="20263" Z="0"/><Vertex X="8741" Y="20263" Z="0"/><Vertex X="8807" Y="20263" Z="0"/><Vertex X="8807" Y="20296" Z="0"/><Vertex X="8840" Y="20296" Z="0"/><Vertex X="8907" Y="20296" Z="0"/><Vertex X="8973" Y="20296" Z="0"/><Vertex X="9039" Y="20296" Z="0"/><Vertex X="9138" Y="20296" Z="0"/><Vertex X="9238" Y="20296" Z="0"/><Vertex X="9304" Y="20296" Z="0"/><Vertex X="9370" Y="20296" Z="0"/><Vertex X="9370" Y="20362" Z="0"/><Vertex X="9403" Y="20362" Z="0"/><Vertex X="9470" Y="20428" Z="0"/><Vertex X="9536" Y="20428" Z="0"/><Vertex X="9569" Y="20428" Z="0"/><Vertex X="9635" Y="20428" Z="0"/><Vertex X="9701" Y="20428" Z="0"/><Vertex X="9734" Y="20428" Z="0"/><Vertex X="9801" Y="20428" Z="0"/><Vertex X="9834" Y="20428" Z="0"/><Vertex X="9834" Y="20461" Z="0"/><Vertex X="9900" Y="20461" Z="0"/><Vertex X="9966" Y="20461" Z="0"/><Vertex X="9999" Y="20461" Z="0"/><Vertex X="10066" Y="20461" Z="0"/><Vertex X="10132" Y="20461" Z="0"/><Vertex X="10231" Y="20428" Z="0"/><Vertex X="10330" Y="20428" Z="0"/><Vertex X="10430" Y="20428" Z="0"/><Vertex X="10463" Y="20395" Z="0"/><Vertex X="10529" Y="20395" Z="0"/><Vertex X="10595" Y="20395" Z="0"/><Vertex X="10628" Y="20395" Z="0"/><Vertex X="10695" Y="20395" Z="0"/><Vertex X="10728" Y="20395" Z="0"/><Vertex X="10794" Y="20395" Z="0"/><Vertex X="10860" Y="20395" Z="0"/><Vertex X="10926" Y="20395" Z="0"/><Vertex X="11026" Y="20395" Z="0"/><Vertex X="11125" Y="20329" Z="0"/><Vertex X="11191" Y="20329" Z="0"/><Vertex X="11291" Y="20329" Z="0"/><Vertex X="11357" Y="20329" Z="0"/><Vertex X="11390" Y="20329" Z="0"/><Vertex X="11456" Y="20329" Z="0"/><Vertex X="11456" Y="20263" Z="0"/><Vertex X="11489" Y="20263" Z="0"/><Vertex X="11555" Y="20263" Z="0"/><Vertex X="11622" Y="20263" Z="0"/><Vertex X="11655" Y="20263" Z="0"/><Vertex X="11721" Y="20263" Z="0"/><Vertex X="11754" Y="20263" Z="0"/><Vertex X="11820" Y="20263" Z="0"/><Vertex X="11887" Y="20197" Z="0"/><Vertex X="11920" Y="20197" Z="0"/><Vertex X="11986" Y="20197" Z="0"/><Vertex X="11986" Y="20163" Z="0"/><Vertex X="12052" Y="20163" Z="0"/><Vertex X="12085" Y="20163" Z="0"/><Vertex X="12151" Y="20163" Z="0"/><Vertex X="12151" Y="20097" Z="0"/><Vertex X="12185" Y="20097" Z="0"/><Vertex X="12251" Y="20097" Z="0"/><Vertex X="12317" Y="20097" Z="0"/><Vertex X="12317" Y="20064" Z="0"/><Vertex X="12350" Y="20064" Z="0"/><Vertex X="12416" Y="20064" Z="0"/><Vertex X="12416" Y="19998" Z="0"/><Vertex X="12449" Y="19998" Z="0"/><Vertex X="12516" Y="19998" Z="0"/><Vertex X="12516" Y="19932" Z="0"/><Vertex X="12582" Y="19932" Z="0"/><Vertex X="12615" Y="19932" Z="0"/><Vertex X="12615" Y="19899" Z="0"/><Vertex X="12681" Y="19899" Z="0"/><Vertex X="12714" Y="19899" Z="0"/><Vertex X="12714" Y="19832" Z="0"/><Vertex X="12780" Y="19832" Z="0"/><Vertex X="12780" Y="19799" Z="0"/><Vertex X="12780" Y="19733" Z="0"/><Vertex X="12780" Y="19667" Z="0"/><Vertex X="12780" Y="19634" Z="0"/><Vertex X="12747" Y="19634" Z="0"/><Vertex X="12681" Y="19634" Z="0"/><Vertex X="12582" Y="19634" Z="0"/><Vertex X="12582" Y="19568" Z="0"/><Vertex X="12482" Y="19568" Z="0"/><Vertex X="12416" Y="19568" Z="0"/><Vertex X="12317" Y="19501" Z="0"/><Vertex X="12218" Y="19501" Z="0"/><Vertex X="12185" Y="19501" Z="0"/><Vertex X="12118" Y="19468" Z="0"/><Vertex X="12019" Y="19468" Z="0"/><Vertex X="11986" Y="19468" Z="0"/><Vertex X="11920" Y="19468" Z="0"/><Vertex X="11853" Y="19468" Z="0"/><Vertex X="11820" Y="19402" Z="0"/><Vertex X="11754" Y="19402" Z="0"/><Vertex X="11688" Y="19402" Z="0"/><Vertex X="11589" Y="19402" Z="0"/><Vertex X="11589" Y="19336" Z="0"/><Vertex X="11489" Y="19336" Z="0"/><Vertex X="11390" Y="19336" Z="0"/><Vertex X="11357" Y="19270" Z="0"/><Vertex X="11224" Y="19270" Z="0"/><Vertex X="11158" Y="19270" Z="0"/><Vertex X="11092" Y="19236" Z="0"/><Vertex X="11059" Y="19236" Z="0"/><Vertex X="10993" Y="19236" Z="0"/><Vertex X="10959" Y="19236" Z="0"/><Vertex X="10893" Y="19236" Z="0"/><Vertex X="10893" Y="19170" Z="0"/><Vertex X="10794" Y="19170" Z="0"/><Vertex X="10761" Y="19170" Z="0"/><Vertex X="10695" Y="19104" Z="0"/><Vertex X="10628" Y="19104" Z="0"/><Vertex X="10628" Y="19071" Z="0"/><Vertex X="10562" Y="19071" Z="0"/><Vertex X="10496" Y="19071" Z="0"/><Vertex X="10430" Y="19005" Z="0"/><Vertex X="10397" Y="19005" Z="0"/><Vertex X="10330" Y="18938" Z="0"/><Vertex X="10264" Y="18938" Z="0"/><Vertex X="10231" Y="18872" Z="0"/><Vertex X="10165" Y="18872" Z="0"/><Vertex X="10099" Y="18839" Z="0"/><Vertex X="10066" Y="18839" Z="0"/><Vertex X="9999" Y="18839" Z="0"/><Vertex X="9999" Y="18773" Z="0"/><Vertex X="9933" Y="18773" Z="0"/><Vertex X="9900" Y="18773" Z="0"/><Vertex X="9900" Y="18707" Z="0"/><Vertex X="9834" Y="18707" Z="0"/><Vertex X="9801" Y="18707" Z="0"/><Vertex X="9801" Y="18674" Z="0"/><Vertex X="9734" Y="18674" Z="0"/><Vertex X="9668" Y="18674" Z="0"/><Vertex X="9668" Y="18607" Z="0"/><Vertex X="9635" Y="18607" Z="0"/><Vertex X="9569" Y="18541" Z="0"/><Vertex X="9503" Y="18541" Z="0"/><Vertex X="9503" Y="18508" Z="0"/><Vertex X="9470" Y="18442" Z="0"/><Vertex X="9470" Y="18376" Z="0"/><Vertex X="9470" Y="18342" Z="0"/><Vertex X="9403" Y="18342" Z="0"/><Vertex X="9403" Y="18276" Z="0"/><Vertex X="9403" Y="18243" Z="0"/><Vertex X="9337" Y="18243" Z="0"/><Vertex X="9337" Y="18177" Z="0"/><Vertex X="9337" Y="18111" Z="0"/><Vertex X="9337" Y="18078" Z="0"/><Vertex X="9304" Y="18078" Z="0"/><Vertex X="9304" Y="18011" Z="0"/><Vertex X="9304" Y="17978" Z="0"/><Vertex X="9238" Y="17978" Z="0"/><Vertex X="9205" Y="17912" Z="0"/><Vertex X="9138" Y="17912" Z="0"/><Vertex X="9072" Y="17912" Z="0"/><Vertex X="9072" Y="17846" Z="0"/><Vertex X="9039" Y="17846" Z="0"/><Vertex X="8973" Y="17846" Z="0"/><Vertex X="8973" Y="17813" Z="0"/><Vertex X="8940" Y="17813" Z="0"/><Vertex X="8874" Y="17813" Z="0"/><Vertex X="8874" Y="17747" Z="0"/><Vertex X="8907" Y="17813" Z="0"/></Vertices></Region><Region Id="6" Type="0" Zoom="0.087032" Selected="0" ImageLocation="" ImageFocus="-1" Length="22272.9" Area="18474715.5" LengthMicrons="10989.4" AreaMicrons="4497550.6" Text="" NegativeROA="0" InputRegionId="0" Analyze="1" DisplayId="6"><Attributes></Attributes><Vertices><Vertex X="20888" Y="16603" Z="0"/><Vertex X="20865" Y="16603" Z="0"/><Vertex X="20854" Y="16603" Z="0"/><Vertex X="20831" Y="16603" Z="0"/><Vertex X="20808" Y="16603" Z="0"/><Vertex X="20785" Y="16603" Z="0"/><Vertex X="20751" Y="16603" Z="0"/><Vertex X="20716" Y="16603" Z="0"/><Vertex X="20705" Y="16615" Z="0"/><Vertex X="20682" Y="16615" Z="0"/><Vertex X="20659" Y="16615" Z="0"/><Vertex X="20647" Y="16615" Z="0"/><Vertex X="20624" Y="16615" Z="0"/><Vertex X="20601" Y="16638" Z="0"/><Vertex X="20590" Y="16638" Z="0"/><Vertex X="20567" Y="16638" Z="0"/><Vertex X="20555" Y="16638" Z="0"/><Vertex X="20532" Y="16649" Z="0"/><Vertex X="20509" Y="16649" Z="0"/><Vertex X="20475" Y="16649" Z="0"/><Vertex X="20452" Y="16672" Z="0"/><Vertex X="20429" Y="16672" Z="0"/><Vertex X="20417" Y="16672" Z="0"/><Vertex X="20394" Y="16695" Z="0"/><Vertex X="20371" Y="16695" Z="0"/><Vertex X="20348" Y="16718" Z="0"/><Vertex X="20337" Y="16718" Z="0"/><Vertex X="20314" Y="16741" Z="0"/><Vertex X="20291" Y="16741" Z="0"/><Vertex X="20279" Y="16753" Z="0"/><Vertex X="20245" Y="16776" Z="0"/><Vertex X="20211" Y="16810" Z="0"/><Vertex X="20176" Y="16845" Z="0"/><Vertex X="20165" Y="16845" Z="0"/><Vertex X="20165" Y="16879" Z="0"/><Vertex X="20130" Y="16879" Z="0"/><Vertex X="20130" Y="16891" Z="0"/><Vertex X="20096" Y="16891" Z="0"/><Vertex X="20096" Y="16914" Z="0"/><Vertex X="20061" Y="16914" Z="0"/><Vertex X="20038" Y="16937" Z="0"/><Vertex X="20004" Y="16960" Z="0"/><Vertex X="19969" Y="16983" Z="0"/><Vertex X="19969" Y="17006" Z="0"/><Vertex X="19935" Y="17029" Z="0"/><Vertex X="19935" Y="17052" Z="0"/><Vertex X="19900" Y="17063" Z="0"/><Vertex X="19900" Y="17086" Z="0"/><Vertex X="19877" Y="17109" Z="0"/><Vertex X="19843" Y="17155" Z="0"/><Vertex X="19843" Y="17178" Z="0"/><Vertex X="19808" Y="17189" Z="0"/><Vertex X="19808" Y="17212" Z="0"/><Vertex X="19762" Y="17235" Z="0"/><Vertex X="19739" Y="17258" Z="0"/><Vertex X="19705" Y="17281" Z="0"/><Vertex X="19671" Y="17304" Z="0"/><Vertex X="19659" Y="17316" Z="0"/><Vertex X="19636" Y="17339" Z="0"/><Vertex X="19613" Y="17362" Z="0"/><Vertex X="19590" Y="17362" Z="0"/><Vertex X="19579" Y="17396" Z="0"/><Vertex X="19533" Y="17442" Z="0"/><Vertex X="19521" Y="17465" Z="0"/><Vertex X="19498" Y="17477" Z="0"/><Vertex X="19498" Y="17500" Z="0"/><Vertex X="19452" Y="17523" Z="0"/><Vertex X="19429" Y="17557" Z="0"/><Vertex X="19406" Y="17592" Z="0"/><Vertex X="19383" Y="17615" Z="0"/><Vertex X="19360" Y="17649" Z="0"/><Vertex X="19360" Y="17684" Z="0"/><Vertex X="19314" Y="17718" Z="0"/><Vertex X="19314" Y="17752" Z="0"/><Vertex X="19291" Y="17775" Z="0"/><Vertex X="19291" Y="17787" Z="0"/><Vertex X="19257" Y="17810" Z="0"/><Vertex X="19234" Y="17833" Z="0"/><Vertex X="19211" Y="17856" Z="0"/><Vertex X="19188" Y="17879" Z="0"/><Vertex X="19176" Y="17879" Z="0"/><Vertex X="19176" Y="17913" Z="0"/><Vertex X="19142" Y="17913" Z="0"/><Vertex X="19119" Y="17948" Z="0"/><Vertex X="19107" Y="17948" Z="0"/><Vertex X="19085" Y="17982" Z="0"/><Vertex X="19062" Y="17994" Z="0"/><Vertex X="19039" Y="17994" Z="0"/><Vertex X="19016" Y="18028" Z="0"/><Vertex X="19004" Y="18028" Z="0"/><Vertex X="18947" Y="18063" Z="0"/><Vertex X="18924" Y="18109" Z="0"/><Vertex X="18889" Y="18143" Z="0"/><Vertex X="18866" Y="18166" Z="0"/><Vertex X="18843" Y="18178" Z="0"/><Vertex X="18820" Y="18212" Z="0"/><Vertex X="18820" Y="18247" Z="0"/><Vertex X="18809" Y="18270" Z="0"/><Vertex X="18809" Y="18281" Z="0"/><Vertex X="18809" Y="18304" Z="0"/><Vertex X="18786" Y="18327" Z="0"/><Vertex X="18786" Y="18338" Z="0"/><Vertex X="18786" Y="18361" Z="0"/><Vertex X="18751" Y="18384" Z="0"/><Vertex X="18751" Y="18396" Z="0"/><Vertex X="18728" Y="18419" Z="0"/><Vertex X="18728" Y="18442" Z="0"/><Vertex X="18705" Y="18453" Z="0"/><Vertex X="18705" Y="18476" Z="0"/><Vertex X="18694" Y="18499" Z="0"/><Vertex X="18694" Y="18511" Z="0"/><Vertex X="18671" Y="18534" Z="0"/><Vertex X="18671" Y="18557" Z="0"/><Vertex X="18671" Y="18568" Z="0"/><Vertex X="18648" Y="18591" Z="0"/><Vertex X="18648" Y="18614" Z="0"/><Vertex X="18648" Y="18626" Z="0"/><Vertex X="18648" Y="18649" Z="0"/><Vertex X="18648" Y="18672" Z="0"/><Vertex X="18648" Y="18683" Z="0"/><Vertex X="18648" Y="18718" Z="0"/><Vertex X="18648" Y="18752" Z="0"/><Vertex X="18648" Y="18775" Z="0"/><Vertex X="18648" Y="18810" Z="0"/><Vertex X="18648" Y="18821" Z="0"/><Vertex X="18648" Y="18844" Z="0"/><Vertex X="18648" Y="18867" Z="0"/><Vertex X="18648" Y="18879" Z="0"/><Vertex X="18659" Y="18913" Z="0"/><Vertex X="18659" Y="18947" Z="0"/><Vertex X="18682" Y="18982" Z="0"/><Vertex X="18682" Y="18993" Z="0"/><Vertex X="18694" Y="18993" Z="0"/><Vertex X="18694" Y="19016" Z="0"/><Vertex X="18694" Y="19028" Z="0"/><Vertex X="18717" Y="19028" Z="0"/><Vertex X="18717" Y="19051" Z="0"/><Vertex X="18740" Y="19074" Z="0"/><Vertex X="18740" Y="19085" Z="0"/><Vertex X="18751" Y="19085" Z="0"/><Vertex X="18751" Y="19108" Z="0"/><Vertex X="18774" Y="19131" Z="0"/><Vertex X="18774" Y="19143" Z="0"/><Vertex X="18797" Y="19166" Z="0"/><Vertex X="18820" Y="19189" Z="0"/><Vertex X="18832" Y="19200" Z="0"/><Vertex X="18855" Y="19223" Z="0"/><Vertex X="18889" Y="19246" Z="0"/><Vertex X="18924" Y="19246" Z="0"/><Vertex X="18924" Y="19269" Z="0"/><Vertex X="18935" Y="19269" Z="0"/><Vertex X="18970" Y="19269" Z="0"/><Vertex X="18970" Y="19281" Z="0"/><Vertex X="18981" Y="19281" Z="0"/><Vertex X="19004" Y="19281" Z="0"/><Vertex X="19027" Y="19281" Z="0"/><Vertex X="19039" Y="19281" Z="0"/><Vertex X="19062" Y="19281" Z="0"/><Vertex X="19073" Y="19281" Z="0"/><Vertex X="19073" Y="19258" Z="0"/><Vertex X="19107" Y="19258" Z="0"/><Vertex X="19107" Y="19235" Z="0"/><Vertex X="19153" Y="19235" Z="0"/><Vertex X="19176" Y="19212" Z="0"/><Vertex X="19188" Y="19212" Z="0"/><Vertex X="19211" Y="19177" Z="0"/><Vertex X="19234" Y="19177" Z="0"/><Vertex X="19257" Y="19154" Z="0"/><Vertex X="19268" Y="19154" Z="0"/><Vertex X="19291" Y="19131" Z="0"/><Vertex X="19314" Y="19131" Z="0"/><Vertex X="19326" Y="19131" Z="0"/><Vertex X="19349" Y="19120" Z="0"/><Vertex X="19372" Y="19120" Z="0"/><Vertex X="19383" Y="19120" Z="0"/><Vertex X="19406" Y="19120" Z="0"/><Vertex X="19429" Y="19085" Z="0"/><Vertex X="19441" Y="19085" Z="0"/><Vertex X="19464" Y="19062" Z="0"/><Vertex X="19487" Y="19062" Z="0"/><Vertex X="19498" Y="19039" Z="0"/><Vertex X="19521" Y="19039" Z="0"/><Vertex X="19556" Y="19039" Z="0"/><Vertex X="19567" Y="19016" Z="0"/><Vertex X="19590" Y="19016" Z="0"/><Vertex X="19613" Y="19016" Z="0"/><Vertex X="19625" Y="19016" Z="0"/><Vertex X="19648" Y="19005" Z="0"/><Vertex X="19671" Y="19005" Z="0"/><Vertex X="19682" Y="19005" Z="0"/><Vertex X="19705" Y="18982" Z="0"/><Vertex X="19739" Y="18982" Z="0"/><Vertex X="19751" Y="18982" Z="0"/><Vertex X="19785" Y="18982" Z="0"/><Vertex X="19808" Y="18982" Z="0"/><Vertex X="19831" Y="18959" Z="0"/><Vertex X="19854" Y="18959" Z="0"/><Vertex X="19877" Y="18959" Z="0"/><Vertex X="19889" Y="18959" Z="0"/><Vertex X="19912" Y="18959" Z="0"/><Vertex X="19923" Y="18959" Z="0"/><Vertex X="19946" Y="18959" Z="0"/><Vertex X="19981" Y="18936" Z="0"/><Vertex X="20004" Y="18936" Z="0"/><Vertex X="20027" Y="18936" Z="0"/><Vertex X="20038" Y="18936" Z="0"/><Vertex X="20061" Y="18913" Z="0"/><Vertex X="20084" Y="18913" Z="0"/><Vertex X="20096" Y="18913" Z="0"/><Vertex X="20119" Y="18913" Z="0"/><Vertex X="20130" Y="18913" Z="0"/><Vertex X="20176" Y="18913" Z="0"/><Vertex X="20199" Y="18913" Z="0"/><Vertex X="20222" Y="18913" Z="0"/><Vertex X="20256" Y="18913" Z="0"/><Vertex X="20291" Y="18913" Z="0"/><Vertex X="20314" Y="18913" Z="0"/><Vertex X="20348" Y="18913" Z="0"/><Vertex X="20383" Y="18901" Z="0"/><Vertex X="20406" Y="18901" Z="0"/><Vertex X="20440" Y="18901" Z="0"/><Vertex X="20475" Y="18879" Z="0"/><Vertex X="20498" Y="18879" Z="0"/><Vertex X="20521" Y="18879" Z="0"/><Vertex X="20544" Y="18879" Z="0"/><Vertex X="20555" Y="18879" Z="0"/><Vertex X="20578" Y="18879" Z="0"/><Vertex X="20601" Y="18879" Z="0"/><Vertex X="20613" Y="18879" Z="0"/><Vertex X="20647" Y="18856" Z="0"/><Vertex X="20682" Y="18856" Z="0"/><Vertex X="20705" Y="18856" Z="0"/><Vertex X="20739" Y="18833" Z="0"/><Vertex X="20774" Y="18833" Z="0"/><Vertex X="20808" Y="18833" Z="0"/><Vertex X="20820" Y="18833" Z="0"/><Vertex X="20842" Y="18833" Z="0"/><Vertex X="20854" Y="18833" Z="0"/><Vertex X="20877" Y="18810" Z="0"/><Vertex X="20900" Y="18810" Z="0"/><Vertex X="20923" Y="18810" Z="0"/><Vertex X="20957" Y="18810" Z="0"/><Vertex X="20980" Y="18787" Z="0"/><Vertex X="20992" Y="18787" Z="0"/><Vertex X="21026" Y="18787" Z="0"/><Vertex X="21061" Y="18775" Z="0"/><Vertex X="21095" Y="18775" Z="0"/><Vertex X="21107" Y="18775" Z="0"/><Vertex X="21141" Y="18752" Z="0"/><Vertex X="21164" Y="18752" Z="0"/><Vertex X="21187" Y="18752" Z="0"/><Vertex X="21222" Y="18752" Z="0"/><Vertex X="21256" Y="18764" Z="0"/><Vertex X="21279" Y="18764" Z="0"/><Vertex X="21325" Y="18764" Z="0"/><Vertex X="21371" Y="18798" Z="0"/><Vertex X="21417" Y="18798" Z="0"/><Vertex X="21474" Y="18798" Z="0"/><Vertex X="21520" Y="18821" Z="0"/><Vertex X="21566" Y="18821" Z="0"/><Vertex X="21624" Y="18821" Z="0"/><Vertex X="21681" Y="18844" Z="0"/><Vertex X="21750" Y="18844" Z="0"/><Vertex X="21808" Y="18844" Z="0"/><Vertex X="21854" Y="18867" Z="0"/><Vertex X="21888" Y="18867" Z="0"/><Vertex X="21911" Y="18867" Z="0"/><Vertex X="21946" Y="18867" Z="0"/><Vertex X="21980" Y="18867" Z="0"/><Vertex X="22003" Y="18867" Z="0"/><Vertex X="22037" Y="18867" Z="0"/><Vertex X="22060" Y="18856" Z="0"/><Vertex X="22072" Y="18856" Z="0"/><Vertex X="22095" Y="18856" Z="0"/><Vertex X="22106" Y="18856" Z="0"/><Vertex X="22106" Y="18844" Z="0"/><Vertex X="22141" Y="18844" Z="0"/><Vertex X="22175" Y="18844" Z="0"/><Vertex X="22210" Y="18821" Z="0"/><Vertex X="22233" Y="18821" Z="0"/><Vertex X="22267" Y="18798" Z="0"/><Vertex X="22290" Y="18798" Z="0"/><Vertex X="22313" Y="18798" Z="0"/><Vertex X="22313" Y="18775" Z="0"/><Vertex X="22348" Y="18775" Z="0"/><Vertex X="22394" Y="18752" Z="0"/><Vertex X="22417" Y="18752" Z="0"/><Vertex X="22440" Y="18752" Z="0"/><Vertex X="22474" Y="18729" Z="0"/><Vertex X="22497" Y="18729" Z="0"/><Vertex X="22509" Y="18718" Z="0"/><Vertex X="22566" Y="18695" Z="0"/><Vertex X="22600" Y="18672" Z="0"/><Vertex X="22612" Y="18672" Z="0"/><Vertex X="22646" Y="18649" Z="0"/><Vertex X="22704" Y="18626" Z="0"/><Vertex X="22738" Y="18614" Z="0"/><Vertex X="22773" Y="18614" Z="0"/><Vertex X="22796" Y="18591" Z="0"/><Vertex X="22830" Y="18591" Z="0"/><Vertex X="22853" Y="18568" Z="0"/><Vertex X="22888" Y="18545" Z="0"/><Vertex X="22922" Y="18545" Z="0"/><Vertex X="22922" Y="18534" Z="0"/><Vertex X="22945" Y="18534" Z="0"/><Vertex X="22980" Y="18534" Z="0"/><Vertex X="22980" Y="18511" Z="0"/><Vertex X="23014" Y="18511" Z="0"/><Vertex X="23037" Y="18511" Z="0"/><Vertex X="23060" Y="18488" Z="0"/><Vertex X="23083" Y="18488" Z="0"/><Vertex X="23095" Y="18488" Z="0"/><Vertex X="23118" Y="18476" Z="0"/><Vertex X="23152" Y="18476" Z="0"/><Vertex X="23175" Y="18453" Z="0"/><Vertex X="23186" Y="18453" Z="0"/><Vertex X="23209" Y="18430" Z="0"/><Vertex X="23232" Y="18430" Z="0"/><Vertex X="23244" Y="18407" Z="0"/><Vertex X="23290" Y="18407" Z="0"/><Vertex X="23301" Y="18384" Z="0"/><Vertex X="23324" Y="18384" Z="0"/><Vertex X="23359" Y="18384" Z="0"/><Vertex X="23370" Y="18384" Z="0"/><Vertex X="23393" Y="18373" Z="0"/><Vertex X="23416" Y="18373" Z="0"/><Vertex X="23428" Y="18373" Z="0"/><Vertex X="23451" Y="18350" Z="0"/><Vertex X="23474" Y="18350" Z="0"/><Vertex X="23485" Y="18327" Z="0"/><Vertex X="23508" Y="18327" Z="0"/><Vertex X="23531" Y="18304" Z="0"/><Vertex X="23543" Y="18304" Z="0"/><Vertex X="23543" Y="18281" Z="0"/><Vertex X="23589" Y="18281" Z="0"/><Vertex X="23635" Y="18247" Z="0"/><Vertex X="23646" Y="18212" Z="0"/><Vertex X="23669" Y="18189" Z="0"/><Vertex X="23692" Y="18166" Z="0"/><Vertex X="23715" Y="18155" Z="0"/><Vertex X="23726" Y="18120" Z="0"/><Vertex X="23795" Y="18086" Z="0"/><Vertex X="23818" Y="18086" Z="0"/><Vertex X="23853" Y="18063" Z="0"/><Vertex X="23876" Y="18063" Z="0"/><Vertex X="23887" Y="18063" Z="0"/><Vertex X="23910" Y="18051" Z="0"/><Vertex X="23933" Y="18051" Z="0"/><Vertex X="23945" Y="18028" Z="0"/><Vertex X="23968" Y="18028" Z="0"/><Vertex X="23991" Y="18028" Z="0"/><Vertex X="24002" Y="18005" Z="0"/><Vertex X="24025" Y="18005" Z="0"/><Vertex X="24048" Y="18005" Z="0"/><Vertex X="24060" Y="17982" Z="0"/><Vertex X="24083" Y="17982" Z="0"/><Vertex X="24106" Y="17971" Z="0"/><Vertex X="24117" Y="17971" Z="0"/><Vertex X="24140" Y="17948" Z="0"/><Vertex X="24163" Y="17948" Z="0"/><Vertex X="24186" Y="17913" Z="0"/><Vertex X="24198" Y="17913" Z="0"/><Vertex X="24221" Y="17879" Z="0"/><Vertex X="24244" Y="17879" Z="0"/><Vertex X="24255" Y="17856" Z="0"/><Vertex X="24301" Y="17844" Z="0"/><Vertex X="24312" Y="17844" Z="0"/><Vertex X="24335" Y="17821" Z="0"/><Vertex X="24358" Y="17821" Z="0"/><Vertex X="24381" Y="17798" Z="0"/><Vertex X="24393" Y="17798" Z="0"/><Vertex X="24416" Y="17798" Z="0"/><Vertex X="24427" Y="17775" Z="0"/><Vertex X="24462" Y="17775" Z="0"/><Vertex X="24485" Y="17752" Z="0"/><Vertex X="24508" Y="17752" Z="0"/><Vertex X="24519" Y="17752" Z="0"/><Vertex X="24565" Y="17741" Z="0"/><Vertex X="24577" Y="17741" Z="0"/><Vertex X="24600" Y="17718" Z="0"/><Vertex X="24611" Y="17718" Z="0"/><Vertex X="24634" Y="17695" Z="0"/><Vertex X="24657" Y="17695" Z="0"/><Vertex X="24692" Y="17672" Z="0"/><Vertex X="24703" Y="17672" Z="0"/><Vertex X="24726" Y="17649" Z="0"/><Vertex X="24749" Y="17649" Z="0"/><Vertex X="24749" Y="17638" Z="0"/><Vertex X="24772" Y="17638" Z="0"/><Vertex X="24772" Y="17615" Z="0"/><Vertex X="24807" Y="17615" Z="0"/><Vertex X="24807" Y="17603" Z="0"/><Vertex X="24841" Y="17603" Z="0"/><Vertex X="24852" Y="17580" Z="0"/><Vertex X="24875" Y="17580" Z="0"/><Vertex X="24875" Y="17557" Z="0"/><Vertex X="24898" Y="17557" Z="0"/><Vertex X="24910" Y="17557" Z="0"/><Vertex X="24910" Y="17546" Z="0"/><Vertex X="24933" Y="17546" Z="0"/><Vertex X="24944" Y="17546" Z="0"/><Vertex X="24967" Y="17546" Z="0"/><Vertex X="25002" Y="17546" Z="0"/><Vertex X="25025" Y="17546" Z="0"/><Vertex X="25025" Y="17523" Z="0"/><Vertex X="25071" Y="17523" Z="0"/><Vertex X="25117" Y="17523" Z="0"/><Vertex X="25128" Y="17523" Z="0"/><Vertex X="25151" Y="17523" Z="0"/><Vertex X="25174" Y="17523" Z="0"/><Vertex X="25197" Y="17523" Z="0"/><Vertex X="25220" Y="17523" Z="0"/><Vertex X="25243" Y="17523" Z="0"/><Vertex X="25255" Y="17500" Z="0"/><Vertex X="25301" Y="17500" Z="0"/><Vertex X="25312" Y="17500" Z="0"/><Vertex X="25335" Y="17500" Z="0"/><Vertex X="25347" Y="17488" Z="0"/><Vertex X="25370" Y="17488" Z="0"/><Vertex X="25393" Y="17488" Z="0"/><Vertex X="25416" Y="17488" Z="0"/><Vertex X="25450" Y="17488" Z="0"/><Vertex X="25473" Y="17488" Z="0"/><Vertex X="25484" Y="17488" Z="0"/><Vertex X="25507" Y="17488" Z="0"/><Vertex X="25519" Y="17488" Z="0"/><Vertex X="25542" Y="17465" Z="0"/><Vertex X="25565" Y="17465" Z="0"/><Vertex X="25576" Y="17465" Z="0"/><Vertex X="25599" Y="17465" Z="0"/><Vertex X="25634" Y="17465" Z="0"/><Vertex X="25634" Y="17442" Z="0"/><Vertex X="25657" Y="17442" Z="0"/><Vertex X="25691" Y="17442" Z="0"/><Vertex X="25714" Y="17442" Z="0"/><Vertex X="25726" Y="17442" Z="0"/><Vertex X="25749" Y="17442" Z="0"/><Vertex X="25760" Y="17442" Z="0"/><Vertex X="25783" Y="17419" Z="0"/><Vertex X="25818" Y="17419" Z="0"/><Vertex X="25829" Y="17419" Z="0"/><Vertex X="25852" Y="17419" Z="0"/><Vertex X="25875" Y="17408" Z="0"/><Vertex X="25887" Y="17408" Z="0"/><Vertex X="25910" Y="17408" Z="0"/><Vertex X="25933" Y="17408" Z="0"/><Vertex X="25944" Y="17408" Z="0"/><Vertex X="25967" Y="17385" Z="0"/><Vertex X="26001" Y="17385" Z="0"/><Vertex X="26013" Y="17385" Z="0"/><Vertex X="26036" Y="17385" Z="0"/><Vertex X="26059" Y="17362" Z="0"/><Vertex X="26116" Y="17339" Z="0"/><Vertex X="26128" Y="17339" Z="0"/><Vertex X="26151" Y="17316" Z="0"/><Vertex X="26174" Y="17316" Z="0"/><Vertex X="26185" Y="17304" Z="0"/><Vertex X="26208" Y="17304" Z="0"/><Vertex X="26231" Y="17304" Z="0"/><Vertex X="26243" Y="17281" Z="0"/><Vertex X="26277" Y="17281" Z="0"/><Vertex X="26300" Y="17258" Z="0"/><Vertex X="26312" Y="17258" Z="0"/><Vertex X="26335" Y="17235" Z="0"/><Vertex X="26358" Y="17235" Z="0"/><Vertex X="26381" Y="17212" Z="0"/><Vertex X="26392" Y="17212" Z="0"/><Vertex X="26415" Y="17178" Z="0"/><Vertex X="26438" Y="17178" Z="0"/><Vertex X="26461" Y="17155" Z="0"/><Vertex X="26473" Y="17155" Z="0"/><Vertex X="26496" Y="17132" Z="0"/><Vertex X="26519" Y="17132" Z="0"/><Vertex X="26542" Y="17109" Z="0"/><Vertex X="26576" Y="17109" Z="0"/><Vertex X="26599" Y="17098" Z="0"/><Vertex X="26610" Y="17098" Z="0"/><Vertex X="26633" Y="17075" Z="0"/><Vertex X="26656" Y="17075" Z="0"/><Vertex X="26679" Y="17052" Z="0"/><Vertex X="26691" Y="17052" Z="0"/><Vertex X="26714" Y="17029" Z="0"/><Vertex X="26737" Y="17029" Z="0"/><Vertex X="26760" Y="17006" Z="0"/><Vertex X="26783" Y="17006" Z="0"/><Vertex X="26806" Y="17006" Z="0"/><Vertex X="26817" Y="16994" Z="0"/><Vertex X="26840" Y="16994" Z="0"/><Vertex X="26852" Y="16994" Z="0"/><Vertex X="26898" Y="16971" Z="0"/><Vertex X="26921" Y="16948" Z="0"/><Vertex X="26932" Y="16948" Z="0"/><Vertex X="26932" Y="16925" Z="0"/><Vertex X="26955" Y="16925" Z="0"/><Vertex X="26955" Y="16914" Z="0"/><Vertex X="26967" Y="16914" Z="0"/><Vertex X="26967" Y="16891" Z="0"/><Vertex X="26990" Y="16891" Z="0"/><Vertex X="26990" Y="16879" Z="0"/><Vertex X="27013" Y="16856" Z="0"/><Vertex X="27036" Y="16856" Z="0"/><Vertex X="27036" Y="16833" Z="0"/><Vertex X="27070" Y="16833" Z="0"/><Vertex X="27070" Y="16810" Z="0"/><Vertex X="27093" Y="16810" Z="0"/><Vertex X="27093" Y="16776" Z="0"/><Vertex X="27093" Y="16753" Z="0"/><Vertex X="27093" Y="16741" Z="0"/><Vertex X="27093" Y="16718" Z="0"/><Vertex X="27093" Y="16707" Z="0"/><Vertex X="27093" Y="16684" Z="0"/><Vertex X="27093" Y="16661" Z="0"/><Vertex X="27093" Y="16649" Z="0"/><Vertex X="27093" Y="16615" Z="0"/><Vertex X="27093" Y="16592" Z="0"/><Vertex X="27093" Y="16558" Z="0"/><Vertex X="27093" Y="16523" Z="0"/><Vertex X="27093" Y="16489" Z="0"/><Vertex X="27082" Y="16443" Z="0"/><Vertex X="27059" Y="16408" Z="0"/><Vertex X="27059" Y="16385" Z="0"/><Vertex X="27059" Y="16351" Z="0"/><Vertex X="27036" Y="16316" Z="0"/><Vertex X="27036" Y="16282" Z="0"/><Vertex X="27036" Y="16259" Z="0"/><Vertex X="27036" Y="16236" Z="0"/><Vertex X="27036" Y="16201" Z="0"/><Vertex X="27036" Y="16190" Z="0"/><Vertex X="27036" Y="16167" Z="0"/><Vertex X="27036" Y="16144" Z="0"/><Vertex X="27036" Y="16109" Z="0"/><Vertex X="27036" Y="16086" Z="0"/><Vertex X="27036" Y="16075" Z="0"/><Vertex X="27036" Y="16040" Z="0"/><Vertex X="27013" Y="16006" Z="0"/><Vertex X="27013" Y="15995" Z="0"/><Vertex X="27013" Y="15972" Z="0"/><Vertex X="27013" Y="15949" Z="0"/><Vertex X="27013" Y="15937" Z="0"/><Vertex X="27013" Y="15914" Z="0"/><Vertex X="27013" Y="15903" Z="0"/><Vertex X="27013" Y="15857" Z="0"/><Vertex X="27013" Y="15845" Z="0"/><Vertex X="27013" Y="15822" Z="0"/><Vertex X="27013" Y="15811" Z="0"/><Vertex X="27013" Y="15753" Z="0"/><Vertex X="27013" Y="15742" Z="0"/><Vertex X="27013" Y="15707" Z="0"/><Vertex X="27013" Y="15684" Z="0"/><Vertex X="27013" Y="15661" Z="0"/><Vertex X="27013" Y="15650" Z="0"/><Vertex X="27013" Y="15615" Z="0"/><Vertex X="26990" Y="15581" Z="0"/><Vertex X="26990" Y="15569" Z="0"/><Vertex X="26978" Y="15546" Z="0"/><Vertex X="26978" Y="15523" Z="0"/><Vertex X="26955" Y="15523" Z="0"/><Vertex X="26955" Y="15500" Z="0"/><Vertex X="26921" Y="15477" Z="0"/><Vertex X="26921" Y="15454" Z="0"/><Vertex X="26909" Y="15454" Z="0"/><Vertex X="26909" Y="15432" Z="0"/><Vertex X="26886" Y="15397" Z="0"/><Vertex X="26863" Y="15374" Z="0"/><Vertex X="26840" Y="15340" Z="0"/><Vertex X="26806" Y="15305" Z="0"/><Vertex X="26806" Y="15294" Z="0"/><Vertex X="26783" Y="15294" Z="0"/><Vertex X="26783" Y="15248" Z="0"/><Vertex X="26748" Y="15213" Z="0"/><Vertex X="26714" Y="15190" Z="0"/><Vertex X="26714" Y="15167" Z="0"/><Vertex X="26679" Y="15167" Z="0"/><Vertex X="26679" Y="15133" Z="0"/><Vertex X="26668" Y="15133" Z="0"/><Vertex X="26668" Y="15110" Z="0"/><Vertex X="26633" Y="15110" Z="0"/><Vertex X="26633" Y="15075" Z="0"/><Vertex X="26610" Y="15075" Z="0"/><Vertex X="26610" Y="15064" Z="0"/><Vertex X="26576" Y="15064" Z="0"/><Vertex X="26576" Y="15041" Z="0"/><Vertex X="26542" Y="15041" Z="0"/><Vertex X="26519" Y="15018" Z="0"/><Vertex X="26496" Y="14995" Z="0"/><Vertex X="26450" Y="14995" Z="0"/><Vertex X="26427" Y="14983" Z="0"/><Vertex X="26415" Y="14983" Z="0"/><Vertex X="26392" Y="14960" Z="0"/><Vertex X="26369" Y="14960" Z="0"/><Vertex X="26323" Y="14914" Z="0"/><Vertex X="26289" Y="14891" Z="0"/><Vertex X="26254" Y="14868" Z="0"/><Vertex X="26220" Y="14846" Z="0"/><Vertex X="26185" Y="14834" Z="0"/><Vertex X="26174" Y="14834" Z="0"/><Vertex X="26139" Y="14811" Z="0"/><Vertex X="26116" Y="14811" Z="0"/><Vertex X="26105" Y="14811" Z="0"/><Vertex X="26082" Y="14811" Z="0"/><Vertex X="26070" Y="14811" Z="0"/><Vertex X="26047" Y="14811" Z="0"/><Vertex X="26024" Y="14811" Z="0"/><Vertex X="26013" Y="14811" Z="0"/><Vertex X="25979" Y="14811" Z="0"/><Vertex X="25944" Y="14834" Z="0"/><Vertex X="25910" Y="14834" Z="0"/><Vertex X="25875" Y="14846" Z="0"/><Vertex X="25864" Y="14846" Z="0"/><Vertex X="25841" Y="14880" Z="0"/><Vertex X="25795" Y="14914" Z="0"/><Vertex X="25772" Y="14914" Z="0"/><Vertex X="25749" Y="14949" Z="0"/><Vertex X="25726" Y="14949" Z="0"/><Vertex X="25703" Y="14972" Z="0"/><Vertex X="25680" Y="14995" Z="0"/><Vertex X="25645" Y="15006" Z="0"/><Vertex X="25622" Y="15006" Z="0"/><Vertex X="25599" Y="15041" Z="0"/><Vertex X="25588" Y="15041" Z="0"/><Vertex X="25565" Y="15075" Z="0"/><Vertex X="25530" Y="15075" Z="0"/><Vertex X="25496" Y="15110" Z="0"/><Vertex X="25473" Y="15144" Z="0"/><Vertex X="25450" Y="15144" Z="0"/><Vertex X="25427" Y="15167" Z="0"/><Vertex X="25393" Y="15190" Z="0"/><Vertex X="25335" Y="15213" Z="0"/><Vertex X="25312" Y="15213" Z="0"/><Vertex X="25278" Y="15236" Z="0"/><Vertex X="25243" Y="15236" Z="0"/><Vertex X="25186" Y="15259" Z="0"/><Vertex X="25151" Y="15282" Z="0"/><Vertex X="25117" Y="15282" Z="0"/><Vertex X="25105" Y="15294" Z="0"/><Vertex X="25071" Y="15294" Z="0"/><Vertex X="25036" Y="15317" Z="0"/><Vertex X="25013" Y="15317" Z="0"/><Vertex X="24990" Y="15317" Z="0"/><Vertex X="24979" Y="15317" Z="0"/><Vertex X="24956" Y="15340" Z="0"/><Vertex X="24921" Y="15340" Z="0"/><Vertex X="24910" Y="15340" Z="0"/><Vertex X="24887" Y="15340" Z="0"/><Vertex X="24887" Y="15363" Z="0"/><Vertex X="24852" Y="15363" Z="0"/><Vertex X="24841" Y="15363" Z="0"/><Vertex X="24807" Y="15363" Z="0"/><Vertex X="24784" Y="15363" Z="0"/><Vertex X="24749" Y="15363" Z="0"/><Vertex X="24715" Y="15363" Z="0"/><Vertex X="24703" Y="15363" Z="0"/><Vertex X="24680" Y="15363" Z="0"/><Vertex X="24657" Y="15363" Z="0"/><Vertex X="24646" Y="15363" Z="0"/><Vertex X="24611" Y="15374" Z="0"/><Vertex X="24554" Y="15374" Z="0"/><Vertex X="24519" Y="15374" Z="0"/><Vertex X="24485" Y="15374" Z="0"/><Vertex X="24427" Y="15374" Z="0"/><Vertex X="24381" Y="15397" Z="0"/><Vertex X="24335" Y="15397" Z="0"/><Vertex X="24289" Y="15397" Z="0"/><Vertex X="24267" Y="15420" Z="0"/><Vertex X="24198" Y="15443" Z="0"/><Vertex X="24152" Y="15443" Z="0"/><Vertex X="24129" Y="15466" Z="0"/><Vertex X="24094" Y="15466" Z="0"/><Vertex X="24060" Y="15489" Z="0"/><Vertex X="24002" Y="15512" Z="0"/><Vertex X="23968" Y="15512" Z="0"/><Vertex X="23933" Y="15535" Z="0"/><Vertex X="23876" Y="15535" Z="0"/><Vertex X="23853" Y="15569" Z="0"/><Vertex X="23830" Y="15569" Z="0"/><Vertex X="23807" Y="15581" Z="0"/><Vertex X="23761" Y="15604" Z="0"/><Vertex X="23749" Y="15604" Z="0"/><Vertex X="23726" Y="15627" Z="0"/><Vertex X="23703" Y="15627" Z="0"/><Vertex X="23658" Y="15650" Z="0"/><Vertex X="23623" Y="15650" Z="0"/><Vertex X="23600" Y="15673" Z="0"/><Vertex X="23589" Y="15673" Z="0"/><Vertex X="23543" Y="15684" Z="0"/><Vertex X="23531" Y="15707" Z="0"/><Vertex X="23508" Y="15707" Z="0"/><Vertex X="23462" Y="15730" Z="0"/><Vertex X="23439" Y="15753" Z="0"/><Vertex X="23416" Y="15753" Z="0"/><Vertex X="23405" Y="15753" Z="0"/><Vertex X="23359" Y="15765" Z="0"/><Vertex X="23347" Y="15765" Z="0"/><Vertex X="23324" Y="15788" Z="0"/><Vertex X="23278" Y="15811" Z="0"/><Vertex X="23267" Y="15811" Z="0"/><Vertex X="23244" Y="15834" Z="0"/><Vertex X="23209" Y="15857" Z="0"/><Vertex X="23186" Y="15857" Z="0"/><Vertex X="23163" Y="15868" Z="0"/><Vertex X="23129" Y="15891" Z="0"/><Vertex X="23106" Y="15891" Z="0"/><Vertex X="23095" Y="15914" Z="0"/><Vertex X="23049" Y="15937" Z="0"/><Vertex X="23003" Y="15972" Z="0"/><Vertex X="22980" Y="15972" Z="0"/><Vertex X="22957" Y="15983" Z="0"/><Vertex X="22922" Y="15983" Z="0"/><Vertex X="22899" Y="16017" Z="0"/><Vertex X="22888" Y="16017" Z="0"/><Vertex X="22830" Y="16040" Z="0"/><Vertex X="22819" Y="16040" Z="0"/><Vertex X="22761" Y="16075" Z="0"/><Vertex X="22738" Y="16086" Z="0"/><Vertex X="22715" Y="16086" Z="0"/><Vertex X="22658" Y="16109" Z="0"/><Vertex X="22623" Y="16132" Z="0"/><Vertex X="22577" Y="16132" Z="0"/><Vertex X="22543" Y="16167" Z="0"/><Vertex X="22520" Y="16167" Z="0"/><Vertex X="22463" Y="16190" Z="0"/><Vertex X="22428" Y="16190" Z="0"/><Vertex X="22405" Y="16213" Z="0"/><Vertex X="22336" Y="16213" Z="0"/><Vertex X="22313" Y="16236" Z="0"/><Vertex X="22279" Y="16236" Z="0"/><Vertex X="22210" Y="16247" Z="0"/><Vertex X="22187" Y="16270" Z="0"/><Vertex X="22152" Y="16270" Z="0"/><Vertex X="22083" Y="16293" Z="0"/><Vertex X="22049" Y="16293" Z="0"/><Vertex X="22003" Y="16293" Z="0"/><Vertex X="21923" Y="16316" Z="0"/><Vertex X="21888" Y="16316" Z="0"/><Vertex X="21854" Y="16339" Z="0"/><Vertex X="21773" Y="16339" Z="0"/><Vertex X="21750" Y="16362" Z="0"/><Vertex X="21681" Y="16362" Z="0"/><Vertex X="21635" Y="16385" Z="0"/><Vertex X="21555" Y="16385" Z="0"/><Vertex X="21509" Y="16385" Z="0"/><Vertex X="21474" Y="16408" Z="0"/><Vertex X="21417" Y="16408" Z="0"/><Vertex X="21383" Y="16408" Z="0"/><Vertex X="21348" Y="16431" Z="0"/><Vertex X="21325" Y="16431" Z="0"/><Vertex X="21314" Y="16431" Z="0"/><Vertex X="21291" Y="16431" Z="0"/><Vertex X="21291" Y="16443" Z="0"/><Vertex X="21268" Y="16443" Z="0"/><Vertex X="21256" Y="16443" Z="0"/><Vertex X="21233" Y="16466" Z="0"/><Vertex X="21199" Y="16466" Z="0"/><Vertex X="21187" Y="16489" Z="0"/><Vertex X="21164" Y="16489" Z="0"/><Vertex X="21130" Y="16512" Z="0"/><Vertex X="21107" Y="16512" Z="0"/><Vertex X="21072" Y="16523" Z="0"/><Vertex X="21038" Y="16523" Z="0"/><Vertex X="21015" Y="16546" Z="0"/><Vertex X="21003" Y="16546" Z="0"/><Vertex X="21003" Y="16569" Z="0"/><Vertex X="20980" Y="16569" Z="0"/><Vertex X="20957" Y="16569" Z="0"/><Vertex X="20957" Y="16581" Z="0"/><Vertex X="20946" Y="16581" Z="0"/><Vertex X="20923" Y="16581" Z="0"/><Vertex X="20923" Y="16603" Z="0"/><Vertex X="20911" Y="16603" Z="0"/><Vertex X="20888" Y="16603" Z="0"/><Vertex X="20888" Y="16603" Z="0"/></Vertices></Region></Regions><Plots></Plots></Annotation></Annotations>
