<Annotations MicronsPerPixel="0.493400">
	<Annotation Id="1" Name="" ReadOnly="0" NameReadOnly="0" LineColorReadOnly="0" Incremental="0" Type="4" LineColor="255" Visible="1" Selected="1" MarkupImagePath="" MacroName=""><Attributes></Attributes><Regions><RegionAttributeHeaders></RegionAttributeHeaders><Region Id="1" Type="0" Zoom="0.030982" Selected="0" ImageLocation="" ImageFocus="-1" Length="41347.4" Area="39803717.5" LengthMicrons="20400.8" AreaMicrons="9689959.0" Text="" NegativeROA="0" InputRegionId="0" Analyze="1" DisplayId="1"><Attributes></Attributes><Vertices><Vertex X="11652" Y="5713" Z="0"/><Vertex X="11588" Y="5713" Z="0"/><Vertex X="11555" Y="5713" Z="0"/><Vertex X="11491" Y="5713" Z="0"/><Vertex X="11459" Y="5713" Z="0"/><Vertex X="11394" Y="5713" Z="0"/><Vertex X="11329" Y="5713" Z="0"/><Vertex X="11297" Y="5778" Z="0"/><Vertex X="11233" Y="5778" Z="0"/><Vertex X="11233" Y="5842" Z="0"/><Vertex X="11136" Y="5842" Z="0"/><Vertex X="11136" Y="5874" Z="0"/><Vertex X="11103" Y="5874" Z="0"/><Vertex X="11103" Y="5939" Z="0"/><Vertex X="11039" Y="5939" Z="0"/><Vertex X="11039" Y="5971" Z="0"/><Vertex X="11039" Y="6036" Z="0"/><Vertex X="11007" Y="6036" Z="0"/><Vertex X="11007" Y="6100" Z="0"/><Vertex X="10942" Y="6133" Z="0"/><Vertex X="10942" Y="6197" Z="0"/><Vertex X="10878" Y="6197" Z="0"/><Vertex X="10878" Y="6262" Z="0"/><Vertex X="10813" Y="6294" Z="0"/><Vertex X="10813" Y="6391" Z="0"/><Vertex X="10781" Y="6455" Z="0"/><Vertex X="10781" Y="6488" Z="0"/><Vertex X="10781" Y="6552" Z="0"/><Vertex X="10716" Y="6552" Z="0"/><Vertex X="10716" Y="6617" Z="0"/><Vertex X="10716" Y="6649" Z="0"/><Vertex X="10652" Y="6714" Z="0"/><Vertex X="10652" Y="6778" Z="0"/><Vertex X="10587" Y="6843" Z="0"/><Vertex X="10587" Y="6907" Z="0"/><Vertex X="10555" Y="6972" Z="0"/><Vertex X="10555" Y="7004" Z="0"/><Vertex X="10555" Y="7069" Z="0"/><Vertex X="10490" Y="7069" Z="0"/><Vertex X="10490" Y="7133" Z="0"/><Vertex X="10490" Y="7166" Z="0"/><Vertex X="10490" Y="7230" Z="0"/><Vertex X="10426" Y="7295" Z="0"/><Vertex X="10426" Y="7327" Z="0"/><Vertex X="10361" Y="7391" Z="0"/><Vertex X="10361" Y="7488" Z="0"/><Vertex X="10361" Y="7521" Z="0"/><Vertex X="10329" Y="7585" Z="0"/><Vertex X="10329" Y="7650" Z="0"/><Vertex X="10329" Y="7682" Z="0"/><Vertex X="10264" Y="7682" Z="0"/><Vertex X="10264" Y="7747" Z="0"/><Vertex X="10264" Y="7779" Z="0"/><Vertex X="10264" Y="7843" Z="0"/><Vertex X="10264" Y="7908" Z="0"/><Vertex X="10264" Y="7940" Z="0"/><Vertex X="10200" Y="7940" Z="0"/><Vertex X="10200" Y="8037" Z="0"/><Vertex X="10200" Y="8069" Z="0"/><Vertex X="10200" Y="8134" Z="0"/><Vertex X="10167" Y="8134" Z="0"/><Vertex X="10167" Y="8198" Z="0"/><Vertex X="10167" Y="8231" Z="0"/><Vertex X="10103" Y="8231" Z="0"/><Vertex X="10103" Y="8295" Z="0"/><Vertex X="10071" Y="8295" Z="0"/><Vertex X="10071" Y="8328" Z="0"/><Vertex X="10006" Y="8328" Z="0"/><Vertex X="10006" Y="8392" Z="0"/><Vertex X="10006" Y="8457" Z="0"/><Vertex X="9942" Y="8489" Z="0"/><Vertex X="9942" Y="8553" Z="0"/><Vertex X="9942" Y="8618" Z="0"/><Vertex X="9942" Y="8650" Z="0"/><Vertex X="9942" Y="8747" Z="0"/><Vertex X="9942" Y="8812" Z="0"/><Vertex X="9942" Y="8844" Z="0"/><Vertex X="9942" Y="8909" Z="0"/><Vertex X="9942" Y="8941" Z="0"/><Vertex X="9942" Y="9038" Z="0"/><Vertex X="9974" Y="9038" Z="0"/><Vertex X="9974" Y="9102" Z="0"/><Vertex X="10006" Y="9102" Z="0"/><Vertex X="10006" Y="9134" Z="0"/><Vertex X="10071" Y="9134" Z="0"/><Vertex X="10167" Y="9134" Z="0"/><Vertex X="10200" Y="9134" Z="0"/><Vertex X="10297" Y="9199" Z="0"/><Vertex X="10393" Y="9199" Z="0"/><Vertex X="10458" Y="9199" Z="0"/><Vertex X="10555" Y="9199" Z="0"/><Vertex X="10652" Y="9199" Z="0"/><Vertex X="10716" Y="9199" Z="0"/><Vertex X="10813" Y="9199" Z="0"/><Vertex X="10878" Y="9167" Z="0"/><Vertex X="10974" Y="9167" Z="0"/><Vertex X="11039" Y="9167" Z="0"/><Vertex X="11039" Y="9134" Z="0"/><Vertex X="11136" Y="9134" Z="0"/><Vertex X="11233" Y="9134" Z="0"/><Vertex X="11233" Y="9070" Z="0"/><Vertex X="11297" Y="9070" Z="0"/><Vertex X="11362" Y="9070" Z="0"/><Vertex X="11362" Y="9005" Z="0"/><Vertex X="11394" Y="9005" Z="0"/><Vertex X="11459" Y="9005" Z="0"/><Vertex X="11459" Y="8973" Z="0"/><Vertex X="11523" Y="8973" Z="0"/><Vertex X="11555" Y="8973" Z="0"/><Vertex X="11652" Y="8909" Z="0"/><Vertex X="11749" Y="8909" Z="0"/><Vertex X="11846" Y="8844" Z="0"/><Vertex X="11910" Y="8844" Z="0"/><Vertex X="11910" Y="8812" Z="0"/><Vertex X="12007" Y="8812" Z="0"/><Vertex X="12040" Y="8812" Z="0"/><Vertex X="12040" Y="8747" Z="0"/><Vertex X="12136" Y="8747" Z="0"/><Vertex X="12201" Y="8747" Z="0"/><Vertex X="12201" Y="8683" Z="0"/><Vertex X="12265" Y="8683" Z="0"/><Vertex X="12362" Y="8618" Z="0"/><Vertex X="12427" Y="8618" Z="0"/><Vertex X="12491" Y="8586" Z="0"/><Vertex X="12556" Y="8586" Z="0"/><Vertex X="12556" Y="8521" Z="0"/><Vertex X="12653" Y="8521" Z="0"/><Vertex X="12653" Y="8457" Z="0"/><Vertex X="12750" Y="8457" Z="0"/><Vertex X="12879" Y="8360" Z="0"/><Vertex X="12911" Y="8360" Z="0"/><Vertex X="12976" Y="8328" Z="0"/><Vertex X="13072" Y="8328" Z="0"/><Vertex X="13169" Y="8263" Z="0"/><Vertex X="13234" Y="8263" Z="0"/><Vertex X="13298" Y="8263" Z="0"/><Vertex X="13331" Y="8263" Z="0"/><Vertex X="13427" Y="8263" Z="0"/><Vertex X="13427" Y="8198" Z="0"/><Vertex X="13492" Y="8198" Z="0"/><Vertex X="13524" Y="8198" Z="0"/><Vertex X="13589" Y="8198" Z="0"/><Vertex X="13589" Y="8166" Z="0"/><Vertex X="13653" Y="8166" Z="0"/><Vertex X="13718" Y="8166" Z="0"/><Vertex X="13718" Y="8102" Z="0"/><Vertex X="13783" Y="8102" Z="0"/><Vertex X="13879" Y="8037" Z="0"/><Vertex X="13912" Y="8037" Z="0"/><Vertex X="13976" Y="7972" Z="0"/><Vertex X="14073" Y="7972" Z="0"/><Vertex X="14138" Y="7972" Z="0"/><Vertex X="14138" Y="7940" Z="0"/><Vertex X="14234" Y="7940" Z="0"/><Vertex X="14331" Y="7940" Z="0"/><Vertex X="14331" Y="7876" Z="0"/><Vertex X="14396" Y="7876" Z="0"/><Vertex X="14493" Y="7876" Z="0"/><Vertex X="14493" Y="7843" Z="0"/><Vertex X="14589" Y="7843" Z="0"/><Vertex X="14622" Y="7843" Z="0"/><Vertex X="14622" Y="7779" Z="0"/><Vertex X="14719" Y="7779" Z="0"/><Vertex X="14815" Y="7682" Z="0"/><Vertex X="14912" Y="7617" Z="0"/><Vertex X="14944" Y="7553" Z="0"/><Vertex X="15009" Y="7521" Z="0"/><Vertex X="15074" Y="7456" Z="0"/><Vertex X="15138" Y="7456" Z="0"/><Vertex X="15138" Y="7391" Z="0"/><Vertex X="15170" Y="7391" Z="0"/><Vertex X="15170" Y="7359" Z="0"/><Vertex X="15235" Y="7359" Z="0"/><Vertex X="15267" Y="7359" Z="0"/><Vertex X="15332" Y="7295" Z="0"/><Vertex X="15396" Y="7295" Z="0"/><Vertex X="15429" Y="7295" Z="0"/><Vertex X="15525" Y="7295" Z="0"/><Vertex X="15525" Y="7230" Z="0"/><Vertex X="15622" Y="7230" Z="0"/><Vertex X="15687" Y="7230" Z="0"/><Vertex X="15784" Y="7230" Z="0"/><Vertex X="15881" Y="7230" Z="0"/><Vertex X="15913" Y="7230" Z="0"/><Vertex X="16010" Y="7230" Z="0"/><Vertex X="16074" Y="7230" Z="0"/><Vertex X="16139" Y="7230" Z="0"/><Vertex X="16268" Y="7262" Z="0"/><Vertex X="16365" Y="7262" Z="0"/><Vertex X="16429" Y="7327" Z="0"/><Vertex X="16429" Y="7391" Z="0"/><Vertex X="16526" Y="7391" Z="0"/><Vertex X="16623" Y="7391" Z="0"/><Vertex X="16687" Y="7391" Z="0"/><Vertex X="16784" Y="7359" Z="0"/><Vertex X="16881" Y="7359" Z="0"/><Vertex X="16946" Y="7359" Z="0"/><Vertex X="16946" Y="7295" Z="0"/><Vertex X="17043" Y="7295" Z="0"/><Vertex X="17139" Y="7295" Z="0"/><Vertex X="17139" Y="7262" Z="0"/><Vertex X="17204" Y="7262" Z="0"/><Vertex X="17268" Y="7262" Z="0"/><Vertex X="17365" Y="7198" Z="0"/><Vertex X="17398" Y="7198" Z="0"/><Vertex X="17462" Y="7198" Z="0"/><Vertex X="17527" Y="7133" Z="0"/><Vertex X="17591" Y="7133" Z="0"/><Vertex X="17688" Y="7133" Z="0"/><Vertex X="17785" Y="7133" Z="0"/><Vertex X="17882" Y="7133" Z="0"/><Vertex X="17882" Y="7069" Z="0"/><Vertex X="18011" Y="7069" Z="0"/><Vertex X="18075" Y="7069" Z="0"/><Vertex X="18108" Y="7069" Z="0"/><Vertex X="18172" Y="7069" Z="0"/><Vertex X="18237" Y="7069" Z="0"/><Vertex X="18269" Y="7069" Z="0"/><Vertex X="18334" Y="7036" Z="0"/><Vertex X="18398" Y="7036" Z="0"/><Vertex X="18463" Y="7036" Z="0"/><Vertex X="18560" Y="6972" Z="0"/><Vertex X="18624" Y="6972" Z="0"/><Vertex X="18624" Y="6907" Z="0"/><Vertex X="18656" Y="6907" Z="0"/><Vertex X="18721" Y="6907" Z="0"/><Vertex X="18785" Y="6843" Z="0"/><Vertex X="18818" Y="6843" Z="0"/><Vertex X="18882" Y="6843" Z="0"/><Vertex X="18915" Y="6843" Z="0"/><Vertex X="19011" Y="6843" Z="0"/><Vertex X="19108" Y="6843" Z="0"/><Vertex X="19173" Y="6843" Z="0"/><Vertex X="19270" Y="6843" Z="0"/><Vertex X="19270" Y="6811" Z="0"/><Vertex X="19366" Y="6811" Z="0"/><Vertex X="19431" Y="6811" Z="0"/><Vertex X="19431" Y="6746" Z="0"/><Vertex X="19528" Y="6746" Z="0"/><Vertex X="19625" Y="6681" Z="0"/><Vertex X="19722" Y="6681" Z="0"/><Vertex X="19754" Y="6617" Z="0"/><Vertex X="19818" Y="6617" Z="0"/><Vertex X="19915" Y="6585" Z="0"/><Vertex X="19947" Y="6585" Z="0"/><Vertex X="19947" Y="6520" Z="0"/><Vertex X="20044" Y="6520" Z="0"/><Vertex X="20141" Y="6455" Z="0"/><Vertex X="20238" Y="6391" Z="0"/><Vertex X="20303" Y="6326" Z="0"/><Vertex X="20399" Y="6262" Z="0"/><Vertex X="20528" Y="6197" Z="0"/><Vertex X="20593" Y="6197" Z="0"/><Vertex X="20625" Y="6197" Z="0"/><Vertex X="20625" Y="6165" Z="0"/><Vertex X="20754" Y="6165" Z="0"/><Vertex X="20819" Y="6165" Z="0"/><Vertex X="20851" Y="6165" Z="0"/><Vertex X="20916" Y="6165" Z="0"/><Vertex X="21013" Y="6165" Z="0"/><Vertex X="21077" Y="6165" Z="0"/><Vertex X="21077" Y="6100" Z="0"/><Vertex X="21174" Y="6100" Z="0"/><Vertex X="21239" Y="6100" Z="0"/><Vertex X="21303" Y="6100" Z="0"/><Vertex X="21400" Y="6100" Z="0"/><Vertex X="21465" Y="6100" Z="0"/><Vertex X="21497" Y="6100" Z="0"/><Vertex X="21497" Y="6068" Z="0"/><Vertex X="21561" Y="6068" Z="0"/><Vertex X="21626" Y="6068" Z="0"/><Vertex X="21690" Y="6068" Z="0"/><Vertex X="21755" Y="6068" Z="0"/><Vertex X="21787" Y="6068" Z="0"/><Vertex X="21852" Y="6068" Z="0"/><Vertex X="21884" Y="6068" Z="0"/><Vertex X="21884" Y="6004" Z="0"/><Vertex X="21981" Y="6004" Z="0"/><Vertex X="22078" Y="6004" Z="0"/><Vertex X="22142" Y="5939" Z="0"/><Vertex X="22207" Y="5939" Z="0"/><Vertex X="22207" Y="5907" Z="0"/><Vertex X="22304" Y="5907" Z="0"/><Vertex X="22304" Y="5842" Z="0"/><Vertex X="22401" Y="5842" Z="0"/><Vertex X="22401" Y="5810" Z="0"/><Vertex X="22465" Y="5810" Z="0"/><Vertex X="22465" Y="5745" Z="0"/><Vertex X="22562" Y="5745" Z="0"/><Vertex X="22626" Y="5681" Z="0"/><Vertex X="22691" Y="5681" Z="0"/><Vertex X="22691" Y="5649" Z="0"/><Vertex X="22788" Y="5649" Z="0"/><Vertex X="22885" Y="5584" Z="0"/><Vertex X="22917" Y="5584" Z="0"/><Vertex X="22982" Y="5519" Z="0"/><Vertex X="23046" Y="5519" Z="0"/><Vertex X="23046" Y="5455" Z="0"/><Vertex X="23078" Y="5455" Z="0"/><Vertex X="23175" Y="5390" Z="0"/><Vertex X="23272" Y="5390" Z="0"/><Vertex X="23272" Y="5358" Z="0"/><Vertex X="23369" Y="5358" Z="0"/><Vertex X="23433" Y="5293" Z="0"/><Vertex X="23530" Y="5293" Z="0"/><Vertex X="23530" Y="5229" Z="0"/><Vertex X="23627" Y="5229" Z="0"/><Vertex X="23692" Y="5164" Z="0"/><Vertex X="23788" Y="5164" Z="0"/><Vertex X="23788" Y="5132" Z="0"/><Vertex X="23885" Y="5132" Z="0"/><Vertex X="23982" Y="5068" Z="0"/><Vertex X="24047" Y="5003" Z="0"/><Vertex X="24111" Y="4938" Z="0"/><Vertex X="24111" Y="4906" Z="0"/><Vertex X="24176" Y="4906" Z="0"/><Vertex X="24176" Y="4842" Z="0"/><Vertex X="24208" Y="4842" Z="0"/><Vertex X="24208" Y="4809" Z="0"/><Vertex X="24273" Y="4745" Z="0"/><Vertex X="24273" Y="4680" Z="0"/><Vertex X="24337" Y="4616" Z="0"/><Vertex X="24337" Y="4583" Z="0"/><Vertex X="24402" Y="4519" Z="0"/><Vertex X="24402" Y="4454" Z="0"/><Vertex X="24434" Y="4454" Z="0"/><Vertex X="24434" Y="4422" Z="0"/><Vertex X="24499" Y="4357" Z="0"/><Vertex X="24499" Y="4293" Z="0"/><Vertex X="24563" Y="4293" Z="0"/><Vertex X="24563" Y="4261" Z="0"/><Vertex X="24660" Y="4196" Z="0"/><Vertex X="24692" Y="4196" Z="0"/><Vertex X="24692" Y="4131" Z="0"/><Vertex X="24789" Y="4131" Z="0"/><Vertex X="24789" Y="4099" Z="0"/><Vertex X="24854" Y="4099" Z="0"/><Vertex X="24854" Y="4035" Z="0"/><Vertex X="24950" Y="4035" Z="0"/><Vertex X="24950" Y="4002" Z="0"/><Vertex X="25047" Y="4002" Z="0"/><Vertex X="25112" Y="3938" Z="0"/><Vertex X="25144" Y="3938" Z="0"/><Vertex X="25144" Y="3873" Z="0"/><Vertex X="25241" Y="3809" Z="0"/><Vertex X="25305" Y="3776" Z="0"/><Vertex X="25370" Y="3712" Z="0"/><Vertex X="25435" Y="3615" Z="0"/><Vertex X="25499" Y="3551" Z="0"/><Vertex X="25499" Y="3518" Z="0"/><Vertex X="25564" Y="3454" Z="0"/><Vertex X="25564" Y="3389" Z="0"/><Vertex X="25628" Y="3389" Z="0"/><Vertex X="25628" Y="3357" Z="0"/><Vertex X="25628" Y="3292" Z="0"/><Vertex X="25661" Y="3292" Z="0"/><Vertex X="25661" Y="3228" Z="0"/><Vertex X="25661" Y="3195" Z="0"/><Vertex X="25661" Y="3131" Z="0"/><Vertex X="25725" Y="3131" Z="0"/><Vertex X="25725" Y="3099" Z="0"/><Vertex X="25725" Y="3034" Z="0"/><Vertex X="25725" Y="2970" Z="0"/><Vertex X="25725" Y="2937" Z="0"/><Vertex X="25725" Y="2873" Z="0"/><Vertex X="25725" Y="2840" Z="0"/><Vertex X="25693" Y="2776" Z="0"/><Vertex X="25628" Y="2711" Z="0"/><Vertex X="25564" Y="2647" Z="0"/><Vertex X="25499" Y="2647" Z="0"/><Vertex X="25499" Y="2614" Z="0"/><Vertex X="25402" Y="2614" Z="0"/><Vertex X="25305" Y="2614" Z="0"/><Vertex X="25273" Y="2614" Z="0"/><Vertex X="25209" Y="2614" Z="0"/><Vertex X="25176" Y="2614" Z="0"/><Vertex X="25080" Y="2614" Z="0"/><Vertex X="24983" Y="2614" Z="0"/><Vertex X="24918" Y="2614" Z="0"/><Vertex X="24821" Y="2614" Z="0"/><Vertex X="24725" Y="2614" Z="0"/><Vertex X="24628" Y="2614" Z="0"/><Vertex X="24628" Y="2679" Z="0"/><Vertex X="24563" Y="2679" Z="0"/><Vertex X="24466" Y="2744" Z="0"/><Vertex X="24369" Y="2744" Z="0"/><Vertex X="24305" Y="2744" Z="0"/><Vertex X="24208" Y="2744" Z="0"/><Vertex X="24111" Y="2744" Z="0"/><Vertex X="24047" Y="2744" Z="0"/><Vertex X="23982" Y="2744" Z="0"/><Vertex X="23885" Y="2711" Z="0"/><Vertex X="23788" Y="2711" Z="0"/><Vertex X="23659" Y="2711" Z="0"/><Vertex X="23595" Y="2711" Z="0"/><Vertex X="23563" Y="2711" Z="0"/><Vertex X="23498" Y="2711" Z="0"/><Vertex X="23433" Y="2711" Z="0"/><Vertex X="23401" Y="2711" Z="0"/><Vertex X="23337" Y="2711" Z="0"/><Vertex X="23304" Y="2711" Z="0"/><Vertex X="23240" Y="2711" Z="0"/><Vertex X="23175" Y="2711" Z="0"/><Vertex X="23143" Y="2711" Z="0"/><Vertex X="23078" Y="2711" Z="0"/><Vertex X="23014" Y="2744" Z="0"/><Vertex X="22949" Y="2744" Z="0"/><Vertex X="22852" Y="2744" Z="0"/><Vertex X="22788" Y="2808" Z="0"/><Vertex X="22723" Y="2808" Z="0"/><Vertex X="22659" Y="2840" Z="0"/><Vertex X="22594" Y="2840" Z="0"/><Vertex X="22594" Y="2905" Z="0"/><Vertex X="22530" Y="2905" Z="0"/><Vertex X="22433" Y="2970" Z="0"/><Vertex X="22368" Y="2970" Z="0"/><Vertex X="22368" Y="3002" Z="0"/><Vertex X="22336" Y="3002" Z="0"/><Vertex X="22271" Y="3066" Z="0"/><Vertex X="22207" Y="3066" Z="0"/><Vertex X="22207" Y="3131" Z="0"/><Vertex X="22175" Y="3131" Z="0"/><Vertex X="22175" Y="3163" Z="0"/><Vertex X="22110" Y="3163" Z="0"/><Vertex X="22110" Y="3228" Z="0"/><Vertex X="22045" Y="3228" Z="0"/><Vertex X="22045" Y="3292" Z="0"/><Vertex X="22013" Y="3292" Z="0"/><Vertex X="21949" Y="3325" Z="0"/><Vertex X="21884" Y="3325" Z="0"/><Vertex X="21884" Y="3389" Z="0"/><Vertex X="21852" Y="3389" Z="0"/><Vertex X="21787" Y="3389" Z="0"/><Vertex X="21787" Y="3454" Z="0"/><Vertex X="21755" Y="3454" Z="0"/><Vertex X="21690" Y="3454" Z="0"/><Vertex X="21626" Y="3454" Z="0"/><Vertex X="21626" Y="3486" Z="0"/><Vertex X="21594" Y="3486" Z="0"/><Vertex X="21529" Y="3486" Z="0"/><Vertex X="21529" Y="3551" Z="0"/><Vertex X="21497" Y="3551" Z="0"/><Vertex X="21432" Y="3551" Z="0"/><Vertex X="21432" Y="3583" Z="0"/><Vertex X="21335" Y="3583" Z="0"/><Vertex X="21271" Y="3647" Z="0"/><Vertex X="21174" Y="3647" Z="0"/><Vertex X="21077" Y="3712" Z="0"/><Vertex X="20980" Y="3712" Z="0"/><Vertex X="20916" Y="3712" Z="0"/><Vertex X="20851" Y="3712" Z="0"/><Vertex X="20851" Y="3776" Z="0"/><Vertex X="20819" Y="3776" Z="0"/><Vertex X="20754" Y="3776" Z="0"/><Vertex X="20690" Y="3776" Z="0"/><Vertex X="20658" Y="3776" Z="0"/><Vertex X="20593" Y="3776" Z="0"/><Vertex X="20561" Y="3776" Z="0"/><Vertex X="20496" Y="3841" Z="0"/><Vertex X="20399" Y="3841" Z="0"/><Vertex X="20303" Y="3841" Z="0"/><Vertex X="20238" Y="3841" Z="0"/><Vertex X="20173" Y="3873" Z="0"/><Vertex X="20109" Y="3873" Z="0"/><Vertex X="20077" Y="3873" Z="0"/><Vertex X="20012" Y="3873" Z="0"/><Vertex X="19915" Y="3873" Z="0"/><Vertex X="19851" Y="3938" Z="0"/><Vertex X="19754" Y="3938" Z="0"/><Vertex X="19657" Y="3938" Z="0"/><Vertex X="19592" Y="4002" Z="0"/><Vertex X="19496" Y="4002" Z="0"/><Vertex X="19431" Y="4002" Z="0"/><Vertex X="19366" Y="4067" Z="0"/><Vertex X="19334" Y="4067" Z="0"/><Vertex X="19270" Y="4131" Z="0"/><Vertex X="19237" Y="4131" Z="0"/><Vertex X="19237" Y="4164" Z="0"/><Vertex X="19173" Y="4164" Z="0"/><Vertex X="19108" Y="4164" Z="0"/><Vertex X="19044" Y="4228" Z="0"/><Vertex X="18979" Y="4228" Z="0"/><Vertex X="18882" Y="4228" Z="0"/><Vertex X="18818" Y="4228" Z="0"/><Vertex X="18721" Y="4293" Z="0"/><Vertex X="18656" Y="4293" Z="0"/><Vertex X="18624" Y="4293" Z="0"/><Vertex X="18560" Y="4293" Z="0"/><Vertex X="18495" Y="4293" Z="0"/><Vertex X="18463" Y="4293" Z="0"/><Vertex X="18463" Y="4357" Z="0"/><Vertex X="18398" Y="4357" Z="0"/><Vertex X="18366" Y="4357" Z="0"/><Vertex X="18269" Y="4357" Z="0"/><Vertex X="18172" Y="4390" Z="0"/><Vertex X="18075" Y="4390" Z="0"/><Vertex X="18011" Y="4390" Z="0"/><Vertex X="17914" Y="4390" Z="0"/><Vertex X="17849" Y="4390" Z="0"/><Vertex X="17817" Y="4390" Z="0"/><Vertex X="17720" Y="4390" Z="0"/><Vertex X="17688" Y="4390" Z="0"/><Vertex X="17591" Y="4390" Z="0"/><Vertex X="17527" Y="4390" Z="0"/><Vertex X="17462" Y="4390" Z="0"/><Vertex X="17365" Y="4390" Z="0"/><Vertex X="17268" Y="4390" Z="0"/><Vertex X="17236" Y="4454" Z="0"/><Vertex X="17107" Y="4454" Z="0"/><Vertex X="17043" Y="4454" Z="0"/><Vertex X="17010" Y="4454" Z="0"/><Vertex X="16913" Y="4519" Z="0"/><Vertex X="16817" Y="4519" Z="0"/><Vertex X="16720" Y="4519" Z="0"/><Vertex X="16655" Y="4519" Z="0"/><Vertex X="16591" Y="4519" Z="0"/><Vertex X="16526" Y="4583" Z="0"/><Vertex X="16494" Y="4583" Z="0"/><Vertex X="16429" Y="4583" Z="0"/><Vertex X="16365" Y="4583" Z="0"/><Vertex X="16268" Y="4583" Z="0"/><Vertex X="16268" Y="4616" Z="0"/><Vertex X="16203" Y="4616" Z="0"/><Vertex X="16171" Y="4616" Z="0"/><Vertex X="16106" Y="4680" Z="0"/><Vertex X="16042" Y="4680" Z="0"/><Vertex X="16010" Y="4745" Z="0"/><Vertex X="15945" Y="4745" Z="0"/><Vertex X="15848" Y="4809" Z="0"/><Vertex X="15816" Y="4809" Z="0"/><Vertex X="15719" Y="4809" Z="0"/><Vertex X="15719" Y="4842" Z="0"/><Vertex X="15622" Y="4842" Z="0"/><Vertex X="15558" Y="4842" Z="0"/><Vertex X="15558" Y="4906" Z="0"/><Vertex X="15493" Y="4906" Z="0"/><Vertex X="15429" Y="4906" Z="0"/><Vertex X="15396" Y="4971" Z="0"/><Vertex X="15332" Y="4971" Z="0"/><Vertex X="15267" Y="5035" Z="0"/><Vertex X="15235" Y="5035" Z="0"/><Vertex X="15235" Y="5068" Z="0"/><Vertex X="15170" Y="5068" Z="0"/><Vertex X="15106" Y="5132" Z="0"/><Vertex X="15074" Y="5132" Z="0"/><Vertex X="15009" Y="5197" Z="0"/><Vertex X="14944" Y="5197" Z="0"/><Vertex X="14880" Y="5197" Z="0"/><Vertex X="14880" Y="5229" Z="0"/><Vertex X="14815" Y="5229" Z="0"/><Vertex X="14719" Y="5229" Z="0"/><Vertex X="14654" Y="5229" Z="0"/><Vertex X="14557" Y="5229" Z="0"/><Vertex X="14460" Y="5293" Z="0"/><Vertex X="14363" Y="5293" Z="0"/><Vertex X="14299" Y="5293" Z="0"/><Vertex X="14202" Y="5293" Z="0"/><Vertex X="14170" Y="5293" Z="0"/><Vertex X="14073" Y="5293" Z="0"/><Vertex X="14008" Y="5293" Z="0"/><Vertex X="13976" Y="5293" Z="0"/><Vertex X="13879" Y="5293" Z="0"/><Vertex X="13783" Y="5293" Z="0"/><Vertex X="13750" Y="5293" Z="0"/><Vertex X="13686" Y="5293" Z="0"/><Vertex X="13686" Y="5358" Z="0"/><Vertex X="13589" Y="5358" Z="0"/><Vertex X="13557" Y="5358" Z="0"/><Vertex X="13460" Y="5358" Z="0"/><Vertex X="13427" Y="5358" Z="0"/><Vertex X="13363" Y="5358" Z="0"/><Vertex X="13298" Y="5358" Z="0"/><Vertex X="13234" Y="5423" Z="0"/><Vertex X="13169" Y="5423" Z="0"/><Vertex X="13105" Y="5487" Z="0"/><Vertex X="13072" Y="5487" Z="0"/><Vertex X="12976" Y="5487" Z="0"/><Vertex X="12976" Y="5519" Z="0"/><Vertex X="12879" Y="5519" Z="0"/><Vertex X="12814" Y="5519" Z="0"/><Vertex X="12750" Y="5519" Z="0"/><Vertex X="12685" Y="5519" Z="0"/><Vertex X="12653" Y="5584" Z="0"/><Vertex X="12588" Y="5584" Z="0"/><Vertex X="12491" Y="5584" Z="0"/><Vertex X="12427" Y="5584" Z="0"/><Vertex X="12330" Y="5584" Z="0"/><Vertex X="12233" Y="5584" Z="0"/><Vertex X="12201" Y="5584" Z="0"/><Vertex X="12136" Y="5584" Z="0"/><Vertex X="12104" Y="5584" Z="0"/><Vertex X="12040" Y="5584" Z="0"/><Vertex X="11975" Y="5584" Z="0"/><Vertex X="11943" Y="5649" Z="0"/><Vertex X="11878" Y="5649" Z="0"/><Vertex X="11814" Y="5649" Z="0"/><Vertex X="11781" Y="5649" Z="0"/><Vertex X="11781" Y="5681" Z="0"/><Vertex X="11717" Y="5681" Z="0"/><Vertex X="11684" Y="5681" Z="0"/><Vertex X="11652" Y="5713" Z="0"/></Vertices></Region><Region Id="2" Type="0" Zoom="0.030982" Selected="0" ImageLocation="" ImageFocus="-1" Length="44467.0" Area="43062251.5" LengthMicrons="21940.0" AreaMicrons="10483228.1" Text="" NegativeROA="0" InputRegionId="0" Analyze="1" DisplayId="2"><Attributes></Attributes><Vertices><Vertex X="10264" Y="15493" Z="0"/><Vertex X="10297" Y="15493" Z="0"/><Vertex X="10361" Y="15493" Z="0"/><Vertex X="10426" Y="15493" Z="0"/><Vertex X="10490" Y="15493" Z="0"/><Vertex X="10587" Y="15493" Z="0"/><Vertex X="10684" Y="15493" Z="0"/><Vertex X="10748" Y="15493" Z="0"/><Vertex X="10813" Y="15493" Z="0"/><Vertex X="10910" Y="15558" Z="0"/><Vertex X="10974" Y="15558" Z="0"/><Vertex X="11039" Y="15558" Z="0"/><Vertex X="11136" Y="15558" Z="0"/><Vertex X="11200" Y="15558" Z="0"/><Vertex X="11233" Y="15558" Z="0"/><Vertex X="11297" Y="15558" Z="0"/><Vertex X="11394" Y="15622" Z="0"/><Vertex X="11426" Y="15622" Z="0"/><Vertex X="11491" Y="15687" Z="0"/><Vertex X="11555" Y="15687" Z="0"/><Vertex X="11588" Y="15751" Z="0"/><Vertex X="11652" Y="15751" Z="0"/><Vertex X="11717" Y="15751" Z="0"/><Vertex X="11749" Y="15751" Z="0"/><Vertex X="11749" Y="15784" Z="0"/><Vertex X="11846" Y="15784" Z="0"/><Vertex X="11910" Y="15784" Z="0"/><Vertex X="11943" Y="15784" Z="0"/><Vertex X="11943" Y="15848" Z="0"/><Vertex X="12007" Y="15848" Z="0"/><Vertex X="12040" Y="15848" Z="0"/><Vertex X="12104" Y="15913" Z="0"/><Vertex X="12169" Y="15913" Z="0"/><Vertex X="12233" Y="15913" Z="0"/><Vertex X="12330" Y="15913" Z="0"/><Vertex X="12427" Y="15913" Z="0"/><Vertex X="12491" Y="15913" Z="0"/><Vertex X="12556" Y="15913" Z="0"/><Vertex X="12653" Y="15913" Z="0"/><Vertex X="12685" Y="15913" Z="0"/><Vertex X="12750" Y="15913" Z="0"/><Vertex X="12782" Y="15913" Z="0"/><Vertex X="12846" Y="15913" Z="0"/><Vertex X="12911" Y="15913" Z="0"/><Vertex X="12976" Y="15913" Z="0"/><Vertex X="13072" Y="15913" Z="0"/><Vertex X="13137" Y="15913" Z="0"/><Vertex X="13169" Y="15913" Z="0"/><Vertex X="13234" Y="15913" Z="0"/><Vertex X="13266" Y="15913" Z="0"/><Vertex X="13363" Y="15913" Z="0"/><Vertex X="13427" Y="15913" Z="0"/><Vertex X="13460" Y="15913" Z="0"/><Vertex X="13524" Y="15913" Z="0"/><Vertex X="13557" Y="15913" Z="0"/><Vertex X="13621" Y="15913" Z="0"/><Vertex X="13686" Y="15913" Z="0"/><Vertex X="13718" Y="15913" Z="0"/><Vertex X="13783" Y="15913" Z="0"/><Vertex X="13783" Y="15880" Z="0"/><Vertex X="13815" Y="15880" Z="0"/><Vertex X="13879" Y="15880" Z="0"/><Vertex X="13944" Y="15880" Z="0"/><Vertex X="13976" Y="15880" Z="0"/><Vertex X="14041" Y="15880" Z="0"/><Vertex X="14073" Y="15880" Z="0"/><Vertex X="14073" Y="15816" Z="0"/><Vertex X="14138" Y="15816" Z="0"/><Vertex X="14202" Y="15816" Z="0"/><Vertex X="14234" Y="15816" Z="0"/><Vertex X="14299" Y="15816" Z="0"/><Vertex X="14396" Y="15751" Z="0"/><Vertex X="14428" Y="15751" Z="0"/><Vertex X="14525" Y="15751" Z="0"/><Vertex X="14622" Y="15751" Z="0"/><Vertex X="14654" Y="15751" Z="0"/><Vertex X="14719" Y="15751" Z="0"/><Vertex X="14783" Y="15751" Z="0"/><Vertex X="14880" Y="15751" Z="0"/><Vertex X="14944" Y="15751" Z="0"/><Vertex X="14977" Y="15751" Z="0"/><Vertex X="15041" Y="15751" Z="0"/><Vertex X="15041" Y="15687" Z="0"/><Vertex X="15106" Y="15687" Z="0"/><Vertex X="15138" Y="15687" Z="0"/><Vertex X="15203" Y="15687" Z="0"/><Vertex X="15235" Y="15687" Z="0"/><Vertex X="15300" Y="15687" Z="0"/><Vertex X="15364" Y="15687" Z="0"/><Vertex X="15429" Y="15687" Z="0"/><Vertex X="15493" Y="15687" Z="0"/><Vertex X="15525" Y="15687" Z="0"/><Vertex X="15525" Y="15654" Z="0"/><Vertex X="15622" Y="15654" Z="0"/><Vertex X="15687" Y="15590" Z="0"/><Vertex X="15719" Y="15590" Z="0"/><Vertex X="15784" Y="15590" Z="0"/><Vertex X="15848" Y="15590" Z="0"/><Vertex X="15913" Y="15525" Z="0"/><Vertex X="15977" Y="15525" Z="0"/><Vertex X="16042" Y="15525" Z="0"/><Vertex X="16074" Y="15525" Z="0"/><Vertex X="16139" Y="15525" Z="0"/><Vertex X="16171" Y="15525" Z="0"/><Vertex X="16171" Y="15493" Z="0"/><Vertex X="16236" Y="15493" Z="0"/><Vertex X="16300" Y="15493" Z="0"/><Vertex X="16332" Y="15493" Z="0"/><Vertex X="16397" Y="15493" Z="0"/><Vertex X="16397" Y="15429" Z="0"/><Vertex X="16429" Y="15429" Z="0"/><Vertex X="16494" Y="15429" Z="0"/><Vertex X="16494" Y="15364" Z="0"/><Vertex X="16558" Y="15364" Z="0"/><Vertex X="16591" Y="15364" Z="0"/><Vertex X="16655" Y="15332" Z="0"/><Vertex X="16720" Y="15332" Z="0"/><Vertex X="16752" Y="15332" Z="0"/><Vertex X="16817" Y="15332" Z="0"/><Vertex X="16817" Y="15267" Z="0"/><Vertex X="16849" Y="15267" Z="0"/><Vertex X="16913" Y="15267" Z="0"/><Vertex X="16978" Y="15203" Z="0"/><Vertex X="17010" Y="15203" Z="0"/><Vertex X="17075" Y="15138" Z="0"/><Vertex X="17139" Y="15138" Z="0"/><Vertex X="17139" Y="15106" Z="0"/><Vertex X="17172" Y="15106" Z="0"/><Vertex X="17172" Y="15041" Z="0"/><Vertex X="17236" Y="15041" Z="0"/><Vertex X="17301" Y="14977" Z="0"/><Vertex X="17333" Y="14977" Z="0"/><Vertex X="17333" Y="14944" Z="0"/><Vertex X="17398" Y="14944" Z="0"/><Vertex X="17462" Y="14880" Z="0"/><Vertex X="17494" Y="14880" Z="0"/><Vertex X="17559" Y="14880" Z="0"/><Vertex X="17559" Y="14848" Z="0"/><Vertex X="17624" Y="14848" Z="0"/><Vertex X="17656" Y="14848" Z="0"/><Vertex X="17720" Y="14848" Z="0"/><Vertex X="17720" Y="14783" Z="0"/><Vertex X="17753" Y="14783" Z="0"/><Vertex X="17817" Y="14783" Z="0"/><Vertex X="17882" Y="14718" Z="0"/><Vertex X="17914" Y="14718" Z="0"/><Vertex X="17979" Y="14654" Z="0"/><Vertex X="18043" Y="14654" Z="0"/><Vertex X="18075" Y="14654" Z="0"/><Vertex X="18140" Y="14654" Z="0"/><Vertex X="18237" Y="14654" Z="0"/><Vertex X="18237" Y="14622" Z="0"/><Vertex X="18269" Y="14622" Z="0"/><Vertex X="18334" Y="14622" Z="0"/><Vertex X="18366" Y="14622" Z="0"/><Vertex X="18430" Y="14557" Z="0"/><Vertex X="18495" Y="14557" Z="0"/><Vertex X="18495" Y="14493" Z="0"/><Vertex X="18527" Y="14493" Z="0"/><Vertex X="18592" Y="14493" Z="0"/><Vertex X="18592" Y="14460" Z="0"/><Vertex X="18656" Y="14460" Z="0"/><Vertex X="18656" Y="14396" Z="0"/><Vertex X="18689" Y="14396" Z="0"/><Vertex X="18689" Y="14363" Z="0"/><Vertex X="18753" Y="14363" Z="0"/><Vertex X="18818" Y="14299" Z="0"/><Vertex X="18850" Y="14234" Z="0"/><Vertex X="18915" Y="14234" Z="0"/><Vertex X="18979" Y="14234" Z="0"/><Vertex X="18979" Y="14170" Z="0"/><Vertex X="19011" Y="14170" Z="0"/><Vertex X="19076" Y="14170" Z="0"/><Vertex X="19108" Y="14170" Z="0"/><Vertex X="19173" Y="14170" Z="0"/><Vertex X="19237" Y="14170" Z="0"/><Vertex X="19237" Y="14137" Z="0"/><Vertex X="19270" Y="14137" Z="0"/><Vertex X="19334" Y="14137" Z="0"/><Vertex X="19366" Y="14137" Z="0"/><Vertex X="19431" Y="14137" Z="0"/><Vertex X="19431" Y="14073" Z="0"/><Vertex X="19496" Y="14073" Z="0"/><Vertex X="19528" Y="14073" Z="0"/><Vertex X="19528" Y="14041" Z="0"/><Vertex X="19592" Y="14041" Z="0"/><Vertex X="19625" Y="14041" Z="0"/><Vertex X="19689" Y="13976" Z="0"/><Vertex X="19754" Y="13976" Z="0"/><Vertex X="19754" Y="13912" Z="0"/><Vertex X="19786" Y="13912" Z="0"/><Vertex X="19851" Y="13912" Z="0"/><Vertex X="19851" Y="13879" Z="0"/><Vertex X="19883" Y="13879" Z="0"/><Vertex X="19883" Y="13815" Z="0"/><Vertex X="19947" Y="13815" Z="0"/><Vertex X="19947" Y="13750" Z="0"/><Vertex X="20012" Y="13750" Z="0"/><Vertex X="20012" Y="13718" Z="0"/><Vertex X="20044" Y="13653" Z="0"/><Vertex X="20044" Y="13589" Z="0"/><Vertex X="20109" Y="13589" Z="0"/><Vertex X="20109" Y="13556" Z="0"/><Vertex X="20109" Y="13492" Z="0"/><Vertex X="20109" Y="13460" Z="0"/><Vertex X="20173" Y="13460" Z="0"/><Vertex X="20173" Y="13395" Z="0"/><Vertex X="20173" Y="13331" Z="0"/><Vertex X="20206" Y="13331" Z="0"/><Vertex X="20206" Y="13298" Z="0"/><Vertex X="20270" Y="13298" Z="0"/><Vertex X="20270" Y="13234" Z="0"/><Vertex X="20303" Y="13234" Z="0"/><Vertex X="20303" Y="13201" Z="0"/><Vertex X="20367" Y="13201" Z="0"/><Vertex X="20367" Y="13137" Z="0"/><Vertex X="20432" Y="13072" Z="0"/><Vertex X="20432" Y="13040" Z="0"/><Vertex X="20464" Y="13040" Z="0"/><Vertex X="20464" Y="12975" Z="0"/><Vertex X="20528" Y="12975" Z="0"/><Vertex X="20528" Y="12911" Z="0"/><Vertex X="20593" Y="12879" Z="0"/><Vertex X="20593" Y="12814" Z="0"/><Vertex X="20593" Y="12782" Z="0"/><Vertex X="20593" Y="12717" Z="0"/><Vertex X="20593" Y="12653" Z="0"/><Vertex X="20593" Y="12620" Z="0"/><Vertex X="20593" Y="12556" Z="0"/><Vertex X="20561" Y="12556" Z="0"/><Vertex X="20561" Y="12524" Z="0"/><Vertex X="20561" Y="12459" Z="0"/><Vertex X="20496" Y="12394" Z="0"/><Vertex X="20496" Y="12362" Z="0"/><Vertex X="20432" Y="12298" Z="0"/><Vertex X="20432" Y="12233" Z="0"/><Vertex X="20432" Y="12201" Z="0"/><Vertex X="20432" Y="12104" Z="0"/><Vertex X="20432" Y="12039" Z="0"/><Vertex X="20432" Y="12007" Z="0"/><Vertex X="20399" Y="12007" Z="0"/><Vertex X="20399" Y="11943" Z="0"/><Vertex X="20335" Y="11878" Z="0"/><Vertex X="20335" Y="11846" Z="0"/><Vertex X="20270" Y="11846" Z="0"/><Vertex X="20270" Y="11781" Z="0"/><Vertex X="20238" Y="11781" Z="0"/><Vertex X="20173" Y="11717" Z="0"/><Vertex X="20109" Y="11717" Z="0"/><Vertex X="20109" Y="11684" Z="0"/><Vertex X="20077" Y="11684" Z="0"/><Vertex X="20012" Y="11684" Z="0"/><Vertex X="20012" Y="11620" Z="0"/><Vertex X="19980" Y="11620" Z="0"/><Vertex X="19915" Y="11620" Z="0"/><Vertex X="19915" Y="11588" Z="0"/><Vertex X="19851" Y="11588" Z="0"/><Vertex X="19851" Y="11523" Z="0"/><Vertex X="19818" Y="11523" Z="0"/><Vertex X="19818" Y="11458" Z="0"/><Vertex X="19754" Y="11458" Z="0"/><Vertex X="19754" Y="11426" Z="0"/><Vertex X="19754" Y="11362" Z="0"/><Vertex X="19754" Y="11329" Z="0"/><Vertex X="19754" Y="11232" Z="0"/><Vertex X="19722" Y="11232" Z="0"/><Vertex X="19722" Y="11168" Z="0"/><Vertex X="19722" Y="11136" Z="0"/><Vertex X="19722" Y="11071" Z="0"/><Vertex X="19657" Y="11039" Z="0"/><Vertex X="19592" Y="11039" Z="0"/><Vertex X="19560" Y="11039" Z="0"/><Vertex X="19496" Y="11039" Z="0"/><Vertex X="19431" Y="11039" Z="0"/><Vertex X="19399" Y="11039" Z="0"/><Vertex X="19399" Y="11103" Z="0"/><Vertex X="19334" Y="11103" Z="0"/><Vertex X="19302" Y="11103" Z="0"/><Vertex X="19237" Y="11103" Z="0"/><Vertex X="19173" Y="11103" Z="0"/><Vertex X="19141" Y="11103" Z="0"/><Vertex X="19076" Y="11103" Z="0"/><Vertex X="19076" Y="11136" Z="0"/><Vertex X="19044" Y="11136" Z="0"/><Vertex X="18979" Y="11136" Z="0"/><Vertex X="18915" Y="11136" Z="0"/><Vertex X="18882" Y="11136" Z="0"/><Vertex X="18818" Y="11136" Z="0"/><Vertex X="18785" Y="11136" Z="0"/><Vertex X="18689" Y="11136" Z="0"/><Vertex X="18624" Y="11136" Z="0"/><Vertex X="18624" Y="11200" Z="0"/><Vertex X="18592" Y="11200" Z="0"/><Vertex X="18527" Y="11200" Z="0"/><Vertex X="18463" Y="11200" Z="0"/><Vertex X="18463" Y="11265" Z="0"/><Vertex X="18398" Y="11265" Z="0"/><Vertex X="18334" Y="11265" Z="0"/><Vertex X="18334" Y="11297" Z="0"/><Vertex X="18301" Y="11297" Z="0"/><Vertex X="18237" Y="11362" Z="0"/><Vertex X="18172" Y="11362" Z="0"/><Vertex X="18075" Y="11426" Z="0"/><Vertex X="18011" Y="11426" Z="0"/><Vertex X="17914" Y="11426" Z="0"/><Vertex X="17914" Y="11491" Z="0"/><Vertex X="17849" Y="11491" Z="0"/><Vertex X="17817" Y="11491" Z="0"/><Vertex X="17753" Y="11523" Z="0"/><Vertex X="17688" Y="11523" Z="0"/><Vertex X="17656" Y="11588" Z="0"/><Vertex X="17591" Y="11588" Z="0"/><Vertex X="17591" Y="11652" Z="0"/><Vertex X="17559" Y="11652" Z="0"/><Vertex X="17494" Y="11684" Z="0"/><Vertex X="17430" Y="11684" Z="0"/><Vertex X="17430" Y="11749" Z="0"/><Vertex X="17398" Y="11749" Z="0"/><Vertex X="17333" Y="11813" Z="0"/><Vertex X="17268" Y="11878" Z="0"/><Vertex X="17204" Y="11878" Z="0"/><Vertex X="17204" Y="11910" Z="0"/><Vertex X="17172" Y="11910" Z="0"/><Vertex X="17107" Y="11910" Z="0"/><Vertex X="17107" Y="11975" Z="0"/><Vertex X="17043" Y="12039" Z="0"/><Vertex X="17043" Y="12072" Z="0"/><Vertex X="17010" Y="12072" Z="0"/><Vertex X="17010" Y="12136" Z="0"/><Vertex X="16946" Y="12136" Z="0"/><Vertex X="16946" Y="12169" Z="0"/><Vertex X="16913" Y="12169" Z="0"/><Vertex X="16913" Y="12233" Z="0"/><Vertex X="16849" Y="12233" Z="0"/><Vertex X="16849" Y="12298" Z="0"/><Vertex X="16784" Y="12330" Z="0"/><Vertex X="16784" Y="12394" Z="0"/><Vertex X="16752" Y="12394" Z="0"/><Vertex X="16687" Y="12459" Z="0"/><Vertex X="16591" Y="12524" Z="0"/><Vertex X="16591" Y="12556" Z="0"/><Vertex X="16526" Y="12556" Z="0"/><Vertex X="16526" Y="12653" Z="0"/><Vertex X="16494" Y="12653" Z="0"/><Vertex X="16494" Y="12685" Z="0"/><Vertex X="16429" Y="12685" Z="0"/><Vertex X="16429" Y="12750" Z="0"/><Vertex X="16397" Y="12750" Z="0"/><Vertex X="16397" Y="12846" Z="0"/><Vertex X="16332" Y="12943" Z="0"/><Vertex X="16268" Y="12975" Z="0"/><Vertex X="16203" Y="13040" Z="0"/><Vertex X="16203" Y="13105" Z="0"/><Vertex X="16203" Y="13137" Z="0"/><Vertex X="16139" Y="13201" Z="0"/><Vertex X="16139" Y="13266" Z="0"/><Vertex X="16139" Y="13298" Z="0"/><Vertex X="16106" Y="13363" Z="0"/><Vertex X="16106" Y="13427" Z="0"/><Vertex X="16106" Y="13460" Z="0"/><Vertex X="16042" Y="13460" Z="0"/><Vertex X="16042" Y="13524" Z="0"/><Vertex X="16042" Y="13556" Z="0"/><Vertex X="15977" Y="13556" Z="0"/><Vertex X="15977" Y="13621" Z="0"/><Vertex X="15945" Y="13686" Z="0"/><Vertex X="15945" Y="13718" Z="0"/><Vertex X="15881" Y="13718" Z="0"/><Vertex X="15881" Y="13782" Z="0"/><Vertex X="15816" Y="13847" Z="0"/><Vertex X="15784" Y="13912" Z="0"/><Vertex X="15719" Y="13944" Z="0"/><Vertex X="15655" Y="13944" Z="0"/><Vertex X="15655" Y="14008" Z="0"/><Vertex X="15622" Y="14008" Z="0"/><Vertex X="15622" Y="14073" Z="0"/><Vertex X="15558" Y="14073" Z="0"/><Vertex X="15493" Y="14073" Z="0"/><Vertex X="15461" Y="14073" Z="0"/><Vertex X="15396" Y="14073" Z="0"/><Vertex X="15300" Y="14073" Z="0"/><Vertex X="15235" Y="14073" Z="0"/><Vertex X="15170" Y="14073" Z="0"/><Vertex X="15074" Y="14008" Z="0"/><Vertex X="15009" Y="14008" Z="0"/><Vertex X="14944" Y="14008" Z="0"/><Vertex X="14880" Y="13976" Z="0"/><Vertex X="14848" Y="13976" Z="0"/><Vertex X="14719" Y="13976" Z="0"/><Vertex X="14654" Y="13912" Z="0"/><Vertex X="14589" Y="13912" Z="0"/><Vertex X="14493" Y="13912" Z="0"/><Vertex X="14493" Y="13847" Z="0"/><Vertex X="14428" Y="13847" Z="0"/><Vertex X="14363" Y="13847" Z="0"/><Vertex X="14363" Y="13815" Z="0"/><Vertex X="14267" Y="13815" Z="0"/><Vertex X="14170" Y="13815" Z="0"/><Vertex X="14073" Y="13750" Z="0"/><Vertex X="14008" Y="13750" Z="0"/><Vertex X="13912" Y="13750" Z="0"/><Vertex X="13912" Y="13686" Z="0"/><Vertex X="13815" Y="13686" Z="0"/><Vertex X="13750" Y="13686" Z="0"/><Vertex X="13653" Y="13621" Z="0"/><Vertex X="13557" Y="13621" Z="0"/><Vertex X="13492" Y="13621" Z="0"/><Vertex X="13492" Y="13589" Z="0"/><Vertex X="13427" Y="13589" Z="0"/><Vertex X="13363" Y="13589" Z="0"/><Vertex X="13363" Y="13524" Z="0"/><Vertex X="13331" Y="13524" Z="0"/><Vertex X="13266" Y="13460" Z="0"/><Vertex X="13202" Y="13460" Z="0"/><Vertex X="13202" Y="13427" Z="0"/><Vertex X="13169" Y="13427" Z="0"/><Vertex X="13169" Y="13363" Z="0"/><Vertex X="13105" Y="13363" Z="0"/><Vertex X="13105" Y="13298" Z="0"/><Vertex X="13072" Y="13298" Z="0"/><Vertex X="13072" Y="13266" Z="0"/><Vertex X="13008" Y="13266" Z="0"/><Vertex X="12943" Y="13201" Z="0"/><Vertex X="12911" Y="13137" Z="0"/><Vertex X="12846" Y="13137" Z="0"/><Vertex X="12846" Y="13105" Z="0"/><Vertex X="12782" Y="13105" Z="0"/><Vertex X="12750" Y="13040" Z="0"/><Vertex X="12685" Y="13040" Z="0"/><Vertex X="12685" Y="12975" Z="0"/><Vertex X="12588" Y="12975" Z="0"/><Vertex X="12491" Y="12911" Z="0"/><Vertex X="12427" Y="12911" Z="0"/><Vertex X="12362" Y="12911" Z="0"/><Vertex X="12362" Y="12879" Z="0"/><Vertex X="12330" Y="12879" Z="0"/><Vertex X="12265" Y="12879" Z="0"/><Vertex X="12201" Y="12879" Z="0"/><Vertex X="12169" Y="12879" Z="0"/><Vertex X="12104" Y="12879" Z="0"/><Vertex X="12072" Y="12879" Z="0"/><Vertex X="12007" Y="12879" Z="0"/><Vertex X="11943" Y="12879" Z="0"/><Vertex X="11910" Y="12879" Z="0"/><Vertex X="11846" Y="12879" Z="0"/><Vertex X="11781" Y="12879" Z="0"/><Vertex X="11717" Y="12879" Z="0"/><Vertex X="11652" Y="12879" Z="0"/><Vertex X="11652" Y="12814" Z="0"/><Vertex X="11620" Y="12814" Z="0"/><Vertex X="11555" Y="12814" Z="0"/><Vertex X="11523" Y="12814" Z="0"/><Vertex X="11523" Y="12782" Z="0"/><Vertex X="11459" Y="12782" Z="0"/><Vertex X="11394" Y="12782" Z="0"/><Vertex X="11362" Y="12717" Z="0"/><Vertex X="11297" Y="12717" Z="0"/><Vertex X="11233" Y="12717" Z="0"/><Vertex X="11233" Y="12653" Z="0"/><Vertex X="11200" Y="12653" Z="0"/><Vertex X="11103" Y="12588" Z="0"/><Vertex X="11007" Y="12588" Z="0"/><Vertex X="10910" Y="12556" Z="0"/><Vertex X="10878" Y="12556" Z="0"/><Vertex X="10781" Y="12556" Z="0"/><Vertex X="10652" Y="12491" Z="0"/><Vertex X="10587" Y="12491" Z="0"/><Vertex X="10490" Y="12427" Z="0"/><Vertex X="10393" Y="12427" Z="0"/><Vertex X="10297" Y="12427" Z="0"/><Vertex X="10297" Y="12362" Z="0"/><Vertex X="10264" Y="12362" Z="0"/><Vertex X="10200" Y="12362" Z="0"/><Vertex X="10135" Y="12298" Z="0"/><Vertex X="10103" Y="12298" Z="0"/><Vertex X="10038" Y="12298" Z="0"/><Vertex X="10006" Y="12298" Z="0"/><Vertex X="10006" Y="12265" Z="0"/><Vertex X="9942" Y="12265" Z="0"/><Vertex X="9845" Y="12265" Z="0"/><Vertex X="9812" Y="12265" Z="0"/><Vertex X="9748" Y="12265" Z="0"/><Vertex X="9716" Y="12265" Z="0"/><Vertex X="9651" Y="12265" Z="0"/><Vertex X="9586" Y="12265" Z="0"/><Vertex X="9554" Y="12265" Z="0"/><Vertex X="9554" Y="12201" Z="0"/><Vertex X="9490" Y="12201" Z="0"/><Vertex X="9457" Y="12201" Z="0"/><Vertex X="9393" Y="12201" Z="0"/><Vertex X="9328" Y="12201" Z="0"/><Vertex X="9296" Y="12136" Z="0"/><Vertex X="9231" Y="12136" Z="0"/><Vertex X="9167" Y="12136" Z="0"/><Vertex X="9135" Y="12104" Z="0"/><Vertex X="9038" Y="12104" Z="0"/><Vertex X="8973" Y="12104" Z="0"/><Vertex X="8973" Y="12039" Z="0"/><Vertex X="8909" Y="12039" Z="0"/><Vertex X="8844" Y="12039" Z="0"/><Vertex X="8844" Y="11975" Z="0"/><Vertex X="8747" Y="11975" Z="0"/><Vertex X="8715" Y="11975" Z="0"/><Vertex X="8618" Y="11910" Z="0"/><Vertex X="8521" Y="11910" Z="0"/><Vertex X="8424" Y="11878" Z="0"/><Vertex X="8392" Y="11878" Z="0"/><Vertex X="8392" Y="11813" Z="0"/><Vertex X="8328" Y="11813" Z="0"/><Vertex X="8295" Y="11749" Z="0"/><Vertex X="8231" Y="11749" Z="0"/><Vertex X="8231" Y="11717" Z="0"/><Vertex X="8166" Y="11717" Z="0"/><Vertex X="8102" Y="11652" Z="0"/><Vertex X="8005" Y="11652" Z="0"/><Vertex X="8005" Y="11588" Z="0"/><Vertex X="7908" Y="11588" Z="0"/><Vertex X="7811" Y="11523" Z="0"/><Vertex X="7747" Y="11523" Z="0"/><Vertex X="7650" Y="11458" Z="0"/><Vertex X="7585" Y="11458" Z="0"/><Vertex X="7553" Y="11458" Z="0"/><Vertex X="7488" Y="11458" Z="0"/><Vertex X="7488" Y="11426" Z="0"/><Vertex X="7424" Y="11426" Z="0"/><Vertex X="7392" Y="11426" Z="0"/><Vertex X="7327" Y="11426" Z="0"/><Vertex X="7295" Y="11426" Z="0"/><Vertex X="7230" Y="11426" Z="0"/><Vertex X="7166" Y="11426" Z="0"/><Vertex X="7133" Y="11426" Z="0"/><Vertex X="7069" Y="11426" Z="0"/><Vertex X="7037" Y="11426" Z="0"/><Vertex X="7037" Y="11362" Z="0"/><Vertex X="6972" Y="11362" Z="0"/><Vertex X="6907" Y="11362" Z="0"/><Vertex X="6875" Y="11362" Z="0"/><Vertex X="6811" Y="11362" Z="0"/><Vertex X="6778" Y="11362" Z="0"/><Vertex X="6714" Y="11362" Z="0"/><Vertex X="6649" Y="11362" Z="0"/><Vertex X="6617" Y="11362" Z="0"/><Vertex X="6552" Y="11362" Z="0"/><Vertex X="6520" Y="11362" Z="0"/><Vertex X="6456" Y="11297" Z="0"/><Vertex X="6391" Y="11297" Z="0"/><Vertex X="6359" Y="11297" Z="0"/><Vertex X="6262" Y="11297" Z="0"/><Vertex X="6165" Y="11297" Z="0"/><Vertex X="6101" Y="11297" Z="0"/><Vertex X="6004" Y="11297" Z="0"/><Vertex X="5939" Y="11265" Z="0"/><Vertex X="5842" Y="11265" Z="0"/><Vertex X="5778" Y="11265" Z="0"/><Vertex X="5681" Y="11265" Z="0"/><Vertex X="5681" Y="11232" Z="0"/><Vertex X="5616" Y="11232" Z="0"/><Vertex X="5520" Y="11232" Z="0"/><Vertex X="5487" Y="11232" Z="0"/><Vertex X="5455" Y="11362" Z="0"/><Vertex X="5358" Y="11362" Z="0"/><Vertex X="5326" Y="11362" Z="0"/><Vertex X="5261" Y="11362" Z="0"/><Vertex X="5197" Y="11362" Z="0"/><Vertex X="5197" Y="11297" Z="0"/><Vertex X="5132" Y="11297" Z="0"/><Vertex X="5035" Y="11297" Z="0"/><Vertex X="4939" Y="11297" Z="0"/><Vertex X="4874" Y="11297" Z="0"/><Vertex X="4874" Y="11329" Z="0"/><Vertex X="4809" Y="11329" Z="0"/><Vertex X="4745" Y="11394" Z="0"/><Vertex X="4713" Y="11394" Z="0"/><Vertex X="4713" Y="11426" Z="0"/><Vertex X="4648" Y="11426" Z="0"/><Vertex X="4648" Y="11491" Z="0"/><Vertex X="4616" Y="11491" Z="0"/><Vertex X="4616" Y="11555" Z="0"/><Vertex X="4551" Y="11555" Z="0"/><Vertex X="4551" Y="11588" Z="0"/><Vertex X="4487" Y="11588" Z="0"/><Vertex X="4487" Y="11652" Z="0"/><Vertex X="4454" Y="11717" Z="0"/><Vertex X="4390" Y="11749" Z="0"/><Vertex X="4390" Y="11813" Z="0"/><Vertex X="4390" Y="11878" Z="0"/><Vertex X="4390" Y="11910" Z="0"/><Vertex X="4390" Y="11975" Z="0"/><Vertex X="4325" Y="11975" Z="0"/><Vertex X="4325" Y="12007" Z="0"/><Vertex X="4325" Y="12072" Z="0"/><Vertex X="4325" Y="12136" Z="0"/><Vertex X="4325" Y="12169" Z="0"/><Vertex X="4325" Y="12233" Z="0"/><Vertex X="4325" Y="12265" Z="0"/><Vertex X="4325" Y="12330" Z="0"/><Vertex X="4325" Y="12394" Z="0"/><Vertex X="4293" Y="12394" Z="0"/><Vertex X="4293" Y="12427" Z="0"/><Vertex X="4293" Y="12491" Z="0"/><Vertex X="4228" Y="12491" Z="0"/><Vertex X="4228" Y="12524" Z="0"/><Vertex X="4228" Y="12588" Z="0"/><Vertex X="4228" Y="12653" Z="0"/><Vertex X="4261" Y="12653" Z="0"/><Vertex X="4261" Y="12685" Z="0"/><Vertex X="4293" Y="12750" Z="0"/><Vertex X="4293" Y="12782" Z="0"/><Vertex X="4358" Y="12782" Z="0"/><Vertex X="4358" Y="12846" Z="0"/><Vertex X="4422" Y="12846" Z="0"/><Vertex X="4454" Y="12911" Z="0"/><Vertex X="4519" Y="12975" Z="0"/><Vertex X="4583" Y="12975" Z="0"/><Vertex X="4583" Y="13008" Z="0"/><Vertex X="4616" Y="13008" Z="0"/><Vertex X="4680" Y="13105" Z="0"/><Vertex X="4777" Y="13105" Z="0"/><Vertex X="4777" Y="13169" Z="0"/><Vertex X="4809" Y="13169" Z="0"/><Vertex X="4874" Y="13201" Z="0"/><Vertex X="4971" Y="13266" Z="0"/><Vertex X="5035" Y="13331" Z="0"/><Vertex X="5068" Y="13331" Z="0"/><Vertex X="5068" Y="13395" Z="0"/><Vertex X="5132" Y="13395" Z="0"/><Vertex X="5197" Y="13395" Z="0"/><Vertex X="5229" Y="13427" Z="0"/><Vertex X="5294" Y="13427" Z="0"/><Vertex X="5294" Y="13492" Z="0"/><Vertex X="5358" Y="13492" Z="0"/><Vertex X="5390" Y="13556" Z="0"/><Vertex X="5455" Y="13621" Z="0"/><Vertex X="5520" Y="13653" Z="0"/><Vertex X="5584" Y="13653" Z="0"/><Vertex X="5584" Y="13718" Z="0"/><Vertex X="5616" Y="13718" Z="0"/><Vertex X="5681" Y="13782" Z="0"/><Vertex X="5745" Y="13782" Z="0"/><Vertex X="5745" Y="13815" Z="0"/><Vertex X="5778" Y="13815" Z="0"/><Vertex X="5842" Y="13815" Z="0"/><Vertex X="5842" Y="13879" Z="0"/><Vertex X="5875" Y="13879" Z="0"/><Vertex X="5939" Y="13879" Z="0"/><Vertex X="5939" Y="13944" Z="0"/><Vertex X="6004" Y="13944" Z="0"/><Vertex X="6004" Y="13976" Z="0"/><Vertex X="6036" Y="13976" Z="0"/><Vertex X="6036" Y="14041" Z="0"/><Vertex X="6101" Y="14041" Z="0"/><Vertex X="6101" Y="14073" Z="0"/><Vertex X="6133" Y="14073" Z="0"/><Vertex X="6133" Y="14137" Z="0"/><Vertex X="6230" Y="14137" Z="0"/><Vertex X="6294" Y="14137" Z="0"/><Vertex X="6294" Y="14202" Z="0"/><Vertex X="6326" Y="14202" Z="0"/><Vertex X="6391" Y="14202" Z="0"/><Vertex X="6391" Y="14234" Z="0"/><Vertex X="6456" Y="14234" Z="0"/><Vertex X="6552" Y="14234" Z="0"/><Vertex X="6649" Y="14299" Z="0"/><Vertex X="6714" Y="14299" Z="0"/><Vertex X="6746" Y="14363" Z="0"/><Vertex X="6811" Y="14363" Z="0"/><Vertex X="9877" Y="15364" Z="0"/><Vertex X="9780" Y="15461" Z="0"/><Vertex X="9845" Y="15461" Z="0"/><Vertex X="9909" Y="15461" Z="0"/><Vertex X="9942" Y="15461" Z="0"/><Vertex X="10006" Y="15461" Z="0"/><Vertex X="10006" Y="15493" Z="0"/><Vertex X="10038" Y="15493" Z="0"/><Vertex X="10103" Y="15493" Z="0"/><Vertex X="10167" Y="15493" Z="0"/><Vertex X="10200" Y="15493" Z="0"/><Vertex X="10264" Y="15493" Z="0"/></Vertices></Region><Region Id="3" Type="0" Zoom="0.030982" Selected="0" ImageLocation="" ImageFocus="-1" Length="27298.4" Area="27739046.5" LengthMicrons="13469.0" AreaMicrons="6752892.4" Text="" NegativeROA="0" InputRegionId="0" Analyze="1" DisplayId="3"><Attributes></Attributes><Vertices><Vertex X="18592" Y="17268" Z="0"/><Vertex X="18527" Y="17268" Z="0"/><Vertex X="18527" Y="17333" Z="0"/><Vertex X="18495" Y="17333" Z="0"/><Vertex X="18430" Y="17333" Z="0"/><Vertex X="18430" Y="17397" Z="0"/><Vertex X="18366" Y="17397" Z="0"/><Vertex X="18334" Y="17430" Z="0"/><Vertex X="18269" Y="17430" Z="0"/><Vertex X="18172" Y="17494" Z="0"/><Vertex X="18140" Y="17494" Z="0"/><Vertex X="18140" Y="17559" Z="0"/><Vertex X="18075" Y="17559" Z="0"/><Vertex X="18011" Y="17559" Z="0"/><Vertex X="18011" Y="17591" Z="0"/><Vertex X="17979" Y="17591" Z="0"/><Vertex X="17914" Y="17591" Z="0"/><Vertex X="17914" Y="17656" Z="0"/><Vertex X="17882" Y="17656" Z="0"/><Vertex X="17817" Y="17720" Z="0"/><Vertex X="17720" Y="17720" Z="0"/><Vertex X="17720" Y="17753" Z="0"/><Vertex X="17656" Y="17753" Z="0"/><Vertex X="17559" Y="17817" Z="0"/><Vertex X="17462" Y="17817" Z="0"/><Vertex X="17365" Y="17817" Z="0"/><Vertex X="17301" Y="17882" Z="0"/><Vertex X="17204" Y="17882" Z="0"/><Vertex X="17107" Y="17882" Z="0"/><Vertex X="17010" Y="17946" Z="0"/><Vertex X="16946" Y="17946" Z="0"/><Vertex X="16849" Y="18011" Z="0"/><Vertex X="16752" Y="18011" Z="0"/><Vertex X="16687" Y="18075" Z="0"/><Vertex X="16591" Y="18075" Z="0"/><Vertex X="16494" Y="18075" Z="0"/><Vertex X="16397" Y="18140" Z="0"/><Vertex X="16365" Y="18140" Z="0"/><Vertex X="16300" Y="18140" Z="0"/><Vertex X="16300" Y="18172" Z="0"/><Vertex X="16268" Y="18172" Z="0"/><Vertex X="16203" Y="18172" Z="0"/><Vertex X="16139" Y="18172" Z="0"/><Vertex X="16106" Y="18172" Z="0"/><Vertex X="16042" Y="18172" Z="0"/><Vertex X="16010" Y="18172" Z="0"/><Vertex X="15945" Y="18172" Z="0"/><Vertex X="15881" Y="18172" Z="0"/><Vertex X="15848" Y="18237" Z="0"/><Vertex X="15848" Y="18301" Z="0"/><Vertex X="15784" Y="18334" Z="0"/><Vertex X="15784" Y="18398" Z="0"/><Vertex X="15784" Y="18463" Z="0"/><Vertex X="15784" Y="18495" Z="0"/><Vertex X="15784" Y="18559" Z="0"/><Vertex X="15784" Y="18592" Z="0"/><Vertex X="15848" Y="18656" Z="0"/><Vertex X="15913" Y="18753" Z="0"/><Vertex X="15977" Y="18818" Z="0"/><Vertex X="16042" Y="18850" Z="0"/><Vertex X="16074" Y="18914" Z="0"/><Vertex X="16139" Y="18979" Z="0"/><Vertex X="16236" Y="18979" Z="0"/><Vertex X="16236" Y="19044" Z="0"/><Vertex X="16332" Y="19044" Z="0"/><Vertex X="16365" Y="19076" Z="0"/><Vertex X="16462" Y="19076" Z="0"/><Vertex X="16462" Y="19140" Z="0"/><Vertex X="16558" Y="19140" Z="0"/><Vertex X="16558" Y="19205" Z="0"/><Vertex X="16591" Y="19205" Z="0"/><Vertex X="16591" Y="19237" Z="0"/><Vertex X="16655" Y="19237" Z="0"/><Vertex X="16655" Y="19302" Z="0"/><Vertex X="16687" Y="19302" Z="0"/><Vertex X="16687" Y="19334" Z="0"/><Vertex X="16752" Y="19399" Z="0"/><Vertex X="16817" Y="19399" Z="0"/><Vertex X="16849" Y="19463" Z="0"/><Vertex X="16913" Y="19463" Z="0"/><Vertex X="16913" Y="19495" Z="0"/><Vertex X="16978" Y="19495" Z="0"/><Vertex X="16978" Y="19560" Z="0"/><Vertex X="17010" Y="19560" Z="0"/><Vertex X="17075" Y="19625" Z="0"/><Vertex X="17139" Y="19625" Z="0"/><Vertex X="17172" Y="19625" Z="0"/><Vertex X="17172" Y="19657" Z="0"/><Vertex X="17172" Y="19721" Z="0"/><Vertex X="17236" Y="19721" Z="0"/><Vertex X="17236" Y="19786" Z="0"/><Vertex X="17236" Y="19818" Z="0"/><Vertex X="17301" Y="19883" Z="0"/><Vertex X="17301" Y="19947" Z="0"/><Vertex X="17333" Y="19980" Z="0"/><Vertex X="17398" Y="20044" Z="0"/><Vertex X="17462" Y="20044" Z="0"/><Vertex X="17494" Y="20044" Z="0"/><Vertex X="17494" Y="20109" Z="0"/><Vertex X="17559" Y="20109" Z="0"/><Vertex X="17624" Y="20109" Z="0"/><Vertex X="17688" Y="20109" Z="0"/><Vertex X="17785" Y="20173" Z="0"/><Vertex X="17882" Y="20173" Z="0"/><Vertex X="17882" Y="20206" Z="0"/><Vertex X="17946" Y="20206" Z="0"/><Vertex X="18043" Y="20270" Z="0"/><Vertex X="18140" Y="20270" Z="0"/><Vertex X="18237" Y="20270" Z="0"/><Vertex X="18269" Y="20270" Z="0"/><Vertex X="18366" Y="20270" Z="0"/><Vertex X="18430" Y="20270" Z="0"/><Vertex X="18527" Y="20270" Z="0"/><Vertex X="18624" Y="20270" Z="0"/><Vertex X="18753" Y="20270" Z="0"/><Vertex X="18785" Y="20270" Z="0"/><Vertex X="18850" Y="20270" Z="0"/><Vertex X="18882" Y="20270" Z="0"/><Vertex X="18947" Y="20238" Z="0"/><Vertex X="19044" Y="20238" Z="0"/><Vertex X="19108" Y="20238" Z="0"/><Vertex X="19173" Y="20238" Z="0"/><Vertex X="19205" Y="20238" Z="0"/><Vertex X="19270" Y="20238" Z="0"/><Vertex X="19302" Y="20206" Z="0"/><Vertex X="19366" Y="20206" Z="0"/><Vertex X="19463" Y="20206" Z="0"/><Vertex X="19560" Y="20206" Z="0"/><Vertex X="19625" Y="20206" Z="0"/><Vertex X="19689" Y="20206" Z="0"/><Vertex X="19754" Y="20206" Z="0"/><Vertex X="19786" Y="20206" Z="0"/><Vertex X="19786" Y="20141" Z="0"/><Vertex X="19915" Y="20141" Z="0"/><Vertex X="19980" Y="20141" Z="0"/><Vertex X="20012" Y="20141" Z="0"/><Vertex X="20077" Y="20076" Z="0"/><Vertex X="20141" Y="20076" Z="0"/><Vertex X="20238" Y="20076" Z="0"/><Vertex X="20335" Y="20076" Z="0"/><Vertex X="20432" Y="20076" Z="0"/><Vertex X="20496" Y="20076" Z="0"/><Vertex X="20593" Y="20076" Z="0"/><Vertex X="20690" Y="20012" Z="0"/><Vertex X="20787" Y="20012" Z="0"/><Vertex X="20819" Y="20012" Z="0"/><Vertex X="20884" Y="20012" Z="0"/><Vertex X="20916" Y="20012" Z="0"/><Vertex X="20980" Y="20012" Z="0"/><Vertex X="21045" Y="20012" Z="0"/><Vertex X="21077" Y="19947" Z="0"/><Vertex X="21142" Y="19947" Z="0"/><Vertex X="21239" Y="19947" Z="0"/><Vertex X="21303" Y="19947" Z="0"/><Vertex X="21335" Y="19947" Z="0"/><Vertex X="21400" Y="19947" Z="0"/><Vertex X="21465" Y="19947" Z="0"/><Vertex X="21561" Y="19947" Z="0"/><Vertex X="21626" Y="19947" Z="0"/><Vertex X="21723" Y="19915" Z="0"/><Vertex X="21787" Y="19915" Z="0"/><Vertex X="21884" Y="19915" Z="0"/><Vertex X="21884" Y="19851" Z="0"/><Vertex X="21981" Y="19851" Z="0"/><Vertex X="21981" Y="19786" Z="0"/><Vertex X="22078" Y="19786" Z="0"/><Vertex X="22142" Y="19786" Z="0"/><Vertex X="22207" Y="19754" Z="0"/><Vertex X="22304" Y="19754" Z="0"/><Vertex X="22401" Y="19754" Z="0"/><Vertex X="22433" Y="19754" Z="0"/><Vertex X="22433" Y="19689" Z="0"/><Vertex X="22530" Y="19689" Z="0"/><Vertex X="22626" Y="19689" Z="0"/><Vertex X="22626" Y="19625" Z="0"/><Vertex X="22691" Y="19625" Z="0"/><Vertex X="22756" Y="19625" Z="0"/><Vertex X="22852" Y="19560" Z="0"/><Vertex X="22917" Y="19560" Z="0"/><Vertex X="23014" Y="19528" Z="0"/><Vertex X="23111" Y="19528" Z="0"/><Vertex X="23207" Y="19463" Z="0"/><Vertex X="23272" Y="19463" Z="0"/><Vertex X="23369" Y="19399" Z="0"/><Vertex X="23466" Y="19399" Z="0"/><Vertex X="23466" Y="19334" Z="0"/><Vertex X="23498" Y="19334" Z="0"/><Vertex X="23563" Y="19334" Z="0"/><Vertex X="23563" Y="19302" Z="0"/><Vertex X="23627" Y="19302" Z="0"/><Vertex X="23659" Y="19237" Z="0"/><Vertex X="23724" Y="19237" Z="0"/><Vertex X="23788" Y="19173" Z="0"/><Vertex X="23853" Y="19173" Z="0"/><Vertex X="23853" Y="19140" Z="0"/><Vertex X="23950" Y="19140" Z="0"/><Vertex X="24047" Y="19140" Z="0"/><Vertex X="24144" Y="19076" Z="0"/><Vertex X="24208" Y="19076" Z="0"/><Vertex X="24208" Y="19011" Z="0"/><Vertex X="24305" Y="19011" Z="0"/><Vertex X="24402" Y="18947" Z="0"/><Vertex X="24466" Y="18947" Z="0"/><Vertex X="24466" Y="18914" Z="0"/><Vertex X="24563" Y="18914" Z="0"/><Vertex X="24660" Y="18850" Z="0"/><Vertex X="24757" Y="18850" Z="0"/><Vertex X="24757" Y="18785" Z="0"/><Vertex X="24821" Y="18785" Z="0"/><Vertex X="24950" Y="18721" Z="0"/><Vertex X="25047" Y="18721" Z="0"/><Vertex X="25112" Y="18656" Z="0"/><Vertex X="25176" Y="18656" Z="0"/><Vertex X="25176" Y="18624" Z="0"/><Vertex X="25273" Y="18624" Z="0"/><Vertex X="25338" Y="18559" Z="0"/><Vertex X="25370" Y="18559" Z="0"/><Vertex X="25435" Y="18559" Z="0"/><Vertex X="25499" Y="18559" Z="0"/><Vertex X="25499" Y="18495" Z="0"/><Vertex X="25531" Y="18495" Z="0"/><Vertex X="25628" Y="18495" Z="0"/><Vertex X="25661" Y="18495" Z="0"/><Vertex X="25725" Y="18495" Z="0"/><Vertex X="25790" Y="18463" Z="0"/><Vertex X="25822" Y="18463" Z="0"/><Vertex X="25822" Y="18398" Z="0"/><Vertex X="25886" Y="18334" Z="0"/><Vertex X="25886" Y="18301" Z="0"/><Vertex X="25951" Y="18301" Z="0"/><Vertex X="25951" Y="18237" Z="0"/><Vertex X="25951" Y="18140" Z="0"/><Vertex X="25951" Y="18075" Z="0"/><Vertex X="25951" Y="17978" Z="0"/><Vertex X="25983" Y="17978" Z="0"/><Vertex X="25983" Y="17882" Z="0"/><Vertex X="25983" Y="17849" Z="0"/><Vertex X="25983" Y="17753" Z="0"/><Vertex X="25983" Y="17656" Z="0"/><Vertex X="25983" Y="17591" Z="0"/><Vertex X="25983" Y="17527" Z="0"/><Vertex X="25983" Y="17462" Z="0"/><Vertex X="25983" Y="17397" Z="0"/><Vertex X="25983" Y="17301" Z="0"/><Vertex X="25983" Y="17204" Z="0"/><Vertex X="25983" Y="17139" Z="0"/><Vertex X="25983" Y="17042" Z="0"/><Vertex X="25983" Y="16946" Z="0"/><Vertex X="25983" Y="16881" Z="0"/><Vertex X="25983" Y="16784" Z="0"/><Vertex X="26048" Y="16687" Z="0"/><Vertex X="26048" Y="16623" Z="0"/><Vertex X="26048" Y="16558" Z="0"/><Vertex X="26112" Y="16558" Z="0"/><Vertex X="26112" Y="16461" Z="0"/><Vertex X="26112" Y="16397" Z="0"/><Vertex X="26112" Y="16332" Z="0"/><Vertex X="26112" Y="16235" Z="0"/><Vertex X="26080" Y="16235" Z="0"/><Vertex X="26080" Y="16203" Z="0"/><Vertex X="26016" Y="16139" Z="0"/><Vertex X="25983" Y="16074" Z="0"/><Vertex X="25919" Y="16042" Z="0"/><Vertex X="25854" Y="16042" Z="0"/><Vertex X="25854" Y="15977" Z="0"/><Vertex X="25790" Y="15977" Z="0"/><Vertex X="25725" Y="15977" Z="0"/><Vertex X="25628" Y="15977" Z="0"/><Vertex X="25564" Y="15977" Z="0"/><Vertex X="25499" Y="15977" Z="0"/><Vertex X="25467" Y="15977" Z="0"/><Vertex X="25402" Y="15977" Z="0"/><Vertex X="25338" Y="15977" Z="0"/><Vertex X="25305" Y="15977" Z="0"/><Vertex X="25209" Y="15977" Z="0"/><Vertex X="25144" Y="15913" Z="0"/><Vertex X="25080" Y="15913" Z="0"/><Vertex X="24983" Y="15848" Z="0"/><Vertex X="24886" Y="15848" Z="0"/><Vertex X="24789" Y="15848" Z="0"/><Vertex X="24725" Y="15848" Z="0"/><Vertex X="24628" Y="15848" Z="0"/><Vertex X="24499" Y="15848" Z="0"/><Vertex X="24466" Y="15848" Z="0"/><Vertex X="24337" Y="15848" Z="0"/><Vertex X="24240" Y="15848" Z="0"/><Vertex X="24208" Y="15848" Z="0"/><Vertex X="24111" Y="15848" Z="0"/><Vertex X="24014" Y="15848" Z="0"/><Vertex X="23950" Y="15848" Z="0"/><Vertex X="23950" Y="15880" Z="0"/><Vertex X="23853" Y="15880" Z="0"/><Vertex X="23788" Y="15880" Z="0"/><Vertex X="23724" Y="15880" Z="0"/><Vertex X="23724" Y="15913" Z="0"/><Vertex X="23627" Y="15913" Z="0"/><Vertex X="23530" Y="15913" Z="0"/><Vertex X="23530" Y="15977" Z="0"/><Vertex X="23466" Y="15977" Z="0"/><Vertex X="23466" Y="16042" Z="0"/><Vertex X="23369" Y="16074" Z="0"/><Vertex X="23337" Y="16074" Z="0"/><Vertex X="23337" Y="16139" Z="0"/><Vertex X="23240" Y="16139" Z="0"/><Vertex X="23240" Y="16171" Z="0"/><Vertex X="23175" Y="16171" Z="0"/><Vertex X="23111" Y="16268" Z="0"/><Vertex X="23078" Y="16332" Z="0"/><Vertex X="23014" Y="16397" Z="0"/><Vertex X="23014" Y="16429" Z="0"/><Vertex X="22917" Y="16429" Z="0"/><Vertex X="22852" Y="16494" Z="0"/><Vertex X="22820" Y="16494" Z="0"/><Vertex X="22820" Y="16558" Z="0"/><Vertex X="22756" Y="16558" Z="0"/><Vertex X="22691" Y="16623" Z="0"/><Vertex X="22659" Y="16623" Z="0"/><Vertex X="22594" Y="16623" Z="0"/><Vertex X="22562" Y="16623" Z="0"/><Vertex X="22497" Y="16623" Z="0"/><Vertex X="22433" Y="16655" Z="0"/><Vertex X="22401" Y="16655" Z="0"/><Vertex X="22336" Y="16655" Z="0"/><Vertex X="22271" Y="16655" Z="0"/><Vertex X="22239" Y="16655" Z="0"/><Vertex X="22175" Y="16655" Z="0"/><Vertex X="22142" Y="16655" Z="0"/><Vertex X="22045" Y="16655" Z="0"/><Vertex X="21949" Y="16655" Z="0"/><Vertex X="21852" Y="16720" Z="0"/><Vertex X="21820" Y="16720" Z="0"/><Vertex X="21690" Y="16720" Z="0"/><Vertex X="21658" Y="16720" Z="0"/><Vertex X="21594" Y="16720" Z="0"/><Vertex X="21529" Y="16720" Z="0"/><Vertex X="21497" Y="16720" Z="0"/><Vertex X="21432" Y="16720" Z="0"/><Vertex X="21400" Y="16720" Z="0"/><Vertex X="21303" Y="16720" Z="0"/><Vertex X="21206" Y="16784" Z="0"/><Vertex X="21109" Y="16784" Z="0"/><Vertex X="21045" Y="16784" Z="0"/><Vertex X="20948" Y="16784" Z="0"/><Vertex X="20948" Y="16849" Z="0"/><Vertex X="20851" Y="16849" Z="0"/><Vertex X="20787" Y="16849" Z="0"/><Vertex X="20787" Y="16881" Z="0"/><Vertex X="20690" Y="16881" Z="0"/><Vertex X="20593" Y="16881" Z="0"/><Vertex X="20528" Y="16881" Z="0"/><Vertex X="20528" Y="16946" Z="0"/><Vertex X="20432" Y="16946" Z="0"/><Vertex X="20367" Y="16946" Z="0"/><Vertex X="20303" Y="16946" Z="0"/><Vertex X="20206" Y="16946" Z="0"/><Vertex X="20206" Y="17010" Z="0"/><Vertex X="20173" Y="17010" Z="0"/><Vertex X="20109" Y="17010" Z="0"/><Vertex X="20044" Y="17042" Z="0"/><Vertex X="20012" Y="17042" Z="0"/><Vertex X="19947" Y="17042" Z="0"/><Vertex X="19883" Y="17042" Z="0"/><Vertex X="19883" Y="17107" Z="0"/><Vertex X="19851" Y="17107" Z="0"/><Vertex X="19786" Y="17107" Z="0"/><Vertex X="19754" Y="17107" Z="0"/><Vertex X="19689" Y="17107" Z="0"/><Vertex X="19625" Y="17107" Z="0"/><Vertex X="19592" Y="17107" Z="0"/><Vertex X="19528" Y="17107" Z="0"/><Vertex X="19496" Y="17107" Z="0"/><Vertex X="19399" Y="17107" Z="0"/><Vertex X="19334" Y="17107" Z="0"/><Vertex X="19270" Y="17172" Z="0"/><Vertex X="19237" Y="17172" Z="0"/><Vertex X="19141" Y="17172" Z="0"/><Vertex X="19141" Y="17204" Z="0"/><Vertex X="19108" Y="17204" Z="0"/><Vertex X="19044" Y="17204" Z="0"/><Vertex X="18979" Y="17204" Z="0"/><Vertex X="18915" Y="17268" Z="0"/><Vertex X="18850" Y="17268" Z="0"/><Vertex X="18785" Y="17268" Z="0"/><Vertex X="18753" Y="17268" Z="0"/><Vertex X="18689" Y="17268" Z="0"/><Vertex X="18656" Y="17268" Z="0"/><Vertex X="18656" Y="17333" Z="0"/><Vertex X="18656" Y="17301" Z="0"/><Vertex X="18592" Y="17268" Z="0"/></Vertices></Region><Region Id="4" Type="0" Zoom="0.030982" Selected="0" ImageLocation="" ImageFocus="-1" Length="34747.1" Area="37900303.0" LengthMicrons="17144.2" AreaMicrons="9226585.0" Text="" NegativeROA="0" InputRegionId="0" Analyze="1" DisplayId="4"><Attributes></Attributes><Vertices><Vertex X="8908" Y="20948" Z="0"/><Vertex X="8844" Y="20948" Z="0"/><Vertex X="8779" Y="20948" Z="0"/><Vertex X="8715" Y="20948" Z="0"/><Vertex X="8650" Y="20948" Z="0"/><Vertex X="8618" Y="20948" Z="0"/><Vertex X="8489" Y="20948" Z="0"/><Vertex X="8424" Y="20948" Z="0"/><Vertex X="8359" Y="20948" Z="0"/><Vertex X="8327" Y="20948" Z="0"/><Vertex X="8198" Y="21012" Z="0"/><Vertex X="8101" Y="21012" Z="0"/><Vertex X="8101" Y="21077" Z="0"/><Vertex X="8004" Y="21077" Z="0"/><Vertex X="8004" Y="21142" Z="0"/><Vertex X="7940" Y="21174" Z="0"/><Vertex X="7875" Y="21174" Z="0"/><Vertex X="7875" Y="21271" Z="0"/><Vertex X="7843" Y="21271" Z="0"/><Vertex X="7843" Y="21367" Z="0"/><Vertex X="7778" Y="21432" Z="0"/><Vertex X="7778" Y="21529" Z="0"/><Vertex X="7778" Y="21626" Z="0"/><Vertex X="7778" Y="21690" Z="0"/><Vertex X="7778" Y="21755" Z="0"/><Vertex X="7714" Y="21819" Z="0"/><Vertex X="7714" Y="21852" Z="0"/><Vertex X="7649" Y="21852" Z="0"/><Vertex X="7649" Y="21916" Z="0"/><Vertex X="7617" Y="21981" Z="0"/><Vertex X="7553" Y="21981" Z="0"/><Vertex X="7553" Y="22013" Z="0"/><Vertex X="7456" Y="22013" Z="0"/><Vertex X="7423" Y="22078" Z="0"/><Vertex X="7327" Y="22142" Z="0"/><Vertex X="7327" Y="22207" Z="0"/><Vertex X="7262" Y="22239" Z="0"/><Vertex X="7262" Y="22304" Z="0"/><Vertex X="7262" Y="22368" Z="0"/><Vertex X="7262" Y="22433" Z="0"/><Vertex X="7262" Y="22529" Z="0"/><Vertex X="7262" Y="22562" Z="0"/><Vertex X="7197" Y="22626" Z="0"/><Vertex X="7197" Y="22691" Z="0"/><Vertex X="7197" Y="22723" Z="0"/><Vertex X="7197" Y="22820" Z="0"/><Vertex X="7197" Y="22949" Z="0"/><Vertex X="7230" Y="22949" Z="0"/><Vertex X="7230" Y="23046" Z="0"/><Vertex X="7327" Y="23110" Z="0"/><Vertex X="7359" Y="23207" Z="0"/><Vertex X="7456" Y="23304" Z="0"/><Vertex X="7553" Y="23369" Z="0"/><Vertex X="7649" Y="23433" Z="0"/><Vertex X="7746" Y="23498" Z="0"/><Vertex X="7843" Y="23562" Z="0"/><Vertex X="7908" Y="23562" Z="0"/><Vertex X="7908" Y="23595" Z="0"/><Vertex X="8004" Y="23595" Z="0"/><Vertex X="8069" Y="23659" Z="0"/><Vertex X="8101" Y="23659" Z="0"/><Vertex X="8166" Y="23724" Z="0"/><Vertex X="8230" Y="23724" Z="0"/><Vertex X="8263" Y="23724" Z="0"/><Vertex X="8263" Y="23756" Z="0"/><Vertex X="8327" Y="23756" Z="0"/><Vertex X="8359" Y="23756" Z="0"/><Vertex X="8359" Y="23821" Z="0"/><Vertex X="8424" Y="23821" Z="0"/><Vertex X="8489" Y="23821" Z="0"/><Vertex X="8521" Y="23821" Z="0"/><Vertex X="8585" Y="23821" Z="0"/><Vertex X="8585" Y="23885" Z="0"/><Vertex X="8618" Y="23885" Z="0"/><Vertex X="8682" Y="23885" Z="0"/><Vertex X="8682" Y="23917" Z="0"/><Vertex X="8779" Y="23917" Z="0"/><Vertex X="8811" Y="23917" Z="0"/><Vertex X="8876" Y="23917" Z="0"/><Vertex X="8973" Y="23917" Z="0"/><Vertex X="9037" Y="23917" Z="0"/><Vertex X="9134" Y="23917" Z="0"/><Vertex X="9231" Y="23917" Z="0"/><Vertex X="9296" Y="23917" Z="0"/><Vertex X="9360" Y="23917" Z="0"/><Vertex X="9425" Y="23917" Z="0"/><Vertex X="9425" Y="23853" Z="0"/><Vertex X="9489" Y="23853" Z="0"/><Vertex X="9554" Y="23853" Z="0"/><Vertex X="9618" Y="23853" Z="0"/><Vertex X="9715" Y="23853" Z="0"/><Vertex X="9812" Y="23853" Z="0"/><Vertex X="9877" Y="23853" Z="0"/><Vertex X="9973" Y="23853" Z="0"/><Vertex X="10038" Y="23853" Z="0"/><Vertex X="10102" Y="23853" Z="0"/><Vertex X="10167" Y="23853" Z="0"/><Vertex X="10232" Y="23853" Z="0"/><Vertex X="10264" Y="23853" Z="0"/><Vertex X="10361" Y="23853" Z="0"/><Vertex X="10425" Y="23853" Z="0"/><Vertex X="10490" Y="23853" Z="0"/><Vertex X="10522" Y="23853" Z="0"/><Vertex X="10587" Y="23853" Z="0"/><Vertex X="10716" Y="23853" Z="0"/><Vertex X="10748" Y="23853" Z="0"/><Vertex X="10813" Y="23853" Z="0"/><Vertex X="10845" Y="23853" Z="0"/><Vertex X="10974" Y="23853" Z="0"/><Vertex X="11006" Y="23853" Z="0"/><Vertex X="11071" Y="23853" Z="0"/><Vertex X="11168" Y="23853" Z="0"/><Vertex X="11232" Y="23853" Z="0"/><Vertex X="11264" Y="23853" Z="0"/><Vertex X="11329" Y="23853" Z="0"/><Vertex X="11361" Y="23853" Z="0"/><Vertex X="11490" Y="23853" Z="0"/><Vertex X="11523" Y="23853" Z="0"/><Vertex X="11587" Y="23853" Z="0"/><Vertex X="11619" Y="23853" Z="0"/><Vertex X="11684" Y="23853" Z="0"/><Vertex X="11781" Y="23853" Z="0"/><Vertex X="11781" Y="23885" Z="0"/><Vertex X="11845" Y="23885" Z="0"/><Vertex X="11910" Y="23885" Z="0"/><Vertex X="11942" Y="23885" Z="0"/><Vertex X="12007" Y="23917" Z="0"/><Vertex X="12071" Y="23917" Z="0"/><Vertex X="12104" Y="23917" Z="0"/><Vertex X="12168" Y="23917" Z="0"/><Vertex X="12265" Y="23917" Z="0"/><Vertex X="12330" Y="23917" Z="0"/><Vertex X="12330" Y="23982" Z="0"/><Vertex X="12426" Y="23982" Z="0"/><Vertex X="12491" Y="23982" Z="0"/><Vertex X="12523" Y="23982" Z="0"/><Vertex X="12588" Y="23982" Z="0"/><Vertex X="12685" Y="24046" Z="0"/><Vertex X="12749" Y="24046" Z="0"/><Vertex X="12846" Y="24046" Z="0"/><Vertex X="12846" Y="24079" Z="0"/><Vertex X="12943" Y="24079" Z="0"/><Vertex X="13040" Y="24079" Z="0"/><Vertex X="13137" Y="24143" Z="0"/><Vertex X="13169" Y="24143" Z="0"/><Vertex X="13266" Y="24208" Z="0"/><Vertex X="13362" Y="24208" Z="0"/><Vertex X="13459" Y="24272" Z="0"/><Vertex X="13524" Y="24272" Z="0"/><Vertex X="13621" Y="24272" Z="0"/><Vertex X="13718" Y="24272" Z="0"/><Vertex X="13750" Y="24272" Z="0"/><Vertex X="13814" Y="24272" Z="0"/><Vertex X="13911" Y="24272" Z="0"/><Vertex X="13976" Y="24337" Z="0"/><Vertex X="14008" Y="24337" Z="0"/><Vertex X="14105" Y="24337" Z="0"/><Vertex X="14202" Y="24337" Z="0"/><Vertex X="14266" Y="24337" Z="0"/><Vertex X="14363" Y="24402" Z="0"/><Vertex X="14460" Y="24402" Z="0"/><Vertex X="14557" Y="24402" Z="0"/><Vertex X="14589" Y="24434" Z="0"/><Vertex X="14654" Y="24434" Z="0"/><Vertex X="14718" Y="24434" Z="0"/><Vertex X="14815" Y="24434" Z="0"/><Vertex X="14847" Y="24498" Z="0"/><Vertex X="14912" Y="24498" Z="0"/><Vertex X="14976" Y="24498" Z="0"/><Vertex X="15073" Y="24498" Z="0"/><Vertex X="15105" Y="24498" Z="0"/><Vertex X="15170" Y="24498" Z="0"/><Vertex X="15235" Y="24498" Z="0"/><Vertex X="15331" Y="24498" Z="0"/><Vertex X="15364" Y="24498" Z="0"/><Vertex X="15428" Y="24498" Z="0"/><Vertex X="15493" Y="24498" Z="0"/><Vertex X="15525" Y="24498" Z="0"/><Vertex X="15622" Y="24498" Z="0"/><Vertex X="15686" Y="24498" Z="0"/><Vertex X="15751" Y="24498" Z="0"/><Vertex X="15816" Y="24563" Z="0"/><Vertex X="15912" Y="24563" Z="0"/><Vertex X="15977" Y="24563" Z="0"/><Vertex X="16009" Y="24563" Z="0"/><Vertex X="16009" Y="24595" Z="0"/><Vertex X="16074" Y="24595" Z="0"/><Vertex X="16138" Y="24595" Z="0"/><Vertex X="16235" Y="24595" Z="0"/><Vertex X="16300" Y="24660" Z="0"/><Vertex X="16397" Y="24660" Z="0"/><Vertex X="16429" Y="24724" Z="0"/><Vertex X="16526" Y="24724" Z="0"/><Vertex X="16622" Y="24789" Z="0"/><Vertex X="16655" Y="24789" Z="0"/><Vertex X="16784" Y="24853" Z="0"/><Vertex X="16881" Y="24853" Z="0"/><Vertex X="16881" Y="24886" Z="0"/><Vertex X="16978" Y="24886" Z="0"/><Vertex X="17042" Y="24886" Z="0"/><Vertex X="17107" Y="24950" Z="0"/><Vertex X="17203" Y="24950" Z="0"/><Vertex X="17268" Y="25015" Z="0"/><Vertex X="17300" Y="25015" Z="0"/><Vertex X="17365" Y="25015" Z="0"/><Vertex X="17462" Y="25047" Z="0"/><Vertex X="17526" Y="25047" Z="0"/><Vertex X="17559" Y="25047" Z="0"/><Vertex X="17688" Y="25112" Z="0"/><Vertex X="17720" Y="25112" Z="0"/><Vertex X="17817" Y="25112" Z="0"/><Vertex X="17881" Y="25112" Z="0"/><Vertex X="17914" Y="25112" Z="0"/><Vertex X="17914" Y="25176" Z="0"/><Vertex X="17978" Y="25176" Z="0"/><Vertex X="18010" Y="25176" Z="0"/><Vertex X="18075" Y="25176" Z="0"/><Vertex X="18139" Y="25176" Z="0"/><Vertex X="18172" Y="25176" Z="0"/><Vertex X="18269" Y="25176" Z="0"/><Vertex X="18365" Y="25176" Z="0"/><Vertex X="18365" Y="25208" Z="0"/><Vertex X="18430" Y="25208" Z="0"/><Vertex X="18495" Y="25208" Z="0"/><Vertex X="18624" Y="25208" Z="0"/><Vertex X="18656" Y="25208" Z="0"/><Vertex X="18656" Y="25273" Z="0"/><Vertex X="18785" Y="25273" Z="0"/><Vertex X="18914" Y="25273" Z="0"/><Vertex X="18946" Y="25273" Z="0"/><Vertex X="19011" Y="25338" Z="0"/><Vertex X="19108" Y="25338" Z="0"/><Vertex X="19140" Y="25338" Z="0"/><Vertex X="19205" Y="25338" Z="0"/><Vertex X="19269" Y="25402" Z="0"/><Vertex X="19301" Y="25402" Z="0"/><Vertex X="19398" Y="25402" Z="0"/><Vertex X="19463" Y="25402" Z="0"/><Vertex X="19463" Y="25434" Z="0"/><Vertex X="19560" Y="25434" Z="0"/><Vertex X="19624" Y="25434" Z="0"/><Vertex X="19721" Y="25499" Z="0"/><Vertex X="19818" Y="25499" Z="0"/><Vertex X="19915" Y="25564" Z="0"/><Vertex X="19979" Y="25564" Z="0"/><Vertex X="20076" Y="25628" Z="0"/><Vertex X="20173" Y="25628" Z="0"/><Vertex X="20270" Y="25693" Z="0"/><Vertex X="20302" Y="25693" Z="0"/><Vertex X="20367" Y="25693" Z="0"/><Vertex X="20431" Y="25725" Z="0"/><Vertex X="20463" Y="25725" Z="0"/><Vertex X="20560" Y="25725" Z="0"/><Vertex X="20625" Y="25725" Z="0"/><Vertex X="20657" Y="25725" Z="0"/><Vertex X="20754" Y="25725" Z="0"/><Vertex X="20754" Y="25660" Z="0"/><Vertex X="20819" Y="25660" Z="0"/><Vertex X="20819" Y="25596" Z="0"/><Vertex X="20819" Y="25531" Z="0"/><Vertex X="20819" Y="25434" Z="0"/><Vertex X="20819" Y="25338" Z="0"/><Vertex X="20819" Y="25305" Z="0"/><Vertex X="20819" Y="25208" Z="0"/><Vertex X="20786" Y="25112" Z="0"/><Vertex X="20722" Y="25047" Z="0"/><Vertex X="20657" Y="24950" Z="0"/><Vertex X="20593" Y="24950" Z="0"/><Vertex X="20593" Y="24853" Z="0"/><Vertex X="20560" Y="24853" Z="0"/><Vertex X="20560" Y="24757" Z="0"/><Vertex X="20496" Y="24724" Z="0"/><Vertex X="20463" Y="24724" Z="0"/><Vertex X="20463" Y="24660" Z="0"/><Vertex X="20463" Y="24627" Z="0"/><Vertex X="20399" Y="24627" Z="0"/><Vertex X="20399" Y="24563" Z="0"/><Vertex X="20399" Y="24498" Z="0"/><Vertex X="20431" Y="24466" Z="0"/><Vertex X="20431" Y="24402" Z="0"/><Vertex X="20463" Y="24402" Z="0"/><Vertex X="20463" Y="24337" Z="0"/><Vertex X="20528" Y="24272" Z="0"/><Vertex X="20528" Y="24176" Z="0"/><Vertex X="20593" Y="24176" Z="0"/><Vertex X="20593" Y="24111" Z="0"/><Vertex X="20593" Y="24079" Z="0"/><Vertex X="20625" Y="24079" Z="0"/><Vertex X="20625" Y="24014" Z="0"/><Vertex X="20625" Y="23982" Z="0"/><Vertex X="20689" Y="23917" Z="0"/><Vertex X="20689" Y="23853" Z="0"/><Vertex X="20689" Y="23821" Z="0"/><Vertex X="20689" Y="23756" Z="0"/><Vertex X="20689" Y="23691" Z="0"/><Vertex X="20689" Y="23659" Z="0"/><Vertex X="20689" Y="23595" Z="0"/><Vertex X="20689" Y="23562" Z="0"/><Vertex X="20689" Y="23498" Z="0"/><Vertex X="20689" Y="23433" Z="0"/><Vertex X="20689" Y="23401" Z="0"/><Vertex X="20689" Y="23336" Z="0"/><Vertex X="20625" Y="23272" Z="0"/><Vertex X="20560" Y="23240" Z="0"/><Vertex X="20496" Y="23175" Z="0"/><Vertex X="20463" Y="23175" Z="0"/><Vertex X="20463" Y="23110" Z="0"/><Vertex X="20399" Y="23110" Z="0"/><Vertex X="20399" Y="23078" Z="0"/><Vertex X="20334" Y="23078" Z="0"/><Vertex X="20334" Y="23014" Z="0"/><Vertex X="20302" Y="22949" Z="0"/><Vertex X="20302" Y="22917" Z="0"/><Vertex X="20238" Y="22917" Z="0"/><Vertex X="20238" Y="22852" Z="0"/><Vertex X="20173" Y="22852" Z="0"/><Vertex X="20108" Y="22788" Z="0"/><Vertex X="20108" Y="22755" Z="0"/><Vertex X="20044" Y="22755" Z="0"/><Vertex X="20044" Y="22691" Z="0"/><Vertex X="19947" Y="22691" Z="0"/><Vertex X="19915" Y="22659" Z="0"/><Vertex X="19915" Y="22594" Z="0"/><Vertex X="19850" Y="22594" Z="0"/><Vertex X="19818" Y="22529" Z="0"/><Vertex X="19753" Y="22529" Z="0"/><Vertex X="19753" Y="22497" Z="0"/><Vertex X="19689" Y="22497" Z="0"/><Vertex X="19657" Y="22497" Z="0"/><Vertex X="19657" Y="22433" Z="0"/><Vertex X="19592" Y="22433" Z="0"/><Vertex X="19560" Y="22433" Z="0"/><Vertex X="19560" Y="22368" Z="0"/><Vertex X="19495" Y="22368" Z="0"/><Vertex X="19431" Y="22368" Z="0"/><Vertex X="19398" Y="22368" Z="0"/><Vertex X="19334" Y="22368" Z="0"/><Vertex X="19301" Y="22368" Z="0"/><Vertex X="19237" Y="22368" Z="0"/><Vertex X="19172" Y="22368" Z="0"/><Vertex X="19172" Y="22336" Z="0"/><Vertex X="19140" Y="22336" Z="0"/><Vertex X="19043" Y="22336" Z="0"/><Vertex X="19043" Y="22271" Z="0"/><Vertex X="18946" Y="22271" Z="0"/><Vertex X="18914" Y="22271" Z="0"/><Vertex X="18785" Y="22207" Z="0"/><Vertex X="18720" Y="22207" Z="0"/><Vertex X="18624" Y="22174" Z="0"/><Vertex X="18527" Y="22174" Z="0"/><Vertex X="18462" Y="22174" Z="0"/><Vertex X="18462" Y="22110" Z="0"/><Vertex X="18398" Y="22110" Z="0"/><Vertex X="18333" Y="22110" Z="0"/><Vertex X="18301" Y="22110" Z="0"/><Vertex X="18236" Y="22110" Z="0"/><Vertex X="18236" Y="22045" Z="0"/><Vertex X="18204" Y="22045" Z="0"/><Vertex X="18139" Y="22045" Z="0"/><Vertex X="18075" Y="22045" Z="0"/><Vertex X="18043" Y="22013" Z="0"/><Vertex X="17978" Y="22013" Z="0"/><Vertex X="17914" Y="22013" Z="0"/><Vertex X="17881" Y="22013" Z="0"/><Vertex X="17881" Y="21948" Z="0"/><Vertex X="17817" Y="21948" Z="0"/><Vertex X="17784" Y="21948" Z="0"/><Vertex X="17720" Y="21948" Z="0"/><Vertex X="17655" Y="21884" Z="0"/><Vertex X="17623" Y="21884" Z="0"/><Vertex X="17526" Y="21884" Z="0"/><Vertex X="17462" Y="21884" Z="0"/><Vertex X="17429" Y="21819" Z="0"/><Vertex X="17365" Y="21819" Z="0"/><Vertex X="17268" Y="21819" Z="0"/><Vertex X="17171" Y="21787" Z="0"/><Vertex X="17107" Y="21787" Z="0"/><Vertex X="17010" Y="21787" Z="0"/><Vertex X="16978" Y="21787" Z="0"/><Vertex X="16913" Y="21723" Z="0"/><Vertex X="16848" Y="21723" Z="0"/><Vertex X="16816" Y="21723" Z="0"/><Vertex X="16752" Y="21723" Z="0"/><Vertex X="16687" Y="21723" Z="0"/><Vertex X="16655" Y="21723" Z="0"/><Vertex X="16590" Y="21658" Z="0"/><Vertex X="16493" Y="21658" Z="0"/><Vertex X="16429" Y="21658" Z="0"/><Vertex X="16332" Y="21658" Z="0"/><Vertex X="16267" Y="21658" Z="0"/><Vertex X="16235" Y="21658" Z="0"/><Vertex X="16138" Y="21658" Z="0"/><Vertex X="16041" Y="21658" Z="0"/><Vertex X="15977" Y="21658" Z="0"/><Vertex X="15880" Y="21658" Z="0"/><Vertex X="15848" Y="21658" Z="0"/><Vertex X="15783" Y="21658" Z="0"/><Vertex X="15686" Y="21593" Z="0"/><Vertex X="15654" Y="21593" Z="0"/><Vertex X="15525" Y="21593" Z="0"/><Vertex X="15428" Y="21593" Z="0"/><Vertex X="15364" Y="21593" Z="0"/><Vertex X="15267" Y="21561" Z="0"/><Vertex X="15170" Y="21561" Z="0"/><Vertex X="15073" Y="21561" Z="0"/><Vertex X="15009" Y="21561" Z="0"/><Vertex X="14912" Y="21561" Z="0"/><Vertex X="14847" Y="21561" Z="0"/><Vertex X="14783" Y="21561" Z="0"/><Vertex X="14718" Y="21561" Z="0"/><Vertex X="14686" Y="21561" Z="0"/><Vertex X="14621" Y="21497" Z="0"/><Vertex X="14557" Y="21497" Z="0"/><Vertex X="14524" Y="21497" Z="0"/><Vertex X="14460" Y="21497" Z="0"/><Vertex X="14395" Y="21497" Z="0"/><Vertex X="14363" Y="21497" Z="0"/><Vertex X="14298" Y="21497" Z="0"/><Vertex X="14266" Y="21497" Z="0"/><Vertex X="14202" Y="21432" Z="0"/><Vertex X="14137" Y="21432" Z="0"/><Vertex X="14105" Y="21432" Z="0"/><Vertex X="14008" Y="21432" Z="0"/><Vertex X="13911" Y="21432" Z="0"/><Vertex X="13847" Y="21432" Z="0"/><Vertex X="13750" Y="21367" Z="0"/><Vertex X="13685" Y="21367" Z="0"/><Vertex X="13653" Y="21367" Z="0"/><Vertex X="13556" Y="21367" Z="0"/><Vertex X="13459" Y="21367" Z="0"/><Vertex X="13362" Y="21303" Z="0"/><Vertex X="13298" Y="21303" Z="0"/><Vertex X="13201" Y="21303" Z="0"/><Vertex X="13104" Y="21303" Z="0"/><Vertex X="13040" Y="21303" Z="0"/><Vertex X="12943" Y="21303" Z="0"/><Vertex X="12846" Y="21303" Z="0"/><Vertex X="12846" Y="21271" Z="0"/><Vertex X="12781" Y="21271" Z="0"/><Vertex X="12685" Y="21271" Z="0"/><Vertex X="12588" Y="21271" Z="0"/><Vertex X="12523" Y="21271" Z="0"/><Vertex X="12426" Y="21271" Z="0"/><Vertex X="12330" Y="21271" Z="0"/><Vertex X="12265" Y="21271" Z="0"/><Vertex X="12168" Y="21206" Z="0"/><Vertex X="12071" Y="21206" Z="0"/><Vertex X="12007" Y="21206" Z="0"/><Vertex X="11942" Y="21206" Z="0"/><Vertex X="11878" Y="21206" Z="0"/><Vertex X="11845" Y="21206" Z="0"/><Vertex X="11781" Y="21206" Z="0"/><Vertex X="11749" Y="21206" Z="0"/><Vertex X="11652" Y="21142" Z="0"/><Vertex X="11555" Y="21142" Z="0"/><Vertex X="11523" Y="21142" Z="0"/><Vertex X="11458" Y="21142" Z="0"/><Vertex X="11394" Y="21142" Z="0"/><Vertex X="11361" Y="21142" Z="0"/><Vertex X="11297" Y="21077" Z="0"/><Vertex X="11200" Y="21077" Z="0"/><Vertex X="11135" Y="21077" Z="0"/><Vertex X="11071" Y="21077" Z="0"/><Vertex X="10974" Y="21077" Z="0"/><Vertex X="10909" Y="21077" Z="0"/><Vertex X="10813" Y="21077" Z="0"/><Vertex X="10716" Y="21077" Z="0"/><Vertex X="10683" Y="21077" Z="0"/><Vertex X="10554" Y="21077" Z="0"/><Vertex X="10457" Y="21077" Z="0"/><Vertex X="10425" Y="21012" Z="0"/><Vertex X="10361" Y="21012" Z="0"/><Vertex X="10264" Y="21012" Z="0"/><Vertex X="10199" Y="21012" Z="0"/><Vertex X="10102" Y="21012" Z="0"/><Vertex X="10038" Y="21012" Z="0"/><Vertex X="10006" Y="21012" Z="0"/><Vertex X="9941" Y="21012" Z="0"/><Vertex X="9909" Y="21012" Z="0"/><Vertex X="9844" Y="21012" Z="0"/><Vertex X="9780" Y="21012" Z="0"/><Vertex X="9747" Y="21012" Z="0"/><Vertex X="9683" Y="21012" Z="0"/><Vertex X="9651" Y="21012" Z="0"/><Vertex X="9554" Y="21012" Z="0"/><Vertex X="9489" Y="21012" Z="0"/><Vertex X="9457" Y="21012" Z="0"/><Vertex X="9392" Y="21012" Z="0"/><Vertex X="9360" Y="21012" Z="0"/><Vertex X="9296" Y="21012" Z="0"/><Vertex X="9231" Y="21012" Z="0"/><Vertex X="9199" Y="21012" Z="0"/><Vertex X="9134" Y="21012" Z="0"/><Vertex X="9102" Y="21012" Z="0"/><Vertex X="9037" Y="21012" Z="0"/><Vertex X="8973" Y="21012" Z="0"/><Vertex X="8973" Y="20980" Z="0"/><Vertex X="8908" Y="20948" Z="0"/></Vertices></Region></Regions><Plots></Plots></Annotation></Annotations>
