<Annotations MicronsPerPixel="0.493400">
	<Annotation Id="1" Name="" ReadOnly="0" NameReadOnly="0" LineColorReadOnly="0" Incremental="0" Type="4" LineColor="65280" Visible="1" Selected="1" MarkupImagePath="" MacroName=""><Attributes></Attributes><Regions><RegionAttributeHeaders></RegionAttributeHeaders><Region Id="1" Type="0" Zoom="0.034911" Selected="0" ImageLocation="" ImageFocus="-1" Length="54808.5" Area="53627350.5" LengthMicrons="27042.5" AreaMicrons="13055233.5" Text="" NegativeROA="0" InputRegionId="0" Analyze="1" DisplayId="1"><Attributes></Attributes><Vertices><Vertex X="3437" Y="2807" Z="0"/><Vertex X="3380" Y="2864" Z="0"/><Vertex X="3351" Y="2950" Z="0"/><Vertex X="3294" Y="3036" Z="0"/><Vertex X="3294" Y="3065" Z="0"/><Vertex X="3237" Y="3122" Z="0"/><Vertex X="3179" Y="3236" Z="0"/><Vertex X="3179" Y="3265" Z="0"/><Vertex X="3179" Y="3322" Z="0"/><Vertex X="3122" Y="3380" Z="0"/><Vertex X="3122" Y="3408" Z="0"/><Vertex X="3122" Y="3523" Z="0"/><Vertex X="3122" Y="3580" Z="0"/><Vertex X="3065" Y="3637" Z="0"/><Vertex X="3065" Y="3666" Z="0"/><Vertex X="3065" Y="3752" Z="0"/><Vertex X="3036" Y="3838" Z="0"/><Vertex X="3036" Y="3867" Z="0"/><Vertex X="3036" Y="3924" Z="0"/><Vertex X="2979" Y="4010" Z="0"/><Vertex X="2979" Y="4038" Z="0"/><Vertex X="2921" Y="4038" Z="0"/><Vertex X="2921" Y="4124" Z="0"/><Vertex X="2864" Y="4124" Z="0"/><Vertex X="2864" Y="4210" Z="0"/><Vertex X="2836" Y="4210" Z="0"/><Vertex X="2836" Y="4268" Z="0"/><Vertex X="2778" Y="4268" Z="0"/><Vertex X="2778" Y="4325" Z="0"/><Vertex X="2750" Y="4325" Z="0"/><Vertex X="2750" Y="4354" Z="0"/><Vertex X="2692" Y="4354" Z="0"/><Vertex X="2692" Y="4411" Z="0"/><Vertex X="2635" Y="4411" Z="0"/><Vertex X="2635" Y="4468" Z="0"/><Vertex X="2606" Y="4468" Z="0"/><Vertex X="2606" Y="4497" Z="0"/><Vertex X="2549" Y="4497" Z="0"/><Vertex X="2549" Y="4554" Z="0"/><Vertex X="2492" Y="4611" Z="0"/><Vertex X="2492" Y="4640" Z="0"/><Vertex X="2463" Y="4640" Z="0"/><Vertex X="2463" Y="4697" Z="0"/><Vertex X="2406" Y="4697" Z="0"/><Vertex X="2406" Y="4726" Z="0"/><Vertex X="2406" Y="4783" Z="0"/><Vertex X="2406" Y="4841" Z="0"/><Vertex X="2406" Y="4869" Z="0"/><Vertex X="2406" Y="4926" Z="0"/><Vertex X="2406" Y="4955" Z="0"/><Vertex X="2406" Y="5012" Z="0"/><Vertex X="2406" Y="5070" Z="0"/><Vertex X="2435" Y="5070" Z="0"/><Vertex X="2435" Y="5098" Z="0"/><Vertex X="2492" Y="5156" Z="0"/><Vertex X="2492" Y="5213" Z="0"/><Vertex X="2520" Y="5213" Z="0"/><Vertex X="2520" Y="5242" Z="0"/><Vertex X="2520" Y="5299" Z="0"/><Vertex X="2578" Y="5299" Z="0"/><Vertex X="2578" Y="5327" Z="0"/><Vertex X="2606" Y="5327" Z="0"/><Vertex X="2606" Y="5385" Z="0"/><Vertex X="2606" Y="5442" Z="0"/><Vertex X="2664" Y="5442" Z="0"/><Vertex X="2664" Y="5471" Z="0"/><Vertex X="2721" Y="5471" Z="0"/><Vertex X="2750" Y="5471" Z="0"/><Vertex X="2807" Y="5471" Z="0"/><Vertex X="2836" Y="5471" Z="0"/><Vertex X="2893" Y="5471" Z="0"/><Vertex X="2893" Y="5528" Z="0"/><Vertex X="2950" Y="5528" Z="0"/><Vertex X="2979" Y="5528" Z="0"/><Vertex X="3036" Y="5528" Z="0"/><Vertex X="3065" Y="5528" Z="0"/><Vertex X="3122" Y="5528" Z="0"/><Vertex X="3179" Y="5585" Z="0"/><Vertex X="3208" Y="5585" Z="0"/><Vertex X="3265" Y="5585" Z="0"/><Vertex X="3322" Y="5585" Z="0"/><Vertex X="3351" Y="5585" Z="0"/><Vertex X="3437" Y="5614" Z="0"/><Vertex X="3494" Y="5614" Z="0"/><Vertex X="3523" Y="5614" Z="0"/><Vertex X="3580" Y="5614" Z="0"/><Vertex X="3638" Y="5671" Z="0"/><Vertex X="3666" Y="5671" Z="0"/><Vertex X="3723" Y="5671" Z="0"/><Vertex X="3723" Y="5728" Z="0"/><Vertex X="3781" Y="5728" Z="0"/><Vertex X="3838" Y="5786" Z="0"/><Vertex X="3895" Y="5786" Z="0"/><Vertex X="3895" Y="5814" Z="0"/><Vertex X="3924" Y="5814" Z="0"/><Vertex X="3981" Y="5872" Z="0"/><Vertex X="4039" Y="5872" Z="0"/><Vertex X="4096" Y="5929" Z="0"/><Vertex X="4125" Y="5929" Z="0"/><Vertex X="4210" Y="5986" Z="0"/><Vertex X="4296" Y="5986" Z="0"/><Vertex X="4354" Y="6044" Z="0"/><Vertex X="4411" Y="6044" Z="0"/><Vertex X="4497" Y="6044" Z="0"/><Vertex X="4497" Y="6072" Z="0"/><Vertex X="4554" Y="6072" Z="0"/><Vertex X="4611" Y="6072" Z="0"/><Vertex X="4697" Y="6130" Z="0"/><Vertex X="4755" Y="6130" Z="0"/><Vertex X="4755" Y="6187" Z="0"/><Vertex X="4841" Y="6187" Z="0"/><Vertex X="4927" Y="6187" Z="0"/><Vertex X="4927" Y="6215" Z="0"/><Vertex X="5012" Y="6215" Z="0"/><Vertex X="5070" Y="6215" Z="0"/><Vertex X="5127" Y="6215" Z="0"/><Vertex X="5127" Y="6273" Z="0"/><Vertex X="5184" Y="6273" Z="0"/><Vertex X="5242" Y="6273" Z="0"/><Vertex X="5299" Y="6330" Z="0"/><Vertex X="5328" Y="6330" Z="0"/><Vertex X="5413" Y="6330" Z="0"/><Vertex X="5413" Y="6359" Z="0"/><Vertex X="5499" Y="6359" Z="0"/><Vertex X="5557" Y="6359" Z="0"/><Vertex X="5614" Y="6416" Z="0"/><Vertex X="5671" Y="6416" Z="0"/><Vertex X="5671" Y="6473" Z="0"/><Vertex X="5700" Y="6473" Z="0"/><Vertex X="5700" Y="6502" Z="0"/><Vertex X="5757" Y="6502" Z="0"/><Vertex X="5815" Y="6502" Z="0"/><Vertex X="5843" Y="6502" Z="0"/><Vertex X="5843" Y="6559" Z="0"/><Vertex X="5900" Y="6559" Z="0"/><Vertex X="5958" Y="6559" Z="0"/><Vertex X="6072" Y="6559" Z="0"/><Vertex X="6072" Y="6588" Z="0"/><Vertex X="6187" Y="6588" Z="0"/><Vertex X="6244" Y="6588" Z="0"/><Vertex X="6273" Y="6588" Z="0"/><Vertex X="6387" Y="6588" Z="0"/><Vertex X="6387" Y="6645" Z="0"/><Vertex X="6473" Y="6645" Z="0"/><Vertex X="6502" Y="6645" Z="0"/><Vertex X="6559" Y="6645" Z="0"/><Vertex X="6617" Y="6702" Z="0"/><Vertex X="6645" Y="6702" Z="0"/><Vertex X="6702" Y="6702" Z="0"/><Vertex X="6731" Y="6702" Z="0"/><Vertex X="6788" Y="6760" Z="0"/><Vertex X="6846" Y="6760" Z="0"/><Vertex X="6874" Y="6760" Z="0"/><Vertex X="6932" Y="6760" Z="0"/><Vertex X="6989" Y="6760" Z="0"/><Vertex X="7018" Y="6760" Z="0"/><Vertex X="7075" Y="6760" Z="0"/><Vertex X="7103" Y="6760" Z="0"/><Vertex X="7189" Y="6760" Z="0"/><Vertex X="7275" Y="6760" Z="0"/><Vertex X="7275" Y="6788" Z="0"/><Vertex X="7304" Y="6788" Z="0"/><Vertex X="7361" Y="6788" Z="0"/><Vertex X="7361" Y="6846" Z="0"/><Vertex X="7390" Y="6846" Z="0"/><Vertex X="7390" Y="6874" Z="0"/><Vertex X="7447" Y="6874" Z="0"/><Vertex X="7505" Y="6932" Z="0"/><Vertex X="7533" Y="6932" Z="0"/><Vertex X="7533" Y="6989" Z="0"/><Vertex X="7590" Y="6989" Z="0"/><Vertex X="7648" Y="7075" Z="0"/><Vertex X="7705" Y="7075" Z="0"/><Vertex X="7705" Y="7103" Z="0"/><Vertex X="7734" Y="7103" Z="0"/><Vertex X="7791" Y="7161" Z="0"/><Vertex X="7820" Y="7161" Z="0"/><Vertex X="7820" Y="7189" Z="0"/><Vertex X="7906" Y="7189" Z="0"/><Vertex X="7963" Y="7247" Z="0"/><Vertex X="8020" Y="7247" Z="0"/><Vertex X="8049" Y="7247" Z="0"/><Vertex X="8049" Y="7304" Z="0"/><Vertex X="8106" Y="7304" Z="0"/><Vertex X="8163" Y="7304" Z="0"/><Vertex X="8249" Y="7304" Z="0"/><Vertex X="8249" Y="7333" Z="0"/><Vertex X="8364" Y="7333" Z="0"/><Vertex X="8450" Y="7390" Z="0"/><Vertex X="8507" Y="7390" Z="0"/><Vertex X="8507" Y="7447" Z="0"/><Vertex X="8593" Y="7447" Z="0"/><Vertex X="8708" Y="7504" Z="0"/><Vertex X="8765" Y="7504" Z="0"/><Vertex X="8794" Y="7504" Z="0"/><Vertex X="8851" Y="7562" Z="0"/><Vertex X="8908" Y="7562" Z="0"/><Vertex X="8937" Y="7562" Z="0"/><Vertex X="8994" Y="7590" Z="0"/><Vertex X="9080" Y="7590" Z="0"/><Vertex X="9080" Y="7648" Z="0"/><Vertex X="9109" Y="7648" Z="0"/><Vertex X="9166" Y="7648" Z="0"/><Vertex X="9195" Y="7648" Z="0"/><Vertex X="9252" Y="7705" Z="0"/><Vertex X="9309" Y="7705" Z="0"/><Vertex X="9338" Y="7705" Z="0"/><Vertex X="9338" Y="7734" Z="0"/><Vertex X="9424" Y="7734" Z="0"/><Vertex X="9481" Y="7734" Z="0"/><Vertex X="9510" Y="7734" Z="0"/><Vertex X="9567" Y="7791" Z="0"/><Vertex X="9653" Y="7791" Z="0"/><Vertex X="9710" Y="7848" Z="0"/><Vertex X="9767" Y="7848" Z="0"/><Vertex X="9825" Y="7905" Z="0"/><Vertex X="9853" Y="7905" Z="0"/><Vertex X="9853" Y="7963" Z="0"/><Vertex X="9911" Y="7963" Z="0"/><Vertex X="9968" Y="7963" Z="0"/><Vertex X="9968" Y="7991" Z="0"/><Vertex X="9997" Y="8049" Z="0"/><Vertex X="9997" Y="8077" Z="0"/><Vertex X="10054" Y="8077" Z="0"/><Vertex X="10111" Y="8135" Z="0"/><Vertex X="10140" Y="8135" Z="0"/><Vertex X="10197" Y="8192" Z="0"/><Vertex X="10254" Y="8192" Z="0"/><Vertex X="10254" Y="8249" Z="0"/><Vertex X="10283" Y="8249" Z="0"/><Vertex X="10283" Y="8278" Z="0"/><Vertex X="10340" Y="8278" Z="0"/><Vertex X="10340" Y="8335" Z="0"/><Vertex X="10398" Y="8335" Z="0"/><Vertex X="10398" Y="8421" Z="0"/><Vertex X="10426" Y="8421" Z="0"/><Vertex X="10484" Y="8478" Z="0"/><Vertex X="10541" Y="8564" Z="0"/><Vertex X="10598" Y="8564" Z="0"/><Vertex X="10598" Y="8622" Z="0"/><Vertex X="10627" Y="8622" Z="0"/><Vertex X="10684" Y="8679" Z="0"/><Vertex X="10741" Y="8679" Z="0"/><Vertex X="10741" Y="8707" Z="0"/><Vertex X="10770" Y="8707" Z="0"/><Vertex X="10770" Y="8765" Z="0"/><Vertex X="10827" Y="8765" Z="0"/><Vertex X="10827" Y="8793" Z="0"/><Vertex X="10856" Y="8793" Z="0"/><Vertex X="10856" Y="8851" Z="0"/><Vertex X="10942" Y="8851" Z="0"/><Vertex X="10942" Y="8908" Z="0"/><Vertex X="10999" Y="8908" Z="0"/><Vertex X="11028" Y="8937" Z="0"/><Vertex X="11085" Y="8994" Z="0"/><Vertex X="11142" Y="8994" Z="0"/><Vertex X="11142" Y="9051" Z="0"/><Vertex X="11171" Y="9051" Z="0"/><Vertex X="11228" Y="9051" Z="0"/><Vertex X="11228" Y="9023" Z="0"/><Vertex X="11286" Y="9023" Z="0"/><Vertex X="11314" Y="9023" Z="0"/><Vertex X="11371" Y="9023" Z="0"/><Vertex X="11400" Y="9023" Z="0"/><Vertex X="11400" Y="9051" Z="0"/><Vertex X="11486" Y="9051" Z="0"/><Vertex X="11543" Y="9080" Z="0"/><Vertex X="11572" Y="9080" Z="0"/><Vertex X="11572" Y="9137" Z="0"/><Vertex X="11658" Y="9137" Z="0"/><Vertex X="11658" Y="9194" Z="0"/><Vertex X="11715" Y="9194" Z="0"/><Vertex X="11744" Y="9223" Z="0"/><Vertex X="11801" Y="9223" Z="0"/><Vertex X="11801" Y="9280" Z="0"/><Vertex X="11858" Y="9280" Z="0"/><Vertex X="11858" Y="9338" Z="0"/><Vertex X="11887" Y="9338" Z="0"/><Vertex X="11887" Y="9366" Z="0"/><Vertex X="11944" Y="9366" Z="0"/><Vertex X="11944" Y="9424" Z="0"/><Vertex X="11973" Y="9424" Z="0"/><Vertex X="12030" Y="9481" Z="0"/><Vertex X="12088" Y="9510" Z="0"/><Vertex X="12174" Y="9567" Z="0"/><Vertex X="12259" Y="9624" Z="0"/><Vertex X="12317" Y="9681" Z="0"/><Vertex X="12374" Y="9681" Z="0"/><Vertex X="12431" Y="9767" Z="0"/><Vertex X="12460" Y="9767" Z="0"/><Vertex X="12517" Y="9853" Z="0"/><Vertex X="12575" Y="9882" Z="0"/><Vertex X="12632" Y="9882" Z="0"/><Vertex X="12718" Y="9968" Z="0"/><Vertex X="12775" Y="10025" Z="0"/><Vertex X="12861" Y="10025" Z="0"/><Vertex X="12918" Y="10140" Z="0"/><Vertex X="13004" Y="10197" Z="0"/><Vertex X="13033" Y="10197" Z="0"/><Vertex X="13090" Y="10283" Z="0"/><Vertex X="13147" Y="10283" Z="0"/><Vertex X="13205" Y="10369" Z="0"/><Vertex X="13233" Y="10369" Z="0"/><Vertex X="13291" Y="10397" Z="0"/><Vertex X="13348" Y="10397" Z="0"/><Vertex X="13405" Y="10455" Z="0"/><Vertex X="13462" Y="10512" Z="0"/><Vertex X="13548" Y="10512" Z="0"/><Vertex X="13548" Y="10569" Z="0"/><Vertex X="13606" Y="10569" Z="0"/><Vertex X="13634" Y="10569" Z="0"/><Vertex X="13692" Y="10598" Z="0"/><Vertex X="13749" Y="10598" Z="0"/><Vertex X="13778" Y="10598" Z="0"/><Vertex X="13835" Y="10598" Z="0"/><Vertex X="13864" Y="10598" Z="0"/><Vertex X="13921" Y="10598" Z="0"/><Vertex X="14007" Y="10598" Z="0"/><Vertex X="14064" Y="10598" Z="0"/><Vertex X="14150" Y="10598" Z="0"/><Vertex X="14207" Y="10598" Z="0"/><Vertex X="14265" Y="10627" Z="0"/><Vertex X="14322" Y="10627" Z="0"/><Vertex X="14379" Y="10627" Z="0"/><Vertex X="14408" Y="10627" Z="0"/><Vertex X="14465" Y="10627" Z="0"/><Vertex X="14522" Y="10655" Z="0"/><Vertex X="14551" Y="10655" Z="0"/><Vertex X="14608" Y="10655" Z="0"/><Vertex X="14723" Y="10713" Z="0"/><Vertex X="14780" Y="10713" Z="0"/><Vertex X="14866" Y="10770" Z="0"/><Vertex X="14952" Y="10770" Z="0"/><Vertex X="14952" Y="10827" Z="0"/><Vertex X="15067" Y="10827" Z="0"/><Vertex X="15124" Y="10827" Z="0"/><Vertex X="15124" Y="10884" Z="0"/><Vertex X="15210" Y="10884" Z="0"/><Vertex X="15267" Y="10884" Z="0"/><Vertex X="15267" Y="10913" Z="0"/><Vertex X="15324" Y="10913" Z="0"/><Vertex X="15410" Y="10913" Z="0"/><Vertex X="15410" Y="10970" Z="0"/><Vertex X="15496" Y="10970" Z="0"/><Vertex X="15554" Y="11028" Z="0"/><Vertex X="15611" Y="11028" Z="0"/><Vertex X="15697" Y="11028" Z="0"/><Vertex X="15697" Y="11056" Z="0"/><Vertex X="15725" Y="11056" Z="0"/><Vertex X="15783" Y="11056" Z="0"/><Vertex X="15840" Y="11056" Z="0"/><Vertex X="15869" Y="11056" Z="0"/><Vertex X="15926" Y="11056" Z="0"/><Vertex X="15955" Y="11114" Z="0"/><Vertex X="16012" Y="11114" Z="0"/><Vertex X="16069" Y="11114" Z="0"/><Vertex X="16126" Y="11114" Z="0"/><Vertex X="16212" Y="11171" Z="0"/><Vertex X="16298" Y="11171" Z="0"/><Vertex X="16384" Y="11171" Z="0"/><Vertex X="16384" Y="11200" Z="0"/><Vertex X="16413" Y="11200" Z="0"/><Vertex X="16470" Y="11200" Z="0"/><Vertex X="16470" Y="11257" Z="0"/><Vertex X="16499" Y="11257" Z="0"/><Vertex X="16556" Y="11257" Z="0"/><Vertex X="16613" Y="11314" Z="0"/><Vertex X="16671" Y="11314" Z="0"/><Vertex X="16757" Y="11371" Z="0"/><Vertex X="16814" Y="11371" Z="0"/><Vertex X="16871" Y="11371" Z="0"/><Vertex X="16957" Y="11429" Z="0"/><Vertex X="17043" Y="11429" Z="0"/><Vertex X="17129" Y="11429" Z="0"/><Vertex X="17186" Y="11457" Z="0"/><Vertex X="17272" Y="11457" Z="0"/><Vertex X="17358" Y="11457" Z="0"/><Vertex X="17358" Y="11515" Z="0"/><Vertex X="17415" Y="11515" Z="0"/><Vertex X="17501" Y="11515" Z="0"/><Vertex X="17559" Y="11515" Z="0"/><Vertex X="17616" Y="11515" Z="0"/><Vertex X="17616" Y="11572" Z="0"/><Vertex X="17673" Y="11572" Z="0"/><Vertex X="17759" Y="11572" Z="0"/><Vertex X="17759" Y="11601" Z="0"/><Vertex X="17816" Y="11601" Z="0"/><Vertex X="17902" Y="11658" Z="0"/><Vertex X="17988" Y="11658" Z="0"/><Vertex X="17988" Y="11715" Z="0"/><Vertex X="18046" Y="11715" Z="0"/><Vertex X="18131" Y="11715" Z="0"/><Vertex X="18217" Y="11715" Z="0"/><Vertex X="18275" Y="11744" Z="0"/><Vertex X="18303" Y="11744" Z="0"/><Vertex X="18361" Y="11744" Z="0"/><Vertex X="18389" Y="11744" Z="0"/><Vertex X="18447" Y="11801" Z="0"/><Vertex X="18504" Y="11801" Z="0"/><Vertex X="18532" Y="11801" Z="0"/><Vertex X="18590" Y="11801" Z="0"/><Vertex X="18647" Y="11801" Z="0"/><Vertex X="18647" Y="11858" Z="0"/><Vertex X="18676" Y="11858" Z="0"/><Vertex X="18733" Y="11916" Z="0"/><Vertex X="18762" Y="11916" Z="0"/><Vertex X="18762" Y="11944" Z="0"/><Vertex X="18819" Y="11944" Z="0"/><Vertex X="18905" Y="12002" Z="0"/><Vertex X="18934" Y="12002" Z="0"/><Vertex X="18991" Y="12002" Z="0"/><Vertex X="19048" Y="12002" Z="0"/><Vertex X="19048" Y="12059" Z="0"/><Vertex X="19105" Y="12059" Z="0"/><Vertex X="19191" Y="12059" Z="0"/><Vertex X="19249" Y="12059" Z="0"/><Vertex X="19277" Y="12059" Z="0"/><Vertex X="19335" Y="12059" Z="0"/><Vertex X="19420" Y="12116" Z="0"/><Vertex X="19478" Y="12116" Z="0"/><Vertex X="19564" Y="12116" Z="0"/><Vertex X="19650" Y="12116" Z="0"/><Vertex X="19707" Y="12116" Z="0"/><Vertex X="19793" Y="12116" Z="0"/><Vertex X="19879" Y="12116" Z="0"/><Vertex X="19936" Y="12116" Z="0"/><Vertex X="20022" Y="12145" Z="0"/><Vertex X="20079" Y="12145" Z="0"/><Vertex X="20108" Y="12145" Z="0"/><Vertex X="20194" Y="12145" Z="0"/><Vertex X="20251" Y="12145" Z="0"/><Vertex X="20308" Y="12145" Z="0"/><Vertex X="20394" Y="12145" Z="0"/><Vertex X="20480" Y="12145" Z="0"/><Vertex X="20509" Y="12202" Z="0"/><Vertex X="20595" Y="12202" Z="0"/><Vertex X="20681" Y="12202" Z="0"/><Vertex X="20709" Y="12202" Z="0"/><Vertex X="20795" Y="12202" Z="0"/><Vertex X="20853" Y="12202" Z="0"/><Vertex X="20910" Y="12202" Z="0"/><Vertex X="20910" Y="12259" Z="0"/><Vertex X="20996" Y="12259" Z="0"/><Vertex X="21082" Y="12259" Z="0"/><Vertex X="21110" Y="12259" Z="0"/><Vertex X="21196" Y="12259" Z="0"/><Vertex X="21282" Y="12259" Z="0"/><Vertex X="21340" Y="12259" Z="0"/><Vertex X="21426" Y="12259" Z="0"/><Vertex X="21511" Y="12259" Z="0"/><Vertex X="21569" Y="12259" Z="0"/><Vertex X="21655" Y="12259" Z="0"/><Vertex X="21741" Y="12259" Z="0"/><Vertex X="21798" Y="12259" Z="0"/><Vertex X="21884" Y="12259" Z="0"/><Vertex X="21970" Y="12259" Z="0"/><Vertex X="22027" Y="12259" Z="0"/><Vertex X="22113" Y="12259" Z="0"/><Vertex X="22170" Y="12259" Z="0"/><Vertex X="22199" Y="12259" Z="0"/><Vertex X="22256" Y="12259" Z="0"/><Vertex X="22285" Y="12259" Z="0"/><Vertex X="22342" Y="12259" Z="0"/><Vertex X="22399" Y="12259" Z="0"/><Vertex X="22428" Y="12259" Z="0"/><Vertex X="22485" Y="12259" Z="0"/><Vertex X="22514" Y="12231" Z="0"/><Vertex X="22571" Y="12231" Z="0"/><Vertex X="22629" Y="12173" Z="0"/><Vertex X="22657" Y="12173" Z="0"/><Vertex X="22715" Y="12116" Z="0"/><Vertex X="22772" Y="12116" Z="0"/><Vertex X="22772" Y="12087" Z="0"/><Vertex X="22800" Y="12087" Z="0"/><Vertex X="22800" Y="12030" Z="0"/><Vertex X="22858" Y="12030" Z="0"/><Vertex X="22915" Y="11973" Z="0"/><Vertex X="22972" Y="11973" Z="0"/><Vertex X="22972" Y="11944" Z="0"/><Vertex X="23030" Y="11944" Z="0"/><Vertex X="23087" Y="11887" Z="0"/><Vertex X="23116" Y="11887" Z="0"/><Vertex X="23116" Y="11858" Z="0"/><Vertex X="23173" Y="11858" Z="0"/><Vertex X="23230" Y="11801" Z="0"/><Vertex X="23259" Y="11801" Z="0"/><Vertex X="23259" Y="11744" Z="0"/><Vertex X="23316" Y="11744" Z="0"/><Vertex X="23316" Y="11715" Z="0"/><Vertex X="23373" Y="11658" Z="0"/><Vertex X="23373" Y="11601" Z="0"/><Vertex X="23373" Y="11572" Z="0"/><Vertex X="23373" Y="11515" Z="0"/><Vertex X="23373" Y="11429" Z="0"/><Vertex X="23373" Y="11400" Z="0"/><Vertex X="23373" Y="11343" Z="0"/><Vertex X="23373" Y="11285" Z="0"/><Vertex X="23345" Y="11285" Z="0"/><Vertex X="23345" Y="11257" Z="0"/><Vertex X="23316" Y="11257" Z="0"/><Vertex X="23316" Y="11200" Z="0"/><Vertex X="23259" Y="11200" Z="0"/><Vertex X="23259" Y="11171" Z="0"/><Vertex X="23201" Y="11171" Z="0"/><Vertex X="23201" Y="11114" Z="0"/><Vertex X="23173" Y="11114" Z="0"/><Vertex X="23173" Y="11056" Z="0"/><Vertex X="23116" Y="11056" Z="0"/><Vertex X="23116" Y="11028" Z="0"/><Vertex X="23087" Y="11028" Z="0"/><Vertex X="23087" Y="10970" Z="0"/><Vertex X="23030" Y="10970" Z="0"/><Vertex X="23030" Y="10942" Z="0"/><Vertex X="22972" Y="10942" Z="0"/><Vertex X="22972" Y="10884" Z="0"/><Vertex X="22944" Y="10827" Z="0"/><Vertex X="22886" Y="10798" Z="0"/><Vertex X="22829" Y="10741" Z="0"/><Vertex X="22772" Y="10684" Z="0"/><Vertex X="22743" Y="10684" Z="0"/><Vertex X="22743" Y="10627" Z="0"/><Vertex X="22686" Y="10627" Z="0"/><Vertex X="22686" Y="10598" Z="0"/><Vertex X="22600" Y="10598" Z="0"/><Vertex X="22600" Y="10541" Z="0"/><Vertex X="22543" Y="10541" Z="0"/><Vertex X="22457" Y="10483" Z="0"/><Vertex X="22371" Y="10483" Z="0"/><Vertex X="22371" Y="10455" Z="0"/><Vertex X="22314" Y="10455" Z="0"/><Vertex X="22228" Y="10397" Z="0"/><Vertex X="22170" Y="10397" Z="0"/><Vertex X="22142" Y="10397" Z="0"/><Vertex X="22084" Y="10340" Z="0"/><Vertex X="22027" Y="10340" Z="0"/><Vertex X="21998" Y="10340" Z="0"/><Vertex X="21998" Y="10283" Z="0"/><Vertex X="21913" Y="10283" Z="0"/><Vertex X="21827" Y="10283" Z="0"/><Vertex X="21769" Y="10283" Z="0"/><Vertex X="21769" Y="10254" Z="0"/><Vertex X="21683" Y="10254" Z="0"/><Vertex X="21626" Y="10254" Z="0"/><Vertex X="21626" Y="10197" Z="0"/><Vertex X="21569" Y="10197" Z="0"/><Vertex X="21483" Y="10140" Z="0"/><Vertex X="21426" Y="10140" Z="0"/><Vertex X="21368" Y="10140" Z="0"/><Vertex X="21368" Y="10111" Z="0"/><Vertex X="21311" Y="10111" Z="0"/><Vertex X="21254" Y="10111" Z="0"/><Vertex X="21254" Y="10054" Z="0"/><Vertex X="21225" Y="10054" Z="0"/><Vertex X="21168" Y="9968" Z="0"/><Vertex X="21082" Y="9968" Z="0"/><Vertex X="21082" Y="9939" Z="0"/><Vertex X="21025" Y="9939" Z="0"/><Vertex X="20939" Y="9882" Z="0"/><Vertex X="20881" Y="9882" Z="0"/><Vertex X="20795" Y="9825" Z="0"/><Vertex X="20767" Y="9825" Z="0"/><Vertex X="20709" Y="9825" Z="0"/><Vertex X="20652" Y="9739" Z="0"/><Vertex X="20624" Y="9739" Z="0"/><Vertex X="20566" Y="9739" Z="0"/><Vertex X="20509" Y="9653" Z="0"/><Vertex X="20480" Y="9653" Z="0"/><Vertex X="20423" Y="9653" Z="0"/><Vertex X="20366" Y="9624" Z="0"/><Vertex X="20337" Y="9624" Z="0"/><Vertex X="20280" Y="9567" Z="0"/><Vertex X="20222" Y="9567" Z="0"/><Vertex X="20194" Y="9510" Z="0"/><Vertex X="20137" Y="9510" Z="0"/><Vertex X="20079" Y="9452" Z="0"/><Vertex X="20051" Y="9452" Z="0"/><Vertex X="19993" Y="9424" Z="0"/><Vertex X="19936" Y="9424" Z="0"/><Vertex X="19907" Y="9424" Z="0"/><Vertex X="19850" Y="9366" Z="0"/><Vertex X="19793" Y="9366" Z="0"/><Vertex X="19764" Y="9366" Z="0"/><Vertex X="19707" Y="9309" Z="0"/><Vertex X="19650" Y="9309" Z="0"/><Vertex X="19621" Y="9309" Z="0"/><Vertex X="19564" Y="9309" Z="0"/><Vertex X="19506" Y="9252" Z="0"/><Vertex X="19478" Y="9252" Z="0"/><Vertex X="19363" Y="9252" Z="0"/><Vertex X="19306" Y="9252" Z="0"/><Vertex X="19277" Y="9252" Z="0"/><Vertex X="19220" Y="9252" Z="0"/><Vertex X="19134" Y="9252" Z="0"/><Vertex X="19048" Y="9252" Z="0"/><Vertex X="18962" Y="9252" Z="0"/><Vertex X="18876" Y="9252" Z="0"/><Vertex X="18876" Y="9223" Z="0"/><Vertex X="18819" Y="9223" Z="0"/><Vertex X="18762" Y="9223" Z="0"/><Vertex X="18704" Y="9223" Z="0"/><Vertex X="18647" Y="9223" Z="0"/><Vertex X="18561" Y="9223" Z="0"/><Vertex X="18504" Y="9166" Z="0"/><Vertex X="18475" Y="9166" Z="0"/><Vertex X="18418" Y="9166" Z="0"/><Vertex X="18389" Y="9166" Z="0"/><Vertex X="18303" Y="9166" Z="0"/><Vertex X="18246" Y="9166" Z="0"/><Vertex X="18160" Y="9108" Z="0"/><Vertex X="18131" Y="9108" Z="0"/><Vertex X="18074" Y="9108" Z="0"/><Vertex X="17988" Y="9108" Z="0"/><Vertex X="17988" Y="9051" Z="0"/><Vertex X="17874" Y="9051" Z="0"/><Vertex X="17759" Y="8994" Z="0"/><Vertex X="17702" Y="8994" Z="0"/><Vertex X="17645" Y="8965" Z="0"/><Vertex X="17587" Y="8965" Z="0"/><Vertex X="17530" Y="8965" Z="0"/><Vertex X="17530" Y="8908" Z="0"/><Vertex X="17501" Y="8908" Z="0"/><Vertex X="17444" Y="8908" Z="0"/><Vertex X="17387" Y="8851" Z="0"/><Vertex X="17329" Y="8851" Z="0"/><Vertex X="17329" Y="8822" Z="0"/><Vertex X="17215" Y="8822" Z="0"/><Vertex X="17158" Y="8765" Z="0"/><Vertex X="17100" Y="8765" Z="0"/><Vertex X="17072" Y="8707" Z="0"/><Vertex X="16986" Y="8650" Z="0"/><Vertex X="16928" Y="8650" Z="0"/><Vertex X="16928" Y="8622" Z="0"/><Vertex X="16871" Y="8622" Z="0"/><Vertex X="16871" Y="8564" Z="0"/><Vertex X="16757" Y="8564" Z="0"/><Vertex X="16757" Y="8507" Z="0"/><Vertex X="16671" Y="8507" Z="0"/><Vertex X="16585" Y="8450" Z="0"/><Vertex X="16556" Y="8450" Z="0"/><Vertex X="16556" Y="8421" Z="0"/><Vertex X="16499" Y="8421" Z="0"/><Vertex X="16470" Y="8421" Z="0"/><Vertex X="16470" Y="8364" Z="0"/><Vertex X="16413" Y="8364" Z="0"/><Vertex X="16327" Y="8306" Z="0"/><Vertex X="16241" Y="8306" Z="0"/><Vertex X="16241" Y="8278" Z="0"/><Vertex X="16184" Y="8278" Z="0"/><Vertex X="16126" Y="8278" Z="0"/><Vertex X="16098" Y="8278" Z="0"/><Vertex X="16040" Y="8221" Z="0"/><Vertex X="15983" Y="8221" Z="0"/><Vertex X="15955" Y="8221" Z="0"/><Vertex X="15869" Y="8221" Z="0"/><Vertex X="15783" Y="8163" Z="0"/><Vertex X="15754" Y="8163" Z="0"/><Vertex X="15697" Y="8163" Z="0"/><Vertex X="15611" Y="8163" Z="0"/><Vertex X="15554" Y="8106" Z="0"/><Vertex X="15496" Y="8106" Z="0"/><Vertex X="15439" Y="8106" Z="0"/><Vertex X="15410" Y="8106" Z="0"/><Vertex X="15353" Y="8077" Z="0"/><Vertex X="15296" Y="8077" Z="0"/><Vertex X="15267" Y="8077" Z="0"/><Vertex X="15210" Y="8077" Z="0"/><Vertex X="15152" Y="8020" Z="0"/><Vertex X="15095" Y="8020" Z="0"/><Vertex X="15009" Y="7963" Z="0"/><Vertex X="14923" Y="7963" Z="0"/><Vertex X="14837" Y="7905" Z="0"/><Vertex X="14809" Y="7905" Z="0"/><Vertex X="14723" Y="7905" Z="0"/><Vertex X="14723" Y="7848" Z="0"/><Vertex X="14637" Y="7848" Z="0"/><Vertex X="14608" Y="7848" Z="0"/><Vertex X="14608" Y="7820" Z="0"/><Vertex X="14551" Y="7820" Z="0"/><Vertex X="14494" Y="7762" Z="0"/><Vertex X="14465" Y="7762" Z="0"/><Vertex X="14465" Y="7734" Z="0"/><Vertex X="14379" Y="7734" Z="0"/><Vertex X="14293" Y="7676" Z="0"/><Vertex X="14236" Y="7676" Z="0"/><Vertex X="14236" Y="7619" Z="0"/><Vertex X="14150" Y="7619" Z="0"/><Vertex X="14064" Y="7562" Z="0"/><Vertex X="13978" Y="7504" Z="0"/><Vertex X="13949" Y="7504" Z="0"/><Vertex X="13949" Y="7476" Z="0"/><Vertex X="13864" Y="7476" Z="0"/><Vertex X="13806" Y="7476" Z="0"/><Vertex X="13778" Y="7418" Z="0"/><Vertex X="13663" Y="7361" Z="0"/><Vertex X="13606" Y="7361" Z="0"/><Vertex X="13520" Y="7275" Z="0"/><Vertex X="13491" Y="7275" Z="0"/><Vertex X="13405" Y="7218" Z="0"/><Vertex X="13319" Y="7161" Z="0"/><Vertex X="13233" Y="7161" Z="0"/><Vertex X="13233" Y="7132" Z="0"/><Vertex X="13176" Y="7132" Z="0"/><Vertex X="13119" Y="7075" Z="0"/><Vertex X="13061" Y="7075" Z="0"/><Vertex X="13061" Y="7017" Z="0"/><Vertex X="13033" Y="7017" Z="0"/><Vertex X="12976" Y="6989" Z="0"/><Vertex X="12918" Y="6989" Z="0"/><Vertex X="12890" Y="6932" Z="0"/><Vertex X="12832" Y="6932" Z="0"/><Vertex X="12775" Y="6932" Z="0"/><Vertex X="12775" Y="6874" Z="0"/><Vertex X="12746" Y="6874" Z="0"/><Vertex X="12689" Y="6874" Z="0"/><Vertex X="12689" Y="6846" Z="0"/><Vertex X="12660" Y="6846" Z="0"/><Vertex X="12603" Y="6846" Z="0"/><Vertex X="12603" Y="6788" Z="0"/><Vertex X="12517" Y="6788" Z="0"/><Vertex X="12460" Y="6731" Z="0"/><Vertex X="12403" Y="6731" Z="0"/><Vertex X="12345" Y="6731" Z="0"/><Vertex X="12317" Y="6674" Z="0"/><Vertex X="12259" Y="6674" Z="0"/><Vertex X="12174" Y="6674" Z="0"/><Vertex X="12174" Y="6645" Z="0"/><Vertex X="12145" Y="6645" Z="0"/><Vertex X="12059" Y="6645" Z="0"/><Vertex X="12059" Y="6588" Z="0"/><Vertex X="12002" Y="6588" Z="0"/><Vertex X="11973" Y="6588" Z="0"/><Vertex X="11916" Y="6588" Z="0"/><Vertex X="11916" Y="6559" Z="0"/><Vertex X="11887" Y="6559" Z="0"/><Vertex X="11830" Y="6559" Z="0"/><Vertex X="11772" Y="6559" Z="0"/><Vertex X="11772" Y="6502" Z="0"/><Vertex X="11744" Y="6502" Z="0"/><Vertex X="11658" Y="6502" Z="0"/><Vertex X="11572" Y="6445" Z="0"/><Vertex X="11543" Y="6445" Z="0"/><Vertex X="11486" Y="6387" Z="0"/><Vertex X="11400" Y="6387" Z="0"/><Vertex X="11400" Y="6359" Z="0"/><Vertex X="11371" Y="6359" Z="0"/><Vertex X="11286" Y="6301" Z="0"/><Vertex X="11200" Y="6301" Z="0"/><Vertex X="11200" Y="6244" Z="0"/><Vertex X="11142" Y="6244" Z="0"/><Vertex X="11056" Y="6187" Z="0"/><Vertex X="10999" Y="6187" Z="0"/><Vertex X="10942" Y="6158" Z="0"/><Vertex X="10913" Y="6158" Z="0"/><Vertex X="10856" Y="6101" Z="0"/><Vertex X="10799" Y="6101" Z="0"/><Vertex X="10770" Y="6044" Z="0"/><Vertex X="10713" Y="6044" Z="0"/><Vertex X="10713" Y="5986" Z="0"/><Vertex X="10627" Y="5986" Z="0"/><Vertex X="10541" Y="5958" Z="0"/><Vertex X="10512" Y="5958" Z="0"/><Vertex X="10398" Y="5900" Z="0"/><Vertex X="10340" Y="5900" Z="0"/><Vertex X="10226" Y="5843" Z="0"/><Vertex X="10197" Y="5843" Z="0"/><Vertex X="10140" Y="5843" Z="0"/><Vertex X="10082" Y="5786" Z="0"/><Vertex X="10054" Y="5786" Z="0"/><Vertex X="9968" Y="5728" Z="0"/><Vertex X="9882" Y="5728" Z="0"/><Vertex X="9825" Y="5671" Z="0"/><Vertex X="9796" Y="5671" Z="0"/><Vertex X="9796" Y="5643" Z="0"/><Vertex X="9739" Y="5643" Z="0"/><Vertex X="9739" Y="5585" Z="0"/><Vertex X="9710" Y="5585" Z="0"/><Vertex X="9710" Y="5528" Z="0"/><Vertex X="9653" Y="5528" Z="0"/><Vertex X="9596" Y="5499" Z="0"/><Vertex X="9567" Y="5499" Z="0"/><Vertex X="9567" Y="5413" Z="0"/><Vertex X="9510" Y="5413" Z="0"/><Vertex X="9452" Y="5356" Z="0"/><Vertex X="9424" Y="5356" Z="0"/><Vertex X="9424" Y="5299" Z="0"/><Vertex X="9338" Y="5299" Z="0"/><Vertex X="9280" Y="5270" Z="0"/><Vertex X="9195" Y="5213" Z="0"/><Vertex X="9137" Y="5156" Z="0"/><Vertex X="9080" Y="5156" Z="0"/><Vertex X="9080" Y="5098" Z="0"/><Vertex X="8994" Y="5098" Z="0"/><Vertex X="8994" Y="5070" Z="0"/><Vertex X="8937" Y="5070" Z="0"/><Vertex X="8851" Y="5012" Z="0"/><Vertex X="8765" Y="5012" Z="0"/><Vertex X="8765" Y="4955" Z="0"/><Vertex X="8708" Y="4955" Z="0"/><Vertex X="8622" Y="4898" Z="0"/><Vertex X="8536" Y="4898" Z="0"/><Vertex X="8536" Y="4869" Z="0"/><Vertex X="8507" Y="4869" Z="0"/><Vertex X="8450" Y="4812" Z="0"/><Vertex X="8392" Y="4812" Z="0"/><Vertex X="8392" Y="4755" Z="0"/><Vertex X="8364" Y="4755" Z="0"/><Vertex X="8307" Y="4755" Z="0"/><Vertex X="8307" Y="4726" Z="0"/><Vertex X="8249" Y="4726" Z="0"/><Vertex X="8221" Y="4726" Z="0"/><Vertex X="8221" Y="4669" Z="0"/><Vertex X="8163" Y="4669" Z="0"/><Vertex X="8077" Y="4669" Z="0"/><Vertex X="8077" Y="4640" Z="0"/><Vertex X="8020" Y="4640" Z="0"/><Vertex X="7934" Y="4640" Z="0"/><Vertex X="7934" Y="4583" Z="0"/><Vertex X="7848" Y="4583" Z="0"/><Vertex X="7820" Y="4583" Z="0"/><Vertex X="7762" Y="4583" Z="0"/><Vertex X="7705" Y="4525" Z="0"/><Vertex X="7676" Y="4525" Z="0"/><Vertex X="7590" Y="4525" Z="0"/><Vertex X="7533" Y="4468" Z="0"/><Vertex X="7419" Y="4468" Z="0"/><Vertex X="7333" Y="4468" Z="0"/><Vertex X="7275" Y="4439" Z="0"/><Vertex X="7189" Y="4439" Z="0"/><Vertex X="7132" Y="4439" Z="0"/><Vertex X="7103" Y="4439" Z="0"/><Vertex X="7103" Y="4382" Z="0"/><Vertex X="7046" Y="4382" Z="0"/><Vertex X="7018" Y="4382" Z="0"/><Vertex X="6960" Y="4382" Z="0"/><Vertex X="6903" Y="4325" Z="0"/><Vertex X="6874" Y="4325" Z="0"/><Vertex X="6817" Y="4268" Z="0"/><Vertex X="6731" Y="4268" Z="0"/><Vertex X="6731" Y="4239" Z="0"/><Vertex X="6674" Y="4239" Z="0"/><Vertex X="6617" Y="4182" Z="0"/><Vertex X="6559" Y="4182" Z="0"/><Vertex X="6473" Y="4124" Z="0"/><Vertex X="6416" Y="4124" Z="0"/><Vertex X="6416" Y="4096" Z="0"/><Vertex X="6359" Y="4096" Z="0"/><Vertex X="6359" Y="4038" Z="0"/><Vertex X="6301" Y="4038" Z="0"/><Vertex X="6301" Y="3981" Z="0"/><Vertex X="6273" Y="3981" Z="0"/><Vertex X="6216" Y="3953" Z="0"/><Vertex X="6130" Y="3895" Z="0"/><Vertex X="6044" Y="3838" Z="0"/><Vertex X="6015" Y="3838" Z="0"/><Vertex X="5958" Y="3752" Z="0"/><Vertex X="5900" Y="3752" Z="0"/><Vertex X="5872" Y="3695" Z="0"/><Vertex X="5757" Y="3637" Z="0"/><Vertex X="5700" Y="3637" Z="0"/><Vertex X="5643" Y="3609" Z="0"/><Vertex X="5614" Y="3609" Z="0"/><Vertex X="5557" Y="3609" Z="0"/><Vertex X="5471" Y="3552" Z="0"/><Vertex X="5442" Y="3552" Z="0"/><Vertex X="5385" Y="3494" Z="0"/><Vertex X="5328" Y="3494" Z="0"/><Vertex X="5299" Y="3466" Z="0"/><Vertex X="5242" Y="3408" Z="0"/><Vertex X="5184" Y="3408" Z="0"/><Vertex X="5184" Y="3351" Z="0"/><Vertex X="5156" Y="3351" Z="0"/><Vertex X="5156" Y="3322" Z="0"/><Vertex X="5098" Y="3322" Z="0"/><Vertex X="5098" Y="3265" Z="0"/><Vertex X="5070" Y="3265" Z="0"/><Vertex X="5012" Y="3208" Z="0"/><Vertex X="4955" Y="3208" Z="0"/><Vertex X="4955" Y="3179" Z="0"/><Vertex X="4927" Y="3179" Z="0"/><Vertex X="4869" Y="3122" Z="0"/><Vertex X="4812" Y="3122" Z="0"/><Vertex X="4812" Y="3065" Z="0"/><Vertex X="4783" Y="3065" Z="0"/><Vertex X="4783" Y="3036" Z="0"/><Vertex X="4726" Y="3036" Z="0"/><Vertex X="4669" Y="3036" Z="0"/><Vertex X="4640" Y="3036" Z="0"/><Vertex X="4583" Y="3036" Z="0"/><Vertex X="4526" Y="3036" Z="0"/><Vertex X="4468" Y="3036" Z="0"/><Vertex X="4354" Y="3036" Z="0"/><Vertex X="4325" Y="3036" Z="0"/><Vertex X="4239" Y="3036" Z="0"/><Vertex X="4182" Y="3036" Z="0"/><Vertex X="4153" Y="3036" Z="0"/><Vertex X="4153" Y="2979" Z="0"/><Vertex X="4096" Y="2979" Z="0"/><Vertex X="4067" Y="2979" Z="0"/><Vertex X="4067" Y="2921" Z="0"/><Vertex X="3981" Y="2921" Z="0"/><Vertex X="3924" Y="2921" Z="0"/><Vertex X="3895" Y="2893" Z="0"/><Vertex X="3809" Y="2835" Z="0"/><Vertex X="3752" Y="2835" Z="0"/><Vertex X="3723" Y="2778" Z="0"/><Vertex X="3666" Y="2778" Z="0"/><Vertex X="3609" Y="2778" Z="0"/><Vertex X="3580" Y="2778" Z="0"/><Vertex X="3523" Y="2778" Z="0"/><Vertex X="3494" Y="2778" Z="0"/><Vertex X="3437" Y="2778" Z="0"/><Vertex X="3466" Y="2807" Z="0"/><Vertex X="3437" Y="2807" Z="0"/></Vertices></Region><Region Id="2" Type="0" Zoom="0.034911" Selected="0" ImageLocation="" ImageFocus="-1" Length="42332.0" Area="33407886.5" LengthMicrons="20886.6" AreaMicrons="8132935.1" Text="" NegativeROA="0" InputRegionId="0" Analyze="1" DisplayId="2"><Attributes></Attributes><Vertices><Vertex X="10569" Y="17157" Z="0"/><Vertex X="10598" Y="17157" Z="0"/><Vertex X="10655" Y="17157" Z="0"/><Vertex X="10713" Y="17157" Z="0"/><Vertex X="10713" Y="17215" Z="0"/><Vertex X="10741" Y="17215" Z="0"/><Vertex X="10799" Y="17215" Z="0"/><Vertex X="10799" Y="17243" Z="0"/><Vertex X="10827" Y="17243" Z="0"/><Vertex X="10885" Y="17243" Z="0"/><Vertex X="10942" Y="17301" Z="0"/><Vertex X="10970" Y="17301" Z="0"/><Vertex X="11028" Y="17358" Z="0"/><Vertex X="11085" Y="17358" Z="0"/><Vertex X="11142" Y="17358" Z="0"/><Vertex X="11142" Y="17387" Z="0"/><Vertex X="11200" Y="17387" Z="0"/><Vertex X="11257" Y="17387" Z="0"/><Vertex X="11286" Y="17387" Z="0"/><Vertex X="11343" Y="17387" Z="0"/><Vertex X="11343" Y="17444" Z="0"/><Vertex X="11371" Y="17444" Z="0"/><Vertex X="11429" Y="17444" Z="0"/><Vertex X="11429" Y="17501" Z="0"/><Vertex X="11486" Y="17501" Z="0"/><Vertex X="11515" Y="17501" Z="0"/><Vertex X="11572" Y="17530" Z="0"/><Vertex X="11629" Y="17530" Z="0"/><Vertex X="11658" Y="17530" Z="0"/><Vertex X="11715" Y="17587" Z="0"/><Vertex X="11744" Y="17587" Z="0"/><Vertex X="11801" Y="17587" Z="0"/><Vertex X="11858" Y="17587" Z="0"/><Vertex X="11887" Y="17644" Z="0"/><Vertex X="11944" Y="17644" Z="0"/><Vertex X="11944" Y="17673" Z="0"/><Vertex X="12002" Y="17673" Z="0"/><Vertex X="12030" Y="17673" Z="0"/><Vertex X="12030" Y="17730" Z="0"/><Vertex X="12116" Y="17730" Z="0"/><Vertex X="12202" Y="17730" Z="0"/><Vertex X="12259" Y="17788" Z="0"/><Vertex X="12345" Y="17788" Z="0"/><Vertex X="12431" Y="17845" Z="0"/><Vertex X="12489" Y="17845" Z="0"/><Vertex X="12546" Y="17902" Z="0"/><Vertex X="12603" Y="17902" Z="0"/><Vertex X="12718" Y="17902" Z="0"/><Vertex X="12775" Y="17931" Z="0"/><Vertex X="12861" Y="17931" Z="0"/><Vertex X="12947" Y="17988" Z="0"/><Vertex X="13033" Y="17988" Z="0"/><Vertex X="13090" Y="17988" Z="0"/><Vertex X="13147" Y="17988" Z="0"/><Vertex X="13205" Y="17988" Z="0"/><Vertex X="13291" Y="17988" Z="0"/><Vertex X="13377" Y="17988" Z="0"/><Vertex X="13434" Y="17988" Z="0"/><Vertex X="13520" Y="17988" Z="0"/><Vertex X="13606" Y="17988" Z="0"/><Vertex X="13692" Y="17988" Z="0"/><Vertex X="13749" Y="17988" Z="0"/><Vertex X="13806" Y="17988" Z="0"/><Vertex X="13835" Y="17988" Z="0"/><Vertex X="13921" Y="17988" Z="0"/><Vertex X="13978" Y="17988" Z="0"/><Vertex X="14007" Y="17988" Z="0"/><Vertex X="14093" Y="18045" Z="0"/><Vertex X="14150" Y="18045" Z="0"/><Vertex X="14179" Y="18103" Z="0"/><Vertex X="14236" Y="18103" Z="0"/><Vertex X="14236" Y="18160" Z="0"/><Vertex X="14293" Y="18160" Z="0"/><Vertex X="14322" Y="18160" Z="0"/><Vertex X="14322" Y="18189" Z="0"/><Vertex X="14408" Y="18189" Z="0"/><Vertex X="14436" Y="18189" Z="0"/><Vertex X="14436" Y="18246" Z="0"/><Vertex X="14494" Y="18246" Z="0"/><Vertex X="14551" Y="18246" Z="0"/><Vertex X="14580" Y="18303" Z="0"/><Vertex X="14637" Y="18303" Z="0"/><Vertex X="14637" Y="18332" Z="0"/><Vertex X="14694" Y="18332" Z="0"/><Vertex X="14723" Y="18389" Z="0"/><Vertex X="14780" Y="18389" Z="0"/><Vertex X="14780" Y="18418" Z="0"/><Vertex X="14837" Y="18418" Z="0"/><Vertex X="14866" Y="18475" Z="0"/><Vertex X="14866" Y="18532" Z="0"/><Vertex X="14952" Y="18532" Z="0"/><Vertex X="15038" Y="18590" Z="0"/><Vertex X="15152" Y="18590" Z="0"/><Vertex X="15152" Y="18618" Z="0"/><Vertex X="15210" Y="18618" Z="0"/><Vertex X="15238" Y="18618" Z="0"/><Vertex X="15296" Y="18676" Z="0"/><Vertex X="15353" Y="18676" Z="0"/><Vertex X="15382" Y="18676" Z="0"/><Vertex X="15439" Y="18676" Z="0"/><Vertex X="15439" Y="18733" Z="0"/><Vertex X="15468" Y="18733" Z="0"/><Vertex X="15525" Y="18733" Z="0"/><Vertex X="15611" Y="18733" Z="0"/><Vertex X="15639" Y="18733" Z="0"/><Vertex X="15697" Y="18733" Z="0"/><Vertex X="15725" Y="18733" Z="0"/><Vertex X="15811" Y="18733" Z="0"/><Vertex X="15869" Y="18733" Z="0"/><Vertex X="15897" Y="18733" Z="0"/><Vertex X="15955" Y="18733" Z="0"/><Vertex X="16012" Y="18733" Z="0"/><Vertex X="16040" Y="18733" Z="0"/><Vertex X="16098" Y="18733" Z="0"/><Vertex X="16126" Y="18733" Z="0"/><Vertex X="16184" Y="18733" Z="0"/><Vertex X="16241" Y="18733" Z="0"/><Vertex X="16270" Y="18733" Z="0"/><Vertex X="16327" Y="18733" Z="0"/><Vertex X="16356" Y="18733" Z="0"/><Vertex X="16413" Y="18733" Z="0"/><Vertex X="16470" Y="18733" Z="0"/><Vertex X="16499" Y="18733" Z="0"/><Vertex X="16585" Y="18733" Z="0"/><Vertex X="16671" Y="18733" Z="0"/><Vertex X="16728" Y="18733" Z="0"/><Vertex X="16814" Y="18704" Z="0"/><Vertex X="16871" Y="18704" Z="0"/><Vertex X="16900" Y="18704" Z="0"/><Vertex X="16957" Y="18704" Z="0"/><Vertex X="17014" Y="18704" Z="0"/><Vertex X="17043" Y="18704" Z="0"/><Vertex X="17100" Y="18704" Z="0"/><Vertex X="17129" Y="18704" Z="0"/><Vertex X="17186" Y="18704" Z="0"/><Vertex X="17244" Y="18704" Z="0"/><Vertex X="17272" Y="18704" Z="0"/><Vertex X="17358" Y="18704" Z="0"/><Vertex X="17358" Y="18733" Z="0"/><Vertex X="17387" Y="18733" Z="0"/><Vertex X="17444" Y="18733" Z="0"/><Vertex X="17501" Y="18733" Z="0"/><Vertex X="17530" Y="18733" Z="0"/><Vertex X="17587" Y="18733" Z="0"/><Vertex X="17616" Y="18733" Z="0"/><Vertex X="17673" Y="18733" Z="0"/><Vertex X="17730" Y="18733" Z="0"/><Vertex X="17759" Y="18733" Z="0"/><Vertex X="17845" Y="18733" Z="0"/><Vertex X="17845" Y="18676" Z="0"/><Vertex X="17874" Y="18676" Z="0"/><Vertex X="17931" Y="18676" Z="0"/><Vertex X="17988" Y="18676" Z="0"/><Vertex X="17988" Y="18647" Z="0"/><Vertex X="18017" Y="18647" Z="0"/><Vertex X="18017" Y="18590" Z="0"/><Vertex X="18074" Y="18590" Z="0"/><Vertex X="18074" Y="18532" Z="0"/><Vertex X="18103" Y="18532" Z="0"/><Vertex X="18160" Y="18475" Z="0"/><Vertex X="18160" Y="18418" Z="0"/><Vertex X="18217" Y="18418" Z="0"/><Vertex X="18217" Y="18389" Z="0"/><Vertex X="18275" Y="18332" Z="0"/><Vertex X="18275" Y="18275" Z="0"/><Vertex X="18275" Y="18246" Z="0"/><Vertex X="18275" Y="18189" Z="0"/><Vertex X="18275" Y="18131" Z="0"/><Vertex X="18275" Y="18103" Z="0"/><Vertex X="18275" Y="18045" Z="0"/><Vertex X="18275" Y="18017" Z="0"/><Vertex X="18275" Y="17960" Z="0"/><Vertex X="18275" Y="17902" Z="0"/><Vertex X="18275" Y="17874" Z="0"/><Vertex X="18275" Y="17816" Z="0"/><Vertex X="18303" Y="17816" Z="0"/><Vertex X="18303" Y="17788" Z="0"/><Vertex X="18361" Y="17788" Z="0"/><Vertex X="18361" Y="17730" Z="0"/><Vertex X="18389" Y="17730" Z="0"/><Vertex X="18389" Y="17673" Z="0"/><Vertex X="18447" Y="17673" Z="0"/><Vertex X="18504" Y="17644" Z="0"/><Vertex X="18532" Y="17644" Z="0"/><Vertex X="18532" Y="17587" Z="0"/><Vertex X="18590" Y="17587" Z="0"/><Vertex X="18647" Y="17530" Z="0"/><Vertex X="18676" Y="17530" Z="0"/><Vertex X="18676" Y="17501" Z="0"/><Vertex X="18733" Y="17501" Z="0"/><Vertex X="18819" Y="17444" Z="0"/><Vertex X="18848" Y="17444" Z="0"/><Vertex X="18848" Y="17387" Z="0"/><Vertex X="18905" Y="17387" Z="0"/><Vertex X="18962" Y="17329" Z="0"/><Vertex X="18991" Y="17329" Z="0"/><Vertex X="18991" Y="17301" Z="0"/><Vertex X="19077" Y="17301" Z="0"/><Vertex X="19134" Y="17243" Z="0"/><Vertex X="19163" Y="17243" Z="0"/><Vertex X="19163" Y="17186" Z="0"/><Vertex X="19220" Y="17186" Z="0"/><Vertex X="19277" Y="17186" Z="0"/><Vertex X="19335" Y="17157" Z="0"/><Vertex X="19420" Y="17157" Z="0"/><Vertex X="19506" Y="17157" Z="0"/><Vertex X="19535" Y="17157" Z="0"/><Vertex X="19592" Y="17157" Z="0"/><Vertex X="19592" Y="17100" Z="0"/><Vertex X="19650" Y="17100" Z="0"/><Vertex X="19678" Y="17100" Z="0"/><Vertex X="19736" Y="17100" Z="0"/><Vertex X="19821" Y="17043" Z="0"/><Vertex X="19879" Y="17043" Z="0"/><Vertex X="19965" Y="17043" Z="0"/><Vertex X="19965" Y="17014" Z="0"/><Vertex X="20051" Y="17014" Z="0"/><Vertex X="20108" Y="17014" Z="0"/><Vertex X="20165" Y="16957" Z="0"/><Vertex X="20222" Y="16957" Z="0"/><Vertex X="20280" Y="16957" Z="0"/><Vertex X="20337" Y="16957" Z="0"/><Vertex X="20366" Y="16957" Z="0"/><Vertex X="20423" Y="16957" Z="0"/><Vertex X="20480" Y="16957" Z="0"/><Vertex X="20509" Y="16957" Z="0"/><Vertex X="20566" Y="16957" Z="0"/><Vertex X="20595" Y="16957" Z="0"/><Vertex X="20652" Y="16957" Z="0"/><Vertex X="20709" Y="16957" Z="0"/><Vertex X="20767" Y="16957" Z="0"/><Vertex X="20824" Y="16957" Z="0"/><Vertex X="20881" Y="16957" Z="0"/><Vertex X="20939" Y="16957" Z="0"/><Vertex X="21025" Y="16957" Z="0"/><Vertex X="21110" Y="16957" Z="0"/><Vertex X="21168" Y="16957" Z="0"/><Vertex X="21254" Y="16957" Z="0"/><Vertex X="21340" Y="16957" Z="0"/><Vertex X="21340" Y="16900" Z="0"/><Vertex X="21397" Y="16900" Z="0"/><Vertex X="21483" Y="16842" Z="0"/><Vertex X="21540" Y="16785" Z="0"/><Vertex X="21569" Y="16785" Z="0"/><Vertex X="21569" Y="16756" Z="0"/><Vertex X="21597" Y="16756" Z="0"/><Vertex X="21597" Y="16699" Z="0"/><Vertex X="21540" Y="16642" Z="0"/><Vertex X="21540" Y="16613" Z="0"/><Vertex X="21540" Y="16556" Z="0"/><Vertex X="21540" Y="16527" Z="0"/><Vertex X="21511" Y="16527" Z="0"/><Vertex X="21511" Y="16470" Z="0"/><Vertex X="21454" Y="16470" Z="0"/><Vertex X="21397" Y="16413" Z="0"/><Vertex X="21368" Y="16413" Z="0"/><Vertex X="21368" Y="16384" Z="0"/><Vertex X="21311" Y="16384" Z="0"/><Vertex X="21311" Y="16327" Z="0"/><Vertex X="21254" Y="16327" Z="0"/><Vertex X="21225" Y="16327" Z="0"/><Vertex X="21168" Y="16327" Z="0"/><Vertex X="21110" Y="16298" Z="0"/><Vertex X="21053" Y="16298" Z="0"/><Vertex X="20996" Y="16298" Z="0"/><Vertex X="20967" Y="16298" Z="0"/><Vertex X="20910" Y="16298" Z="0"/><Vertex X="20853" Y="16298" Z="0"/><Vertex X="20795" Y="16298" Z="0"/><Vertex X="20738" Y="16298" Z="0"/><Vertex X="20709" Y="16298" Z="0"/><Vertex X="20652" Y="16298" Z="0"/><Vertex X="20595" Y="16355" Z="0"/><Vertex X="20566" Y="16355" Z="0"/><Vertex X="20509" Y="16355" Z="0"/><Vertex X="20452" Y="16355" Z="0"/><Vertex X="20423" Y="16384" Z="0"/><Vertex X="20366" Y="16384" Z="0"/><Vertex X="20308" Y="16384" Z="0"/><Vertex X="20280" Y="16384" Z="0"/><Vertex X="20222" Y="16355" Z="0"/><Vertex X="20165" Y="16355" Z="0"/><Vertex X="20137" Y="16355" Z="0"/><Vertex X="20079" Y="16355" Z="0"/><Vertex X="20051" Y="16355" Z="0"/><Vertex X="19993" Y="16355" Z="0"/><Vertex X="19936" Y="16355" Z="0"/><Vertex X="19907" Y="16355" Z="0"/><Vertex X="19850" Y="16355" Z="0"/><Vertex X="19850" Y="16413" Z="0"/><Vertex X="19821" Y="16413" Z="0"/><Vertex X="19764" Y="16413" Z="0"/><Vertex X="19707" Y="16413" Z="0"/><Vertex X="19678" Y="16413" Z="0"/><Vertex X="19621" Y="16413" Z="0"/><Vertex X="19564" Y="16413" Z="0"/><Vertex X="19506" Y="16413" Z="0"/><Vertex X="19449" Y="16413" Z="0"/><Vertex X="19420" Y="16413" Z="0"/><Vertex X="19363" Y="16413" Z="0"/><Vertex X="19306" Y="16413" Z="0"/><Vertex X="19277" Y="16413" Z="0"/><Vertex X="19220" Y="16413" Z="0"/><Vertex X="19191" Y="16413" Z="0"/><Vertex X="19134" Y="16413" Z="0"/><Vertex X="19077" Y="16413" Z="0"/><Vertex X="19048" Y="16413" Z="0"/><Vertex X="19048" Y="16384" Z="0"/><Vertex X="18991" Y="16384" Z="0"/><Vertex X="18991" Y="16327" Z="0"/><Vertex X="18962" Y="16327" Z="0"/><Vertex X="18905" Y="16327" Z="0"/><Vertex X="18905" Y="16298" Z="0"/><Vertex X="18819" Y="16298" Z="0"/><Vertex X="18790" Y="16298" Z="0"/><Vertex X="18733" Y="16270" Z="0"/><Vertex X="18647" Y="16270" Z="0"/><Vertex X="18618" Y="16270" Z="0"/><Vertex X="18561" Y="16270" Z="0"/><Vertex X="18504" Y="16270" Z="0"/><Vertex X="18475" Y="16270" Z="0"/><Vertex X="18418" Y="16270" Z="0"/><Vertex X="18389" Y="16270" Z="0"/><Vertex X="18332" Y="16270" Z="0"/><Vertex X="18275" Y="16270" Z="0"/><Vertex X="18246" Y="16270" Z="0"/><Vertex X="18189" Y="16270" Z="0"/><Vertex X="18160" Y="16270" Z="0"/><Vertex X="18103" Y="16270" Z="0"/><Vertex X="18046" Y="16270" Z="0"/><Vertex X="17988" Y="16270" Z="0"/><Vertex X="17931" Y="16270" Z="0"/><Vertex X="17845" Y="16270" Z="0"/><Vertex X="17788" Y="16270" Z="0"/><Vertex X="17702" Y="16270" Z="0"/><Vertex X="17673" Y="16270" Z="0"/><Vertex X="17587" Y="16270" Z="0"/><Vertex X="17501" Y="16270" Z="0"/><Vertex X="17473" Y="16270" Z="0"/><Vertex X="17415" Y="16270" Z="0"/><Vertex X="17358" Y="16270" Z="0"/><Vertex X="17329" Y="16270" Z="0"/><Vertex X="17272" Y="16270" Z="0"/><Vertex X="17244" Y="16270" Z="0"/><Vertex X="17186" Y="16270" Z="0"/><Vertex X="17129" Y="16270" Z="0"/><Vertex X="17100" Y="16270" Z="0"/><Vertex X="17014" Y="16298" Z="0"/><Vertex X="16957" Y="16298" Z="0"/><Vertex X="16928" Y="16298" Z="0"/><Vertex X="16871" Y="16298" Z="0"/><Vertex X="16842" Y="16298" Z="0"/><Vertex X="16785" Y="16298" Z="0"/><Vertex X="16728" Y="16298" Z="0"/><Vertex X="16699" Y="16298" Z="0"/><Vertex X="16642" Y="16298" Z="0"/><Vertex X="16613" Y="16298" Z="0"/><Vertex X="16556" Y="16298" Z="0"/><Vertex X="16556" Y="16241" Z="0"/><Vertex X="16499" Y="16241" Z="0"/><Vertex X="16470" Y="16241" Z="0"/><Vertex X="16413" Y="16241" Z="0"/><Vertex X="16356" Y="16212" Z="0"/><Vertex X="16327" Y="16212" Z="0"/><Vertex X="16241" Y="16212" Z="0"/><Vertex X="16212" Y="16212" Z="0"/><Vertex X="16155" Y="16212" Z="0"/><Vertex X="16098" Y="16212" Z="0"/><Vertex X="16069" Y="16212" Z="0"/><Vertex X="16012" Y="16212" Z="0"/><Vertex X="15983" Y="16212" Z="0"/><Vertex X="15926" Y="16212" Z="0"/><Vertex X="15926" Y="16270" Z="0"/><Vertex X="15869" Y="16270" Z="0"/><Vertex X="15840" Y="16270" Z="0"/><Vertex X="15783" Y="16270" Z="0"/><Vertex X="15783" Y="16327" Z="0"/><Vertex X="15754" Y="16327" Z="0"/><Vertex X="15697" Y="16327" Z="0"/><Vertex X="15639" Y="16327" Z="0"/><Vertex X="15639" Y="16355" Z="0"/><Vertex X="15611" Y="16355" Z="0"/><Vertex X="15554" Y="16355" Z="0"/><Vertex X="15496" Y="16384" Z="0"/><Vertex X="15468" Y="16384" Z="0"/><Vertex X="15410" Y="16384" Z="0"/><Vertex X="15382" Y="16384" Z="0"/><Vertex X="15324" Y="16384" Z="0"/><Vertex X="15267" Y="16384" Z="0"/><Vertex X="15238" Y="16384" Z="0"/><Vertex X="15181" Y="16384" Z="0"/><Vertex X="15124" Y="16327" Z="0"/><Vertex X="15095" Y="16327" Z="0"/><Vertex X="15038" Y="16327" Z="0"/><Vertex X="15009" Y="16327" Z="0"/><Vertex X="14952" Y="16327" Z="0"/><Vertex X="14866" Y="16270" Z="0"/><Vertex X="14837" Y="16270" Z="0"/><Vertex X="14837" Y="16241" Z="0"/><Vertex X="14780" Y="16241" Z="0"/><Vertex X="14723" Y="16184" Z="0"/><Vertex X="14694" Y="16184" Z="0"/><Vertex X="14637" Y="16184" Z="0"/><Vertex X="14551" Y="16184" Z="0"/><Vertex X="14551" Y="16126" Z="0"/><Vertex X="14522" Y="16126" Z="0"/><Vertex X="14465" Y="16126" Z="0"/><Vertex X="14465" Y="16098" Z="0"/><Vertex X="14436" Y="16098" Z="0"/><Vertex X="14379" Y="16098" Z="0"/><Vertex X="14322" Y="16098" Z="0"/><Vertex X="14293" Y="16098" Z="0"/><Vertex X="14236" Y="16098" Z="0"/><Vertex X="14236" Y="16040" Z="0"/><Vertex X="14207" Y="16040" Z="0"/><Vertex X="14207" Y="16012" Z="0"/><Vertex X="14150" Y="16012" Z="0"/><Vertex X="14150" Y="15954" Z="0"/><Vertex X="14093" Y="15954" Z="0"/><Vertex X="14064" Y="15954" Z="0"/><Vertex X="14064" Y="15897" Z="0"/><Vertex X="14007" Y="15897" Z="0"/><Vertex X="13978" Y="15897" Z="0"/><Vertex X="13921" Y="15868" Z="0"/><Vertex X="13864" Y="15868" Z="0"/><Vertex X="13835" Y="15868" Z="0"/><Vertex X="13835" Y="15811" Z="0"/><Vertex X="13778" Y="15811" Z="0"/><Vertex X="13720" Y="15811" Z="0"/><Vertex X="13692" Y="15811" Z="0"/><Vertex X="13692" Y="15754" Z="0"/><Vertex X="13634" Y="15754" Z="0"/><Vertex X="13606" Y="15754" Z="0"/><Vertex X="13548" Y="15754" Z="0"/><Vertex X="13548" Y="15725" Z="0"/><Vertex X="13491" Y="15725" Z="0"/><Vertex X="13462" Y="15725" Z="0"/><Vertex X="13405" Y="15725" Z="0"/><Vertex X="13405" Y="15668" Z="0"/><Vertex X="13377" Y="15668" Z="0"/><Vertex X="13291" Y="15668" Z="0"/><Vertex X="13233" Y="15668" Z="0"/><Vertex X="13233" Y="15639" Z="0"/><Vertex X="13176" Y="15639" Z="0"/><Vertex X="13119" Y="15639" Z="0"/><Vertex X="13119" Y="15582" Z="0"/><Vertex X="13061" Y="15582" Z="0"/><Vertex X="13004" Y="15582" Z="0"/><Vertex X="13004" Y="15525" Z="0"/><Vertex X="12947" Y="15525" Z="0"/><Vertex X="12918" Y="15525" Z="0"/><Vertex X="12918" Y="15496" Z="0"/><Vertex X="12861" Y="15496" Z="0"/><Vertex X="12804" Y="15496" Z="0"/><Vertex X="12804" Y="15439" Z="0"/><Vertex X="12746" Y="15439" Z="0"/><Vertex X="12689" Y="15439" Z="0"/><Vertex X="12689" Y="15410" Z="0"/><Vertex X="12632" Y="15410" Z="0"/><Vertex X="12603" Y="15410" Z="0"/><Vertex X="12517" Y="15410" Z="0"/><Vertex X="12489" Y="15410" Z="0"/><Vertex X="12431" Y="15410" Z="0"/><Vertex X="12431" Y="15353" Z="0"/><Vertex X="12374" Y="15353" Z="0"/><Vertex X="12345" Y="15353" Z="0"/><Vertex X="12345" Y="15296" Z="0"/><Vertex X="12288" Y="15296" Z="0"/><Vertex X="12231" Y="15267" Z="0"/><Vertex X="12202" Y="15267" Z="0"/><Vertex X="12145" Y="15210" Z="0"/><Vertex X="12088" Y="15210" Z="0"/><Vertex X="12059" Y="15210" Z="0"/><Vertex X="12059" Y="15152" Z="0"/><Vertex X="12002" Y="15152" Z="0"/><Vertex X="11973" Y="15152" Z="0"/><Vertex X="11916" Y="15152" Z="0"/><Vertex X="11916" Y="15124" Z="0"/><Vertex X="11858" Y="15124" Z="0"/><Vertex X="11830" Y="15124" Z="0"/><Vertex X="11830" Y="15066" Z="0"/><Vertex X="11772" Y="15066" Z="0"/><Vertex X="11715" Y="15009" Z="0"/><Vertex X="11687" Y="14952" Z="0"/><Vertex X="11629" Y="14952" Z="0"/><Vertex X="11629" Y="14923" Z="0"/><Vertex X="11601" Y="14923" Z="0"/><Vertex X="11543" Y="14923" Z="0"/><Vertex X="11543" Y="14866" Z="0"/><Vertex X="11486" Y="14866" Z="0"/><Vertex X="11457" Y="14866" Z="0"/><Vertex X="11400" Y="14809" Z="0"/><Vertex X="11343" Y="14809" Z="0"/><Vertex X="11314" Y="14780" Z="0"/><Vertex X="11257" Y="14780" Z="0"/><Vertex X="11200" Y="14780" Z="0"/><Vertex X="11200" Y="14723" Z="0"/><Vertex X="11171" Y="14723" Z="0"/><Vertex X="11114" Y="14723" Z="0"/><Vertex X="11056" Y="14665" Z="0"/><Vertex X="11028" Y="14665" Z="0"/><Vertex X="10942" Y="14665" Z="0"/><Vertex X="10913" Y="14665" Z="0"/><Vertex X="10856" Y="14665" Z="0"/><Vertex X="10799" Y="14665" Z="0"/><Vertex X="10770" Y="14637" Z="0"/><Vertex X="10713" Y="14637" Z="0"/><Vertex X="10655" Y="14637" Z="0"/><Vertex X="10627" Y="14637" Z="0"/><Vertex X="10569" Y="14637" Z="0"/><Vertex X="10541" Y="14637" Z="0"/><Vertex X="10484" Y="14637" Z="0"/><Vertex X="10426" Y="14637" Z="0"/><Vertex X="10398" Y="14637" Z="0"/><Vertex X="10340" Y="14637" Z="0"/><Vertex X="10312" Y="14637" Z="0"/><Vertex X="10254" Y="14637" Z="0"/><Vertex X="10197" Y="14637" Z="0"/><Vertex X="10168" Y="14637" Z="0"/><Vertex X="10111" Y="14637" Z="0"/><Vertex X="10082" Y="14637" Z="0"/><Vertex X="10025" Y="14637" Z="0"/><Vertex X="10025" Y="14580" Z="0"/><Vertex X="9968" Y="14580" Z="0"/><Vertex X="9939" Y="14580" Z="0"/><Vertex X="9939" Y="14522" Z="0"/><Vertex X="9882" Y="14522" Z="0"/><Vertex X="9796" Y="14522" Z="0"/><Vertex X="9796" Y="14494" Z="0"/><Vertex X="9767" Y="14494" Z="0"/><Vertex X="9710" Y="14494" Z="0"/><Vertex X="9653" Y="14436" Z="0"/><Vertex X="9624" Y="14436" Z="0"/><Vertex X="9567" Y="14379" Z="0"/><Vertex X="9538" Y="14379" Z="0"/><Vertex X="9538" Y="14350" Z="0"/><Vertex X="9481" Y="14350" Z="0"/><Vertex X="9424" Y="14293" Z="0"/><Vertex X="9395" Y="14293" Z="0"/><Vertex X="9338" Y="14293" Z="0"/><Vertex X="9338" Y="14236" Z="0"/><Vertex X="9280" Y="14236" Z="0"/><Vertex X="9252" Y="14236" Z="0"/><Vertex X="9252" Y="14207" Z="0"/><Vertex X="9195" Y="14207" Z="0"/><Vertex X="9166" Y="14207" Z="0"/><Vertex X="9166" Y="14150" Z="0"/><Vertex X="9109" Y="14150" Z="0"/><Vertex X="9051" Y="14150" Z="0"/><Vertex X="9023" Y="14150" Z="0"/><Vertex X="9023" Y="14093" Z="0"/><Vertex X="8965" Y="14093" Z="0"/><Vertex X="8908" Y="14064" Z="0"/><Vertex X="8879" Y="14064" Z="0"/><Vertex X="8879" Y="14007" Z="0"/><Vertex X="8822" Y="14007" Z="0"/><Vertex X="8765" Y="13949" Z="0"/><Vertex X="8736" Y="13949" Z="0"/><Vertex X="8736" Y="13921" Z="0"/><Vertex X="8679" Y="13921" Z="0"/><Vertex X="8593" Y="13921" Z="0"/><Vertex X="8536" Y="13921" Z="0"/><Vertex X="8450" Y="13863" Z="0"/><Vertex X="8392" Y="13863" Z="0"/><Vertex X="8364" Y="13863" Z="0"/><Vertex X="8307" Y="13863" Z="0"/><Vertex X="8307" Y="13806" Z="0"/><Vertex X="8278" Y="13806" Z="0"/><Vertex X="8192" Y="13806" Z="0"/><Vertex X="8192" Y="13777" Z="0"/><Vertex X="8135" Y="13777" Z="0"/><Vertex X="8106" Y="13777" Z="0"/><Vertex X="8049" Y="13777" Z="0"/><Vertex X="8020" Y="13777" Z="0"/><Vertex X="7963" Y="13777" Z="0"/><Vertex X="7877" Y="13777" Z="0"/><Vertex X="7820" Y="13777" Z="0"/><Vertex X="7762" Y="13777" Z="0"/><Vertex X="7705" Y="13777" Z="0"/><Vertex X="7676" Y="13720" Z="0"/><Vertex X="7619" Y="13720" Z="0"/><Vertex X="7562" Y="13720" Z="0"/><Vertex X="7562" Y="13663" Z="0"/><Vertex X="7533" Y="13663" Z="0"/><Vertex X="7476" Y="13663" Z="0"/><Vertex X="7476" Y="13634" Z="0"/><Vertex X="7447" Y="13634" Z="0"/><Vertex X="7390" Y="13634" Z="0"/><Vertex X="7390" Y="13577" Z="0"/><Vertex X="7333" Y="13577" Z="0"/><Vertex X="7304" Y="13577" Z="0"/><Vertex X="7218" Y="13577" Z="0"/><Vertex X="7132" Y="13577" Z="0"/><Vertex X="7132" Y="13520" Z="0"/><Vertex X="7075" Y="13520" Z="0"/><Vertex X="6989" Y="13520" Z="0"/><Vertex X="6989" Y="13491" Z="0"/><Vertex X="6903" Y="13491" Z="0"/><Vertex X="6846" Y="13434" Z="0"/><Vertex X="6760" Y="13434" Z="0"/><Vertex X="6760" Y="13376" Z="0"/><Vertex X="6702" Y="13376" Z="0"/><Vertex X="6674" Y="13348" Z="0"/><Vertex X="6617" Y="13291" Z="0"/><Vertex X="6559" Y="13291" Z="0"/><Vertex X="6559" Y="13233" Z="0"/><Vertex X="6531" Y="13233" Z="0"/><Vertex X="6473" Y="13233" Z="0"/><Vertex X="6416" Y="13233" Z="0"/><Vertex X="6387" Y="13233" Z="0"/><Vertex X="6330" Y="13176" Z="0"/><Vertex X="6273" Y="13176" Z="0"/><Vertex X="6244" Y="13176" Z="0"/><Vertex X="6187" Y="13176" Z="0"/><Vertex X="6130" Y="13147" Z="0"/><Vertex X="6101" Y="13147" Z="0"/><Vertex X="6015" Y="13147" Z="0"/><Vertex X="5958" Y="13119" Z="0"/><Vertex X="5929" Y="13119" Z="0"/><Vertex X="5872" Y="13119" Z="0"/><Vertex X="5843" Y="13119" Z="0"/><Vertex X="5786" Y="13119" Z="0"/><Vertex X="5729" Y="13119" Z="0"/><Vertex X="5700" Y="13119" Z="0"/><Vertex X="5671" Y="13119" Z="0"/><Vertex X="5643" Y="13176" Z="0"/><Vertex X="5585" Y="13176" Z="0"/><Vertex X="5499" Y="13176" Z="0"/><Vertex X="5471" Y="13176" Z="0"/><Vertex X="5413" Y="13233" Z="0"/><Vertex X="5356" Y="13233" Z="0"/><Vertex X="5356" Y="13262" Z="0"/><Vertex X="5328" Y="13262" Z="0"/><Vertex X="5328" Y="13319" Z="0"/><Vertex X="5270" Y="13319" Z="0"/><Vertex X="5270" Y="13348" Z="0"/><Vertex X="5242" Y="13348" Z="0"/><Vertex X="5184" Y="13348" Z="0"/><Vertex X="5184" Y="13405" Z="0"/><Vertex X="5127" Y="13405" Z="0"/><Vertex X="5098" Y="13462" Z="0"/><Vertex X="5041" Y="13462" Z="0"/><Vertex X="5041" Y="13491" Z="0"/><Vertex X="5012" Y="13491" Z="0"/><Vertex X="5012" Y="13548" Z="0"/><Vertex X="5012" Y="13606" Z="0"/><Vertex X="4955" Y="13606" Z="0"/><Vertex X="4955" Y="13634" Z="0"/><Vertex X="4955" Y="13720" Z="0"/><Vertex X="4955" Y="13749" Z="0"/><Vertex X="4955" Y="13806" Z="0"/><Vertex X="4955" Y="13863" Z="0"/><Vertex X="4955" Y="13892" Z="0"/><Vertex X="4955" Y="13949" Z="0"/><Vertex X="4955" Y="13978" Z="0"/><Vertex X="4955" Y="14064" Z="0"/><Vertex X="4984" Y="14064" Z="0"/><Vertex X="4984" Y="14121" Z="0"/><Vertex X="4984" Y="14150" Z="0"/><Vertex X="4984" Y="14207" Z="0"/><Vertex X="5012" Y="14207" Z="0"/><Vertex X="5012" Y="14264" Z="0"/><Vertex X="5070" Y="14293" Z="0"/><Vertex X="5070" Y="14350" Z="0"/><Vertex X="5098" Y="14350" Z="0"/><Vertex X="5098" Y="14408" Z="0"/><Vertex X="5156" Y="14408" Z="0"/><Vertex X="5213" Y="14408" Z="0"/><Vertex X="5213" Y="14436" Z="0"/><Vertex X="5242" Y="14436" Z="0"/><Vertex X="5242" Y="14494" Z="0"/><Vertex X="5299" Y="14494" Z="0"/><Vertex X="5299" Y="14522" Z="0"/><Vertex X="5299" Y="14580" Z="0"/><Vertex X="5299" Y="14637" Z="0"/><Vertex X="5299" Y="14665" Z="0"/><Vertex X="5356" Y="14723" Z="0"/><Vertex X="5356" Y="14780" Z="0"/><Vertex X="5385" Y="14809" Z="0"/><Vertex X="5442" Y="14866" Z="0"/><Vertex X="5499" Y="14866" Z="0"/><Vertex X="5499" Y="14923" Z="0"/><Vertex X="5528" Y="14923" Z="0"/><Vertex X="5585" Y="14952" Z="0"/><Vertex X="5643" Y="14952" Z="0"/><Vertex X="5643" Y="15038" Z="0"/><Vertex X="5700" Y="15095" Z="0"/><Vertex X="5700" Y="15152" Z="0"/><Vertex X="5729" Y="15152" Z="0"/><Vertex X="5729" Y="15181" Z="0"/><Vertex X="5786" Y="15181" Z="0"/><Vertex X="5786" Y="15238" Z="0"/><Vertex X="5815" Y="15238" Z="0"/><Vertex X="5815" Y="15267" Z="0"/><Vertex X="5872" Y="15267" Z="0"/><Vertex X="5872" Y="15324" Z="0"/><Vertex X="5929" Y="15324" Z="0"/><Vertex X="5929" Y="15382" Z="0"/><Vertex X="5958" Y="15382" Z="0"/><Vertex X="5958" Y="15410" Z="0"/><Vertex X="6015" Y="15410" Z="0"/><Vertex X="6015" Y="15467" Z="0"/><Vertex X="6072" Y="15496" Z="0"/><Vertex X="6072" Y="15553" Z="0"/><Vertex X="6130" Y="15553" Z="0"/><Vertex X="6130" Y="15611" Z="0"/><Vertex X="6216" Y="15611" Z="0"/><Vertex X="6301" Y="15611" Z="0"/><Vertex X="6301" Y="15639" Z="0"/><Vertex X="6359" Y="15639" Z="0"/><Vertex X="6445" Y="15639" Z="0"/><Vertex X="6502" Y="15639" Z="0"/><Vertex X="6559" Y="15697" Z="0"/><Vertex X="6645" Y="15697" Z="0"/><Vertex X="6645" Y="15754" Z="0"/><Vertex X="6760" Y="15754" Z="0"/><Vertex X="6788" Y="15754" Z="0"/><Vertex X="6846" Y="15811" Z="0"/><Vertex X="6903" Y="15811" Z="0"/><Vertex X="6932" Y="15811" Z="0"/><Vertex X="6989" Y="15811" Z="0"/><Vertex X="7046" Y="15840" Z="0"/><Vertex X="7075" Y="15840" Z="0"/><Vertex X="7161" Y="15840" Z="0"/><Vertex X="7247" Y="15897" Z="0"/><Vertex X="7304" Y="15897" Z="0"/><Vertex X="7361" Y="15897" Z="0"/><Vertex X="7361" Y="15954" Z="0"/><Vertex X="7419" Y="15954" Z="0"/><Vertex X="7419" Y="15983" Z="0"/><Vertex X="7447" Y="15983" Z="0"/><Vertex X="7505" Y="16040" Z="0"/><Vertex X="7590" Y="16040" Z="0"/><Vertex X="7648" Y="16040" Z="0"/><Vertex X="7705" Y="16098" Z="0"/><Vertex X="7762" Y="16098" Z="0"/><Vertex X="7791" Y="16098" Z="0"/><Vertex X="7848" Y="16155" Z="0"/><Vertex X="7934" Y="16155" Z="0"/><Vertex X="7963" Y="16155" Z="0"/><Vertex X="8049" Y="16155" Z="0"/><Vertex X="8049" Y="16184" Z="0"/><Vertex X="8163" Y="16184" Z="0"/><Vertex X="8221" Y="16184" Z="0"/><Vertex X="8307" Y="16184" Z="0"/><Vertex X="8364" Y="16184" Z="0"/><Vertex X="8392" Y="16184" Z="0"/><Vertex X="8450" Y="16184" Z="0"/><Vertex X="8507" Y="16241" Z="0"/><Vertex X="8536" Y="16241" Z="0"/><Vertex X="8536" Y="16298" Z="0"/><Vertex X="8593" Y="16298" Z="0"/><Vertex X="8650" Y="16298" Z="0"/><Vertex X="8679" Y="16298" Z="0"/><Vertex X="8679" Y="16327" Z="0"/><Vertex X="8736" Y="16327" Z="0"/><Vertex X="8765" Y="16327" Z="0"/><Vertex X="8822" Y="16384" Z="0"/><Vertex X="8879" Y="16384" Z="0"/><Vertex X="8908" Y="16441" Z="0"/><Vertex X="8965" Y="16441" Z="0"/><Vertex X="8965" Y="16470" Z="0"/><Vertex X="9051" Y="16470" Z="0"/><Vertex X="9109" Y="16470" Z="0"/><Vertex X="10254" Y="16957" Z="0"/><Vertex X="10283" Y="16986" Z="0"/><Vertex X="10283" Y="17014" Z="0"/><Vertex X="10340" Y="17014" Z="0"/><Vertex X="10340" Y="17072" Z="0"/><Vertex X="10369" Y="17072" Z="0"/><Vertex X="10426" Y="17072" Z="0"/><Vertex X="10426" Y="17100" Z="0"/><Vertex X="10455" Y="17100" Z="0"/><Vertex X="10512" Y="17100" Z="0"/><Vertex X="10569" Y="17157" Z="0"/></Vertices></Region></Regions><Plots></Plots></Annotation></Annotations>
