<Annotations MicronsPerPixel="0.493400">
	<Annotation Id="1" Name="" ReadOnly="0" NameReadOnly="0" LineColorReadOnly="0" Incremental="0" Type="4" LineColor="65535" Visible="1" Selected="1" MarkupImagePath="" MacroName=""><Attributes></Attributes><Regions><RegionAttributeHeaders></RegionAttributeHeaders><Region Id="1" Type="0" Zoom="0.028378" Selected="0" ImageLocation="" ImageFocus="-1" Length="13830.5" Area="9605630.5" LengthMicrons="6824.0" AreaMicrons="2338429.0" Text="" NegativeROA="0" InputRegionId="0" Analyze="1" DisplayId="1"><Attributes></Attributes><Vertices><Vertex X="17125" Y="17161" Z="0"/><Vertex X="17020" Y="17161" Z="0"/><Vertex X="16984" Y="17161" Z="0"/><Vertex X="16914" Y="17161" Z="0"/><Vertex X="16843" Y="17161" Z="0"/><Vertex X="16808" Y="17161" Z="0"/><Vertex X="16808" Y="17231" Z="0"/><Vertex X="16808" Y="17267" Z="0"/><Vertex X="16808" Y="17372" Z="0"/><Vertex X="16808" Y="17478" Z="0"/><Vertex X="16808" Y="17549" Z="0"/><Vertex X="16843" Y="17654" Z="0"/><Vertex X="16914" Y="17760" Z="0"/><Vertex X="16984" Y="17901" Z="0"/><Vertex X="16984" Y="18042" Z="0"/><Vertex X="16984" Y="18077" Z="0"/><Vertex X="17020" Y="18077" Z="0"/><Vertex X="17020" Y="18183" Z="0"/><Vertex X="17020" Y="18289" Z="0"/><Vertex X="17020" Y="18324" Z="0"/><Vertex X="16984" Y="18394" Z="0"/><Vertex X="16984" Y="18465" Z="0"/><Vertex X="16949" Y="18465" Z="0"/><Vertex X="16949" Y="18500" Z="0"/><Vertex X="16879" Y="18570" Z="0"/><Vertex X="16879" Y="18641" Z="0"/><Vertex X="16808" Y="18676" Z="0"/><Vertex X="16808" Y="18747" Z="0"/><Vertex X="16808" Y="18817" Z="0"/><Vertex X="16808" Y="18852" Z="0"/><Vertex X="16808" Y="18923" Z="0"/><Vertex X="16808" Y="18993" Z="0"/><Vertex X="16808" Y="19099" Z="0"/><Vertex X="16808" Y="19169" Z="0"/><Vertex X="16808" Y="19205" Z="0"/><Vertex X="16808" Y="19275" Z="0"/><Vertex X="16843" Y="19275" Z="0"/><Vertex X="16843" Y="19310" Z="0"/><Vertex X="16879" Y="19310" Z="0"/><Vertex X="16949" Y="19310" Z="0"/><Vertex X="16949" Y="19381" Z="0"/><Vertex X="17055" Y="19381" Z="0"/><Vertex X="17125" Y="19381" Z="0"/><Vertex X="17231" Y="19451" Z="0"/><Vertex X="17337" Y="19451" Z="0"/><Vertex X="17337" Y="19522" Z="0"/><Vertex X="17372" Y="19522" Z="0"/><Vertex X="17372" Y="19557" Z="0"/><Vertex X="17442" Y="19628" Z="0"/><Vertex X="17513" Y="19628" Z="0"/><Vertex X="17513" Y="19698" Z="0"/><Vertex X="17548" Y="19698" Z="0"/><Vertex X="17654" Y="19698" Z="0"/><Vertex X="17760" Y="19698" Z="0"/><Vertex X="17795" Y="19698" Z="0"/><Vertex X="17865" Y="19698" Z="0"/><Vertex X="17936" Y="19698" Z="0"/><Vertex X="18006" Y="19698" Z="0"/><Vertex X="18077" Y="19698" Z="0"/><Vertex X="18112" Y="19698" Z="0"/><Vertex X="18182" Y="19733" Z="0"/><Vertex X="18288" Y="19733" Z="0"/><Vertex X="18394" Y="19804" Z="0"/><Vertex X="18464" Y="19804" Z="0"/><Vertex X="18570" Y="19804" Z="0"/><Vertex X="18711" Y="19804" Z="0"/><Vertex X="18852" Y="19804" Z="0"/><Vertex X="18922" Y="19804" Z="0"/><Vertex X="19028" Y="19804" Z="0"/><Vertex X="19063" Y="19804" Z="0"/><Vertex X="19134" Y="19804" Z="0"/><Vertex X="19204" Y="19804" Z="0"/><Vertex X="19204" Y="19874" Z="0"/><Vertex X="19240" Y="19874" Z="0"/><Vertex X="19310" Y="19874" Z="0"/><Vertex X="19345" Y="19874" Z="0"/><Vertex X="19416" Y="19874" Z="0"/><Vertex X="19522" Y="19874" Z="0"/><Vertex X="19627" Y="19839" Z="0"/><Vertex X="19662" Y="19839" Z="0"/><Vertex X="19733" Y="19839" Z="0"/><Vertex X="19768" Y="19839" Z="0"/><Vertex X="19839" Y="19839" Z="0"/><Vertex X="19909" Y="19839" Z="0"/><Vertex X="19944" Y="19839" Z="0"/><Vertex X="20050" Y="19839" Z="0"/><Vertex X="20085" Y="19839" Z="0"/><Vertex X="20156" Y="19769" Z="0"/><Vertex X="20226" Y="19769" Z="0"/><Vertex X="20297" Y="19698" Z="0"/><Vertex X="20332" Y="19698" Z="0"/><Vertex X="20402" Y="19698" Z="0"/><Vertex X="20402" Y="19663" Z="0"/><Vertex X="20438" Y="19663" Z="0"/><Vertex X="20508" Y="19663" Z="0"/><Vertex X="20579" Y="19663" Z="0"/><Vertex X="20614" Y="19663" Z="0"/><Vertex X="20684" Y="19663" Z="0"/><Vertex X="20720" Y="19663" Z="0"/><Vertex X="20720" Y="19592" Z="0"/><Vertex X="20790" Y="19592" Z="0"/><Vertex X="20861" Y="19592" Z="0"/><Vertex X="20931" Y="19592" Z="0"/><Vertex X="21037" Y="19522" Z="0"/><Vertex X="21107" Y="19522" Z="0"/><Vertex X="21142" Y="19451" Z="0"/><Vertex X="21213" Y="19416" Z="0"/><Vertex X="21213" Y="19346" Z="0"/><Vertex X="21283" Y="19275" Z="0"/><Vertex X="21283" Y="19205" Z="0"/><Vertex X="21283" Y="19134" Z="0"/><Vertex X="21283" Y="19064" Z="0"/><Vertex X="21283" Y="19029" Z="0"/><Vertex X="21283" Y="18958" Z="0"/><Vertex X="21283" Y="18923" Z="0"/><Vertex X="21248" Y="18852" Z="0"/><Vertex X="21248" Y="18782" Z="0"/><Vertex X="21248" Y="18747" Z="0"/><Vertex X="21248" Y="18676" Z="0"/><Vertex X="21178" Y="18606" Z="0"/><Vertex X="21178" Y="18570" Z="0"/><Vertex X="21142" Y="18500" Z="0"/><Vertex X="21037" Y="18500" Z="0"/><Vertex X="20966" Y="18429" Z="0"/><Vertex X="20931" Y="18429" Z="0"/><Vertex X="20861" Y="18359" Z="0"/><Vertex X="20790" Y="18359" Z="0"/><Vertex X="20790" Y="18324" Z="0"/><Vertex X="20720" Y="18253" Z="0"/><Vertex X="20720" Y="18183" Z="0"/><Vertex X="20684" Y="18112" Z="0"/><Vertex X="20684" Y="18007" Z="0"/><Vertex X="20614" Y="17936" Z="0"/><Vertex X="20543" Y="17936" Z="0"/><Vertex X="20543" Y="17901" Z="0"/><Vertex X="20473" Y="17901" Z="0"/><Vertex X="20332" Y="17901" Z="0"/><Vertex X="20262" Y="17901" Z="0"/><Vertex X="20156" Y="17830" Z="0"/><Vertex X="20121" Y="17830" Z="0"/><Vertex X="20050" Y="17830" Z="0"/><Vertex X="20050" Y="17760" Z="0"/><Vertex X="20015" Y="17760" Z="0"/><Vertex X="20015" Y="17689" Z="0"/><Vertex X="19944" Y="17689" Z="0"/><Vertex X="19944" Y="17654" Z="0"/><Vertex X="19874" Y="17654" Z="0"/><Vertex X="19874" Y="17584" Z="0"/><Vertex X="19839" Y="17584" Z="0"/><Vertex X="19768" Y="17513" Z="0"/><Vertex X="19698" Y="17513" Z="0"/><Vertex X="19698" Y="17478" Z="0"/><Vertex X="19662" Y="17478" Z="0"/><Vertex X="19592" Y="17478" Z="0"/><Vertex X="19592" Y="17408" Z="0"/><Vertex X="19557" Y="17408" Z="0"/><Vertex X="19486" Y="17408" Z="0"/><Vertex X="19486" Y="17372" Z="0"/><Vertex X="19416" Y="17372" Z="0"/><Vertex X="19416" Y="17302" Z="0"/><Vertex X="19345" Y="17302" Z="0"/><Vertex X="19240" Y="17302" Z="0"/><Vertex X="19134" Y="17302" Z="0"/><Vertex X="19063" Y="17302" Z="0"/><Vertex X="18993" Y="17302" Z="0"/><Vertex X="18958" Y="17302" Z="0"/><Vertex X="18887" Y="17302" Z="0"/><Vertex X="18782" Y="17302" Z="0"/><Vertex X="18746" Y="17302" Z="0"/><Vertex X="18641" Y="17302" Z="0"/><Vertex X="18570" Y="17302" Z="0"/><Vertex X="18535" Y="17302" Z="0"/><Vertex X="18464" Y="17231" Z="0"/><Vertex X="18394" Y="17231" Z="0"/><Vertex X="18323" Y="17231" Z="0"/><Vertex X="18218" Y="17161" Z="0"/><Vertex X="18147" Y="17161" Z="0"/><Vertex X="18112" Y="17161" Z="0"/><Vertex X="18112" Y="17126" Z="0"/><Vertex X="18042" Y="17126" Z="0"/><Vertex X="17936" Y="17126" Z="0"/><Vertex X="17901" Y="17126" Z="0"/><Vertex X="17901" Y="17055" Z="0"/><Vertex X="17795" Y="17055" Z="0"/><Vertex X="17760" Y="17055" Z="0"/><Vertex X="17689" Y="17055" Z="0"/><Vertex X="17583" Y="17055" Z="0"/><Vertex X="17548" Y="17055" Z="0"/><Vertex X="17478" Y="17055" Z="0"/><Vertex X="17442" Y="17055" Z="0"/><Vertex X="17372" Y="17055" Z="0"/><Vertex X="17302" Y="17055" Z="0"/><Vertex X="17266" Y="17090" Z="0"/><Vertex X="17196" Y="17090" Z="0"/><Vertex X="17125" Y="17161" Z="0"/><Vertex X="17125" Y="17161" Z="0"/></Vertices></Region><Region Id="2" Type="0" Zoom="0.028378" Selected="0" ImageLocation="" ImageFocus="-1" Length="12190.0" Area="6883150.0" LengthMicrons="6014.5" AreaMicrons="1675658.6" Text="" NegativeROA="0" InputRegionId="0" Analyze="1" DisplayId="2"><Attributes></Attributes><Vertices><Vertex X="22341" Y="3489" Z="0"/><Vertex X="22305" Y="3489" Z="0"/><Vertex X="22200" Y="3489" Z="0"/><Vertex X="22129" Y="3489" Z="0"/><Vertex X="22094" Y="3489" Z="0"/><Vertex X="22023" Y="3489" Z="0"/><Vertex X="21953" Y="3489" Z="0"/><Vertex X="21918" Y="3489" Z="0"/><Vertex X="21847" Y="3489" Z="0"/><Vertex X="21812" Y="3489" Z="0"/><Vertex X="21742" Y="3489" Z="0"/><Vertex X="21742" Y="3559" Z="0"/><Vertex X="21671" Y="3559" Z="0"/><Vertex X="21671" Y="3630" Z="0"/><Vertex X="21671" Y="3665" Z="0"/><Vertex X="21636" Y="3735" Z="0"/><Vertex X="21565" Y="3735" Z="0"/><Vertex X="21565" Y="3806" Z="0"/><Vertex X="21495" Y="3806" Z="0"/><Vertex X="21460" Y="3806" Z="0"/><Vertex X="21460" Y="3841" Z="0"/><Vertex X="21354" Y="3841" Z="0"/><Vertex X="21283" Y="3911" Z="0"/><Vertex X="21248" Y="3982" Z="0"/><Vertex X="21248" Y="4017" Z="0"/><Vertex X="21178" Y="4017" Z="0"/><Vertex X="21178" Y="4088" Z="0"/><Vertex X="21178" Y="4158" Z="0"/><Vertex X="21107" Y="4193" Z="0"/><Vertex X="21107" Y="4299" Z="0"/><Vertex X="21107" Y="4370" Z="0"/><Vertex X="21142" Y="4370" Z="0"/><Vertex X="21142" Y="4440" Z="0"/><Vertex X="21142" Y="4510" Z="0"/><Vertex X="21213" Y="4581" Z="0"/><Vertex X="21213" Y="4616" Z="0"/><Vertex X="21248" Y="4616" Z="0"/><Vertex X="21248" Y="4687" Z="0"/><Vertex X="21319" Y="4687" Z="0"/><Vertex X="21389" Y="4757" Z="0"/><Vertex X="21424" Y="4757" Z="0"/><Vertex X="21424" Y="4792" Z="0"/><Vertex X="21530" Y="4792" Z="0"/><Vertex X="21636" Y="4792" Z="0"/><Vertex X="21706" Y="4863" Z="0"/><Vertex X="21812" Y="4863" Z="0"/><Vertex X="21882" Y="4863" Z="0"/><Vertex X="21953" Y="4933" Z="0"/><Vertex X="22023" Y="4933" Z="0"/><Vertex X="22094" Y="4933" Z="0"/><Vertex X="22129" Y="5004" Z="0"/><Vertex X="22200" Y="5004" Z="0"/><Vertex X="22200" Y="5039" Z="0"/><Vertex X="22305" Y="5039" Z="0"/><Vertex X="22341" Y="5039" Z="0"/><Vertex X="22446" Y="5039" Z="0"/><Vertex X="22517" Y="5039" Z="0"/><Vertex X="22552" Y="5039" Z="0"/><Vertex X="22622" Y="5039" Z="0"/><Vertex X="22693" Y="5039" Z="0"/><Vertex X="22763" Y="5039" Z="0"/><Vertex X="22834" Y="5110" Z="0"/><Vertex X="22869" Y="5110" Z="0"/><Vertex X="22940" Y="5110" Z="0"/><Vertex X="23045" Y="5110" Z="0"/><Vertex X="23116" Y="5110" Z="0"/><Vertex X="23186" Y="5110" Z="0"/><Vertex X="23292" Y="5110" Z="0"/><Vertex X="23362" Y="5110" Z="0"/><Vertex X="23468" Y="5110" Z="0"/><Vertex X="23539" Y="5180" Z="0"/><Vertex X="23574" Y="5180" Z="0"/><Vertex X="23644" Y="5180" Z="0"/><Vertex X="23715" Y="5180" Z="0"/><Vertex X="23750" Y="5180" Z="0"/><Vertex X="23821" Y="5180" Z="0"/><Vertex X="23891" Y="5180" Z="0"/><Vertex X="23997" Y="5145" Z="0"/><Vertex X="24102" Y="5145" Z="0"/><Vertex X="24173" Y="5074" Z="0"/><Vertex X="24208" Y="5074" Z="0"/><Vertex X="24279" Y="5074" Z="0"/><Vertex X="24314" Y="5074" Z="0"/><Vertex X="24420" Y="5074" Z="0"/><Vertex X="24490" Y="5074" Z="0"/><Vertex X="24525" Y="5074" Z="0"/><Vertex X="24596" Y="5074" Z="0"/><Vertex X="24596" Y="5039" Z="0"/><Vertex X="24666" Y="5039" Z="0"/><Vertex X="24666" Y="4969" Z="0"/><Vertex X="24737" Y="4969" Z="0"/><Vertex X="24737" Y="4898" Z="0"/><Vertex X="24807" Y="4898" Z="0"/><Vertex X="24842" Y="4898" Z="0"/><Vertex X="24842" Y="4863" Z="0"/><Vertex X="24913" Y="4863" Z="0"/><Vertex X="24913" Y="4792" Z="0"/><Vertex X="24983" Y="4792" Z="0"/><Vertex X="24983" Y="4757" Z="0"/><Vertex X="25019" Y="4757" Z="0"/><Vertex X="25089" Y="4757" Z="0"/><Vertex X="25089" Y="4687" Z="0"/><Vertex X="25124" Y="4687" Z="0"/><Vertex X="25195" Y="4616" Z="0"/><Vertex X="25265" Y="4546" Z="0"/><Vertex X="25265" Y="4510" Z="0"/><Vertex X="25336" Y="4510" Z="0"/><Vertex X="25336" Y="4440" Z="0"/><Vertex X="25371" Y="4334" Z="0"/><Vertex X="25371" Y="4264" Z="0"/><Vertex X="25371" Y="4193" Z="0"/><Vertex X="25371" Y="4158" Z="0"/><Vertex X="25371" Y="4088" Z="0"/><Vertex X="25371" Y="4017" Z="0"/><Vertex X="25371" Y="3982" Z="0"/><Vertex X="25371" Y="3911" Z="0"/><Vertex X="25371" Y="3841" Z="0"/><Vertex X="25371" Y="3806" Z="0"/><Vertex X="25371" Y="3735" Z="0"/><Vertex X="25301" Y="3735" Z="0"/><Vertex X="25301" Y="3700" Z="0"/><Vertex X="25301" Y="3630" Z="0"/><Vertex X="25301" Y="3559" Z="0"/><Vertex X="25230" Y="3559" Z="0"/><Vertex X="25230" Y="3524" Z="0"/><Vertex X="25230" Y="3453" Z="0"/><Vertex X="25195" Y="3453" Z="0"/><Vertex X="25195" Y="3418" Z="0"/><Vertex X="25124" Y="3418" Z="0"/><Vertex X="25124" Y="3348" Z="0"/><Vertex X="25089" Y="3348" Z="0"/><Vertex X="25089" Y="3277" Z="0"/><Vertex X="25019" Y="3277" Z="0"/><Vertex X="25019" Y="3242" Z="0"/><Vertex X="24948" Y="3242" Z="0"/><Vertex X="24948" Y="3171" Z="0"/><Vertex X="24948" Y="3136" Z="0"/><Vertex X="24913" Y="3066" Z="0"/><Vertex X="24913" Y="2995" Z="0"/><Vertex X="24842" Y="2995" Z="0"/><Vertex X="24842" Y="2960" Z="0"/><Vertex X="24772" Y="2960" Z="0"/><Vertex X="24737" Y="2960" Z="0"/><Vertex X="24666" Y="2960" Z="0"/><Vertex X="24631" Y="2960" Z="0"/><Vertex X="24525" Y="2960" Z="0"/><Vertex X="24455" Y="2960" Z="0"/><Vertex X="24420" Y="3030" Z="0"/><Vertex X="24349" Y="3030" Z="0"/><Vertex X="24349" Y="3101" Z="0"/><Vertex X="24279" Y="3101" Z="0"/><Vertex X="24243" Y="3136" Z="0"/><Vertex X="24173" Y="3136" Z="0"/><Vertex X="24102" Y="3207" Z="0"/><Vertex X="24067" Y="3207" Z="0"/><Vertex X="23997" Y="3207" Z="0"/><Vertex X="23926" Y="3207" Z="0"/><Vertex X="23891" Y="3207" Z="0"/><Vertex X="23821" Y="3207" Z="0"/><Vertex X="23750" Y="3207" Z="0"/><Vertex X="23644" Y="3207" Z="0"/><Vertex X="23539" Y="3207" Z="0"/><Vertex X="23503" Y="3207" Z="0"/><Vertex X="23398" Y="3207" Z="0"/><Vertex X="23292" Y="3207" Z="0"/><Vertex X="23222" Y="3207" Z="0"/><Vertex X="23151" Y="3207" Z="0"/><Vertex X="23081" Y="3207" Z="0"/><Vertex X="23045" Y="3207" Z="0"/><Vertex X="22975" Y="3207" Z="0"/><Vertex X="22940" Y="3207" Z="0"/><Vertex X="22869" Y="3277" Z="0"/><Vertex X="22799" Y="3277" Z="0"/><Vertex X="22763" Y="3277" Z="0"/><Vertex X="22693" Y="3348" Z="0"/><Vertex X="22622" Y="3348" Z="0"/><Vertex X="22622" Y="3383" Z="0"/><Vertex X="22587" Y="3383" Z="0"/><Vertex X="22517" Y="3383" Z="0"/><Vertex X="22446" Y="3383" Z="0"/><Vertex X="22446" Y="3453" Z="0"/><Vertex X="22411" Y="3453" Z="0"/><Vertex X="22341" Y="3453" Z="0"/><Vertex X="22341" Y="3489" Z="0"/></Vertices></Region><Region Id="3" Type="0" Zoom="0.028378" Selected="0" ImageLocation="" ImageFocus="-1" Length="14079.7" Area="8218846.0" LengthMicrons="6946.9" AreaMicrons="2000825.2" Text="" NegativeROA="0" InputRegionId="0" Analyze="1" DisplayId="3"><Attributes></Attributes><Vertices><Vertex X="14342" Y="25935" Z="0"/><Vertex X="14236" Y="25935" Z="0"/><Vertex X="14130" Y="25935" Z="0"/><Vertex X="14060" Y="25935" Z="0"/><Vertex X="13954" Y="25935" Z="0"/><Vertex X="13848" Y="25935" Z="0"/><Vertex X="13813" Y="25935" Z="0"/><Vertex X="13742" Y="25935" Z="0"/><Vertex X="13742" Y="26041" Z="0"/><Vertex X="13707" Y="26041" Z="0"/><Vertex X="13707" Y="26147" Z="0"/><Vertex X="13707" Y="26182" Z="0"/><Vertex X="13637" Y="26252" Z="0"/><Vertex X="13637" Y="26323" Z="0"/><Vertex X="13566" Y="26393" Z="0"/><Vertex X="13566" Y="26464" Z="0"/><Vertex X="13566" Y="26534" Z="0"/><Vertex X="13496" Y="26534" Z="0"/><Vertex X="13496" Y="26605" Z="0"/><Vertex X="13496" Y="26675" Z="0"/><Vertex X="13461" Y="26675" Z="0"/><Vertex X="13461" Y="26710" Z="0"/><Vertex X="13461" Y="26816" Z="0"/><Vertex X="13390" Y="26887" Z="0"/><Vertex X="13320" Y="26957" Z="0"/><Vertex X="13284" Y="26957" Z="0"/><Vertex X="13284" Y="26992" Z="0"/><Vertex X="13214" Y="26992" Z="0"/><Vertex X="13214" Y="27063" Z="0"/><Vertex X="13143" Y="27063" Z="0"/><Vertex X="13108" Y="27133" Z="0"/><Vertex X="13038" Y="27133" Z="0"/><Vertex X="13038" Y="27168" Z="0"/><Vertex X="12967" Y="27168" Z="0"/><Vertex X="12967" Y="27239" Z="0"/><Vertex X="12932" Y="27239" Z="0"/><Vertex X="12932" Y="27274" Z="0"/><Vertex X="12862" Y="27345" Z="0"/><Vertex X="12862" Y="27450" Z="0"/><Vertex X="12862" Y="27556" Z="0"/><Vertex X="12862" Y="27627" Z="0"/><Vertex X="12862" Y="27732" Z="0"/><Vertex X="12862" Y="27768" Z="0"/><Vertex X="12862" Y="27838" Z="0"/><Vertex X="12862" Y="27908" Z="0"/><Vertex X="12862" Y="27944" Z="0"/><Vertex X="12862" Y="28014" Z="0"/><Vertex X="12862" Y="28049" Z="0"/><Vertex X="12862" Y="28155" Z="0"/><Vertex X="12862" Y="28261" Z="0"/><Vertex X="12791" Y="28331" Z="0"/><Vertex X="12791" Y="28367" Z="0"/><Vertex X="12791" Y="28472" Z="0"/><Vertex X="12791" Y="28578" Z="0"/><Vertex X="12791" Y="28613" Z="0"/><Vertex X="12791" Y="28684" Z="0"/><Vertex X="12826" Y="28684" Z="0"/><Vertex X="12932" Y="28754" Z="0"/><Vertex X="13002" Y="28754" Z="0"/><Vertex X="13073" Y="28754" Z="0"/><Vertex X="13143" Y="28754" Z="0"/><Vertex X="13179" Y="28754" Z="0"/><Vertex X="13249" Y="28754" Z="0"/><Vertex X="13284" Y="28754" Z="0"/><Vertex X="13390" Y="28719" Z="0"/><Vertex X="13496" Y="28648" Z="0"/><Vertex X="13496" Y="28578" Z="0"/><Vertex X="13602" Y="28508" Z="0"/><Vertex X="13602" Y="28437" Z="0"/><Vertex X="13707" Y="28331" Z="0"/><Vertex X="13707" Y="28226" Z="0"/><Vertex X="13778" Y="28155" Z="0"/><Vertex X="13778" Y="28085" Z="0"/><Vertex X="13848" Y="28085" Z="0"/><Vertex X="13848" Y="28014" Z="0"/><Vertex X="13919" Y="28014" Z="0"/><Vertex X="13954" Y="28014" Z="0"/><Vertex X="14060" Y="28014" Z="0"/><Vertex X="14165" Y="28014" Z="0"/><Vertex X="14201" Y="28049" Z="0"/><Vertex X="14271" Y="28049" Z="0"/><Vertex X="14342" Y="28049" Z="0"/><Vertex X="14377" Y="28120" Z="0"/><Vertex X="14447" Y="28120" Z="0"/><Vertex X="14518" Y="28120" Z="0"/><Vertex X="14553" Y="28120" Z="0"/><Vertex X="14623" Y="28120" Z="0"/><Vertex X="14659" Y="28120" Z="0"/><Vertex X="14764" Y="28120" Z="0"/><Vertex X="14870" Y="28120" Z="0"/><Vertex X="14905" Y="28120" Z="0"/><Vertex X="14976" Y="28120" Z="0"/><Vertex X="15011" Y="28120" Z="0"/><Vertex X="15082" Y="28120" Z="0"/><Vertex X="15152" Y="28120" Z="0"/><Vertex X="15187" Y="28120" Z="0"/><Vertex X="15293" Y="28120" Z="0"/><Vertex X="15363" Y="28120" Z="0"/><Vertex X="15399" Y="28120" Z="0"/><Vertex X="15540" Y="28120" Z="0"/><Vertex X="15610" Y="28085" Z="0"/><Vertex X="15645" Y="28085" Z="0"/><Vertex X="15716" Y="28085" Z="0"/><Vertex X="15822" Y="28014" Z="0"/><Vertex X="15892" Y="28014" Z="0"/><Vertex X="15962" Y="28014" Z="0"/><Vertex X="16033" Y="28014" Z="0"/><Vertex X="16068" Y="28014" Z="0"/><Vertex X="16139" Y="28014" Z="0"/><Vertex X="16174" Y="27944" Z="0"/><Vertex X="16244" Y="27944" Z="0"/><Vertex X="16315" Y="27873" Z="0"/><Vertex X="16421" Y="27873" Z="0"/><Vertex X="16421" Y="27838" Z="0"/><Vertex X="16491" Y="27838" Z="0"/><Vertex X="16562" Y="27838" Z="0"/><Vertex X="16562" Y="27768" Z="0"/><Vertex X="16597" Y="27768" Z="0"/><Vertex X="16667" Y="27768" Z="0"/><Vertex X="16667" Y="27732" Z="0"/><Vertex X="16738" Y="27732" Z="0"/><Vertex X="16773" Y="27732" Z="0"/><Vertex X="16773" Y="27662" Z="0"/><Vertex X="16843" Y="27662" Z="0"/><Vertex X="16843" Y="27591" Z="0"/><Vertex X="16879" Y="27591" Z="0"/><Vertex X="16879" Y="27556" Z="0"/><Vertex X="16949" Y="27556" Z="0"/><Vertex X="16949" Y="27486" Z="0"/><Vertex X="16949" Y="27450" Z="0"/><Vertex X="17020" Y="27380" Z="0"/><Vertex X="17020" Y="27309" Z="0"/><Vertex X="17020" Y="27274" Z="0"/><Vertex X="17090" Y="27204" Z="0"/><Vertex X="17090" Y="27133" Z="0"/><Vertex X="17090" Y="27098" Z="0"/><Vertex X="17125" Y="26992" Z="0"/><Vertex X="17125" Y="26922" Z="0"/><Vertex X="17196" Y="26922" Z="0"/><Vertex X="17196" Y="26851" Z="0"/><Vertex X="17266" Y="26746" Z="0"/><Vertex X="17266" Y="26675" Z="0"/><Vertex X="17266" Y="26640" Z="0"/><Vertex X="17231" Y="26640" Z="0"/><Vertex X="17196" Y="26640" Z="0"/><Vertex X="17196" Y="26569" Z="0"/><Vertex X="17125" Y="26569" Z="0"/><Vertex X="17055" Y="26569" Z="0"/><Vertex X="17055" Y="26499" Z="0"/><Vertex X="17020" Y="26499" Z="0"/><Vertex X="16949" Y="26499" Z="0"/><Vertex X="16949" Y="26464" Z="0"/><Vertex X="16914" Y="26464" Z="0"/><Vertex X="16914" Y="26393" Z="0"/><Vertex X="16914" Y="26358" Z="0"/><Vertex X="16914" Y="26288" Z="0"/><Vertex X="16843" Y="26288" Z="0"/><Vertex X="16843" Y="26217" Z="0"/><Vertex X="16773" Y="26217" Z="0"/><Vertex X="16738" Y="26217" Z="0"/><Vertex X="16738" Y="26182" Z="0"/><Vertex X="16632" Y="26182" Z="0"/><Vertex X="16597" Y="26182" Z="0"/><Vertex X="16491" Y="26182" Z="0"/><Vertex X="16385" Y="26182" Z="0"/><Vertex X="16315" Y="26182" Z="0"/><Vertex X="16315" Y="26111" Z="0"/><Vertex X="16244" Y="26111" Z="0"/><Vertex X="16174" Y="26111" Z="0"/><Vertex X="16174" Y="26076" Z="0"/><Vertex X="16139" Y="26076" Z="0"/><Vertex X="16068" Y="26006" Z="0"/><Vertex X="15998" Y="26006" Z="0"/><Vertex X="15998" Y="25935" Z="0"/><Vertex X="15962" Y="25935" Z="0"/><Vertex X="15857" Y="25935" Z="0"/><Vertex X="15786" Y="25935" Z="0"/><Vertex X="15681" Y="25935" Z="0"/><Vertex X="15575" Y="25935" Z="0"/><Vertex X="15469" Y="25935" Z="0"/><Vertex X="15434" Y="25935" Z="0"/><Vertex X="15434" Y="25970" Z="0"/><Vertex X="15363" Y="25970" Z="0"/><Vertex X="15328" Y="25970" Z="0"/><Vertex X="15258" Y="25970" Z="0"/><Vertex X="15187" Y="25970" Z="0"/><Vertex X="15117" Y="25935" Z="0"/><Vertex X="15011" Y="25935" Z="0"/><Vertex X="14905" Y="25935" Z="0"/><Vertex X="14870" Y="25935" Z="0"/><Vertex X="14800" Y="25935" Z="0"/><Vertex X="14764" Y="25935" Z="0"/><Vertex X="14694" Y="25935" Z="0"/><Vertex X="14623" Y="25935" Z="0"/><Vertex X="14588" Y="25935" Z="0"/><Vertex X="14588" Y="25865" Z="0"/><Vertex X="14518" Y="25865" Z="0"/><Vertex X="14482" Y="25865" Z="0"/><Vertex X="14412" Y="25865" Z="0"/><Vertex X="14342" Y="25865" Z="0"/><Vertex X="14306" Y="25865" Z="0"/><Vertex X="14342" Y="25935" Z="0"/></Vertices></Region><Region Id="4" Type="0" Zoom="0.028378" Selected="0" ImageLocation="" ImageFocus="-1" Length="12560.9" Area="7452647.5" LengthMicrons="6197.5" AreaMicrons="1814299.1" Text="" NegativeROA="0" InputRegionId="0" Analyze="1" DisplayId="4"><Attributes></Attributes><Vertices><Vertex X="5673" Y="19628" Z="0"/><Vertex X="5567" Y="19628" Z="0"/><Vertex X="5497" Y="19628" Z="0"/><Vertex X="5426" Y="19628" Z="0"/><Vertex X="5356" Y="19628" Z="0"/><Vertex X="5356" Y="19698" Z="0"/><Vertex X="5285" Y="19698" Z="0"/><Vertex X="5285" Y="19733" Z="0"/><Vertex X="5144" Y="19733" Z="0"/><Vertex X="5144" Y="19839" Z="0"/><Vertex X="5039" Y="19909" Z="0"/><Vertex X="4933" Y="20050" Z="0"/><Vertex X="4933" Y="20121" Z="0"/><Vertex X="4863" Y="20156" Z="0"/><Vertex X="4792" Y="20297" Z="0"/><Vertex X="4757" Y="20403" Z="0"/><Vertex X="4686" Y="20509" Z="0"/><Vertex X="4616" Y="20579" Z="0"/><Vertex X="4510" Y="20649" Z="0"/><Vertex X="4404" Y="20649" Z="0"/><Vertex X="4369" Y="20720" Z="0"/><Vertex X="4299" Y="20720" Z="0"/><Vertex X="4193" Y="20720" Z="0"/><Vertex X="4123" Y="20755" Z="0"/><Vertex X="4017" Y="20755" Z="0"/><Vertex X="4017" Y="20826" Z="0"/><Vertex X="3911" Y="20826" Z="0"/><Vertex X="3911" Y="20896" Z="0"/><Vertex X="3876" Y="20896" Z="0"/><Vertex X="3876" Y="20931" Z="0"/><Vertex X="3805" Y="20931" Z="0"/><Vertex X="3805" Y="21002" Z="0"/><Vertex X="3735" Y="21002" Z="0"/><Vertex X="3735" Y="21037" Z="0"/><Vertex X="3700" Y="21037" Z="0"/><Vertex X="3700" Y="21108" Z="0"/><Vertex X="3629" Y="21108" Z="0"/><Vertex X="3629" Y="21178" Z="0"/><Vertex X="3594" Y="21178" Z="0"/><Vertex X="3523" Y="21178" Z="0"/><Vertex X="3523" Y="21213" Z="0"/><Vertex X="3453" Y="21213" Z="0"/><Vertex X="3453" Y="21284" Z="0"/><Vertex X="3418" Y="21284" Z="0"/><Vertex X="3418" Y="21319" Z="0"/><Vertex X="3418" Y="21425" Z="0"/><Vertex X="3418" Y="21530" Z="0"/><Vertex X="3418" Y="21601" Z="0"/><Vertex X="3453" Y="21707" Z="0"/><Vertex X="3523" Y="21812" Z="0"/><Vertex X="3594" Y="21918" Z="0"/><Vertex X="3700" Y="21989" Z="0"/><Vertex X="3805" Y="22059" Z="0"/><Vertex X="3876" Y="22059" Z="0"/><Vertex X="3911" Y="22059" Z="0"/><Vertex X="3982" Y="22094" Z="0"/><Vertex X="4052" Y="22094" Z="0"/><Vertex X="4087" Y="22094" Z="0"/><Vertex X="4158" Y="22094" Z="0"/><Vertex X="4158" Y="22165" Z="0"/><Vertex X="4228" Y="22165" Z="0"/><Vertex X="4299" Y="22165" Z="0"/><Vertex X="4369" Y="22165" Z="0"/><Vertex X="4404" Y="22165" Z="0"/><Vertex X="4475" Y="22165" Z="0"/><Vertex X="4510" Y="22165" Z="0"/><Vertex X="4581" Y="22165" Z="0"/><Vertex X="4651" Y="22165" Z="0"/><Vertex X="4722" Y="22165" Z="0"/><Vertex X="4827" Y="22165" Z="0"/><Vertex X="4933" Y="22165" Z="0"/><Vertex X="5003" Y="22165" Z="0"/><Vertex X="5109" Y="22165" Z="0"/><Vertex X="5215" Y="22165" Z="0"/><Vertex X="5250" Y="22165" Z="0"/><Vertex X="5321" Y="22165" Z="0"/><Vertex X="5426" Y="22165" Z="0"/><Vertex X="5462" Y="22165" Z="0"/><Vertex X="5462" Y="22129" Z="0"/><Vertex X="5567" Y="22129" Z="0"/><Vertex X="5603" Y="22129" Z="0"/><Vertex X="5673" Y="22094" Z="0"/><Vertex X="5743" Y="22094" Z="0"/><Vertex X="5779" Y="22094" Z="0"/><Vertex X="5849" Y="22094" Z="0"/><Vertex X="5849" Y="22024" Z="0"/><Vertex X="5920" Y="22024" Z="0"/><Vertex X="5955" Y="22024" Z="0"/><Vertex X="6025" Y="22024" Z="0"/><Vertex X="6025" Y="21953" Z="0"/><Vertex X="6061" Y="21953" Z="0"/><Vertex X="6131" Y="21953" Z="0"/><Vertex X="6131" Y="21918" Z="0"/><Vertex X="6202" Y="21918" Z="0"/><Vertex X="6237" Y="21848" Z="0"/><Vertex X="6307" Y="21848" Z="0"/><Vertex X="6378" Y="21777" Z="0"/><Vertex X="6413" Y="21777" Z="0"/><Vertex X="6483" Y="21777" Z="0"/><Vertex X="6554" Y="21707" Z="0"/><Vertex X="6589" Y="21707" Z="0"/><Vertex X="6660" Y="21707" Z="0"/><Vertex X="6730" Y="21707" Z="0"/><Vertex X="6765" Y="21707" Z="0"/><Vertex X="6836" Y="21707" Z="0"/><Vertex X="6871" Y="21707" Z="0"/><Vertex X="6942" Y="21707" Z="0"/><Vertex X="7012" Y="21707" Z="0"/><Vertex X="7047" Y="21671" Z="0"/><Vertex X="7153" Y="21671" Z="0"/><Vertex X="7223" Y="21671" Z="0"/><Vertex X="7259" Y="21601" Z="0"/><Vertex X="7329" Y="21601" Z="0"/><Vertex X="7400" Y="21530" Z="0"/><Vertex X="7435" Y="21530" Z="0"/><Vertex X="7435" Y="21495" Z="0"/><Vertex X="7505" Y="21495" Z="0"/><Vertex X="7576" Y="21389" Z="0"/><Vertex X="7576" Y="21319" Z="0"/><Vertex X="7611" Y="21319" Z="0"/><Vertex X="7611" Y="21284" Z="0"/><Vertex X="7611" Y="21213" Z="0"/><Vertex X="7682" Y="21108" Z="0"/><Vertex X="7682" Y="21002" Z="0"/><Vertex X="7682" Y="20967" Z="0"/><Vertex X="7682" Y="20896" Z="0"/><Vertex X="7682" Y="20861" Z="0"/><Vertex X="7682" Y="20790" Z="0"/><Vertex X="7682" Y="20685" Z="0"/><Vertex X="7682" Y="20649" Z="0"/><Vertex X="7682" Y="20579" Z="0"/><Vertex X="7611" Y="20579" Z="0"/><Vertex X="7611" Y="20509" Z="0"/><Vertex X="7541" Y="20473" Z="0"/><Vertex X="7470" Y="20403" Z="0"/><Vertex X="7435" Y="20403" Z="0"/><Vertex X="7435" Y="20332" Z="0"/><Vertex X="7364" Y="20332" Z="0"/><Vertex X="7294" Y="20262" Z="0"/><Vertex X="7259" Y="20262" Z="0"/><Vertex X="7259" Y="20227" Z="0"/><Vertex X="7188" Y="20227" Z="0"/><Vertex X="7118" Y="20156" Z="0"/><Vertex X="7083" Y="20156" Z="0"/><Vertex X="7083" Y="20086" Z="0"/><Vertex X="6977" Y="20086" Z="0"/><Vertex X="6906" Y="20050" Z="0"/><Vertex X="6871" Y="20050" Z="0"/><Vertex X="6871" Y="19980" Z="0"/><Vertex X="6801" Y="19980" Z="0"/><Vertex X="6801" Y="19945" Z="0"/><Vertex X="6765" Y="19945" Z="0"/><Vertex X="6765" Y="19874" Z="0"/><Vertex X="6695" Y="19874" Z="0"/><Vertex X="6695" Y="19804" Z="0"/><Vertex X="6624" Y="19804" Z="0"/><Vertex X="6589" Y="19769" Z="0"/><Vertex X="6519" Y="19769" Z="0"/><Vertex X="6448" Y="19769" Z="0"/><Vertex X="6413" Y="19698" Z="0"/><Vertex X="6343" Y="19698" Z="0"/><Vertex X="6272" Y="19628" Z="0"/><Vertex X="6237" Y="19628" Z="0"/><Vertex X="6237" Y="19557" Z="0"/><Vertex X="6166" Y="19557" Z="0"/><Vertex X="6096" Y="19557" Z="0"/><Vertex X="6061" Y="19557" Z="0"/><Vertex X="5990" Y="19557" Z="0"/><Vertex X="5955" Y="19557" Z="0"/><Vertex X="5884" Y="19557" Z="0"/><Vertex X="5779" Y="19557" Z="0"/><Vertex X="5708" Y="19522" Z="0"/><Vertex X="5638" Y="19522" Z="0"/><Vertex X="5673" Y="19628" Z="0"/></Vertices></Region><Region Id="5" Type="0" Zoom="0.028378" Selected="0" ImageLocation="" ImageFocus="-1" Length="17693.0" Area="10783061.0" LengthMicrons="8729.7" AreaMicrons="2625066.8" Text="" NegativeROA="0" InputRegionId="0" Analyze="1" DisplayId="5"><Attributes></Attributes><Vertices><Vertex X="6166" Y="7330" Z="0"/><Vertex X="6096" Y="7330" Z="0"/><Vertex X="6025" Y="7435" Z="0"/><Vertex X="5955" Y="7435" Z="0"/><Vertex X="5884" Y="7541" Z="0"/><Vertex X="5814" Y="7541" Z="0"/><Vertex X="5708" Y="7611" Z="0"/><Vertex X="5603" Y="7611" Z="0"/><Vertex X="5497" Y="7611" Z="0"/><Vertex X="5426" Y="7611" Z="0"/><Vertex X="5356" Y="7611" Z="0"/><Vertex X="5321" Y="7611" Z="0"/><Vertex X="5250" Y="7611" Z="0"/><Vertex X="5180" Y="7611" Z="0"/><Vertex X="5144" Y="7611" Z="0"/><Vertex X="5074" Y="7611" Z="0"/><Vertex X="5039" Y="7611" Z="0"/><Vertex X="4968" Y="7611" Z="0"/><Vertex X="4898" Y="7611" Z="0"/><Vertex X="4863" Y="7682" Z="0"/><Vertex X="4792" Y="7682" Z="0"/><Vertex X="4722" Y="7717" Z="0"/><Vertex X="4686" Y="7717" Z="0"/><Vertex X="4616" Y="7788" Z="0"/><Vertex X="4545" Y="7788" Z="0"/><Vertex X="4404" Y="7858" Z="0"/><Vertex X="4334" Y="7858" Z="0"/><Vertex X="4193" Y="7858" Z="0"/><Vertex X="4123" Y="7858" Z="0"/><Vertex X="4087" Y="7858" Z="0"/><Vertex X="4017" Y="7858" Z="0"/><Vertex X="3946" Y="7858" Z="0"/><Vertex X="3911" Y="7858" Z="0"/><Vertex X="3841" Y="7858" Z="0"/><Vertex X="3805" Y="7858" Z="0"/><Vertex X="3735" Y="7858" Z="0"/><Vertex X="3629" Y="7858" Z="0"/><Vertex X="3594" Y="7858" Z="0"/><Vertex X="3523" Y="7858" Z="0"/><Vertex X="3453" Y="7823" Z="0"/><Vertex X="3418" Y="7823" Z="0"/><Vertex X="3347" Y="7823" Z="0"/><Vertex X="3312" Y="7823" Z="0"/><Vertex X="3242" Y="7823" Z="0"/><Vertex X="3171" Y="7823" Z="0"/><Vertex X="3101" Y="7823" Z="0"/><Vertex X="3030" Y="7823" Z="0"/><Vertex X="2924" Y="7823" Z="0"/><Vertex X="2854" Y="7823" Z="0"/><Vertex X="2854" Y="7788" Z="0"/><Vertex X="2748" Y="7788" Z="0"/><Vertex X="2713" Y="7788" Z="0"/><Vertex X="2643" Y="7788" Z="0"/><Vertex X="2643" Y="7717" Z="0"/><Vertex X="2572" Y="7717" Z="0"/><Vertex X="2502" Y="7717" Z="0"/><Vertex X="2396" Y="7717" Z="0"/><Vertex X="2325" Y="7717" Z="0"/><Vertex X="2290" Y="7752" Z="0"/><Vertex X="2220" Y="7752" Z="0"/><Vertex X="2220" Y="7823" Z="0"/><Vertex X="2149" Y="7823" Z="0"/><Vertex X="2149" Y="7858" Z="0"/><Vertex X="2114" Y="7858" Z="0"/><Vertex X="2043" Y="7929" Z="0"/><Vertex X="1938" Y="7999" Z="0"/><Vertex X="1903" Y="7999" Z="0"/><Vertex X="1903" Y="8034" Z="0"/><Vertex X="1832" Y="8034" Z="0"/><Vertex X="1762" Y="8034" Z="0"/><Vertex X="1762" Y="8105" Z="0"/><Vertex X="1726" Y="8105" Z="0"/><Vertex X="1656" Y="8105" Z="0"/><Vertex X="1656" Y="8175" Z="0"/><Vertex X="1621" Y="8175" Z="0"/><Vertex X="1621" Y="8210" Z="0"/><Vertex X="1550" Y="8210" Z="0"/><Vertex X="1550" Y="8281" Z="0"/><Vertex X="1550" Y="8351" Z="0"/><Vertex X="1550" Y="8422" Z="0"/><Vertex X="1550" Y="8492" Z="0"/><Vertex X="1550" Y="8528" Z="0"/><Vertex X="1550" Y="8598" Z="0"/><Vertex X="1550" Y="8669" Z="0"/><Vertex X="1550" Y="8739" Z="0"/><Vertex X="1585" Y="8809" Z="0"/><Vertex X="1585" Y="8845" Z="0"/><Vertex X="1691" Y="8845" Z="0"/><Vertex X="1691" Y="8950" Z="0"/><Vertex X="1762" Y="8950" Z="0"/><Vertex X="1832" Y="9056" Z="0"/><Vertex X="1903" Y="9056" Z="0"/><Vertex X="1973" Y="9056" Z="0"/><Vertex X="2079" Y="9127" Z="0"/><Vertex X="2220" Y="9127" Z="0"/><Vertex X="2325" Y="9127" Z="0"/><Vertex X="2396" Y="9127" Z="0"/><Vertex X="2502" Y="9127" Z="0"/><Vertex X="2607" Y="9197" Z="0"/><Vertex X="2643" Y="9197" Z="0"/><Vertex X="2713" Y="9197" Z="0"/><Vertex X="2783" Y="9232" Z="0"/><Vertex X="2819" Y="9232" Z="0"/><Vertex X="2889" Y="9303" Z="0"/><Vertex X="2960" Y="9303" Z="0"/><Vertex X="2995" Y="9373" Z="0"/><Vertex X="3065" Y="9373" Z="0"/><Vertex X="3136" Y="9444" Z="0"/><Vertex X="3206" Y="9444" Z="0"/><Vertex X="3206" Y="9479" Z="0"/><Vertex X="3312" Y="9479" Z="0"/><Vertex X="3383" Y="9479" Z="0"/><Vertex X="3383" Y="9549" Z="0"/><Vertex X="3418" Y="9549" Z="0"/><Vertex X="3523" Y="9549" Z="0"/><Vertex X="3629" Y="9514" Z="0"/><Vertex X="3700" Y="9514" Z="0"/><Vertex X="3770" Y="9514" Z="0"/><Vertex X="3841" Y="9549" Z="0"/><Vertex X="3841" Y="9620" Z="0"/><Vertex X="3876" Y="9620" Z="0"/><Vertex X="3876" Y="9655" Z="0"/><Vertex X="3946" Y="9655" Z="0"/><Vertex X="4017" Y="9655" Z="0"/><Vertex X="4017" Y="9726" Z="0"/><Vertex X="4052" Y="9726" Z="0"/><Vertex X="4123" Y="9726" Z="0"/><Vertex X="4158" Y="9726" Z="0"/><Vertex X="4228" Y="9726" Z="0"/><Vertex X="4299" Y="9726" Z="0"/><Vertex X="4334" Y="9726" Z="0"/><Vertex X="4404" Y="9726" Z="0"/><Vertex X="4440" Y="9726" Z="0"/><Vertex X="4510" Y="9726" Z="0"/><Vertex X="4581" Y="9726" Z="0"/><Vertex X="4616" Y="9726" Z="0"/><Vertex X="4686" Y="9690" Z="0"/><Vertex X="4792" Y="9690" Z="0"/><Vertex X="4863" Y="9690" Z="0"/><Vertex X="4968" Y="9690" Z="0"/><Vertex X="5074" Y="9690" Z="0"/><Vertex X="5109" Y="9690" Z="0"/><Vertex X="5180" Y="9690" Z="0"/><Vertex X="5250" Y="9690" Z="0"/><Vertex X="5285" Y="9690" Z="0"/><Vertex X="5356" Y="9620" Z="0"/><Vertex X="5462" Y="9620" Z="0"/><Vertex X="5497" Y="9549" Z="0"/><Vertex X="5603" Y="9514" Z="0"/><Vertex X="5708" Y="9514" Z="0"/><Vertex X="5708" Y="9444" Z="0"/><Vertex X="5779" Y="9444" Z="0"/><Vertex X="5884" Y="9338" Z="0"/><Vertex X="5955" Y="9268" Z="0"/><Vertex X="6025" Y="9197" Z="0"/><Vertex X="6096" Y="9197" Z="0"/><Vertex X="6096" Y="9162" Z="0"/><Vertex X="6131" Y="9162" Z="0"/><Vertex X="6202" Y="9091" Z="0"/><Vertex X="6237" Y="9091" Z="0"/><Vertex X="6307" Y="9021" Z="0"/><Vertex X="6378" Y="9021" Z="0"/><Vertex X="6378" Y="8986" Z="0"/><Vertex X="6413" Y="8986" Z="0"/><Vertex X="6483" Y="8986" Z="0"/><Vertex X="6554" Y="8986" Z="0"/><Vertex X="6554" Y="8915" Z="0"/><Vertex X="6589" Y="8915" Z="0"/><Vertex X="6660" Y="8915" Z="0"/><Vertex X="6695" Y="8915" Z="0"/><Vertex X="6765" Y="8915" Z="0"/><Vertex X="6836" Y="8915" Z="0"/><Vertex X="6871" Y="8915" Z="0"/><Vertex X="6871" Y="8880" Z="0"/><Vertex X="6942" Y="8880" Z="0"/><Vertex X="7047" Y="8880" Z="0"/><Vertex X="7083" Y="8880" Z="0"/><Vertex X="7083" Y="8809" Z="0"/><Vertex X="7153" Y="8809" Z="0"/><Vertex X="7223" Y="8739" Z="0"/><Vertex X="7259" Y="8739" Z="0"/><Vertex X="7259" Y="8704" Z="0"/><Vertex X="7329" Y="8704" Z="0"/><Vertex X="7329" Y="8633" Z="0"/><Vertex X="7364" Y="8633" Z="0"/><Vertex X="7364" Y="8563" Z="0"/><Vertex X="7435" Y="8563" Z="0"/><Vertex X="7435" Y="8528" Z="0"/><Vertex X="7505" Y="8528" Z="0"/><Vertex X="7505" Y="8457" Z="0"/><Vertex X="7541" Y="8457" Z="0"/><Vertex X="7541" Y="8422" Z="0"/><Vertex X="7611" Y="8422" Z="0"/><Vertex X="7611" Y="8316" Z="0"/><Vertex X="7646" Y="8316" Z="0"/><Vertex X="7646" Y="8246" Z="0"/><Vertex X="7717" Y="8175" Z="0"/><Vertex X="7787" Y="8140" Z="0"/><Vertex X="7823" Y="8140" Z="0"/><Vertex X="7893" Y="8140" Z="0"/><Vertex X="7963" Y="8140" Z="0"/><Vertex X="7999" Y="8140" Z="0"/><Vertex X="7999" Y="8069" Z="0"/><Vertex X="8069" Y="8069" Z="0"/><Vertex X="8069" Y="8034" Z="0"/><Vertex X="8069" Y="7964" Z="0"/><Vertex X="8104" Y="7964" Z="0"/><Vertex X="8104" Y="7893" Z="0"/><Vertex X="8104" Y="7823" Z="0"/><Vertex X="8104" Y="7717" Z="0"/><Vertex X="8104" Y="7647" Z="0"/><Vertex X="8104" Y="7576" Z="0"/><Vertex X="8104" Y="7470" Z="0"/><Vertex X="8104" Y="7400" Z="0"/><Vertex X="8104" Y="7365" Z="0"/><Vertex X="8104" Y="7294" Z="0"/><Vertex X="8034" Y="7294" Z="0"/><Vertex X="8034" Y="7259" Z="0"/><Vertex X="7999" Y="7259" Z="0"/><Vertex X="7999" Y="7153" Z="0"/><Vertex X="7928" Y="7153" Z="0"/><Vertex X="7928" Y="7083" Z="0"/><Vertex X="7823" Y="7083" Z="0"/><Vertex X="7823" Y="7048" Z="0"/><Vertex X="7752" Y="7048" Z="0"/><Vertex X="7646" Y="7048" Z="0"/><Vertex X="7576" Y="7048" Z="0"/><Vertex X="7541" Y="7048" Z="0"/><Vertex X="7470" Y="7048" Z="0"/><Vertex X="7435" Y="7048" Z="0"/><Vertex X="7364" Y="7048" Z="0"/><Vertex X="7294" Y="7048" Z="0"/><Vertex X="7294" Y="6977" Z="0"/><Vertex X="7259" Y="6977" Z="0"/><Vertex X="7188" Y="6977" Z="0"/><Vertex X="7153" Y="6977" Z="0"/><Vertex X="7153" Y="6942" Z="0"/><Vertex X="7047" Y="6942" Z="0"/><Vertex X="6977" Y="6942" Z="0"/><Vertex X="6942" Y="6942" Z="0"/><Vertex X="6836" Y="6942" Z="0"/><Vertex X="6730" Y="6942" Z="0"/><Vertex X="6660" Y="6942" Z="0"/><Vertex X="6554" Y="7012" Z="0"/><Vertex X="6483" Y="7012" Z="0"/><Vertex X="6448" Y="7012" Z="0"/><Vertex X="6378" Y="7083" Z="0"/><Vertex X="6307" Y="7189" Z="0"/><Vertex X="6237" Y="7224" Z="0"/><Vertex X="6202" Y="7294" Z="0"/><Vertex X="6131" Y="7294" Z="0"/><Vertex X="6131" Y="7294" Z="0"/><Vertex X="6131" Y="7330" Z="0"/><Vertex X="6131" Y="7365" Z="0"/><Vertex X="6166" Y="7330" Z="0"/></Vertices></Region><Region Id="6" Type="0" Zoom="0.028378" Selected="0" ImageLocation="" ImageFocus="-1" Length="25588.2" Area="18346485.0" LengthMicrons="12625.2" AreaMicrons="4466333.8" Text="" NegativeROA="0" InputRegionId="0" Analyze="1" DisplayId="6"><Attributes></Attributes><Vertices><Vertex X="24631" Y="14166" Z="0"/><Vertex X="24702" Y="14166" Z="0"/><Vertex X="24702" Y="14130" Z="0"/><Vertex X="24737" Y="14130" Z="0"/><Vertex X="24737" Y="14060" Z="0"/><Vertex X="24842" Y="14060" Z="0"/><Vertex X="24842" Y="14025" Z="0"/><Vertex X="24878" Y="14025" Z="0"/><Vertex X="24878" Y="13954" Z="0"/><Vertex X="24948" Y="13954" Z="0"/><Vertex X="25019" Y="13884" Z="0"/><Vertex X="25054" Y="13884" Z="0"/><Vertex X="25124" Y="13849" Z="0"/><Vertex X="25195" Y="13849" Z="0"/><Vertex X="25265" Y="13849" Z="0"/><Vertex X="25265" Y="13778" Z="0"/><Vertex X="25371" Y="13778" Z="0"/><Vertex X="25477" Y="13778" Z="0"/><Vertex X="25582" Y="13708" Z="0"/><Vertex X="25653" Y="13708" Z="0"/><Vertex X="25723" Y="13708" Z="0"/><Vertex X="25829" Y="13637" Z="0"/><Vertex X="25864" Y="13637" Z="0"/><Vertex X="25935" Y="13637" Z="0"/><Vertex X="25935" Y="13602" Z="0"/><Vertex X="25970" Y="13602" Z="0"/><Vertex X="26076" Y="13531" Z="0"/><Vertex X="26181" Y="13461" Z="0"/><Vertex X="26287" Y="13390" Z="0"/><Vertex X="26393" Y="13320" Z="0"/><Vertex X="26428" Y="13320" Z="0"/><Vertex X="26499" Y="13249" Z="0"/><Vertex X="26569" Y="13249" Z="0"/><Vertex X="26604" Y="13249" Z="0"/><Vertex X="26675" Y="13214" Z="0"/><Vertex X="26745" Y="13214" Z="0"/><Vertex X="26781" Y="13144" Z="0"/><Vertex X="26851" Y="13144" Z="0"/><Vertex X="26851" Y="13073" Z="0"/><Vertex X="26921" Y="13073" Z="0"/><Vertex X="26921" Y="13038" Z="0"/><Vertex X="26957" Y="13038" Z="0"/><Vertex X="26957" Y="12932" Z="0"/><Vertex X="27062" Y="12932" Z="0"/><Vertex X="27062" Y="12827" Z="0"/><Vertex X="27098" Y="12827" Z="0"/><Vertex X="27098" Y="12791" Z="0"/><Vertex X="27203" Y="12791" Z="0"/><Vertex X="27203" Y="12721" Z="0"/><Vertex X="27274" Y="12721" Z="0"/><Vertex X="27274" Y="12615" Z="0"/><Vertex X="27309" Y="12615" Z="0"/><Vertex X="27380" Y="12580" Z="0"/><Vertex X="27450" Y="12580" Z="0"/><Vertex X="27556" Y="12509" Z="0"/><Vertex X="27591" Y="12509" Z="0"/><Vertex X="27697" Y="12439" Z="0"/><Vertex X="27802" Y="12439" Z="0"/><Vertex X="27802" Y="12369" Z="0"/><Vertex X="27873" Y="12369" Z="0"/><Vertex X="27873" Y="12333" Z="0"/><Vertex X="27943" Y="12333" Z="0"/><Vertex X="27943" Y="12228" Z="0"/><Vertex X="27979" Y="12228" Z="0"/><Vertex X="27979" Y="12157" Z="0"/><Vertex X="28120" Y="12016" Z="0"/><Vertex X="28155" Y="11910" Z="0"/><Vertex X="28225" Y="11875" Z="0"/><Vertex X="28296" Y="11769" Z="0"/><Vertex X="28366" Y="11664" Z="0"/><Vertex X="28437" Y="11558" Z="0"/><Vertex X="28507" Y="11452" Z="0"/><Vertex X="28578" Y="11417" Z="0"/><Vertex X="28578" Y="11347" Z="0"/><Vertex X="28648" Y="11241" Z="0"/><Vertex X="28754" Y="11135" Z="0"/><Vertex X="28860" Y="11065" Z="0"/><Vertex X="28965" Y="11065" Z="0"/><Vertex X="29001" Y="11065" Z="0"/><Vertex X="29001" Y="11100" Z="0"/><Vertex X="29036" Y="11100" Z="0"/><Vertex X="29036" Y="11170" Z="0"/><Vertex X="29036" Y="11206" Z="0"/><Vertex X="29036" Y="11276" Z="0"/><Vertex X="29036" Y="11347" Z="0"/><Vertex X="29036" Y="11382" Z="0"/><Vertex X="29036" Y="11452" Z="0"/><Vertex X="29036" Y="11488" Z="0"/><Vertex X="28965" Y="11558" Z="0"/><Vertex X="28965" Y="11629" Z="0"/><Vertex X="28965" Y="11664" Z="0"/><Vertex X="28965" Y="11734" Z="0"/><Vertex X="28965" Y="11805" Z="0"/><Vertex X="28965" Y="11840" Z="0"/><Vertex X="28965" Y="11910" Z="0"/><Vertex X="28965" Y="11981" Z="0"/><Vertex X="28965" Y="12087" Z="0"/><Vertex X="28965" Y="12157" Z="0"/><Vertex X="28965" Y="12192" Z="0"/><Vertex X="28965" Y="12263" Z="0"/><Vertex X="28965" Y="12298" Z="0"/><Vertex X="28965" Y="12369" Z="0"/><Vertex X="28965" Y="12439" Z="0"/><Vertex X="28965" Y="12474" Z="0"/><Vertex X="28965" Y="12545" Z="0"/><Vertex X="28965" Y="12580" Z="0"/><Vertex X="28965" Y="12650" Z="0"/><Vertex X="28965" Y="12721" Z="0"/><Vertex X="28965" Y="12756" Z="0"/><Vertex X="28965" Y="12827" Z="0"/><Vertex X="28965" Y="12968" Z="0"/><Vertex X="28895" Y="13038" Z="0"/><Vertex X="28895" Y="13144" Z="0"/><Vertex X="28895" Y="13214" Z="0"/><Vertex X="28860" Y="13214" Z="0"/><Vertex X="28860" Y="13249" Z="0"/><Vertex X="28860" Y="13320" Z="0"/><Vertex X="28789" Y="13320" Z="0"/><Vertex X="28789" Y="13390" Z="0"/><Vertex X="28719" Y="13426" Z="0"/><Vertex X="28719" Y="13496" Z="0"/><Vertex X="28683" Y="13496" Z="0"/><Vertex X="28683" Y="13531" Z="0"/><Vertex X="28613" Y="13531" Z="0"/><Vertex X="28613" Y="13602" Z="0"/><Vertex X="28613" Y="13672" Z="0"/><Vertex X="28578" Y="13672" Z="0"/><Vertex X="28578" Y="13708" Z="0"/><Vertex X="28507" Y="13708" Z="0"/><Vertex X="28507" Y="13778" Z="0"/><Vertex X="28437" Y="13849" Z="0"/><Vertex X="28437" Y="13884" Z="0"/><Vertex X="28401" Y="13884" Z="0"/><Vertex X="28401" Y="13954" Z="0"/><Vertex X="28401" Y="13989" Z="0"/><Vertex X="28331" Y="13989" Z="0"/><Vertex X="28331" Y="14060" Z="0"/><Vertex X="28331" Y="14130" Z="0"/><Vertex X="28261" Y="14130" Z="0"/><Vertex X="28261" Y="14166" Z="0"/><Vertex X="28261" Y="14236" Z="0"/><Vertex X="28225" Y="14307" Z="0"/><Vertex X="28225" Y="14377" Z="0"/><Vertex X="28155" Y="14448" Z="0"/><Vertex X="28155" Y="14518" Z="0"/><Vertex X="28084" Y="14518" Z="0"/><Vertex X="28084" Y="14553" Z="0"/><Vertex X="28049" Y="14553" Z="0"/><Vertex X="28049" Y="14624" Z="0"/><Vertex X="27979" Y="14624" Z="0"/><Vertex X="27979" Y="14659" Z="0"/><Vertex X="27908" Y="14659" Z="0"/><Vertex X="27908" Y="14729" Z="0"/><Vertex X="27873" Y="14729" Z="0"/><Vertex X="27873" Y="14800" Z="0"/><Vertex X="27802" Y="14800" Z="0"/><Vertex X="27802" Y="14835" Z="0"/><Vertex X="27767" Y="14835" Z="0"/><Vertex X="27697" Y="14906" Z="0"/><Vertex X="27626" Y="14976" Z="0"/><Vertex X="27626" Y="15011" Z="0"/><Vertex X="27556" Y="15011" Z="0"/><Vertex X="27556" Y="15082" Z="0"/><Vertex X="27521" Y="15152" Z="0"/><Vertex X="27450" Y="15223" Z="0"/><Vertex X="27380" Y="15258" Z="0"/><Vertex X="27309" Y="15329" Z="0"/><Vertex X="27274" Y="15399" Z="0"/><Vertex X="27203" Y="15399" Z="0"/><Vertex X="27203" Y="15469" Z="0"/><Vertex X="27133" Y="15469" Z="0"/><Vertex X="27133" Y="15505" Z="0"/><Vertex X="27098" Y="15505" Z="0"/><Vertex X="27027" Y="15505" Z="0"/><Vertex X="27027" Y="15575" Z="0"/><Vertex X="26957" Y="15575" Z="0"/><Vertex X="26886" Y="15646" Z="0"/><Vertex X="26816" Y="15646" Z="0"/><Vertex X="26816" Y="15681" Z="0"/><Vertex X="26745" Y="15751" Z="0"/><Vertex X="26745" Y="15822" Z="0"/><Vertex X="26675" Y="15822" Z="0"/><Vertex X="26675" Y="15857" Z="0"/><Vertex X="26604" Y="15928" Z="0"/><Vertex X="26534" Y="15998" Z="0"/><Vertex X="26463" Y="16033" Z="0"/><Vertex X="26428" Y="16104" Z="0"/><Vertex X="26358" Y="16174" Z="0"/><Vertex X="26287" Y="16245" Z="0"/><Vertex X="26217" Y="16315" Z="0"/><Vertex X="26217" Y="16350" Z="0"/><Vertex X="26181" Y="16350" Z="0"/><Vertex X="26181" Y="16421" Z="0"/><Vertex X="26111" Y="16421" Z="0"/><Vertex X="26111" Y="16456" Z="0"/><Vertex X="26041" Y="16456" Z="0"/><Vertex X="26041" Y="16527" Z="0"/><Vertex X="25970" Y="16527" Z="0"/><Vertex X="25970" Y="16597" Z="0"/><Vertex X="25864" Y="16597" Z="0"/><Vertex X="25759" Y="16632" Z="0"/><Vertex X="25688" Y="16632" Z="0"/><Vertex X="25688" Y="16703" Z="0"/><Vertex X="25618" Y="16703" Z="0"/><Vertex X="25547" Y="16773" Z="0"/><Vertex X="25477" Y="16844" Z="0"/><Vertex X="25442" Y="16879" Z="0"/><Vertex X="25371" Y="16949" Z="0"/><Vertex X="25301" Y="17020" Z="0"/><Vertex X="25195" Y="17090" Z="0"/><Vertex X="25124" Y="17161" Z="0"/><Vertex X="25054" Y="17196" Z="0"/><Vertex X="24948" Y="17267" Z="0"/><Vertex X="24878" Y="17337" Z="0"/><Vertex X="24807" Y="17408" Z="0"/><Vertex X="24772" Y="17478" Z="0"/><Vertex X="24702" Y="17513" Z="0"/><Vertex X="24596" Y="17513" Z="0"/><Vertex X="24596" Y="17584" Z="0"/><Vertex X="24490" Y="17584" Z="0"/><Vertex X="24490" Y="17654" Z="0"/><Vertex X="24455" Y="17654" Z="0"/><Vertex X="24455" Y="17725" Z="0"/><Vertex X="24384" Y="17725" Z="0"/><Vertex X="24314" Y="17795" Z="0"/><Vertex X="24243" Y="17795" Z="0"/><Vertex X="24243" Y="17866" Z="0"/><Vertex X="24138" Y="17866" Z="0"/><Vertex X="24032" Y="17936" Z="0"/><Vertex X="23962" Y="17971" Z="0"/><Vertex X="23891" Y="18042" Z="0"/><Vertex X="23821" Y="18042" Z="0"/><Vertex X="23785" Y="18042" Z="0"/><Vertex X="23785" Y="18112" Z="0"/><Vertex X="23715" Y="18112" Z="0"/><Vertex X="23644" Y="18112" Z="0"/><Vertex X="23644" Y="18148" Z="0"/><Vertex X="23609" Y="18148" Z="0"/><Vertex X="23539" Y="18148" Z="0"/><Vertex X="23539" Y="18218" Z="0"/><Vertex X="23503" Y="18218" Z="0"/><Vertex X="23433" Y="18218" Z="0"/><Vertex X="23433" Y="18253" Z="0"/><Vertex X="23362" Y="18253" Z="0"/><Vertex X="23327" Y="18253" Z="0"/><Vertex X="23222" Y="18253" Z="0"/><Vertex X="23186" Y="18253" Z="0"/><Vertex X="23116" Y="18253" Z="0"/><Vertex X="23045" Y="18253" Z="0"/><Vertex X="23010" Y="18183" Z="0"/><Vertex X="23010" Y="18077" Z="0"/><Vertex X="23010" Y="18042" Z="0"/><Vertex X="22940" Y="18042" Z="0"/><Vertex X="22940" Y="17971" Z="0"/><Vertex X="22869" Y="17901" Z="0"/><Vertex X="22869" Y="17866" Z="0"/><Vertex X="22834" Y="17866" Z="0"/><Vertex X="22834" Y="17795" Z="0"/><Vertex X="22728" Y="17795" Z="0"/><Vertex X="22728" Y="17689" Z="0"/><Vertex X="22658" Y="17689" Z="0"/><Vertex X="22587" Y="17619" Z="0"/><Vertex X="22552" Y="17619" Z="0"/><Vertex X="22482" Y="17513" Z="0"/><Vertex X="22411" Y="17513" Z="0"/><Vertex X="22341" Y="17408" Z="0"/><Vertex X="22270" Y="17408" Z="0"/><Vertex X="22164" Y="17302" Z="0"/><Vertex X="22059" Y="17302" Z="0"/><Vertex X="21988" Y="17196" Z="0"/><Vertex X="21953" Y="17196" Z="0"/><Vertex X="21882" Y="17090" Z="0"/><Vertex X="21812" Y="17090" Z="0"/><Vertex X="21777" Y="17055" Z="0"/><Vertex X="21671" Y="17055" Z="0"/><Vertex X="21671" Y="16985" Z="0"/><Vertex X="21601" Y="16985" Z="0"/><Vertex X="21601" Y="16914" Z="0"/><Vertex X="21601" Y="16844" Z="0"/><Vertex X="21601" Y="16773" Z="0"/><Vertex X="21636" Y="16773" Z="0"/><Vertex X="21636" Y="16738" Z="0"/><Vertex X="21636" Y="16668" Z="0"/><Vertex X="21706" Y="16668" Z="0"/><Vertex X="21706" Y="16562" Z="0"/><Vertex X="21706" Y="16527" Z="0"/><Vertex X="21777" Y="16456" Z="0"/><Vertex X="21812" Y="16386" Z="0"/><Vertex X="21882" Y="16386" Z="0"/><Vertex X="21953" Y="16315" Z="0"/><Vertex X="22023" Y="16315" Z="0"/><Vertex X="22094" Y="16315" Z="0"/><Vertex X="22094" Y="16280" Z="0"/><Vertex X="22164" Y="16280" Z="0"/><Vertex X="22200" Y="16280" Z="0"/><Vertex X="22270" Y="16209" Z="0"/><Vertex X="22376" Y="16209" Z="0"/><Vertex X="22411" Y="16209" Z="0"/><Vertex X="22411" Y="16139" Z="0"/><Vertex X="22482" Y="16139" Z="0"/><Vertex X="22552" Y="16104" Z="0"/><Vertex X="22587" Y="16104" Z="0"/><Vertex X="22587" Y="16033" Z="0"/><Vertex X="22658" Y="16033" Z="0"/><Vertex X="22658" Y="15963" Z="0"/><Vertex X="22763" Y="15963" Z="0"/><Vertex X="22834" Y="15928" Z="0"/><Vertex X="22940" Y="15928" Z="0"/><Vertex X="22940" Y="15857" Z="0"/><Vertex X="23045" Y="15857" Z="0"/><Vertex X="23081" Y="15787" Z="0"/><Vertex X="23186" Y="15787" Z="0"/><Vertex X="23292" Y="15716" Z="0"/><Vertex X="23398" Y="15646" Z="0"/><Vertex X="23468" Y="15610" Z="0"/><Vertex X="23468" Y="15505" Z="0"/><Vertex X="23503" Y="15505" Z="0"/><Vertex X="23503" Y="15399" Z="0"/><Vertex X="23574" Y="15364" Z="0"/><Vertex X="23574" Y="15223" Z="0"/><Vertex X="23644" Y="15117" Z="0"/><Vertex X="23750" Y="15047" Z="0"/><Vertex X="23785" Y="14976" Z="0"/><Vertex X="23856" Y="14976" Z="0"/><Vertex X="23926" Y="14941" Z="0"/><Vertex X="23962" Y="14941" Z="0"/><Vertex X="24032" Y="14870" Z="0"/><Vertex X="24102" Y="14870" Z="0"/><Vertex X="24138" Y="14870" Z="0"/><Vertex X="24208" Y="14800" Z="0"/><Vertex X="24314" Y="14800" Z="0"/><Vertex X="24279" Y="14765" Z="0"/><Vertex X="24349" Y="14694" Z="0"/><Vertex X="24384" Y="14694" Z="0"/><Vertex X="24384" Y="14659" Z="0"/><Vertex X="24455" Y="14589" Z="0"/><Vertex X="24455" Y="14518" Z="0"/><Vertex X="24455" Y="14483" Z="0"/><Vertex X="24525" Y="14483" Z="0"/><Vertex X="24525" Y="14412" Z="0"/><Vertex X="24561" Y="14342" Z="0"/><Vertex X="24561" Y="14307" Z="0"/><Vertex X="24631" Y="14307" Z="0"/><Vertex X="24631" Y="14236" Z="0"/><Vertex X="24631" Y="14166" Z="0"/></Vertices></Region><Region Id="7" Type="0" Zoom="0.028378" Selected="0" ImageLocation="" ImageFocus="-1" Length="9353.3" Area="3640148.5" LengthMicrons="4614.9" AreaMicrons="886170.7" Text="" NegativeROA="0" InputRegionId="0" Analyze="1" DisplayId="7"><Attributes></Attributes><Vertices><Vertex X="20050" Y="24314" Z="0"/><Vertex X="19980" Y="24385" Z="0"/><Vertex X="19909" Y="24385" Z="0"/><Vertex X="19839" Y="24385" Z="0"/><Vertex X="19803" Y="24455" Z="0"/><Vertex X="19733" Y="24455" Z="0"/><Vertex X="19662" Y="24455" Z="0"/><Vertex X="19627" Y="24455" Z="0"/><Vertex X="19557" Y="24490" Z="0"/><Vertex X="19451" Y="24490" Z="0"/><Vertex X="19451" Y="24561" Z="0"/><Vertex X="19416" Y="24561" Z="0"/><Vertex X="19416" Y="24631" Z="0"/><Vertex X="19345" Y="24667" Z="0"/><Vertex X="19345" Y="24737" Z="0"/><Vertex X="19345" Y="24808" Z="0"/><Vertex X="19275" Y="24808" Z="0"/><Vertex X="19275" Y="24843" Z="0"/><Vertex X="19204" Y="24913" Z="0"/><Vertex X="19134" Y="24913" Z="0"/><Vertex X="19134" Y="24984" Z="0"/><Vertex X="19028" Y="24984" Z="0"/><Vertex X="18958" Y="24984" Z="0"/><Vertex X="18887" Y="24984" Z="0"/><Vertex X="18817" Y="24984" Z="0"/><Vertex X="18782" Y="24984" Z="0"/><Vertex X="18711" Y="24984" Z="0"/><Vertex X="18641" Y="24984" Z="0"/><Vertex X="18641" Y="25019" Z="0"/><Vertex X="18535" Y="25019" Z="0"/><Vertex X="18429" Y="25089" Z="0"/><Vertex X="18323" Y="25089" Z="0"/><Vertex X="18323" Y="25160" Z="0"/><Vertex X="18253" Y="25160" Z="0"/><Vertex X="18182" Y="25230" Z="0"/><Vertex X="18077" Y="25230" Z="0"/><Vertex X="18077" Y="25301" Z="0"/><Vertex X="18042" Y="25301" Z="0"/><Vertex X="17971" Y="25371" Z="0"/><Vertex X="17971" Y="25442" Z="0"/><Vertex X="17901" Y="25442" Z="0"/><Vertex X="17865" Y="25442" Z="0"/><Vertex X="17865" Y="25477" Z="0"/><Vertex X="17795" Y="25477" Z="0"/><Vertex X="17724" Y="25548" Z="0"/><Vertex X="17724" Y="25618" Z="0"/><Vertex X="17724" Y="25653" Z="0"/><Vertex X="17724" Y="25724" Z="0"/><Vertex X="17724" Y="25759" Z="0"/><Vertex X="17724" Y="25829" Z="0"/><Vertex X="17760" Y="25829" Z="0"/><Vertex X="17760" Y="25900" Z="0"/><Vertex X="17795" Y="25900" Z="0"/><Vertex X="17795" Y="25970" Z="0"/><Vertex X="17865" Y="25970" Z="0"/><Vertex X="17865" Y="26076" Z="0"/><Vertex X="17936" Y="26076" Z="0"/><Vertex X="17936" Y="26182" Z="0"/><Vertex X="18006" Y="26182" Z="0"/><Vertex X="18006" Y="26217" Z="0"/><Vertex X="18077" Y="26217" Z="0"/><Vertex X="18182" Y="26217" Z="0"/><Vertex X="18253" Y="26217" Z="0"/><Vertex X="18359" Y="26217" Z="0"/><Vertex X="18464" Y="26217" Z="0"/><Vertex X="18500" Y="26217" Z="0"/><Vertex X="18570" Y="26217" Z="0"/><Vertex X="18605" Y="26217" Z="0"/><Vertex X="18676" Y="26217" Z="0"/><Vertex X="18782" Y="26217" Z="0"/><Vertex X="18852" Y="26217" Z="0"/><Vertex X="18852" Y="26288" Z="0"/><Vertex X="18958" Y="26288" Z="0"/><Vertex X="19063" Y="26288" Z="0"/><Vertex X="19134" Y="26288" Z="0"/><Vertex X="19134" Y="26252" Z="0"/><Vertex X="19204" Y="26252" Z="0"/><Vertex X="19275" Y="26182" Z="0"/><Vertex X="19310" Y="26182" Z="0"/><Vertex X="19310" Y="26147" Z="0"/><Vertex X="19381" Y="26147" Z="0"/><Vertex X="19451" Y="26147" Z="0"/><Vertex X="19486" Y="26147" Z="0"/><Vertex X="19486" Y="26076" Z="0"/><Vertex X="19557" Y="26076" Z="0"/><Vertex X="19592" Y="26076" Z="0"/><Vertex X="19698" Y="26006" Z="0"/><Vertex X="19803" Y="26006" Z="0"/><Vertex X="19803" Y="25970" Z="0"/><Vertex X="19909" Y="25970" Z="0"/><Vertex X="19944" Y="25900" Z="0"/><Vertex X="20015" Y="25900" Z="0"/><Vertex X="20015" Y="25829" Z="0"/><Vertex X="20050" Y="25829" Z="0"/><Vertex X="20121" Y="25759" Z="0"/><Vertex X="20191" Y="25759" Z="0"/><Vertex X="20191" Y="25688" Z="0"/><Vertex X="20262" Y="25688" Z="0"/><Vertex X="20297" Y="25618" Z="0"/><Vertex X="20402" Y="25618" Z="0"/><Vertex X="20402" Y="25583" Z="0"/><Vertex X="20473" Y="25583" Z="0"/><Vertex X="20473" Y="25512" Z="0"/><Vertex X="20508" Y="25512" Z="0"/><Vertex X="20508" Y="25442" Z="0"/><Vertex X="20579" Y="25407" Z="0"/><Vertex X="20649" Y="25336" Z="0"/><Vertex X="20649" Y="25266" Z="0"/><Vertex X="20684" Y="25266" Z="0"/><Vertex X="20684" Y="25230" Z="0"/><Vertex X="20684" Y="25160" Z="0"/><Vertex X="20755" Y="25054" Z="0"/><Vertex X="20755" Y="24984" Z="0"/><Vertex X="20755" Y="24913" Z="0"/><Vertex X="20755" Y="24843" Z="0"/><Vertex X="20755" Y="24808" Z="0"/><Vertex X="20684" Y="24737" Z="0"/><Vertex X="20684" Y="24667" Z="0"/><Vertex X="20614" Y="24667" Z="0"/><Vertex X="20614" Y="24631" Z="0"/><Vertex X="20543" Y="24561" Z="0"/><Vertex X="20543" Y="24490" Z="0"/><Vertex X="20543" Y="24455" Z="0"/><Vertex X="20543" Y="24385" Z="0"/><Vertex X="20508" Y="24314" Z="0"/><Vertex X="20438" Y="24314" Z="0"/><Vertex X="20367" Y="24314" Z="0"/><Vertex X="20332" Y="24314" Z="0"/><Vertex X="20226" Y="24314" Z="0"/><Vertex X="20156" Y="24314" Z="0"/><Vertex X="20085" Y="24314" Z="0"/><Vertex X="20015" Y="24279" Z="0"/><Vertex X="20050" Y="24314" Z="0"/></Vertices></Region></Regions><Plots></Plots></Annotation></Annotations>
