<Annotations MicronsPerPixel="0.493400">
	<Annotation Id="1" Name="" ReadOnly="0" NameReadOnly="0" LineColorReadOnly="0" Incremental="0" Type="4" LineColor="16776960" Visible="1" Selected="1" MarkupImagePath="" MacroName=""><Attributes></Attributes><Regions><RegionAttributeHeaders></RegionAttributeHeaders><Region Id="1" Type="0" Zoom="0.035713" Selected="0" ImageLocation="" ImageFocus="-1" Length="27690.0" Area="25505088.0" LengthMicrons="13662.3" AreaMicrons="6209049.6" Text="" NegativeROA="0" InputRegionId="0" Analyze="1" DisplayId="1"><Attributes></Attributes><Vertices><Vertex X="27273" Y="4705" Z="0"/><Vertex X="27245" Y="4705" Z="0"/><Vertex X="27245" Y="4677" Z="0"/><Vertex X="27189" Y="4677" Z="0"/><Vertex X="27133" Y="4677" Z="0"/><Vertex X="27105" Y="4677" Z="0"/><Vertex X="27049" Y="4677" Z="0"/><Vertex X="26993" Y="4677" Z="0"/><Vertex X="26965" Y="4677" Z="0"/><Vertex X="26909" Y="4705" Z="0"/><Vertex X="26825" Y="4705" Z="0"/><Vertex X="26769" Y="4761" Z="0"/><Vertex X="26713" Y="4761" Z="0"/><Vertex X="26657" Y="4789" Z="0"/><Vertex X="26629" Y="4789" Z="0"/><Vertex X="26629" Y="4845" Z="0"/><Vertex X="26573" Y="4845" Z="0"/><Vertex X="26517" Y="4901" Z="0"/><Vertex X="26517" Y="4929" Z="0"/><Vertex X="26489" Y="4929" Z="0"/><Vertex X="26489" Y="4985" Z="0"/><Vertex X="26489" Y="5013" Z="0"/><Vertex X="26433" Y="5013" Z="0"/><Vertex X="26433" Y="5069" Z="0"/><Vertex X="26433" Y="5125" Z="0"/><Vertex X="26377" Y="5153" Z="0"/><Vertex X="26377" Y="5209" Z="0"/><Vertex X="26349" Y="5209" Z="0"/><Vertex X="26349" Y="5265" Z="0"/><Vertex X="26293" Y="5265" Z="0"/><Vertex X="26293" Y="5293" Z="0"/><Vertex X="26237" Y="5349" Z="0"/><Vertex X="26209" Y="5349" Z="0"/><Vertex X="26209" Y="5405" Z="0"/><Vertex X="26153" Y="5405" Z="0"/><Vertex X="26153" Y="5433" Z="0"/><Vertex X="26097" Y="5433" Z="0"/><Vertex X="26069" Y="5489" Z="0"/><Vertex X="26013" Y="5489" Z="0"/><Vertex X="25957" Y="5545" Z="0"/><Vertex X="25929" Y="5545" Z="0"/><Vertex X="25929" Y="5573" Z="0"/><Vertex X="25873" Y="5573" Z="0"/><Vertex X="25817" Y="5629" Z="0"/><Vertex X="25789" Y="5629" Z="0"/><Vertex X="25789" Y="5685" Z="0"/><Vertex X="25789" Y="5713" Z="0"/><Vertex X="25789" Y="5769" Z="0"/><Vertex X="25789" Y="5825" Z="0"/><Vertex X="25789" Y="5853" Z="0"/><Vertex X="25789" Y="5909" Z="0"/><Vertex X="25789" Y="5937" Z="0"/><Vertex X="25789" Y="5993" Z="0"/><Vertex X="25789" Y="6049" Z="0"/><Vertex X="25789" Y="6077" Z="0"/><Vertex X="25789" Y="6161" Z="0"/><Vertex X="25789" Y="6189" Z="0"/><Vertex X="25789" Y="6245" Z="0"/><Vertex X="25789" Y="6329" Z="0"/><Vertex X="25789" Y="6385" Z="0"/><Vertex X="25845" Y="6441" Z="0"/><Vertex X="25845" Y="6497" Z="0"/><Vertex X="25845" Y="6525" Z="0"/><Vertex X="25845" Y="6581" Z="0"/><Vertex X="25845" Y="6665" Z="0"/><Vertex X="25845" Y="6693" Z="0"/><Vertex X="25901" Y="6693" Z="0"/><Vertex X="25901" Y="6749" Z="0"/><Vertex X="25901" Y="6777" Z="0"/><Vertex X="25929" Y="6777" Z="0"/><Vertex X="25929" Y="6833" Z="0"/><Vertex X="25985" Y="6833" Z="0"/><Vertex X="25985" Y="6889" Z="0"/><Vertex X="26013" Y="6889" Z="0"/><Vertex X="26069" Y="6917" Z="0"/><Vertex X="26125" Y="6917" Z="0"/><Vertex X="26125" Y="6973" Z="0"/><Vertex X="26153" Y="6973" Z="0"/><Vertex X="26209" Y="6973" Z="0"/><Vertex X="26265" Y="6973" Z="0"/><Vertex X="26265" Y="7029" Z="0"/><Vertex X="26293" Y="7029" Z="0"/><Vertex X="26349" Y="7029" Z="0"/><Vertex X="26377" Y="7029" Z="0"/><Vertex X="26433" Y="7029" Z="0"/><Vertex X="26489" Y="7057" Z="0"/><Vertex X="26517" Y="7057" Z="0"/><Vertex X="26573" Y="7057" Z="0"/><Vertex X="26629" Y="7057" Z="0"/><Vertex X="26629" Y="7113" Z="0"/><Vertex X="26657" Y="7113" Z="0"/><Vertex X="26713" Y="7113" Z="0"/><Vertex X="26797" Y="7113" Z="0"/><Vertex X="26825" Y="7113" Z="0"/><Vertex X="26937" Y="7113" Z="0"/><Vertex X="27021" Y="7113" Z="0"/><Vertex X="27049" Y="7113" Z="0"/><Vertex X="27105" Y="7113" Z="0"/><Vertex X="27161" Y="7169" Z="0"/><Vertex X="27189" Y="7169" Z="0"/><Vertex X="27189" Y="7197" Z="0"/><Vertex X="27245" Y="7197" Z="0"/><Vertex X="27273" Y="7253" Z="0"/><Vertex X="27357" Y="7253" Z="0"/><Vertex X="27357" Y="7309" Z="0"/><Vertex X="27413" Y="7309" Z="0"/><Vertex X="27441" Y="7309" Z="0"/><Vertex X="27497" Y="7365" Z="0"/><Vertex X="27553" Y="7365" Z="0"/><Vertex X="27581" Y="7365" Z="0"/><Vertex X="27581" Y="7393" Z="0"/><Vertex X="27637" Y="7393" Z="0"/><Vertex X="27693" Y="7393" Z="0"/><Vertex X="27721" Y="7393" Z="0"/><Vertex X="27777" Y="7393" Z="0"/><Vertex X="27805" Y="7393" Z="0"/><Vertex X="27861" Y="7393" Z="0"/><Vertex X="27917" Y="7393" Z="0"/><Vertex X="27945" Y="7393" Z="0"/><Vertex X="28001" Y="7393" Z="0"/><Vertex X="28029" Y="7393" Z="0"/><Vertex X="28085" Y="7393" Z="0"/><Vertex X="28141" Y="7393" Z="0"/><Vertex X="28169" Y="7393" Z="0"/><Vertex X="28225" Y="7393" Z="0"/><Vertex X="28309" Y="7365" Z="0"/><Vertex X="28337" Y="7365" Z="0"/><Vertex X="28393" Y="7365" Z="0"/><Vertex X="28477" Y="7309" Z="0"/><Vertex X="28533" Y="7309" Z="0"/><Vertex X="28589" Y="7309" Z="0"/><Vertex X="28589" Y="7281" Z="0"/><Vertex X="28617" Y="7281" Z="0"/><Vertex X="28673" Y="7281" Z="0"/><Vertex X="28729" Y="7281" Z="0"/><Vertex X="28729" Y="7225" Z="0"/><Vertex X="28757" Y="7225" Z="0"/><Vertex X="28813" Y="7225" Z="0"/><Vertex X="28869" Y="7225" Z="0"/><Vertex X="28953" Y="7225" Z="0"/><Vertex X="29037" Y="7225" Z="0"/><Vertex X="29065" Y="7225" Z="0"/><Vertex X="29065" Y="7197" Z="0"/><Vertex X="29121" Y="7197" Z="0"/><Vertex X="29177" Y="7197" Z="0"/><Vertex X="29233" Y="7197" Z="0"/><Vertex X="29317" Y="7197" Z="0"/><Vertex X="29401" Y="7197" Z="0"/><Vertex X="29429" Y="7197" Z="0"/><Vertex X="29485" Y="7197" Z="0"/><Vertex X="29513" Y="7197" Z="0"/><Vertex X="29569" Y="7197" Z="0"/><Vertex X="29625" Y="7197" Z="0"/><Vertex X="29653" Y="7197" Z="0"/><Vertex X="29709" Y="7197" Z="0"/><Vertex X="29737" Y="7197" Z="0"/><Vertex X="29793" Y="7197" Z="0"/><Vertex X="29849" Y="7197" Z="0"/><Vertex X="29877" Y="7197" Z="0"/><Vertex X="29933" Y="7197" Z="0"/><Vertex X="29961" Y="7197" Z="0"/><Vertex X="30017" Y="7197" Z="0"/><Vertex X="30073" Y="7197" Z="0"/><Vertex X="30101" Y="7197" Z="0"/><Vertex X="30157" Y="7197" Z="0"/><Vertex X="30185" Y="7197" Z="0"/><Vertex X="30241" Y="7197" Z="0"/><Vertex X="30297" Y="7197" Z="0"/><Vertex X="30325" Y="7197" Z="0"/><Vertex X="30381" Y="7197" Z="0"/><Vertex X="30409" Y="7197" Z="0"/><Vertex X="30465" Y="7197" Z="0"/><Vertex X="30521" Y="7197" Z="0"/><Vertex X="30577" Y="7197" Z="0"/><Vertex X="30577" Y="7253" Z="0"/><Vertex X="30633" Y="7253" Z="0"/><Vertex X="30661" Y="7253" Z="0"/><Vertex X="30717" Y="7253" Z="0"/><Vertex X="30717" Y="7281" Z="0"/><Vertex X="30773" Y="7281" Z="0"/><Vertex X="30801" Y="7281" Z="0"/><Vertex X="30857" Y="7281" Z="0"/><Vertex X="30885" Y="7281" Z="0"/><Vertex X="30941" Y="7281" Z="0"/><Vertex X="30997" Y="7337" Z="0"/><Vertex X="31025" Y="7337" Z="0"/><Vertex X="31081" Y="7337" Z="0"/><Vertex X="31137" Y="7337" Z="0"/><Vertex X="31193" Y="7393" Z="0"/><Vertex X="31249" Y="7393" Z="0"/><Vertex X="31305" Y="7393" Z="0"/><Vertex X="31333" Y="7393" Z="0"/><Vertex X="31417" Y="7393" Z="0"/><Vertex X="31473" Y="7393" Z="0"/><Vertex X="31501" Y="7393" Z="0"/><Vertex X="31557" Y="7393" Z="0"/><Vertex X="31585" Y="7393" Z="0"/><Vertex X="31641" Y="7393" Z="0"/><Vertex X="31697" Y="7393" Z="0"/><Vertex X="31725" Y="7393" Z="0"/><Vertex X="31781" Y="7393" Z="0"/><Vertex X="31809" Y="7393" Z="0"/><Vertex X="31865" Y="7393" Z="0"/><Vertex X="31921" Y="7393" Z="0"/><Vertex X="31921" Y="7365" Z="0"/><Vertex X="31977" Y="7365" Z="0"/><Vertex X="32033" Y="7365" Z="0"/><Vertex X="32117" Y="7337" Z="0"/><Vertex X="32145" Y="7337" Z="0"/><Vertex X="32201" Y="7337" Z="0"/><Vertex X="32229" Y="7337" Z="0"/><Vertex X="32229" Y="7281" Z="0"/><Vertex X="32285" Y="7281" Z="0"/><Vertex X="32341" Y="7281" Z="0"/><Vertex X="32369" Y="7281" Z="0"/><Vertex X="32369" Y="7225" Z="0"/><Vertex X="32425" Y="7225" Z="0"/><Vertex X="32453" Y="7225" Z="0"/><Vertex X="32509" Y="7225" Z="0"/><Vertex X="32565" Y="7225" Z="0"/><Vertex X="32593" Y="7225" Z="0"/><Vertex X="32593" Y="7197" Z="0"/><Vertex X="32649" Y="7197" Z="0"/><Vertex X="32677" Y="7197" Z="0"/><Vertex X="32733" Y="7197" Z="0"/><Vertex X="32789" Y="7197" Z="0"/><Vertex X="32789" Y="7141" Z="0"/><Vertex X="32845" Y="7141" Z="0"/><Vertex X="32901" Y="7141" Z="0"/><Vertex X="32929" Y="7141" Z="0"/><Vertex X="32985" Y="7141" Z="0"/><Vertex X="33041" Y="7169" Z="0"/><Vertex X="33069" Y="7169" Z="0"/><Vertex X="33153" Y="7169" Z="0"/><Vertex X="33209" Y="7169" Z="0"/><Vertex X="33265" Y="7169" Z="0"/><Vertex X="33321" Y="7169" Z="0"/><Vertex X="33377" Y="7169" Z="0"/><Vertex X="33377" Y="7225" Z="0"/><Vertex X="33433" Y="7225" Z="0"/><Vertex X="33489" Y="7225" Z="0"/><Vertex X="33517" Y="7225" Z="0"/><Vertex X="33573" Y="7225" Z="0"/><Vertex X="33657" Y="7225" Z="0"/><Vertex X="33713" Y="7225" Z="0"/><Vertex X="33769" Y="7197" Z="0"/><Vertex X="33853" Y="7197" Z="0"/><Vertex X="33881" Y="7197" Z="0"/><Vertex X="33937" Y="7197" Z="0"/><Vertex X="33993" Y="7141" Z="0"/><Vertex X="34077" Y="7141" Z="0"/><Vertex X="34133" Y="7141" Z="0"/><Vertex X="34189" Y="7141" Z="0"/><Vertex X="34273" Y="7085" Z="0"/><Vertex X="34329" Y="7085" Z="0"/><Vertex X="34413" Y="7029" Z="0"/><Vertex X="34497" Y="7029" Z="0"/><Vertex X="34581" Y="6973" Z="0"/><Vertex X="34637" Y="6973" Z="0"/><Vertex X="34721" Y="6945" Z="0"/><Vertex X="34805" Y="6945" Z="0"/><Vertex X="34861" Y="6889" Z="0"/><Vertex X="34917" Y="6889" Z="0"/><Vertex X="34973" Y="6833" Z="0"/><Vertex X="35001" Y="6833" Z="0"/><Vertex X="35001" Y="6777" Z="0"/><Vertex X="35057" Y="6777" Z="0"/><Vertex X="35057" Y="6749" Z="0"/><Vertex X="35113" Y="6749" Z="0"/><Vertex X="35141" Y="6749" Z="0"/><Vertex X="35141" Y="6693" Z="0"/><Vertex X="35197" Y="6693" Z="0"/><Vertex X="35225" Y="6693" Z="0"/><Vertex X="35281" Y="6637" Z="0"/><Vertex X="35337" Y="6637" Z="0"/><Vertex X="35365" Y="6637" Z="0"/><Vertex X="35365" Y="6609" Z="0"/><Vertex X="35421" Y="6609" Z="0"/><Vertex X="35477" Y="6609" Z="0"/><Vertex X="35505" Y="6609" Z="0"/><Vertex X="35561" Y="6609" Z="0"/><Vertex X="35589" Y="6609" Z="0"/><Vertex X="35645" Y="6553" Z="0"/><Vertex X="35701" Y="6553" Z="0"/><Vertex X="35729" Y="6553" Z="0"/><Vertex X="35785" Y="6553" Z="0"/><Vertex X="35841" Y="6553" Z="0"/><Vertex X="35869" Y="6553" Z="0"/><Vertex X="35869" Y="6497" Z="0"/><Vertex X="35925" Y="6497" Z="0"/><Vertex X="35953" Y="6497" Z="0"/><Vertex X="36037" Y="6441" Z="0"/><Vertex X="36093" Y="6441" Z="0"/><Vertex X="36149" Y="6413" Z="0"/><Vertex X="36177" Y="6413" Z="0"/><Vertex X="36177" Y="6357" Z="0"/><Vertex X="36233" Y="6301" Z="0"/><Vertex X="36233" Y="6273" Z="0"/><Vertex X="36289" Y="6273" Z="0"/><Vertex X="36289" Y="6217" Z="0"/><Vertex X="36289" Y="6161" Z="0"/><Vertex X="36317" Y="6161" Z="0"/><Vertex X="36317" Y="6133" Z="0"/><Vertex X="36373" Y="6077" Z="0"/><Vertex X="36373" Y="6021" Z="0"/><Vertex X="36373" Y="5993" Z="0"/><Vertex X="36373" Y="5937" Z="0"/><Vertex X="36429" Y="5937" Z="0"/><Vertex X="36429" Y="5909" Z="0"/><Vertex X="36457" Y="5853" Z="0"/><Vertex X="36457" Y="5797" Z="0"/><Vertex X="36457" Y="5769" Z="0"/><Vertex X="36513" Y="5769" Z="0"/><Vertex X="36513" Y="5713" Z="0"/><Vertex X="36569" Y="5657" Z="0"/><Vertex X="36597" Y="5657" Z="0"/><Vertex X="36653" Y="5629" Z="0"/><Vertex X="36709" Y="5629" Z="0"/><Vertex X="36709" Y="5573" Z="0"/><Vertex X="36737" Y="5573" Z="0"/><Vertex X="36737" Y="5517" Z="0"/><Vertex X="36793" Y="5489" Z="0"/><Vertex X="36793" Y="5433" Z="0"/><Vertex X="36849" Y="5433" Z="0"/><Vertex X="36849" Y="5377" Z="0"/><Vertex X="36849" Y="5349" Z="0"/><Vertex X="36877" Y="5349" Z="0"/><Vertex X="36877" Y="5293" Z="0"/><Vertex X="36877" Y="5265" Z="0"/><Vertex X="36877" Y="5209" Z="0"/><Vertex X="36877" Y="5153" Z="0"/><Vertex X="36877" Y="5125" Z="0"/><Vertex X="36877" Y="5069" Z="0"/><Vertex X="36877" Y="5041" Z="0"/><Vertex X="36821" Y="4985" Z="0"/><Vertex X="36821" Y="4929" Z="0"/><Vertex X="36765" Y="4929" Z="0"/><Vertex X="36765" Y="4901" Z="0"/><Vertex X="36737" Y="4901" Z="0"/><Vertex X="36681" Y="4845" Z="0"/><Vertex X="36625" Y="4845" Z="0"/><Vertex X="36625" Y="4789" Z="0"/><Vertex X="36597" Y="4789" Z="0"/><Vertex X="36541" Y="4789" Z="0"/><Vertex X="36513" Y="4789" Z="0"/><Vertex X="36457" Y="4789" Z="0"/><Vertex X="36401" Y="4789" Z="0"/><Vertex X="36373" Y="4789" Z="0"/><Vertex X="36317" Y="4789" Z="0"/><Vertex X="36289" Y="4789" Z="0"/><Vertex X="36233" Y="4789" Z="0"/><Vertex X="36177" Y="4789" Z="0"/><Vertex X="36149" Y="4789" Z="0"/><Vertex X="36093" Y="4789" Z="0"/><Vertex X="36065" Y="4789" Z="0"/><Vertex X="36009" Y="4789" Z="0"/><Vertex X="36009" Y="4761" Z="0"/><Vertex X="35953" Y="4761" Z="0"/><Vertex X="35925" Y="4761" Z="0"/><Vertex X="35869" Y="4761" Z="0"/><Vertex X="35813" Y="4705" Z="0"/><Vertex X="35785" Y="4705" Z="0"/><Vertex X="35729" Y="4705" Z="0"/><Vertex X="35673" Y="4649" Z="0"/><Vertex X="35645" Y="4649" Z="0"/><Vertex X="35589" Y="4649" Z="0"/><Vertex X="35561" Y="4649" Z="0"/><Vertex X="35505" Y="4649" Z="0"/><Vertex X="35449" Y="4649" Z="0"/><Vertex X="35421" Y="4649" Z="0"/><Vertex X="35365" Y="4649" Z="0"/><Vertex X="35337" Y="4649" Z="0"/><Vertex X="35281" Y="4649" Z="0"/><Vertex X="35225" Y="4649" Z="0"/><Vertex X="35197" Y="4649" Z="0"/><Vertex X="35141" Y="4649" Z="0"/><Vertex X="35113" Y="4649" Z="0"/><Vertex X="35057" Y="4649" Z="0"/><Vertex X="35001" Y="4649" Z="0"/><Vertex X="34973" Y="4649" Z="0"/><Vertex X="34917" Y="4649" Z="0"/><Vertex X="34889" Y="4649" Z="0"/><Vertex X="34833" Y="4649" Z="0"/><Vertex X="34777" Y="4649" Z="0"/><Vertex X="34749" Y="4649" Z="0"/><Vertex X="34693" Y="4649" Z="0"/><Vertex X="34665" Y="4649" Z="0"/><Vertex X="34609" Y="4593" Z="0"/><Vertex X="34553" Y="4593" Z="0"/><Vertex X="34553" Y="4565" Z="0"/><Vertex X="34525" Y="4565" Z="0"/><Vertex X="34469" Y="4509" Z="0"/><Vertex X="34413" Y="4509" Z="0"/><Vertex X="34357" Y="4453" Z="0"/><Vertex X="34329" Y="4453" Z="0"/><Vertex X="34273" Y="4453" Z="0"/><Vertex X="34245" Y="4453" Z="0"/><Vertex X="34245" Y="4425" Z="0"/><Vertex X="34189" Y="4425" Z="0"/><Vertex X="34133" Y="4425" Z="0"/><Vertex X="34105" Y="4425" Z="0"/><Vertex X="34049" Y="4425" Z="0"/><Vertex X="34021" Y="4425" Z="0"/><Vertex X="33965" Y="4425" Z="0"/><Vertex X="33909" Y="4425" Z="0"/><Vertex X="33881" Y="4425" Z="0"/><Vertex X="33825" Y="4425" Z="0"/><Vertex X="33797" Y="4425" Z="0"/><Vertex X="33741" Y="4425" Z="0"/><Vertex X="33685" Y="4425" Z="0"/><Vertex X="33657" Y="4425" Z="0"/><Vertex X="33601" Y="4425" Z="0"/><Vertex X="33573" Y="4425" Z="0"/><Vertex X="33517" Y="4425" Z="0"/><Vertex X="33461" Y="4425" Z="0"/><Vertex X="33433" Y="4425" Z="0"/><Vertex X="33377" Y="4425" Z="0"/><Vertex X="33349" Y="4425" Z="0"/><Vertex X="33293" Y="4425" Z="0"/><Vertex X="33237" Y="4425" Z="0"/><Vertex X="33209" Y="4425" Z="0"/><Vertex X="33153" Y="4425" Z="0"/><Vertex X="33125" Y="4425" Z="0"/><Vertex X="33069" Y="4425" Z="0"/><Vertex X="33013" Y="4425" Z="0"/><Vertex X="32985" Y="4425" Z="0"/><Vertex X="32929" Y="4425" Z="0"/><Vertex X="32929" Y="4481" Z="0"/><Vertex X="32873" Y="4481" Z="0"/><Vertex X="32845" Y="4481" Z="0"/><Vertex X="32789" Y="4481" Z="0"/><Vertex X="32761" Y="4481" Z="0"/><Vertex X="32705" Y="4481" Z="0"/><Vertex X="32705" Y="4509" Z="0"/><Vertex X="32649" Y="4509" Z="0"/><Vertex X="32621" Y="4509" Z="0"/><Vertex X="32565" Y="4509" Z="0"/><Vertex X="32537" Y="4509" Z="0"/><Vertex X="32481" Y="4509" Z="0"/><Vertex X="32425" Y="4509" Z="0"/><Vertex X="32425" Y="4565" Z="0"/><Vertex X="32397" Y="4565" Z="0"/><Vertex X="32341" Y="4565" Z="0"/><Vertex X="32313" Y="4565" Z="0"/><Vertex X="32257" Y="4565" Z="0"/><Vertex X="32201" Y="4565" Z="0"/><Vertex X="32173" Y="4621" Z="0"/><Vertex X="32117" Y="4621" Z="0"/><Vertex X="32061" Y="4621" Z="0"/><Vertex X="32033" Y="4621" Z="0"/><Vertex X="32033" Y="4649" Z="0"/><Vertex X="31977" Y="4649" Z="0"/><Vertex X="31949" Y="4649" Z="0"/><Vertex X="31893" Y="4705" Z="0"/><Vertex X="31837" Y="4705" Z="0"/><Vertex X="31809" Y="4705" Z="0"/><Vertex X="31753" Y="4705" Z="0"/><Vertex X="31697" Y="4705" Z="0"/><Vertex X="31669" Y="4705" Z="0"/><Vertex X="31613" Y="4705" Z="0"/><Vertex X="31585" Y="4705" Z="0"/><Vertex X="31529" Y="4705" Z="0"/><Vertex X="31445" Y="4705" Z="0"/><Vertex X="31417" Y="4761" Z="0"/><Vertex X="31361" Y="4761" Z="0"/><Vertex X="31305" Y="4761" Z="0"/><Vertex X="31249" Y="4761" Z="0"/><Vertex X="31193" Y="4761" Z="0"/><Vertex X="31165" Y="4761" Z="0"/><Vertex X="31081" Y="4761" Z="0"/><Vertex X="31025" Y="4761" Z="0"/><Vertex X="30997" Y="4761" Z="0"/><Vertex X="30997" Y="4817" Z="0"/><Vertex X="30941" Y="4817" Z="0"/><Vertex X="30913" Y="4817" Z="0"/><Vertex X="30857" Y="4817" Z="0"/><Vertex X="30801" Y="4817" Z="0"/><Vertex X="30773" Y="4817" Z="0"/><Vertex X="30717" Y="4817" Z="0"/><Vertex X="30689" Y="4817" Z="0"/><Vertex X="30689" Y="4845" Z="0"/><Vertex X="30633" Y="4845" Z="0"/><Vertex X="30577" Y="4845" Z="0"/><Vertex X="30549" Y="4845" Z="0"/><Vertex X="30493" Y="4845" Z="0"/><Vertex X="30465" Y="4845" Z="0"/><Vertex X="30465" Y="4901" Z="0"/><Vertex X="30409" Y="4901" Z="0"/><Vertex X="30353" Y="4901" Z="0"/><Vertex X="30325" Y="4901" Z="0"/><Vertex X="30269" Y="4901" Z="0"/><Vertex X="30241" Y="4901" Z="0"/><Vertex X="30185" Y="4901" Z="0"/><Vertex X="30129" Y="4901" Z="0"/><Vertex X="30101" Y="4957" Z="0"/><Vertex X="30045" Y="4957" Z="0"/><Vertex X="29989" Y="4957" Z="0"/><Vertex X="29961" Y="4957" Z="0"/><Vertex X="29905" Y="4957" Z="0"/><Vertex X="29877" Y="4957" Z="0"/><Vertex X="29821" Y="4957" Z="0"/><Vertex X="29765" Y="4957" Z="0"/><Vertex X="29737" Y="4957" Z="0"/><Vertex X="29681" Y="4957" Z="0"/><Vertex X="29653" Y="4957" Z="0"/><Vertex X="29597" Y="4957" Z="0"/><Vertex X="29597" Y="4929" Z="0"/><Vertex X="29541" Y="4929" Z="0"/><Vertex X="29513" Y="4929" Z="0"/><Vertex X="29457" Y="4929" Z="0"/><Vertex X="29401" Y="4873" Z="0"/><Vertex X="29373" Y="4873" Z="0"/><Vertex X="29317" Y="4873" Z="0"/><Vertex X="29261" Y="4817" Z="0"/><Vertex X="29233" Y="4817" Z="0"/><Vertex X="29177" Y="4817" Z="0"/><Vertex X="29149" Y="4817" Z="0"/><Vertex X="29065" Y="4789" Z="0"/><Vertex X="29009" Y="4789" Z="0"/><Vertex X="28981" Y="4789" Z="0"/><Vertex X="28897" Y="4789" Z="0"/><Vertex X="28841" Y="4789" Z="0"/><Vertex X="28813" Y="4789" Z="0"/><Vertex X="28729" Y="4789" Z="0"/><Vertex X="28645" Y="4789" Z="0"/><Vertex X="28617" Y="4789" Z="0"/><Vertex X="28561" Y="4789" Z="0"/><Vertex X="28477" Y="4789" Z="0"/><Vertex X="28449" Y="4789" Z="0"/><Vertex X="28393" Y="4789" Z="0"/><Vertex X="28365" Y="4789" Z="0"/><Vertex X="28309" Y="4789" Z="0"/><Vertex X="28253" Y="4789" Z="0"/><Vertex X="28225" Y="4789" Z="0"/><Vertex X="28169" Y="4789" Z="0"/><Vertex X="28141" Y="4789" Z="0"/><Vertex X="28085" Y="4789" Z="0"/><Vertex X="28029" Y="4789" Z="0"/><Vertex X="28001" Y="4789" Z="0"/><Vertex X="27945" Y="4789" Z="0"/><Vertex X="27917" Y="4789" Z="0"/><Vertex X="27861" Y="4789" Z="0"/><Vertex X="27805" Y="4789" Z="0"/><Vertex X="27777" Y="4789" Z="0"/><Vertex X="27721" Y="4789" Z="0"/><Vertex X="27693" Y="4789" Z="0"/><Vertex X="27637" Y="4789" Z="0"/><Vertex X="27581" Y="4789" Z="0"/><Vertex X="27553" Y="4789" Z="0"/><Vertex X="27497" Y="4789" Z="0"/><Vertex X="27469" Y="4789" Z="0"/><Vertex X="27469" Y="4733" Z="0"/><Vertex X="27469" Y="4761" Z="0"/><Vertex X="27273" Y="4705" Z="0"/></Vertices></Region><Region Id="2" Type="0" Zoom="0.035713" Selected="0" ImageLocation="" ImageFocus="-1" Length="44064.2" Area="45439464.0" LengthMicrons="21741.3" AreaMicrons="11061945.2" Text="" NegativeROA="0" InputRegionId="0" Analyze="1" DisplayId="2"><Attributes></Attributes><Vertices><Vertex X="23717" Y="11201" Z="0"/><Vertex X="23661" Y="11201" Z="0"/><Vertex X="23577" Y="11201" Z="0"/><Vertex X="23577" Y="11229" Z="0"/><Vertex X="23521" Y="11229" Z="0"/><Vertex X="23465" Y="11229" Z="0"/><Vertex X="23437" Y="11229" Z="0"/><Vertex X="23381" Y="11285" Z="0"/><Vertex X="23325" Y="11285" Z="0"/><Vertex X="23297" Y="11285" Z="0"/><Vertex X="23241" Y="11341" Z="0"/><Vertex X="23185" Y="11341" Z="0"/><Vertex X="23157" Y="11341" Z="0"/><Vertex X="23101" Y="11397" Z="0"/><Vertex X="23017" Y="11397" Z="0"/><Vertex X="23017" Y="11425" Z="0"/><Vertex X="22989" Y="11425" Z="0"/><Vertex X="22905" Y="11509" Z="0"/><Vertex X="22849" Y="11509" Z="0"/><Vertex X="22849" Y="11565" Z="0"/><Vertex X="22821" Y="11565" Z="0"/><Vertex X="22765" Y="11565" Z="0"/><Vertex X="22765" Y="11593" Z="0"/><Vertex X="22709" Y="11593" Z="0"/><Vertex X="22653" Y="11593" Z="0"/><Vertex X="22597" Y="11593" Z="0"/><Vertex X="22513" Y="11593" Z="0"/><Vertex X="22457" Y="11593" Z="0"/><Vertex X="22401" Y="11593" Z="0"/><Vertex X="22289" Y="11593" Z="0"/><Vertex X="22261" Y="11593" Z="0"/><Vertex X="22205" Y="11593" Z="0"/><Vertex X="22149" Y="11593" Z="0"/><Vertex X="22065" Y="11593" Z="0"/><Vertex X="22065" Y="11649" Z="0"/><Vertex X="22009" Y="11649" Z="0"/><Vertex X="21981" Y="11649" Z="0"/><Vertex X="21981" Y="11705" Z="0"/><Vertex X="21925" Y="11705" Z="0"/><Vertex X="21925" Y="11733" Z="0"/><Vertex X="21925" Y="11789" Z="0"/><Vertex X="21925" Y="11845" Z="0"/><Vertex X="21925" Y="11901" Z="0"/><Vertex X="21925" Y="11957" Z="0"/><Vertex X="21925" Y="11985" Z="0"/><Vertex X="21925" Y="12041" Z="0"/><Vertex X="21953" Y="12041" Z="0"/><Vertex X="21953" Y="12125" Z="0"/><Vertex X="21981" Y="12125" Z="0"/><Vertex X="21981" Y="12181" Z="0"/><Vertex X="22037" Y="12181" Z="0"/><Vertex X="22037" Y="12237" Z="0"/><Vertex X="22065" Y="12237" Z="0"/><Vertex X="22065" Y="12265" Z="0"/><Vertex X="22121" Y="12265" Z="0"/><Vertex X="22121" Y="12321" Z="0"/><Vertex X="22177" Y="12321" Z="0"/><Vertex X="22177" Y="12377" Z="0"/><Vertex X="22205" Y="12377" Z="0"/><Vertex X="22261" Y="12405" Z="0"/><Vertex X="22317" Y="12405" Z="0"/><Vertex X="22345" Y="12461" Z="0"/><Vertex X="22401" Y="12461" Z="0"/><Vertex X="22401" Y="12517" Z="0"/><Vertex X="22457" Y="12517" Z="0"/><Vertex X="22485" Y="12573" Z="0"/><Vertex X="22541" Y="12601" Z="0"/><Vertex X="22541" Y="12657" Z="0"/><Vertex X="22597" Y="12657" Z="0"/><Vertex X="22597" Y="12741" Z="0"/><Vertex X="22681" Y="12797" Z="0"/><Vertex X="22737" Y="12881" Z="0"/><Vertex X="22793" Y="12937" Z="0"/><Vertex X="22849" Y="12993" Z="0"/><Vertex X="22933" Y="12993" Z="0"/><Vertex X="23045" Y="13049" Z="0"/><Vertex X="23073" Y="13049" Z="0"/><Vertex X="23129" Y="13049" Z="0"/><Vertex X="23185" Y="13049" Z="0"/><Vertex X="23213" Y="13105" Z="0"/><Vertex X="23297" Y="13105" Z="0"/><Vertex X="23381" Y="13105" Z="0"/><Vertex X="23381" Y="13133" Z="0"/><Vertex X="23437" Y="13133" Z="0"/><Vertex X="23521" Y="13133" Z="0"/><Vertex X="23605" Y="13133" Z="0"/><Vertex X="23605" Y="13189" Z="0"/><Vertex X="23633" Y="13189" Z="0"/><Vertex X="23689" Y="13189" Z="0"/><Vertex X="23689" Y="13217" Z="0"/><Vertex X="23717" Y="13217" Z="0"/><Vertex X="23717" Y="13273" Z="0"/><Vertex X="23773" Y="13273" Z="0"/><Vertex X="23829" Y="13329" Z="0"/><Vertex X="23857" Y="13329" Z="0"/><Vertex X="23913" Y="13329" Z="0"/><Vertex X="23969" Y="13329" Z="0"/><Vertex X="23969" Y="13357" Z="0"/><Vertex X="23997" Y="13357" Z="0"/><Vertex X="24053" Y="13357" Z="0"/><Vertex X="24109" Y="13413" Z="0"/><Vertex X="24137" Y="13413" Z="0"/><Vertex X="24221" Y="13413" Z="0"/><Vertex X="24221" Y="13469" Z="0"/><Vertex X="24305" Y="13469" Z="0"/><Vertex X="24361" Y="13469" Z="0"/><Vertex X="24361" Y="13497" Z="0"/><Vertex X="24445" Y="13497" Z="0"/><Vertex X="24529" Y="13497" Z="0"/><Vertex X="24585" Y="13553" Z="0"/><Vertex X="24641" Y="13553" Z="0"/><Vertex X="24697" Y="13553" Z="0"/><Vertex X="24725" Y="13553" Z="0"/><Vertex X="24781" Y="13553" Z="0"/><Vertex X="24837" Y="13553" Z="0"/><Vertex X="24921" Y="13553" Z="0"/><Vertex X="25005" Y="13553" Z="0"/><Vertex X="25061" Y="13553" Z="0"/><Vertex X="25117" Y="13553" Z="0"/><Vertex X="25201" Y="13553" Z="0"/><Vertex X="25257" Y="13553" Z="0"/><Vertex X="25341" Y="13553" Z="0"/><Vertex X="25425" Y="13553" Z="0"/><Vertex X="25481" Y="13553" Z="0"/><Vertex X="25565" Y="13553" Z="0"/><Vertex X="25649" Y="13553" Z="0"/><Vertex X="25705" Y="13553" Z="0"/><Vertex X="25761" Y="13553" Z="0"/><Vertex X="25817" Y="13553" Z="0"/><Vertex X="25845" Y="13553" Z="0"/><Vertex X="25901" Y="13553" Z="0"/><Vertex X="25985" Y="13553" Z="0"/><Vertex X="26041" Y="13553" Z="0"/><Vertex X="26125" Y="13553" Z="0"/><Vertex X="26153" Y="13553" Z="0"/><Vertex X="26237" Y="13553" Z="0"/><Vertex X="26321" Y="13553" Z="0"/><Vertex X="26349" Y="13553" Z="0"/><Vertex X="26405" Y="13553" Z="0"/><Vertex X="26461" Y="13553" Z="0"/><Vertex X="26489" Y="13553" Z="0"/><Vertex X="26545" Y="13553" Z="0"/><Vertex X="26601" Y="13553" Z="0"/><Vertex X="26629" Y="13553" Z="0"/><Vertex X="26685" Y="13553" Z="0"/><Vertex X="26713" Y="13553" Z="0"/><Vertex X="26769" Y="13553" Z="0"/><Vertex X="26853" Y="13553" Z="0"/><Vertex X="26909" Y="13553" Z="0"/><Vertex X="26993" Y="13553" Z="0"/><Vertex X="27077" Y="13553" Z="0"/><Vertex X="27105" Y="13553" Z="0"/><Vertex X="27161" Y="13553" Z="0"/><Vertex X="27189" Y="13553" Z="0"/><Vertex X="27245" Y="13553" Z="0"/><Vertex X="27329" Y="13553" Z="0"/><Vertex X="27385" Y="13553" Z="0"/><Vertex X="27469" Y="13553" Z="0"/><Vertex X="27525" Y="13553" Z="0"/><Vertex X="27581" Y="13553" Z="0"/><Vertex X="27665" Y="13553" Z="0"/><Vertex X="27749" Y="13609" Z="0"/><Vertex X="27805" Y="13609" Z="0"/><Vertex X="27889" Y="13609" Z="0"/><Vertex X="27945" Y="13609" Z="0"/><Vertex X="27973" Y="13609" Z="0"/><Vertex X="28029" Y="13609" Z="0"/><Vertex X="28113" Y="13609" Z="0"/><Vertex X="28113" Y="13665" Z="0"/><Vertex X="28169" Y="13665" Z="0"/><Vertex X="28253" Y="13665" Z="0"/><Vertex X="28309" Y="13665" Z="0"/><Vertex X="28337" Y="13665" Z="0"/><Vertex X="28393" Y="13665" Z="0"/><Vertex X="28421" Y="13665" Z="0"/><Vertex X="28477" Y="13693" Z="0"/><Vertex X="28533" Y="13693" Z="0"/><Vertex X="28561" Y="13693" Z="0"/><Vertex X="28617" Y="13693" Z="0"/><Vertex X="28673" Y="13693" Z="0"/><Vertex X="28701" Y="13693" Z="0"/><Vertex X="28757" Y="13693" Z="0"/><Vertex X="28813" Y="13693" Z="0"/><Vertex X="28897" Y="13693" Z="0"/><Vertex X="28953" Y="13693" Z="0"/><Vertex X="28981" Y="13693" Z="0"/><Vertex X="29037" Y="13693" Z="0"/><Vertex X="29065" Y="13693" Z="0"/><Vertex X="29121" Y="13693" Z="0"/><Vertex X="29177" Y="13693" Z="0"/><Vertex X="29205" Y="13693" Z="0"/><Vertex X="29261" Y="13693" Z="0"/><Vertex X="29289" Y="13693" Z="0"/><Vertex X="29373" Y="13693" Z="0"/><Vertex X="29429" Y="13693" Z="0"/><Vertex X="29485" Y="13693" Z="0"/><Vertex X="29569" Y="13693" Z="0"/><Vertex X="29653" Y="13693" Z="0"/><Vertex X="29709" Y="13693" Z="0"/><Vertex X="29765" Y="13693" Z="0"/><Vertex X="29849" Y="13693" Z="0"/><Vertex X="29877" Y="13693" Z="0"/><Vertex X="29989" Y="13637" Z="0"/><Vertex X="30045" Y="13637" Z="0"/><Vertex X="30073" Y="13637" Z="0"/><Vertex X="30157" Y="13637" Z="0"/><Vertex X="30241" Y="13637" Z="0"/><Vertex X="30269" Y="13637" Z="0"/><Vertex X="30325" Y="13581" Z="0"/><Vertex X="30381" Y="13581" Z="0"/><Vertex X="30437" Y="13581" Z="0"/><Vertex X="30493" Y="13581" Z="0"/><Vertex X="30577" Y="13525" Z="0"/><Vertex X="30661" Y="13525" Z="0"/><Vertex X="30717" Y="13525" Z="0"/><Vertex X="30801" Y="13469" Z="0"/><Vertex X="30885" Y="13469" Z="0"/><Vertex X="30941" Y="13469" Z="0"/><Vertex X="30997" Y="13469" Z="0"/><Vertex X="31053" Y="13469" Z="0"/><Vertex X="31081" Y="13469" Z="0"/><Vertex X="31137" Y="13413" Z="0"/><Vertex X="31193" Y="13413" Z="0"/><Vertex X="31221" Y="13413" Z="0"/><Vertex X="31277" Y="13413" Z="0"/><Vertex X="31305" Y="13413" Z="0"/><Vertex X="31361" Y="13413" Z="0"/><Vertex X="31417" Y="13413" Z="0"/><Vertex X="31445" Y="13413" Z="0"/><Vertex X="31501" Y="13413" Z="0"/><Vertex X="31529" Y="13413" Z="0"/><Vertex X="31585" Y="13385" Z="0"/><Vertex X="31641" Y="13385" Z="0"/><Vertex X="31697" Y="13385" Z="0"/><Vertex X="31781" Y="13385" Z="0"/><Vertex X="31865" Y="13385" Z="0"/><Vertex X="31893" Y="13385" Z="0"/><Vertex X="31949" Y="13385" Z="0"/><Vertex X="31977" Y="13385" Z="0"/><Vertex X="32033" Y="13385" Z="0"/><Vertex X="32089" Y="13385" Z="0"/><Vertex X="32173" Y="13329" Z="0"/><Vertex X="32229" Y="13329" Z="0"/><Vertex X="32313" Y="13329" Z="0"/><Vertex X="32397" Y="13329" Z="0"/><Vertex X="32453" Y="13329" Z="0"/><Vertex X="32537" Y="13329" Z="0"/><Vertex X="32565" Y="13329" Z="0"/><Vertex X="32621" Y="13329" Z="0"/><Vertex X="32677" Y="13329" Z="0"/><Vertex X="32705" Y="13329" Z="0"/><Vertex X="32761" Y="13329" Z="0"/><Vertex X="32789" Y="13329" Z="0"/><Vertex X="32845" Y="13273" Z="0"/><Vertex X="32929" Y="13273" Z="0"/><Vertex X="32957" Y="13273" Z="0"/><Vertex X="33013" Y="13273" Z="0"/><Vertex X="33069" Y="13273" Z="0"/><Vertex X="33097" Y="13273" Z="0"/><Vertex X="33097" Y="13217" Z="0"/><Vertex X="33153" Y="13217" Z="0"/><Vertex X="33181" Y="13217" Z="0"/><Vertex X="33265" Y="13217" Z="0"/><Vertex X="33349" Y="13217" Z="0"/><Vertex X="33349" Y="13189" Z="0"/><Vertex X="33433" Y="13189" Z="0"/><Vertex X="33489" Y="13189" Z="0"/><Vertex X="33573" Y="13189" Z="0"/><Vertex X="33657" Y="13133" Z="0"/><Vertex X="33713" Y="13133" Z="0"/><Vertex X="33797" Y="13133" Z="0"/><Vertex X="33881" Y="13133" Z="0"/><Vertex X="33881" Y="13077" Z="0"/><Vertex X="33937" Y="13077" Z="0"/><Vertex X="34021" Y="13077" Z="0"/><Vertex X="34105" Y="13077" Z="0"/><Vertex X="34105" Y="13049" Z="0"/><Vertex X="34161" Y="13049" Z="0"/><Vertex X="34245" Y="13049" Z="0"/><Vertex X="34329" Y="13049" Z="0"/><Vertex X="34385" Y="12993" Z="0"/><Vertex X="34469" Y="12993" Z="0"/><Vertex X="34553" Y="12993" Z="0"/><Vertex X="34609" Y="12993" Z="0"/><Vertex X="34693" Y="12993" Z="0"/><Vertex X="34777" Y="12937" Z="0"/><Vertex X="34861" Y="12937" Z="0"/><Vertex X="34889" Y="12937" Z="0"/><Vertex X="34945" Y="12937" Z="0"/><Vertex X="34973" Y="12937" Z="0"/><Vertex X="35029" Y="12937" Z="0"/><Vertex X="35085" Y="12937" Z="0"/><Vertex X="35113" Y="12937" Z="0"/><Vertex X="35169" Y="12937" Z="0"/><Vertex X="35197" Y="12937" Z="0"/><Vertex X="35253" Y="12937" Z="0"/><Vertex X="35309" Y="12937" Z="0"/><Vertex X="35337" Y="12937" Z="0"/><Vertex X="35393" Y="12937" Z="0"/><Vertex X="35477" Y="12881" Z="0"/><Vertex X="35533" Y="12881" Z="0"/><Vertex X="35617" Y="12881" Z="0"/><Vertex X="35701" Y="12881" Z="0"/><Vertex X="35757" Y="12881" Z="0"/><Vertex X="35841" Y="12881" Z="0"/><Vertex X="35925" Y="12881" Z="0"/><Vertex X="35953" Y="12881" Z="0"/><Vertex X="36037" Y="12881" Z="0"/><Vertex X="36121" Y="12881" Z="0"/><Vertex X="36177" Y="12881" Z="0"/><Vertex X="36233" Y="12881" Z="0"/><Vertex X="36233" Y="12853" Z="0"/><Vertex X="36261" Y="12853" Z="0"/><Vertex X="36317" Y="12853" Z="0"/><Vertex X="36401" Y="12853" Z="0"/><Vertex X="36457" Y="12853" Z="0"/><Vertex X="36513" Y="12853" Z="0"/><Vertex X="36597" Y="12853" Z="0"/><Vertex X="36653" Y="12853" Z="0"/><Vertex X="36737" Y="12853" Z="0"/><Vertex X="36793" Y="12853" Z="0"/><Vertex X="36821" Y="12853" Z="0"/><Vertex X="36877" Y="12853" Z="0"/><Vertex X="36905" Y="12853" Z="0"/><Vertex X="36961" Y="12853" Z="0"/><Vertex X="37017" Y="12853" Z="0"/><Vertex X="37045" Y="12853" Z="0"/><Vertex X="37101" Y="12853" Z="0"/><Vertex X="37129" Y="12853" Z="0"/><Vertex X="37185" Y="12853" Z="0"/><Vertex X="37241" Y="12853" Z="0"/><Vertex X="37269" Y="12853" Z="0"/><Vertex X="37353" Y="12853" Z="0"/><Vertex X="37381" Y="12853" Z="0"/><Vertex X="37437" Y="12853" Z="0"/><Vertex X="37521" Y="12853" Z="0"/><Vertex X="37549" Y="12853" Z="0"/><Vertex X="37633" Y="12853" Z="0"/><Vertex X="37689" Y="12853" Z="0"/><Vertex X="37689" Y="12797" Z="0"/><Vertex X="37717" Y="12797" Z="0"/><Vertex X="37773" Y="12797" Z="0"/><Vertex X="37801" Y="12797" Z="0"/><Vertex X="37857" Y="12797" Z="0"/><Vertex X="37913" Y="12797" Z="0"/><Vertex X="37969" Y="12797" Z="0"/><Vertex X="38053" Y="12797" Z="0"/><Vertex X="38137" Y="12797" Z="0"/><Vertex X="38221" Y="12797" Z="0"/><Vertex X="38277" Y="12797" Z="0"/><Vertex X="38333" Y="12797" Z="0"/><Vertex X="38361" Y="12797" Z="0"/><Vertex X="38417" Y="12741" Z="0"/><Vertex X="38501" Y="12741" Z="0"/><Vertex X="38529" Y="12741" Z="0"/><Vertex X="38613" Y="12741" Z="0"/><Vertex X="38697" Y="12741" Z="0"/><Vertex X="38697" Y="12713" Z="0"/><Vertex X="38753" Y="12713" Z="0"/><Vertex X="38837" Y="12713" Z="0"/><Vertex X="38921" Y="12713" Z="0"/><Vertex X="38949" Y="12713" Z="0"/><Vertex X="39005" Y="12713" Z="0"/><Vertex X="39033" Y="12713" Z="0"/><Vertex X="39033" Y="12657" Z="0"/><Vertex X="39089" Y="12657" Z="0"/><Vertex X="39145" Y="12657" Z="0"/><Vertex X="39173" Y="12657" Z="0"/><Vertex X="39229" Y="12657" Z="0"/><Vertex X="39257" Y="12657" Z="0"/><Vertex X="39313" Y="12657" Z="0"/><Vertex X="39369" Y="12601" Z="0"/><Vertex X="39397" Y="12601" Z="0"/><Vertex X="39481" Y="12601" Z="0"/><Vertex X="39537" Y="12601" Z="0"/><Vertex X="39537" Y="12573" Z="0"/><Vertex X="39593" Y="12573" Z="0"/><Vertex X="39649" Y="12573" Z="0"/><Vertex X="39677" Y="12573" Z="0"/><Vertex X="39677" Y="12517" Z="0"/><Vertex X="39733" Y="12517" Z="0"/><Vertex X="39789" Y="12517" Z="0"/><Vertex X="39789" Y="12461" Z="0"/><Vertex X="39817" Y="12461" Z="0"/><Vertex X="39901" Y="12433" Z="0"/><Vertex X="39985" Y="12433" Z="0"/><Vertex X="39985" Y="12377" Z="0"/><Vertex X="40041" Y="12377" Z="0"/><Vertex X="40097" Y="12377" Z="0"/><Vertex X="40097" Y="12321" Z="0"/><Vertex X="40153" Y="12321" Z="0"/><Vertex X="40209" Y="12321" Z="0"/><Vertex X="40293" Y="12265" Z="0"/><Vertex X="40349" Y="12265" Z="0"/><Vertex X="40377" Y="12265" Z="0"/><Vertex X="40377" Y="12237" Z="0"/><Vertex X="40433" Y="12237" Z="0"/><Vertex X="40461" Y="12237" Z="0"/><Vertex X="40461" Y="12181" Z="0"/><Vertex X="40517" Y="12181" Z="0"/><Vertex X="40573" Y="12181" Z="0"/><Vertex X="40573" Y="12153" Z="0"/><Vertex X="40601" Y="12153" Z="0"/><Vertex X="40657" Y="12097" Z="0"/><Vertex X="40713" Y="12041" Z="0"/><Vertex X="40769" Y="11985" Z="0"/><Vertex X="40769" Y="11957" Z="0"/><Vertex X="40797" Y="11957" Z="0"/><Vertex X="40797" Y="11901" Z="0"/><Vertex X="40853" Y="11901" Z="0"/><Vertex X="40909" Y="11817" Z="0"/><Vertex X="40937" Y="11817" Z="0"/><Vertex X="40937" Y="11761" Z="0"/><Vertex X="40993" Y="11705" Z="0"/><Vertex X="40993" Y="11649" Z="0"/><Vertex X="41049" Y="11649" Z="0"/><Vertex X="41049" Y="11593" Z="0"/><Vertex X="41077" Y="11593" Z="0"/><Vertex X="41077" Y="11537" Z="0"/><Vertex X="41077" Y="11481" Z="0"/><Vertex X="41133" Y="11481" Z="0"/><Vertex X="41133" Y="11453" Z="0"/><Vertex X="41133" Y="11397" Z="0"/><Vertex X="41161" Y="11397" Z="0"/><Vertex X="41161" Y="11369" Z="0"/><Vertex X="41161" Y="11313" Z="0"/><Vertex X="41161" Y="11257" Z="0"/><Vertex X="41161" Y="11229" Z="0"/><Vertex X="41161" Y="11173" Z="0"/><Vertex X="41161" Y="11145" Z="0"/><Vertex X="41161" Y="11089" Z="0"/><Vertex X="41161" Y="11033" Z="0"/><Vertex X="41105" Y="11033" Z="0"/><Vertex X="41105" Y="11005" Z="0"/><Vertex X="41077" Y="11005" Z="0"/><Vertex X="41077" Y="10949" Z="0"/><Vertex X="41021" Y="10949" Z="0"/><Vertex X="41021" Y="10921" Z="0"/><Vertex X="40965" Y="10921" Z="0"/><Vertex X="40937" Y="10921" Z="0"/><Vertex X="40937" Y="10865" Z="0"/><Vertex X="40881" Y="10865" Z="0"/><Vertex X="40853" Y="10809" Z="0"/><Vertex X="40797" Y="10809" Z="0"/><Vertex X="40797" Y="10781" Z="0"/><Vertex X="40741" Y="10781" Z="0"/><Vertex X="40713" Y="10725" Z="0"/><Vertex X="40657" Y="10668" Z="0"/><Vertex X="40573" Y="10612" Z="0"/><Vertex X="40517" Y="10556" Z="0"/><Vertex X="40489" Y="10556" Z="0"/><Vertex X="40489" Y="10528" Z="0"/><Vertex X="40433" Y="10528" Z="0"/><Vertex X="40377" Y="10472" Z="0"/><Vertex X="40321" Y="10416" Z="0"/><Vertex X="40293" Y="10416" Z="0"/><Vertex X="40293" Y="10388" Z="0"/><Vertex X="40237" Y="10388" Z="0"/><Vertex X="40237" Y="10332" Z="0"/><Vertex X="40209" Y="10332" Z="0"/><Vertex X="40153" Y="10332" Z="0"/><Vertex X="40153" Y="10276" Z="0"/><Vertex X="40097" Y="10276" Z="0"/><Vertex X="40069" Y="10276" Z="0"/><Vertex X="40069" Y="10248" Z="0"/><Vertex X="40013" Y="10248" Z="0"/><Vertex X="39985" Y="10248" Z="0"/><Vertex X="39985" Y="10192" Z="0"/><Vertex X="39929" Y="10192" Z="0"/><Vertex X="39873" Y="10192" Z="0"/><Vertex X="39845" Y="10192" Z="0"/><Vertex X="39789" Y="10192" Z="0"/><Vertex X="39789" Y="10164" Z="0"/><Vertex X="39761" Y="10164" Z="0"/><Vertex X="39677" Y="10164" Z="0"/><Vertex X="39593" Y="10164" Z="0"/><Vertex X="39537" Y="10164" Z="0"/><Vertex X="39453" Y="10164" Z="0"/><Vertex X="39369" Y="10164" Z="0"/><Vertex X="39313" Y="10164" Z="0"/><Vertex X="39229" Y="10164" Z="0"/><Vertex X="39145" Y="10164" Z="0"/><Vertex X="39089" Y="10164" Z="0"/><Vertex X="39005" Y="10164" Z="0"/><Vertex X="38949" Y="10164" Z="0"/><Vertex X="38893" Y="10220" Z="0"/><Vertex X="38837" Y="10220" Z="0"/><Vertex X="38753" Y="10220" Z="0"/><Vertex X="38697" Y="10220" Z="0"/><Vertex X="38613" Y="10220" Z="0"/><Vertex X="38529" Y="10220" Z="0"/><Vertex X="38501" Y="10220" Z="0"/><Vertex X="38445" Y="10220" Z="0"/><Vertex X="38361" Y="10220" Z="0"/><Vertex X="38305" Y="10220" Z="0"/><Vertex X="38221" Y="10220" Z="0"/><Vertex X="38165" Y="10220" Z="0"/><Vertex X="38109" Y="10164" Z="0"/><Vertex X="37997" Y="10164" Z="0"/><Vertex X="37941" Y="10164" Z="0"/><Vertex X="37913" Y="10164" Z="0"/><Vertex X="37857" Y="10108" Z="0"/><Vertex X="37801" Y="10108" Z="0"/><Vertex X="37773" Y="10108" Z="0"/><Vertex X="37689" Y="10108" Z="0"/><Vertex X="37605" Y="10108" Z="0"/><Vertex X="37577" Y="10052" Z="0"/><Vertex X="37521" Y="10052" Z="0"/><Vertex X="37465" Y="10052" Z="0"/><Vertex X="37437" Y="10052" Z="0"/><Vertex X="37381" Y="10052" Z="0"/><Vertex X="37353" Y="10052" Z="0"/><Vertex X="37297" Y="10052" Z="0"/><Vertex X="37241" Y="10052" Z="0"/><Vertex X="37185" Y="10052" Z="0"/><Vertex X="37101" Y="10052" Z="0"/><Vertex X="37017" Y="10052" Z="0"/><Vertex X="37017" Y="10080" Z="0"/><Vertex X="36961" Y="10080" Z="0"/><Vertex X="36877" Y="10080" Z="0"/><Vertex X="36821" Y="10080" Z="0"/><Vertex X="36765" Y="10136" Z="0"/><Vertex X="36681" Y="10136" Z="0"/><Vertex X="36569" Y="10192" Z="0"/><Vertex X="36485" Y="10192" Z="0"/><Vertex X="36457" Y="10192" Z="0"/><Vertex X="36373" Y="10192" Z="0"/><Vertex X="36289" Y="10192" Z="0"/><Vertex X="36233" Y="10220" Z="0"/><Vertex X="36149" Y="10220" Z="0"/><Vertex X="36093" Y="10220" Z="0"/><Vertex X="36065" Y="10220" Z="0"/><Vertex X="36009" Y="10276" Z="0"/><Vertex X="35925" Y="10276" Z="0"/><Vertex X="35897" Y="10276" Z="0"/><Vertex X="35841" Y="10276" Z="0"/><Vertex X="35785" Y="10276" Z="0"/><Vertex X="35757" Y="10276" Z="0"/><Vertex X="35701" Y="10276" Z="0"/><Vertex X="35645" Y="10332" Z="0"/><Vertex X="35617" Y="10332" Z="0"/><Vertex X="35561" Y="10332" Z="0"/><Vertex X="35533" Y="10332" Z="0"/><Vertex X="35477" Y="10388" Z="0"/><Vertex X="35421" Y="10388" Z="0"/><Vertex X="35337" Y="10388" Z="0"/><Vertex X="35281" Y="10444" Z="0"/><Vertex X="35225" Y="10444" Z="0"/><Vertex X="35141" Y="10444" Z="0"/><Vertex X="35085" Y="10472" Z="0"/><Vertex X="35001" Y="10472" Z="0"/><Vertex X="34945" Y="10472" Z="0"/><Vertex X="34917" Y="10472" Z="0"/><Vertex X="34917" Y="10528" Z="0"/><Vertex X="34861" Y="10528" Z="0"/><Vertex X="34833" Y="10528" Z="0"/><Vertex X="34777" Y="10528" Z="0"/><Vertex X="34693" Y="10528" Z="0"/><Vertex X="34637" Y="10584" Z="0"/><Vertex X="34525" Y="10584" Z="0"/><Vertex X="34469" Y="10584" Z="0"/><Vertex X="34441" Y="10584" Z="0"/><Vertex X="34385" Y="10584" Z="0"/><Vertex X="34329" Y="10584" Z="0"/><Vertex X="34301" Y="10584" Z="0"/><Vertex X="34245" Y="10584" Z="0"/><Vertex X="34217" Y="10584" Z="0"/><Vertex X="34161" Y="10640" Z="0"/><Vertex X="34105" Y="10640" Z="0"/><Vertex X="34077" Y="10640" Z="0"/><Vertex X="34021" Y="10640" Z="0"/><Vertex X="33965" Y="10640" Z="0"/><Vertex X="33937" Y="10640" Z="0"/><Vertex X="33853" Y="10640" Z="0"/><Vertex X="33825" Y="10640" Z="0"/><Vertex X="33825" Y="10668" Z="0"/><Vertex X="33741" Y="10668" Z="0"/><Vertex X="33657" Y="10668" Z="0"/><Vertex X="33629" Y="10668" Z="0"/><Vertex X="33629" Y="10725" Z="0"/><Vertex X="33517" Y="10725" Z="0"/><Vertex X="33461" Y="10725" Z="0"/><Vertex X="33433" Y="10725" Z="0"/><Vertex X="33377" Y="10725" Z="0"/><Vertex X="33321" Y="10781" Z="0"/><Vertex X="33293" Y="10781" Z="0"/><Vertex X="33237" Y="10781" Z="0"/><Vertex X="33181" Y="10781" Z="0"/><Vertex X="33153" Y="10781" Z="0"/><Vertex X="33097" Y="10781" Z="0"/><Vertex X="33069" Y="10781" Z="0"/><Vertex X="33013" Y="10781" Z="0"/><Vertex X="33013" Y="10809" Z="0"/><Vertex X="32929" Y="10809" Z="0"/><Vertex X="32873" Y="10809" Z="0"/><Vertex X="32817" Y="10809" Z="0"/><Vertex X="32789" Y="10809" Z="0"/><Vertex X="32733" Y="10809" Z="0"/><Vertex X="32677" Y="10809" Z="0"/><Vertex X="32649" Y="10865" Z="0"/><Vertex X="32593" Y="10865" Z="0"/><Vertex X="32537" Y="10865" Z="0"/><Vertex X="32509" Y="10865" Z="0"/><Vertex X="32453" Y="10865" Z="0"/><Vertex X="32425" Y="10865" Z="0"/><Vertex X="32369" Y="10865" Z="0"/><Vertex X="32313" Y="10865" Z="0"/><Vertex X="32313" Y="10921" Z="0"/><Vertex X="32285" Y="10921" Z="0"/><Vertex X="32201" Y="10921" Z="0"/><Vertex X="32117" Y="10921" Z="0"/><Vertex X="32061" Y="10921" Z="0"/><Vertex X="31977" Y="10921" Z="0"/><Vertex X="31893" Y="10921" Z="0"/><Vertex X="31837" Y="10921" Z="0"/><Vertex X="31753" Y="10921" Z="0"/><Vertex X="31697" Y="10949" Z="0"/><Vertex X="31669" Y="10949" Z="0"/><Vertex X="31613" Y="10949" Z="0"/><Vertex X="31585" Y="10949" Z="0"/><Vertex X="31529" Y="10949" Z="0"/><Vertex X="31473" Y="10949" Z="0"/><Vertex X="31445" Y="10949" Z="0"/><Vertex X="31389" Y="10949" Z="0"/><Vertex X="31361" Y="10949" Z="0"/><Vertex X="31305" Y="10949" Z="0"/><Vertex X="31249" Y="10949" Z="0"/><Vertex X="31221" Y="10949" Z="0"/><Vertex X="31165" Y="10949" Z="0"/><Vertex X="31137" Y="10949" Z="0"/><Vertex X="31081" Y="10949" Z="0"/><Vertex X="31025" Y="10949" Z="0"/><Vertex X="30997" Y="10949" Z="0"/><Vertex X="30941" Y="10949" Z="0"/><Vertex X="30913" Y="10949" Z="0"/><Vertex X="30857" Y="10949" Z="0"/><Vertex X="30801" Y="10949" Z="0"/><Vertex X="30745" Y="10949" Z="0"/><Vertex X="30661" Y="10949" Z="0"/><Vertex X="30577" Y="10949" Z="0"/><Vertex X="30549" Y="10949" Z="0"/><Vertex X="30465" Y="10949" Z="0"/><Vertex X="30381" Y="10949" Z="0"/><Vertex X="30325" Y="10949" Z="0"/><Vertex X="30241" Y="10949" Z="0"/><Vertex X="30157" Y="10949" Z="0"/><Vertex X="30101" Y="10949" Z="0"/><Vertex X="30017" Y="10949" Z="0"/><Vertex X="29933" Y="10949" Z="0"/><Vertex X="29877" Y="10949" Z="0"/><Vertex X="29877" Y="11005" Z="0"/><Vertex X="29793" Y="11005" Z="0"/><Vertex X="29737" Y="11005" Z="0"/><Vertex X="29709" Y="11005" Z="0"/><Vertex X="29653" Y="11005" Z="0"/><Vertex X="29625" Y="11005" Z="0"/><Vertex X="29569" Y="11005" Z="0"/><Vertex X="29513" Y="11005" Z="0"/><Vertex X="29485" Y="11005" Z="0"/><Vertex X="29429" Y="11061" Z="0"/><Vertex X="29373" Y="11061" Z="0"/><Vertex X="29345" Y="11061" Z="0"/><Vertex X="29289" Y="11061" Z="0"/><Vertex X="29261" Y="11061" Z="0"/><Vertex X="29205" Y="11061" Z="0"/><Vertex X="29149" Y="11061" Z="0"/><Vertex X="29121" Y="11061" Z="0"/><Vertex X="29065" Y="11061" Z="0"/><Vertex X="29037" Y="11061" Z="0"/><Vertex X="28981" Y="11061" Z="0"/><Vertex X="28897" Y="11061" Z="0"/><Vertex X="28841" Y="11061" Z="0"/><Vertex X="28757" Y="11061" Z="0"/><Vertex X="28673" Y="11061" Z="0"/><Vertex X="28617" Y="11061" Z="0"/><Vertex X="28533" Y="11033" Z="0"/><Vertex X="28449" Y="11033" Z="0"/><Vertex X="28393" Y="11033" Z="0"/><Vertex X="28309" Y="10977" Z="0"/><Vertex X="28253" Y="10977" Z="0"/><Vertex X="28169" Y="10921" Z="0"/><Vertex X="28141" Y="10921" Z="0"/><Vertex X="28085" Y="10865" Z="0"/><Vertex X="28029" Y="10865" Z="0"/><Vertex X="28029" Y="10837" Z="0"/><Vertex X="28001" Y="10837" Z="0"/><Vertex X="27945" Y="10837" Z="0"/><Vertex X="27889" Y="10781" Z="0"/><Vertex X="27861" Y="10781" Z="0"/><Vertex X="27805" Y="10781" Z="0"/><Vertex X="27777" Y="10781" Z="0"/><Vertex X="27721" Y="10781" Z="0"/><Vertex X="27665" Y="10781" Z="0"/><Vertex X="27637" Y="10781" Z="0"/><Vertex X="27581" Y="10781" Z="0"/><Vertex X="27553" Y="10781" Z="0"/><Vertex X="27497" Y="10781" Z="0"/><Vertex X="27441" Y="10781" Z="0"/><Vertex X="27413" Y="10781" Z="0"/><Vertex X="27329" Y="10781" Z="0"/><Vertex X="27245" Y="10809" Z="0"/><Vertex X="27189" Y="10809" Z="0"/><Vertex X="27105" Y="10809" Z="0"/><Vertex X="27021" Y="10809" Z="0"/><Vertex X="26937" Y="10865" Z="0"/><Vertex X="26909" Y="10865" Z="0"/><Vertex X="26853" Y="10865" Z="0"/><Vertex X="26825" Y="10921" Z="0"/><Vertex X="26741" Y="10921" Z="0"/><Vertex X="26657" Y="10921" Z="0"/><Vertex X="26573" Y="10949" Z="0"/><Vertex X="26517" Y="10949" Z="0"/><Vertex X="26433" Y="10949" Z="0"/><Vertex X="26433" Y="11005" Z="0"/><Vertex X="26349" Y="11005" Z="0"/><Vertex X="26321" Y="11005" Z="0"/><Vertex X="26265" Y="11005" Z="0"/><Vertex X="26181" Y="11061" Z="0"/><Vertex X="26153" Y="11061" Z="0"/><Vertex X="26097" Y="11061" Z="0"/><Vertex X="26069" Y="11061" Z="0"/><Vertex X="25985" Y="11061" Z="0"/><Vertex X="25929" Y="11061" Z="0"/><Vertex X="25901" Y="11117" Z="0"/><Vertex X="25845" Y="11117" Z="0"/><Vertex X="25761" Y="11117" Z="0"/><Vertex X="25705" Y="11117" Z="0"/><Vertex X="25649" Y="11117" Z="0"/><Vertex X="25649" Y="11145" Z="0"/><Vertex X="25565" Y="11145" Z="0"/><Vertex X="25509" Y="11145" Z="0"/><Vertex X="25425" Y="11145" Z="0"/><Vertex X="25341" Y="11145" Z="0"/><Vertex X="25285" Y="11145" Z="0"/><Vertex X="25229" Y="11145" Z="0"/><Vertex X="25173" Y="11145" Z="0"/><Vertex X="25117" Y="11145" Z="0"/><Vertex X="25061" Y="11145" Z="0"/><Vertex X="25033" Y="11145" Z="0"/><Vertex X="24977" Y="11145" Z="0"/><Vertex X="24921" Y="11145" Z="0"/><Vertex X="24893" Y="11145" Z="0"/><Vertex X="24809" Y="11145" Z="0"/><Vertex X="24725" Y="11145" Z="0"/><Vertex X="24697" Y="11145" Z="0"/><Vertex X="24641" Y="11145" Z="0"/><Vertex X="24613" Y="11145" Z="0"/><Vertex X="24557" Y="11145" Z="0"/><Vertex X="24473" Y="11145" Z="0"/><Vertex X="24445" Y="11145" Z="0"/><Vertex X="24389" Y="11145" Z="0"/><Vertex X="24305" Y="11145" Z="0"/><Vertex X="24277" Y="11201" Z="0"/><Vertex X="24221" Y="11201" Z="0"/><Vertex X="24165" Y="11201" Z="0"/><Vertex X="24137" Y="11201" Z="0"/><Vertex X="24081" Y="11257" Z="0"/><Vertex X="24053" Y="11257" Z="0"/><Vertex X="23997" Y="11257" Z="0"/><Vertex X="23941" Y="11257" Z="0"/><Vertex X="23913" Y="11257" Z="0"/><Vertex X="23857" Y="11257" Z="0"/><Vertex X="23829" Y="11257" Z="0"/><Vertex X="23773" Y="11257" Z="0"/><Vertex X="23773" Y="11229" Z="0"/><Vertex X="23773" Y="11201" Z="0"/><Vertex X="23717" Y="11201" Z="0"/></Vertices></Region><Region Id="3" Type="0" Zoom="0.035713" Selected="0" ImageLocation="" ImageFocus="-1" Length="48205.2" Area="47289508.0" LengthMicrons="23784.5" AreaMicrons="11512326.5" Text="" NegativeROA="0" InputRegionId="0" Analyze="1" DisplayId="3"><Attributes></Attributes><Vertices><Vertex X="19657" Y="20469" Z="0"/><Vertex X="19741" Y="20413" Z="0"/><Vertex X="19769" Y="20413" Z="0"/><Vertex X="19769" Y="20385" Z="0"/><Vertex X="19853" Y="20385" Z="0"/><Vertex X="19909" Y="20357" Z="0"/><Vertex X="19937" Y="20357" Z="0"/><Vertex X="19993" Y="20357" Z="0"/><Vertex X="20021" Y="20357" Z="0"/><Vertex X="20105" Y="20357" Z="0"/><Vertex X="20189" Y="20413" Z="0"/><Vertex X="20301" Y="20413" Z="0"/><Vertex X="20357" Y="20413" Z="0"/><Vertex X="20441" Y="20413" Z="0"/><Vertex X="20525" Y="20469" Z="0"/><Vertex X="20553" Y="20469" Z="0"/><Vertex X="20609" Y="20525" Z="0"/><Vertex X="20665" Y="20553" Z="0"/><Vertex X="20665" Y="20609" Z="0"/><Vertex X="20721" Y="20609" Z="0"/><Vertex X="20721" Y="20665" Z="0"/><Vertex X="20721" Y="20693" Z="0"/><Vertex X="20721" Y="20721" Z="0"/><Vertex X="20749" Y="20721" Z="0"/><Vertex X="20805" Y="20721" Z="0"/><Vertex X="20861" Y="20721" Z="0"/><Vertex X="20917" Y="20721" Z="0"/><Vertex X="20973" Y="20721" Z="0"/><Vertex X="21001" Y="20665" Z="0"/><Vertex X="21057" Y="20665" Z="0"/><Vertex X="21113" Y="20665" Z="0"/><Vertex X="21142" Y="20665" Z="0"/><Vertex X="21198" Y="20665" Z="0"/><Vertex X="21226" Y="20665" Z="0"/><Vertex X="21310" Y="20665" Z="0"/><Vertex X="21394" Y="20665" Z="0"/><Vertex X="21450" Y="20609" Z="0"/><Vertex X="21478" Y="20609" Z="0"/><Vertex X="21534" Y="20609" Z="0"/><Vertex X="21590" Y="20609" Z="0"/><Vertex X="21674" Y="20609" Z="0"/><Vertex X="21758" Y="20609" Z="0"/><Vertex X="21814" Y="20609" Z="0"/><Vertex X="21898" Y="20553" Z="0"/><Vertex X="21982" Y="20553" Z="0"/><Vertex X="22038" Y="20553" Z="0"/><Vertex X="22066" Y="20553" Z="0"/><Vertex X="22122" Y="20553" Z="0"/><Vertex X="22150" Y="20553" Z="0"/><Vertex X="22206" Y="20553" Z="0"/><Vertex X="22290" Y="20497" Z="0"/><Vertex X="22318" Y="20497" Z="0"/><Vertex X="22374" Y="20469" Z="0"/><Vertex X="22458" Y="20469" Z="0"/><Vertex X="22514" Y="20441" Z="0"/><Vertex X="22542" Y="20441" Z="0"/><Vertex X="22626" Y="20441" Z="0"/><Vertex X="22710" Y="20441" Z="0"/><Vertex X="22738" Y="20441" Z="0"/><Vertex X="22822" Y="20441" Z="0"/><Vertex X="22878" Y="20441" Z="0"/><Vertex X="22962" Y="20441" Z="0"/><Vertex X="23018" Y="20497" Z="0"/><Vertex X="23046" Y="20497" Z="0"/><Vertex X="23102" Y="20497" Z="0"/><Vertex X="23186" Y="20497" Z="0"/><Vertex X="23214" Y="20497" Z="0"/><Vertex X="23270" Y="20497" Z="0"/><Vertex X="23326" Y="20497" Z="0"/><Vertex X="23354" Y="20497" Z="0"/><Vertex X="23410" Y="20497" Z="0"/><Vertex X="23410" Y="20525" Z="0"/><Vertex X="23438" Y="20525" Z="0"/><Vertex X="23494" Y="20525" Z="0"/><Vertex X="23550" Y="20581" Z="0"/><Vertex X="23578" Y="20581" Z="0"/><Vertex X="23634" Y="20581" Z="0"/><Vertex X="23634" Y="20609" Z="0"/><Vertex X="23690" Y="20609" Z="0"/><Vertex X="23746" Y="20609" Z="0"/><Vertex X="23830" Y="20609" Z="0"/><Vertex X="23914" Y="20609" Z="0"/><Vertex X="23970" Y="20609" Z="0"/><Vertex X="24054" Y="20609" Z="0"/><Vertex X="24138" Y="20609" Z="0"/><Vertex X="24166" Y="20609" Z="0"/><Vertex X="24250" Y="20609" Z="0"/><Vertex X="24306" Y="20553" Z="0"/><Vertex X="24362" Y="20553" Z="0"/><Vertex X="24446" Y="20553" Z="0"/><Vertex X="24530" Y="20497" Z="0"/><Vertex X="24586" Y="20497" Z="0"/><Vertex X="24642" Y="20441" Z="0"/><Vertex X="24698" Y="20441" Z="0"/><Vertex X="24754" Y="20385" Z="0"/><Vertex X="24782" Y="20385" Z="0"/><Vertex X="24838" Y="20357" Z="0"/><Vertex X="24894" Y="20357" Z="0"/><Vertex X="24950" Y="20301" Z="0"/><Vertex X="25006" Y="20301" Z="0"/><Vertex X="25006" Y="20245" Z="0"/><Vertex X="25062" Y="20245" Z="0"/><Vertex X="25118" Y="20245" Z="0"/><Vertex X="25118" Y="20217" Z="0"/><Vertex X="25202" Y="20217" Z="0"/><Vertex X="25286" Y="20161" Z="0"/><Vertex X="25314" Y="20161" Z="0"/><Vertex X="25314" Y="20105" Z="0"/><Vertex X="25398" Y="20105" Z="0"/><Vertex X="25482" Y="20049" Z="0"/><Vertex X="25510" Y="20049" Z="0"/><Vertex X="25566" Y="20049" Z="0"/><Vertex X="25622" Y="19993" Z="0"/><Vertex X="25650" Y="19993" Z="0"/><Vertex X="25706" Y="19993" Z="0"/><Vertex X="25762" Y="19993" Z="0"/><Vertex X="25790" Y="19993" Z="0"/><Vertex X="25846" Y="19965" Z="0"/><Vertex X="25902" Y="19965" Z="0"/><Vertex X="25958" Y="19965" Z="0"/><Vertex X="25958" Y="19909" Z="0"/><Vertex X="26042" Y="19909" Z="0"/><Vertex X="26126" Y="19909" Z="0"/><Vertex X="26182" Y="19909" Z="0"/><Vertex X="26182" Y="19853" Z="0"/><Vertex X="26266" Y="19853" Z="0"/><Vertex X="26350" Y="19853" Z="0"/><Vertex X="26378" Y="19853" Z="0"/><Vertex X="26434" Y="19853" Z="0"/><Vertex X="26462" Y="19853" Z="0"/><Vertex X="26574" Y="19853" Z="0"/><Vertex X="26630" Y="19853" Z="0"/><Vertex X="26714" Y="19853" Z="0"/><Vertex X="26798" Y="19853" Z="0"/><Vertex X="26882" Y="19853" Z="0"/><Vertex X="26938" Y="19853" Z="0"/><Vertex X="26938" Y="19825" Z="0"/><Vertex X="26994" Y="19825" Z="0"/><Vertex X="27078" Y="19825" Z="0"/><Vertex X="27106" Y="19825" Z="0"/><Vertex X="27190" Y="19825" Z="0"/><Vertex X="27274" Y="19825" Z="0"/><Vertex X="27274" Y="19769" Z="0"/><Vertex X="27302" Y="19769" Z="0"/><Vertex X="27386" Y="19769" Z="0"/><Vertex X="27470" Y="19713" Z="0"/><Vertex X="27526" Y="19713" Z="0"/><Vertex X="27610" Y="19713" Z="0"/><Vertex X="27694" Y="19713" Z="0"/><Vertex X="27778" Y="19713" Z="0"/><Vertex X="27834" Y="19713" Z="0"/><Vertex X="27918" Y="19713" Z="0"/><Vertex X="28002" Y="19713" Z="0"/><Vertex X="28058" Y="19713" Z="0"/><Vertex X="28142" Y="19713" Z="0"/><Vertex X="28226" Y="19713" Z="0"/><Vertex X="28282" Y="19713" Z="0"/><Vertex X="28366" Y="19713" Z="0"/><Vertex X="28450" Y="19713" Z="0"/><Vertex X="28506" Y="19713" Z="0"/><Vertex X="28590" Y="19713" Z="0"/><Vertex X="28646" Y="19713" Z="0"/><Vertex X="28702" Y="19713" Z="0"/><Vertex X="28786" Y="19713" Z="0"/><Vertex X="28842" Y="19713" Z="0"/><Vertex X="28898" Y="19713" Z="0"/><Vertex X="28954" Y="19713" Z="0"/><Vertex X="28982" Y="19713" Z="0"/><Vertex X="29038" Y="19713" Z="0"/><Vertex X="29150" Y="19713" Z="0"/><Vertex X="29178" Y="19713" Z="0"/><Vertex X="29234" Y="19713" Z="0"/><Vertex X="29290" Y="19713" Z="0"/><Vertex X="29318" Y="19713" Z="0"/><Vertex X="29374" Y="19713" Z="0"/><Vertex X="29402" Y="19713" Z="0"/><Vertex X="29458" Y="19713" Z="0"/><Vertex X="29514" Y="19713" Z="0"/><Vertex X="29542" Y="19713" Z="0"/><Vertex X="29598" Y="19713" Z="0"/><Vertex X="29626" Y="19713" Z="0"/><Vertex X="29682" Y="19713" Z="0"/><Vertex X="29766" Y="19713" Z="0"/><Vertex X="29794" Y="19713" Z="0"/><Vertex X="29850" Y="19713" Z="0"/><Vertex X="29878" Y="19713" Z="0"/><Vertex X="29934" Y="19713" Z="0"/><Vertex X="29990" Y="19685" Z="0"/><Vertex X="30018" Y="19685" Z="0"/><Vertex X="30074" Y="19685" Z="0"/><Vertex X="30130" Y="19685" Z="0"/><Vertex X="30186" Y="19685" Z="0"/><Vertex X="30242" Y="19685" Z="0"/><Vertex X="30298" Y="19685" Z="0"/><Vertex X="30326" Y="19685" Z="0"/><Vertex X="30438" Y="19685" Z="0"/><Vertex X="30466" Y="19685" Z="0"/><Vertex X="30522" Y="19685" Z="0"/><Vertex X="30578" Y="19685" Z="0"/><Vertex X="30606" Y="19685" Z="0"/><Vertex X="30662" Y="19685" Z="0"/><Vertex X="30718" Y="19629" Z="0"/><Vertex X="30802" Y="19629" Z="0"/><Vertex X="30858" Y="19629" Z="0"/><Vertex X="30914" Y="19629" Z="0"/><Vertex X="30942" Y="19629" Z="0"/><Vertex X="30998" Y="19629" Z="0"/><Vertex X="31026" Y="19629" Z="0"/><Vertex X="31082" Y="19629" Z="0"/><Vertex X="31138" Y="19629" Z="0"/><Vertex X="31166" Y="19573" Z="0"/><Vertex X="31250" Y="19573" Z="0"/><Vertex X="31334" Y="19573" Z="0"/><Vertex X="31390" Y="19573" Z="0"/><Vertex X="31474" Y="19517" Z="0"/><Vertex X="31558" Y="19517" Z="0"/><Vertex X="31614" Y="19517" Z="0"/><Vertex X="31698" Y="19461" Z="0"/><Vertex X="31782" Y="19461" Z="0"/><Vertex X="31866" Y="19461" Z="0"/><Vertex X="31922" Y="19433" Z="0"/><Vertex X="32006" Y="19433" Z="0"/><Vertex X="32090" Y="19433" Z="0"/><Vertex X="32146" Y="19433" Z="0"/><Vertex X="32230" Y="19433" Z="0"/><Vertex X="32314" Y="19433" Z="0"/><Vertex X="32370" Y="19433" Z="0"/><Vertex X="32426" Y="19433" Z="0"/><Vertex X="32482" Y="19433" Z="0"/><Vertex X="32510" Y="19433" Z="0"/><Vertex X="32566" Y="19433" Z="0"/><Vertex X="32594" Y="19433" Z="0"/><Vertex X="32650" Y="19489" Z="0"/><Vertex X="32734" Y="19489" Z="0"/><Vertex X="32790" Y="19489" Z="0"/><Vertex X="32818" Y="19545" Z="0"/><Vertex X="32902" Y="19545" Z="0"/><Vertex X="32986" Y="19545" Z="0"/><Vertex X="33042" Y="19545" Z="0"/><Vertex X="33098" Y="19573" Z="0"/><Vertex X="33182" Y="19573" Z="0"/><Vertex X="33238" Y="19573" Z="0"/><Vertex X="33294" Y="19573" Z="0"/><Vertex X="33350" Y="19573" Z="0"/><Vertex X="33378" Y="19573" Z="0"/><Vertex X="33434" Y="19573" Z="0"/><Vertex X="33462" Y="19573" Z="0"/><Vertex X="33518" Y="19573" Z="0"/><Vertex X="33574" Y="19573" Z="0"/><Vertex X="33602" Y="19573" Z="0"/><Vertex X="33658" Y="19573" Z="0"/><Vertex X="33714" Y="19573" Z="0"/><Vertex X="33770" Y="19573" Z="0"/><Vertex X="33854" Y="19573" Z="0"/><Vertex X="33910" Y="19573" Z="0"/><Vertex X="33994" Y="19573" Z="0"/><Vertex X="34078" Y="19573" Z="0"/><Vertex X="34134" Y="19573" Z="0"/><Vertex X="34190" Y="19573" Z="0"/><Vertex X="34246" Y="19573" Z="0"/><Vertex X="34274" Y="19573" Z="0"/><Vertex X="34274" Y="19517" Z="0"/><Vertex X="34330" Y="19517" Z="0"/><Vertex X="34414" Y="19517" Z="0"/><Vertex X="34442" Y="19517" Z="0"/><Vertex X="34498" Y="19517" Z="0"/><Vertex X="34526" Y="19461" Z="0"/><Vertex X="34582" Y="19461" Z="0"/><Vertex X="34638" Y="19461" Z="0"/><Vertex X="34638" Y="19433" Z="0"/><Vertex X="34666" Y="19433" Z="0"/><Vertex X="34722" Y="19433" Z="0"/><Vertex X="34778" Y="19377" Z="0"/><Vertex X="34806" Y="19377" Z="0"/><Vertex X="34862" Y="19377" Z="0"/><Vertex X="34918" Y="19321" Z="0"/><Vertex X="34946" Y="19321" Z="0"/><Vertex X="35002" Y="19321" Z="0"/><Vertex X="35030" Y="19321" Z="0"/><Vertex X="35030" Y="19293" Z="0"/><Vertex X="35086" Y="19293" Z="0"/><Vertex X="35142" Y="19293" Z="0"/><Vertex X="35170" Y="19293" Z="0"/><Vertex X="35226" Y="19237" Z="0"/><Vertex X="35282" Y="19237" Z="0"/><Vertex X="35310" Y="19237" Z="0"/><Vertex X="35310" Y="19181" Z="0"/><Vertex X="35366" Y="19181" Z="0"/><Vertex X="35394" Y="19181" Z="0"/><Vertex X="35450" Y="19125" Z="0"/><Vertex X="35506" Y="19125" Z="0"/><Vertex X="35562" Y="19125" Z="0"/><Vertex X="35562" Y="19097" Z="0"/><Vertex X="35646" Y="19097" Z="0"/><Vertex X="35702" Y="19097" Z="0"/><Vertex X="35702" Y="19041" Z="0"/><Vertex X="35758" Y="19041" Z="0"/><Vertex X="35842" Y="19041" Z="0"/><Vertex X="35926" Y="18985" Z="0"/><Vertex X="36010" Y="18985" Z="0"/><Vertex X="36066" Y="18985" Z="0"/><Vertex X="36066" Y="18957" Z="0"/><Vertex X="36150" Y="18957" Z="0"/><Vertex X="36234" Y="18957" Z="0"/><Vertex X="36290" Y="18957" Z="0"/><Vertex X="36290" Y="18901" Z="0"/><Vertex X="36346" Y="18901" Z="0"/><Vertex X="36374" Y="18901" Z="0"/><Vertex X="36430" Y="18901" Z="0"/><Vertex X="36486" Y="18845" Z="0"/><Vertex X="36514" Y="18845" Z="0"/><Vertex X="36570" Y="18845" Z="0"/><Vertex X="36626" Y="18845" Z="0"/><Vertex X="36626" Y="18817" Z="0"/><Vertex X="36654" Y="18817" Z="0"/><Vertex X="36710" Y="18817" Z="0"/><Vertex X="36710" Y="18761" Z="0"/><Vertex X="36738" Y="18761" Z="0"/><Vertex X="36794" Y="18761" Z="0"/><Vertex X="36794" Y="18733" Z="0"/><Vertex X="36878" Y="18733" Z="0"/><Vertex X="36934" Y="18677" Z="0"/><Vertex X="37018" Y="18677" Z="0"/><Vertex X="37018" Y="18621" Z="0"/><Vertex X="37102" Y="18621" Z="0"/><Vertex X="37158" Y="18565" Z="0"/><Vertex X="37186" Y="18565" Z="0"/><Vertex X="37242" Y="18565" Z="0"/><Vertex X="37270" Y="18565" Z="0"/><Vertex X="37326" Y="18565" Z="0"/><Vertex X="37382" Y="18565" Z="0"/><Vertex X="37410" Y="18565" Z="0"/><Vertex X="37522" Y="18565" Z="0"/><Vertex X="37578" Y="18565" Z="0"/><Vertex X="37634" Y="18565" Z="0"/><Vertex X="37718" Y="18565" Z="0"/><Vertex X="37718" Y="18593" Z="0"/><Vertex X="37774" Y="18593" Z="0"/><Vertex X="37830" Y="18593" Z="0"/><Vertex X="37914" Y="18593" Z="0"/><Vertex X="37998" Y="18593" Z="0"/><Vertex X="38054" Y="18593" Z="0"/><Vertex X="38138" Y="18593" Z="0"/><Vertex X="38222" Y="18593" Z="0"/><Vertex X="38278" Y="18593" Z="0"/><Vertex X="38334" Y="18649" Z="0"/><Vertex X="38390" Y="18649" Z="0"/><Vertex X="38418" Y="18649" Z="0"/><Vertex X="38474" Y="18649" Z="0"/><Vertex X="38530" Y="18649" Z="0"/><Vertex X="38558" Y="18705" Z="0"/><Vertex X="38614" Y="18705" Z="0"/><Vertex X="38670" Y="18705" Z="0"/><Vertex X="38698" Y="18705" Z="0"/><Vertex X="38754" Y="18761" Z="0"/><Vertex X="38782" Y="18761" Z="0"/><Vertex X="38838" Y="18761" Z="0"/><Vertex X="38894" Y="18761" Z="0"/><Vertex X="38922" Y="18761" Z="0"/><Vertex X="38978" Y="18761" Z="0"/><Vertex X="39034" Y="18761" Z="0"/><Vertex X="39118" Y="18761" Z="0"/><Vertex X="39202" Y="18761" Z="0"/><Vertex X="39286" Y="18761" Z="0"/><Vertex X="39314" Y="18761" Z="0"/><Vertex X="39370" Y="18761" Z="0"/><Vertex X="39398" Y="18761" Z="0"/><Vertex X="39398" Y="18733" Z="0"/><Vertex X="39370" Y="18733" Z="0"/><Vertex X="39370" Y="18677" Z="0"/><Vertex X="39370" Y="18649" Z="0"/><Vertex X="39370" Y="18593" Z="0"/><Vertex X="39370" Y="18537" Z="0"/><Vertex X="39370" Y="18509" Z="0"/><Vertex X="39370" Y="18453" Z="0"/><Vertex X="39370" Y="18425" Z="0"/><Vertex X="39370" Y="18369" Z="0"/><Vertex X="39370" Y="18313" Z="0"/><Vertex X="39398" Y="18285" Z="0"/><Vertex X="39398" Y="18201" Z="0"/><Vertex X="39398" Y="18089" Z="0"/><Vertex X="39398" Y="18061" Z="0"/><Vertex X="39398" Y="17977" Z="0"/><Vertex X="39398" Y="17893" Z="0"/><Vertex X="39398" Y="17837" Z="0"/><Vertex X="39398" Y="17753" Z="0"/><Vertex X="39398" Y="17669" Z="0"/><Vertex X="39398" Y="17613" Z="0"/><Vertex X="39398" Y="17529" Z="0"/><Vertex X="39398" Y="17445" Z="0"/><Vertex X="39398" Y="17389" Z="0"/><Vertex X="39398" Y="17305" Z="0"/><Vertex X="39398" Y="17221" Z="0"/><Vertex X="39398" Y="17165" Z="0"/><Vertex X="39398" Y="17081" Z="0"/><Vertex X="39398" Y="17025" Z="0"/><Vertex X="39398" Y="16997" Z="0"/><Vertex X="39398" Y="16941" Z="0"/><Vertex X="39398" Y="16885" Z="0"/><Vertex X="39342" Y="16885" Z="0"/><Vertex X="39342" Y="16857" Z="0"/><Vertex X="39286" Y="16801" Z="0"/><Vertex X="39258" Y="16745" Z="0"/><Vertex X="39202" Y="16717" Z="0"/><Vertex X="39146" Y="16661" Z="0"/><Vertex X="39090" Y="16605" Z="0"/><Vertex X="39062" Y="16605" Z="0"/><Vertex X="38978" Y="16577" Z="0"/><Vertex X="38894" Y="16577" Z="0"/><Vertex X="38866" Y="16577" Z="0"/><Vertex X="38810" Y="16577" Z="0"/><Vertex X="38754" Y="16577" Z="0"/><Vertex X="38726" Y="16577" Z="0"/><Vertex X="38670" Y="16577" Z="0"/><Vertex X="38642" Y="16577" Z="0"/><Vertex X="38586" Y="16577" Z="0"/><Vertex X="38530" Y="16577" Z="0"/><Vertex X="38502" Y="16577" Z="0"/><Vertex X="38446" Y="16577" Z="0"/><Vertex X="38390" Y="16633" Z="0"/><Vertex X="38362" Y="16633" Z="0"/><Vertex X="38306" Y="16633" Z="0"/><Vertex X="38278" Y="16633" Z="0"/><Vertex X="38222" Y="16689" Z="0"/><Vertex X="38166" Y="16689" Z="0"/><Vertex X="38138" Y="16689" Z="0"/><Vertex X="38082" Y="16689" Z="0"/><Vertex X="37998" Y="16689" Z="0"/><Vertex X="37998" Y="16717" Z="0"/><Vertex X="37942" Y="16717" Z="0"/><Vertex X="37858" Y="16717" Z="0"/><Vertex X="37802" Y="16773" Z="0"/><Vertex X="37746" Y="16773" Z="0"/><Vertex X="37662" Y="16773" Z="0"/><Vertex X="37662" Y="16829" Z="0"/><Vertex X="37578" Y="16829" Z="0"/><Vertex X="37522" Y="16829" Z="0"/><Vertex X="37438" Y="16829" Z="0"/><Vertex X="37354" Y="16857" Z="0"/><Vertex X="37270" Y="16857" Z="0"/><Vertex X="37242" Y="16857" Z="0"/><Vertex X="37158" Y="16857" Z="0"/><Vertex X="37130" Y="16857" Z="0"/><Vertex X="37074" Y="16857" Z="0"/><Vertex X="36962" Y="16857" Z="0"/><Vertex X="36962" Y="16913" Z="0"/><Vertex X="36934" Y="16913" Z="0"/><Vertex X="36878" Y="16913" Z="0"/><Vertex X="36822" Y="16913" Z="0"/><Vertex X="36766" Y="16913" Z="0"/><Vertex X="36682" Y="16913" Z="0"/><Vertex X="36626" Y="16969" Z="0"/><Vertex X="36570" Y="16969" Z="0"/><Vertex X="36486" Y="16969" Z="0"/><Vertex X="36402" Y="16969" Z="0"/><Vertex X="36346" Y="16969" Z="0"/><Vertex X="36262" Y="16969" Z="0"/><Vertex X="36206" Y="16969" Z="0"/><Vertex X="36178" Y="16969" Z="0"/><Vertex X="36122" Y="16969" Z="0"/><Vertex X="36066" Y="17025" Z="0"/><Vertex X="36038" Y="17025" Z="0"/><Vertex X="35982" Y="17025" Z="0"/><Vertex X="35954" Y="17025" Z="0"/><Vertex X="35898" Y="17025" Z="0"/><Vertex X="35842" Y="17053" Z="0"/><Vertex X="35814" Y="17053" Z="0"/><Vertex X="35758" Y="17053" Z="0"/><Vertex X="35702" Y="17053" Z="0"/><Vertex X="35674" Y="17053" Z="0"/><Vertex X="35618" Y="17109" Z="0"/><Vertex X="35562" Y="17109" Z="0"/><Vertex X="35534" Y="17109" Z="0"/><Vertex X="35478" Y="17109" Z="0"/><Vertex X="35450" Y="17109" Z="0"/><Vertex X="35366" Y="17109" Z="0"/><Vertex X="35366" Y="17137" Z="0"/><Vertex X="35282" Y="17137" Z="0"/><Vertex X="35226" Y="17137" Z="0"/><Vertex X="35142" Y="17137" Z="0"/><Vertex X="35058" Y="17137" Z="0"/><Vertex X="35002" Y="17137" Z="0"/><Vertex X="34918" Y="17137" Z="0"/><Vertex X="34834" Y="17137" Z="0"/><Vertex X="34778" Y="17137" Z="0"/><Vertex X="34694" Y="17137" Z="0"/><Vertex X="34610" Y="17137" Z="0"/><Vertex X="34554" Y="17137" Z="0"/><Vertex X="34498" Y="17137" Z="0"/><Vertex X="34414" Y="17137" Z="0"/><Vertex X="34414" Y="17081" Z="0"/><Vertex X="34358" Y="17081" Z="0"/><Vertex X="34302" Y="17081" Z="0"/><Vertex X="34218" Y="17081" Z="0"/><Vertex X="34190" Y="17081" Z="0"/><Vertex X="34134" Y="17081" Z="0"/><Vertex X="34050" Y="17081" Z="0"/><Vertex X="33994" Y="17081" Z="0"/><Vertex X="33910" Y="17081" Z="0"/><Vertex X="33826" Y="17081" Z="0"/><Vertex X="33826" Y="17053" Z="0"/><Vertex X="33770" Y="17053" Z="0"/><Vertex X="33714" Y="17053" Z="0"/><Vertex X="33714" Y="16997" Z="0"/><Vertex X="33686" Y="16997" Z="0"/><Vertex X="33630" Y="16997" Z="0"/><Vertex X="33546" Y="16997" Z="0"/><Vertex X="33518" Y="16969" Z="0"/><Vertex X="33462" Y="16969" Z="0"/><Vertex X="33406" Y="16969" Z="0"/><Vertex X="33378" Y="16969" Z="0"/><Vertex X="33322" Y="16969" Z="0"/><Vertex X="33210" Y="16969" Z="0"/><Vertex X="33182" Y="16969" Z="0"/><Vertex X="33098" Y="16969" Z="0"/><Vertex X="33014" Y="16969" Z="0"/><Vertex X="32986" Y="16969" Z="0"/><Vertex X="32930" Y="16969" Z="0"/><Vertex X="32846" Y="16969" Z="0"/><Vertex X="32846" Y="17025" Z="0"/><Vertex X="32762" Y="17025" Z="0"/><Vertex X="32678" Y="17025" Z="0"/><Vertex X="32650" Y="17025" Z="0"/><Vertex X="32594" Y="17025" Z="0"/><Vertex X="32538" Y="17081" Z="0"/><Vertex X="32510" Y="17081" Z="0"/><Vertex X="32454" Y="17081" Z="0"/><Vertex X="32370" Y="17081" Z="0"/><Vertex X="32342" Y="17081" Z="0"/><Vertex X="32286" Y="17081" Z="0"/><Vertex X="32202" Y="17081" Z="0"/><Vertex X="32146" Y="17081" Z="0"/><Vertex X="32062" Y="17081" Z="0"/><Vertex X="31978" Y="17081" Z="0"/><Vertex X="31922" Y="17081" Z="0"/><Vertex X="31866" Y="17081" Z="0"/><Vertex X="31838" Y="17081" Z="0"/><Vertex X="31782" Y="17081" Z="0"/><Vertex X="31726" Y="17081" Z="0"/><Vertex X="31698" Y="17081" Z="0"/><Vertex X="31642" Y="17081" Z="0"/><Vertex X="31614" Y="17081" Z="0"/><Vertex X="31558" Y="17081" Z="0"/><Vertex X="31474" Y="17081" Z="0"/><Vertex X="31418" Y="17081" Z="0"/><Vertex X="31334" Y="17081" Z="0"/><Vertex X="31250" Y="17081" Z="0"/><Vertex X="31194" Y="17081" Z="0"/><Vertex X="31138" Y="17081" Z="0"/><Vertex X="31054" Y="17081" Z="0"/><Vertex X="31026" Y="17081" Z="0"/><Vertex X="30970" Y="17081" Z="0"/><Vertex X="30886" Y="17081" Z="0"/><Vertex X="30858" Y="17081" Z="0"/><Vertex X="30802" Y="17081" Z="0"/><Vertex X="30774" Y="17109" Z="0"/><Vertex X="30718" Y="17109" Z="0"/><Vertex X="30662" Y="17109" Z="0"/><Vertex X="30606" Y="17109" Z="0"/><Vertex X="30522" Y="17109" Z="0"/><Vertex X="30438" Y="17165" Z="0"/><Vertex X="30354" Y="17165" Z="0"/><Vertex X="30298" Y="17221" Z="0"/><Vertex X="30214" Y="17221" Z="0"/><Vertex X="30158" Y="17277" Z="0"/><Vertex X="30130" Y="17277" Z="0"/><Vertex X="30074" Y="17277" Z="0"/><Vertex X="30018" Y="17277" Z="0"/><Vertex X="29990" Y="17333" Z="0"/><Vertex X="29934" Y="17333" Z="0"/><Vertex X="29850" Y="17333" Z="0"/><Vertex X="29794" Y="17389" Z="0"/><Vertex X="29710" Y="17389" Z="0"/><Vertex X="29626" Y="17417" Z="0"/><Vertex X="29542" Y="17417" Z="0"/><Vertex X="29514" Y="17473" Z="0"/><Vertex X="29458" Y="17473" Z="0"/><Vertex X="29402" Y="17473" Z="0"/><Vertex X="29402" Y="17529" Z="0"/><Vertex X="29346" Y="17529" Z="0"/><Vertex X="29262" Y="17529" Z="0"/><Vertex X="29206" Y="17585" Z="0"/><Vertex X="29178" Y="17585" Z="0"/><Vertex X="29122" Y="17585" Z="0"/><Vertex X="29094" Y="17585" Z="0"/><Vertex X="29038" Y="17585" Z="0"/><Vertex X="29038" Y="17613" Z="0"/><Vertex X="28982" Y="17613" Z="0"/><Vertex X="28926" Y="17613" Z="0"/><Vertex X="28842" Y="17613" Z="0"/><Vertex X="28758" Y="17613" Z="0"/><Vertex X="28730" Y="17613" Z="0"/><Vertex X="28646" Y="17641" Z="0"/><Vertex X="28562" Y="17641" Z="0"/><Vertex X="28506" Y="17641" Z="0"/><Vertex X="28422" Y="17641" Z="0"/><Vertex X="28366" Y="17641" Z="0"/><Vertex X="28338" Y="17641" Z="0"/><Vertex X="28282" Y="17641" Z="0"/><Vertex X="28254" Y="17641" Z="0"/><Vertex X="28198" Y="17641" Z="0"/><Vertex X="28142" Y="17641" Z="0"/><Vertex X="28114" Y="17641" Z="0"/><Vertex X="28030" Y="17641" Z="0"/><Vertex X="28030" Y="17585" Z="0"/><Vertex X="27946" Y="17585" Z="0"/><Vertex X="27890" Y="17585" Z="0"/><Vertex X="27806" Y="17585" Z="0"/><Vertex X="27722" Y="17585" Z="0"/><Vertex X="27666" Y="17585" Z="0"/><Vertex X="27582" Y="17585" Z="0"/><Vertex X="27498" Y="17585" Z="0"/><Vertex X="27442" Y="17585" Z="0"/><Vertex X="27386" Y="17585" Z="0"/><Vertex X="27358" Y="17585" Z="0"/><Vertex X="27274" Y="17585" Z="0"/><Vertex X="27190" Y="17585" Z="0"/><Vertex X="27106" Y="17585" Z="0"/><Vertex X="27078" Y="17585" Z="0"/><Vertex X="27022" Y="17585" Z="0"/><Vertex X="26994" Y="17585" Z="0"/><Vertex X="26938" Y="17585" Z="0"/><Vertex X="26826" Y="17585" Z="0"/><Vertex X="26798" Y="17585" Z="0"/><Vertex X="26742" Y="17585" Z="0"/><Vertex X="26714" Y="17585" Z="0"/><Vertex X="26658" Y="17585" Z="0"/><Vertex X="26602" Y="17585" Z="0"/><Vertex X="26574" Y="17585" Z="0"/><Vertex X="26518" Y="17585" Z="0"/><Vertex X="26490" Y="17585" Z="0"/><Vertex X="26434" Y="17585" Z="0"/><Vertex X="26378" Y="17585" Z="0"/><Vertex X="26350" Y="17585" Z="0"/><Vertex X="26294" Y="17585" Z="0"/><Vertex X="26266" Y="17585" Z="0"/><Vertex X="26210" Y="17585" Z="0"/><Vertex X="26154" Y="17585" Z="0"/><Vertex X="26126" Y="17585" Z="0"/><Vertex X="26042" Y="17585" Z="0"/><Vertex X="25958" Y="17585" Z="0"/><Vertex X="25902" Y="17585" Z="0"/><Vertex X="25818" Y="17585" Z="0"/><Vertex X="25762" Y="17585" Z="0"/><Vertex X="25734" Y="17585" Z="0"/><Vertex X="25678" Y="17585" Z="0"/><Vertex X="25650" Y="17585" Z="0"/><Vertex X="25566" Y="17585" Z="0"/><Vertex X="25482" Y="17585" Z="0"/><Vertex X="25482" Y="17613" Z="0"/><Vertex X="25426" Y="17613" Z="0"/><Vertex X="25342" Y="17613" Z="0"/><Vertex X="25258" Y="17613" Z="0"/><Vertex X="25202" Y="17613" Z="0"/><Vertex X="25118" Y="17613" Z="0"/><Vertex X="25034" Y="17669" Z="0"/><Vertex X="24978" Y="17669" Z="0"/><Vertex X="24894" Y="17669" Z="0"/><Vertex X="24810" Y="17669" Z="0"/><Vertex X="24782" Y="17669" Z="0"/><Vertex X="24726" Y="17669" Z="0"/><Vertex X="24670" Y="17725" Z="0"/><Vertex X="24642" Y="17725" Z="0"/><Vertex X="24586" Y="17725" Z="0"/><Vertex X="24530" Y="17725" Z="0"/><Vertex X="24502" Y="17725" Z="0"/><Vertex X="24446" Y="17725" Z="0"/><Vertex X="24390" Y="17725" Z="0"/><Vertex X="24334" Y="17725" Z="0"/><Vertex X="24250" Y="17725" Z="0"/><Vertex X="24194" Y="17725" Z="0"/><Vertex X="24110" Y="17725" Z="0"/><Vertex X="24026" Y="17725" Z="0"/><Vertex X="23970" Y="17725" Z="0"/><Vertex X="23886" Y="17725" Z="0"/><Vertex X="23802" Y="17725" Z="0"/><Vertex X="23746" Y="17725" Z="0"/><Vertex X="23662" Y="17725" Z="0"/><Vertex X="23606" Y="17725" Z="0"/><Vertex X="23550" Y="17725" Z="0"/><Vertex X="23494" Y="17725" Z="0"/><Vertex X="23410" Y="17725" Z="0"/><Vertex X="23354" Y="17725" Z="0"/><Vertex X="23270" Y="17725" Z="0"/><Vertex X="23186" Y="17725" Z="0"/><Vertex X="23130" Y="17725" Z="0"/><Vertex X="23074" Y="17725" Z="0"/><Vertex X="23018" Y="17781" Z="0"/><Vertex X="22990" Y="17781" Z="0"/><Vertex X="22934" Y="17781" Z="0"/><Vertex X="22906" Y="17781" Z="0"/><Vertex X="22850" Y="17781" Z="0"/><Vertex X="22794" Y="17781" Z="0"/><Vertex X="22794" Y="17809" Z="0"/><Vertex X="22766" Y="17809" Z="0"/><Vertex X="22682" Y="17809" Z="0"/><Vertex X="22626" Y="17809" Z="0"/><Vertex X="22598" Y="17809" Z="0"/><Vertex X="22486" Y="17809" Z="0"/><Vertex X="22430" Y="17865" Z="0"/><Vertex X="22402" Y="17865" Z="0"/><Vertex X="22346" Y="17865" Z="0"/><Vertex X="22318" Y="17865" Z="0"/><Vertex X="22262" Y="17865" Z="0"/><Vertex X="22206" Y="17921" Z="0"/><Vertex X="22122" Y="17921" Z="0"/><Vertex X="22066" Y="17921" Z="0"/><Vertex X="22010" Y="17921" Z="0"/><Vertex X="22010" Y="17977" Z="0"/><Vertex X="21982" Y="17977" Z="0"/><Vertex X="21926" Y="17977" Z="0"/><Vertex X="21870" Y="17977" Z="0"/><Vertex X="21870" Y="18005" Z="0"/><Vertex X="21842" Y="18005" Z="0"/><Vertex X="21786" Y="18005" Z="0"/><Vertex X="21758" Y="18005" Z="0"/><Vertex X="21758" Y="18061" Z="0"/><Vertex X="21702" Y="18061" Z="0"/><Vertex X="21646" Y="18061" Z="0"/><Vertex X="21618" Y="18061" Z="0"/><Vertex X="21562" Y="18061" Z="0"/><Vertex X="21562" Y="18089" Z="0"/><Vertex X="21534" Y="18089" Z="0"/><Vertex X="21478" Y="18089" Z="0"/><Vertex X="21394" Y="18089" Z="0"/><Vertex X="21366" Y="18089" Z="0"/><Vertex X="21310" Y="18089" Z="0"/><Vertex X="21310" Y="18117" Z="0"/><Vertex X="21282" Y="18117" Z="0"/><Vertex X="21226" Y="18117" Z="0"/><Vertex X="21170" Y="18117" Z="0"/><Vertex X="21142" Y="18117" Z="0"/><Vertex X="21085" Y="18117" Z="0"/><Vertex X="21057" Y="18117" Z="0"/><Vertex X="21001" Y="18117" Z="0"/><Vertex X="20917" Y="18117" Z="0"/><Vertex X="20861" Y="18117" Z="0"/><Vertex X="20777" Y="18117" Z="0"/><Vertex X="20721" Y="18117" Z="0"/><Vertex X="20693" Y="18117" Z="0"/><Vertex X="20637" Y="18117" Z="0"/><Vertex X="20609" Y="18117" Z="0"/><Vertex X="20553" Y="18117" Z="0"/><Vertex X="20497" Y="18117" Z="0"/><Vertex X="20469" Y="18117" Z="0"/><Vertex X="20385" Y="18117" Z="0"/><Vertex X="20329" Y="18117" Z="0"/><Vertex X="20301" Y="18117" Z="0"/><Vertex X="20217" Y="18117" Z="0"/><Vertex X="20161" Y="18117" Z="0"/><Vertex X="20077" Y="18117" Z="0"/><Vertex X="20021" Y="18117" Z="0"/><Vertex X="19993" Y="18117" Z="0"/><Vertex X="19937" Y="18117" Z="0"/><Vertex X="19909" Y="18117" Z="0"/><Vertex X="19853" Y="18117" Z="0"/><Vertex X="19797" Y="18117" Z="0"/><Vertex X="19769" Y="18117" Z="0"/><Vertex X="19713" Y="18117" Z="0"/><Vertex X="19629" Y="18117" Z="0"/><Vertex X="19601" Y="18145" Z="0"/><Vertex X="19517" Y="18145" Z="0"/><Vertex X="19517" Y="18201" Z="0"/><Vertex X="19461" Y="18201" Z="0"/><Vertex X="19461" Y="18229" Z="0"/><Vertex X="19405" Y="18229" Z="0"/><Vertex X="19405" Y="18285" Z="0"/><Vertex X="19321" Y="18285" Z="0"/><Vertex X="19321" Y="18341" Z="0"/><Vertex X="19237" Y="18341" Z="0"/><Vertex X="19237" Y="18397" Z="0"/><Vertex X="19209" Y="18397" Z="0"/><Vertex X="19209" Y="18453" Z="0"/><Vertex X="19153" Y="18453" Z="0"/><Vertex X="19153" Y="18481" Z="0"/><Vertex X="19153" Y="18537" Z="0"/><Vertex X="19097" Y="18593" Z="0"/><Vertex X="19097" Y="18649" Z="0"/><Vertex X="19097" Y="18761" Z="0"/><Vertex X="19097" Y="18845" Z="0"/><Vertex X="19097" Y="18901" Z="0"/><Vertex X="19097" Y="18957" Z="0"/><Vertex X="19097" Y="19041" Z="0"/><Vertex X="19097" Y="19097" Z="0"/><Vertex X="19097" Y="19181" Z="0"/><Vertex X="19097" Y="19265" Z="0"/><Vertex X="19097" Y="19321" Z="0"/><Vertex X="19097" Y="19377" Z="0"/><Vertex X="19097" Y="19433" Z="0"/><Vertex X="19069" Y="19433" Z="0"/><Vertex X="19069" Y="19461" Z="0"/><Vertex X="19069" Y="19517" Z="0"/><Vertex X="19069" Y="19545" Z="0"/><Vertex X="19069" Y="19601" Z="0"/><Vertex X="19069" Y="19657" Z="0"/><Vertex X="19069" Y="19685" Z="0"/><Vertex X="19069" Y="19741" Z="0"/><Vertex X="19069" Y="19769" Z="0"/><Vertex X="19069" Y="19853" Z="0"/><Vertex X="19069" Y="19909" Z="0"/><Vertex X="19349" Y="20469" Z="0"/><Vertex X="19405" Y="20553" Z="0"/><Vertex X="19433" Y="20553" Z="0"/><Vertex X="19489" Y="20553" Z="0"/><Vertex X="19489" Y="20525" Z="0"/><Vertex X="19545" Y="20525" Z="0"/><Vertex X="19601" Y="20525" Z="0"/><Vertex X="19601" Y="20469" Z="0"/><Vertex X="19657" Y="20469" Z="0"/></Vertices></Region><Region Id="4" Type="0" Zoom="0.035713" Selected="0" ImageLocation="" ImageFocus="-1" Length="18282.9" Area="11388776.0" LengthMicrons="9020.8" AreaMicrons="2772524.3" Text="" NegativeROA="0" InputRegionId="0" Analyze="1" DisplayId="4"><Attributes></Attributes><Vertices><Vertex X="11621" Y="21645" Z="0"/><Vertex X="11677" Y="21645" Z="0"/><Vertex X="11705" Y="21645" Z="0"/><Vertex X="11761" Y="21645" Z="0"/><Vertex X="11817" Y="21645" Z="0"/><Vertex X="11845" Y="21589" Z="0"/><Vertex X="11901" Y="21589" Z="0"/><Vertex X="11957" Y="21589" Z="0"/><Vertex X="11985" Y="21561" Z="0"/><Vertex X="12041" Y="21561" Z="0"/><Vertex X="12097" Y="21505" Z="0"/><Vertex X="12125" Y="21505" Z="0"/><Vertex X="12181" Y="21505" Z="0"/><Vertex X="12181" Y="21449" Z="0"/><Vertex X="12237" Y="21449" Z="0"/><Vertex X="12265" Y="21449" Z="0"/><Vertex X="12321" Y="21449" Z="0"/><Vertex X="12321" Y="21421" Z="0"/><Vertex X="12349" Y="21421" Z="0"/><Vertex X="12405" Y="21365" Z="0"/><Vertex X="12461" Y="21309" Z="0"/><Vertex X="12517" Y="21225" Z="0"/><Vertex X="12545" Y="21225" Z="0"/><Vertex X="12545" Y="21197" Z="0"/><Vertex X="12601" Y="21141" Z="0"/><Vertex X="12657" Y="21141" Z="0"/><Vertex X="12657" Y="21085" Z="0"/><Vertex X="12685" Y="21085" Z="0"/><Vertex X="12741" Y="21085" Z="0"/><Vertex X="12797" Y="21085" Z="0"/><Vertex X="12825" Y="21085" Z="0"/><Vertex X="12909" Y="21085" Z="0"/><Vertex X="12965" Y="21057" Z="0"/><Vertex X="12993" Y="21057" Z="0"/><Vertex X="13049" Y="21057" Z="0"/><Vertex X="13049" Y="21001" Z="0"/><Vertex X="13077" Y="21001" Z="0"/><Vertex X="13133" Y="21001" Z="0"/><Vertex X="13133" Y="20945" Z="0"/><Vertex X="13189" Y="20945" Z="0"/><Vertex X="13217" Y="20945" Z="0"/><Vertex X="13273" Y="20917" Z="0"/><Vertex X="13329" Y="20917" Z="0"/><Vertex X="13357" Y="20917" Z="0"/><Vertex X="13441" Y="20861" Z="0"/><Vertex X="13525" Y="20861" Z="0"/><Vertex X="13581" Y="20861" Z="0"/><Vertex X="13665" Y="20861" Z="0"/><Vertex X="13749" Y="20861" Z="0"/><Vertex X="13749" Y="20805" Z="0"/><Vertex X="13833" Y="20805" Z="0"/><Vertex X="13917" Y="20805" Z="0"/><Vertex X="14001" Y="20805" Z="0"/><Vertex X="14029" Y="20805" Z="0"/><Vertex X="14085" Y="20805" Z="0"/><Vertex X="14085" Y="20749" Z="0"/><Vertex X="14113" Y="20749" Z="0"/><Vertex X="14113" Y="20721" Z="0"/><Vertex X="14113" Y="20665" Z="0"/><Vertex X="14113" Y="20637" Z="0"/><Vertex X="14113" Y="20581" Z="0"/><Vertex X="14113" Y="20525" Z="0"/><Vertex X="14057" Y="20525" Z="0"/><Vertex X="14057" Y="20497" Z="0"/><Vertex X="14057" Y="20441" Z="0"/><Vertex X="14001" Y="20385" Z="0"/><Vertex X="13945" Y="20357" Z="0"/><Vertex X="13917" Y="20301" Z="0"/><Vertex X="13861" Y="20301" Z="0"/><Vertex X="13805" Y="20301" Z="0"/><Vertex X="13777" Y="20245" Z="0"/><Vertex X="13721" Y="20245" Z="0"/><Vertex X="13665" Y="20245" Z="0"/><Vertex X="13637" Y="20245" Z="0"/><Vertex X="13581" Y="20189" Z="0"/><Vertex X="13525" Y="20189" Z="0"/><Vertex X="13497" Y="20189" Z="0"/><Vertex X="13441" Y="20189" Z="0"/><Vertex X="13413" Y="20189" Z="0"/><Vertex X="13357" Y="20189" Z="0"/><Vertex X="13357" Y="20161" Z="0"/><Vertex X="13301" Y="20161" Z="0"/><Vertex X="13273" Y="20161" Z="0"/><Vertex X="13217" Y="20161" Z="0"/><Vertex X="13189" Y="20161" Z="0"/><Vertex X="13189" Y="20105" Z="0"/><Vertex X="13133" Y="20105" Z="0"/><Vertex X="13077" Y="20105" Z="0"/><Vertex X="13049" Y="20105" Z="0"/><Vertex X="13049" Y="20077" Z="0"/><Vertex X="12993" Y="20077" Z="0"/><Vertex X="12965" Y="20077" Z="0"/><Vertex X="12965" Y="20021" Z="0"/><Vertex X="12909" Y="20021" Z="0"/><Vertex X="12909" Y="19965" Z="0"/><Vertex X="12853" Y="19965" Z="0"/><Vertex X="12853" Y="19937" Z="0"/><Vertex X="12825" Y="19937" Z="0"/><Vertex X="12825" Y="19881" Z="0"/><Vertex X="12769" Y="19881" Z="0"/><Vertex X="12713" Y="19825" Z="0"/><Vertex X="12685" Y="19825" Z="0"/><Vertex X="12685" Y="19797" Z="0"/><Vertex X="12629" Y="19797" Z="0"/><Vertex X="12601" Y="19797" Z="0"/><Vertex X="12545" Y="19769" Z="0"/><Vertex X="12489" Y="19769" Z="0"/><Vertex X="12461" Y="19769" Z="0"/><Vertex X="12405" Y="19769" Z="0"/><Vertex X="12321" Y="19769" Z="0"/><Vertex X="12293" Y="19769" Z="0"/><Vertex X="12209" Y="19769" Z="0"/><Vertex X="12125" Y="19769" Z="0"/><Vertex X="12097" Y="19769" Z="0"/><Vertex X="12041" Y="19769" Z="0"/><Vertex X="12013" Y="19769" Z="0"/><Vertex X="11957" Y="19769" Z="0"/><Vertex X="11901" Y="19769" Z="0"/><Vertex X="11873" Y="19769" Z="0"/><Vertex X="11817" Y="19769" Z="0"/><Vertex X="11789" Y="19769" Z="0"/><Vertex X="11789" Y="19825" Z="0"/><Vertex X="11733" Y="19825" Z="0"/><Vertex X="11677" Y="19825" Z="0"/><Vertex X="11649" Y="19825" Z="0"/><Vertex X="11649" Y="19853" Z="0"/><Vertex X="11593" Y="19853" Z="0"/><Vertex X="11565" Y="19853" Z="0"/><Vertex X="11565" Y="19909" Z="0"/><Vertex X="11509" Y="19909" Z="0"/><Vertex X="11425" Y="19909" Z="0"/><Vertex X="11425" Y="19937" Z="0"/><Vertex X="11369" Y="19937" Z="0"/><Vertex X="11313" Y="19937" Z="0"/><Vertex X="11229" Y="19993" Z="0"/><Vertex X="11173" Y="19993" Z="0"/><Vertex X="11089" Y="19993" Z="0"/><Vertex X="11033" Y="19993" Z="0"/><Vertex X="11033" Y="20049" Z="0"/><Vertex X="11005" Y="20049" Z="0"/><Vertex X="10949" Y="20049" Z="0"/><Vertex X="10921" Y="20049" Z="0"/><Vertex X="10865" Y="20049" Z="0"/><Vertex X="10809" Y="20049" Z="0"/><Vertex X="10781" Y="20049" Z="0"/><Vertex X="10697" Y="20049" Z="0"/><Vertex X="10669" Y="20049" Z="0"/><Vertex X="10585" Y="20049" Z="0"/><Vertex X="10529" Y="20049" Z="0"/><Vertex X="10473" Y="20049" Z="0"/><Vertex X="10417" Y="20049" Z="0"/><Vertex X="10361" Y="20049" Z="0"/><Vertex X="10333" Y="20049" Z="0"/><Vertex X="10277" Y="20049" Z="0"/><Vertex X="10249" Y="20049" Z="0"/><Vertex X="10193" Y="20049" Z="0"/><Vertex X="10137" Y="20049" Z="0"/><Vertex X="10109" Y="20049" Z="0"/><Vertex X="10025" Y="20049" Z="0"/><Vertex X="9997" Y="20049" Z="0"/><Vertex X="9941" Y="20049" Z="0"/><Vertex X="9885" Y="20049" Z="0"/><Vertex X="9857" Y="20049" Z="0"/><Vertex X="9801" Y="20049" Z="0"/><Vertex X="9773" Y="20049" Z="0"/><Vertex X="9717" Y="20049" Z="0"/><Vertex X="9633" Y="20049" Z="0"/><Vertex X="9577" Y="20049" Z="0"/><Vertex X="9521" Y="20049" Z="0"/><Vertex X="9465" Y="20049" Z="0"/><Vertex X="9437" Y="20049" Z="0"/><Vertex X="9353" Y="20049" Z="0"/><Vertex X="9269" Y="20049" Z="0"/><Vertex X="9213" Y="20049" Z="0"/><Vertex X="9157" Y="20049" Z="0"/><Vertex X="9101" Y="20021" Z="0"/><Vertex X="9073" Y="20021" Z="0"/><Vertex X="9017" Y="20021" Z="0"/><Vertex X="8961" Y="19993" Z="0"/><Vertex X="8961" Y="19937" Z="0"/><Vertex X="8905" Y="19937" Z="0"/><Vertex X="8877" Y="19937" Z="0"/><Vertex X="8821" Y="19937" Z="0"/><Vertex X="8793" Y="19937" Z="0"/><Vertex X="8737" Y="19937" Z="0"/><Vertex X="8653" Y="19965" Z="0"/><Vertex X="8597" Y="19965" Z="0"/><Vertex X="8597" Y="20049" Z="0"/><Vertex X="8513" Y="20049" Z="0"/><Vertex X="8513" Y="20077" Z="0"/><Vertex X="8429" Y="20077" Z="0"/><Vertex X="8345" Y="20133" Z="0"/><Vertex X="8317" Y="20133" Z="0"/><Vertex X="8317" Y="20189" Z="0"/><Vertex X="8261" Y="20189" Z="0"/><Vertex X="8205" Y="20245" Z="0"/><Vertex X="8177" Y="20245" Z="0"/><Vertex X="8121" Y="20273" Z="0"/><Vertex X="8065" Y="20273" Z="0"/><Vertex X="8037" Y="20273" Z="0"/><Vertex X="7981" Y="20273" Z="0"/><Vertex X="7897" Y="20329" Z="0"/><Vertex X="7841" Y="20329" Z="0"/><Vertex X="7757" Y="20329" Z="0"/><Vertex X="7757" Y="20385" Z="0"/><Vertex X="7673" Y="20385" Z="0"/><Vertex X="7645" Y="20385" Z="0"/><Vertex X="7645" Y="20441" Z="0"/><Vertex X="7589" Y="20441" Z="0"/><Vertex X="7533" Y="20469" Z="0"/><Vertex X="7505" Y="20525" Z="0"/><Vertex X="7505" Y="20581" Z="0"/><Vertex X="7449" Y="20581" Z="0"/><Vertex X="7449" Y="20609" Z="0"/><Vertex X="7449" Y="20665" Z="0"/><Vertex X="7393" Y="20665" Z="0"/><Vertex X="7393" Y="20721" Z="0"/><Vertex X="7365" Y="20749" Z="0"/><Vertex X="7365" Y="20805" Z="0"/><Vertex X="7309" Y="20861" Z="0"/><Vertex X="7309" Y="20889" Z="0"/><Vertex X="7253" Y="20889" Z="0"/><Vertex X="7225" Y="20889" Z="0"/><Vertex X="7225" Y="20945" Z="0"/><Vertex X="7169" Y="20945" Z="0"/><Vertex X="7169" Y="20973" Z="0"/><Vertex X="7113" Y="20973" Z="0"/><Vertex X="7113" Y="21029" Z="0"/><Vertex X="7085" Y="21085" Z="0"/><Vertex X="7085" Y="21169" Z="0"/><Vertex X="7029" Y="21225" Z="0"/><Vertex X="7029" Y="21281" Z="0"/><Vertex X="7029" Y="21337" Z="0"/><Vertex X="7029" Y="21365" Z="0"/><Vertex X="7029" Y="21421" Z="0"/><Vertex X="7057" Y="21449" Z="0"/><Vertex X="7057" Y="21505" Z="0"/><Vertex X="7085" Y="21505" Z="0"/><Vertex X="7085" Y="21561" Z="0"/><Vertex X="7141" Y="21561" Z="0"/><Vertex X="7141" Y="21617" Z="0"/><Vertex X="7197" Y="21673" Z="0"/><Vertex X="7197" Y="21729" Z="0"/><Vertex X="7225" Y="21729" Z="0"/><Vertex X="7225" Y="21785" Z="0"/><Vertex X="7281" Y="21897" Z="0"/><Vertex X="7281" Y="21981" Z="0"/><Vertex X="7337" Y="21981" Z="0"/><Vertex X="7337" Y="22037" Z="0"/><Vertex X="7393" Y="22065" Z="0"/><Vertex X="7449" Y="22121" Z="0"/><Vertex X="7505" Y="22121" Z="0"/><Vertex X="7589" Y="22121" Z="0"/><Vertex X="7617" Y="22121" Z="0"/><Vertex X="7701" Y="22177" Z="0"/><Vertex X="7785" Y="22177" Z="0"/><Vertex X="7813" Y="22233" Z="0"/><Vertex X="7897" Y="22233" Z="0"/><Vertex X="7897" Y="22289" Z="0"/><Vertex X="7953" Y="22289" Z="0"/><Vertex X="8037" Y="22317" Z="0"/><Vertex X="8065" Y="22373" Z="0"/><Vertex X="8121" Y="22373" Z="0"/><Vertex X="8205" Y="22429" Z="0"/><Vertex X="8261" Y="22429" Z="0"/><Vertex X="8317" Y="22429" Z="0"/><Vertex X="8373" Y="22429" Z="0"/><Vertex X="8401" Y="22401" Z="0"/><Vertex X="8485" Y="22401" Z="0"/><Vertex X="8569" Y="22401" Z="0"/><Vertex X="8597" Y="22401" Z="0"/><Vertex X="8653" Y="22401" Z="0"/><Vertex X="8709" Y="22401" Z="0"/><Vertex X="8737" Y="22401" Z="0"/><Vertex X="8793" Y="22401" Z="0"/><Vertex X="8821" Y="22401" Z="0"/><Vertex X="8905" Y="22401" Z="0"/><Vertex X="8989" Y="22345" Z="0"/><Vertex X="9073" Y="22317" Z="0"/><Vertex X="9101" Y="22261" Z="0"/><Vertex X="9157" Y="22205" Z="0"/><Vertex X="9213" Y="22149" Z="0"/><Vertex X="9269" Y="22093" Z="0"/><Vertex X="9353" Y="22065" Z="0"/><Vertex X="9381" Y="22065" Z="0"/><Vertex X="9437" Y="22009" Z="0"/><Vertex X="9493" Y="21953" Z="0"/><Vertex X="9521" Y="21953" Z="0"/><Vertex X="9577" Y="21897" Z="0"/><Vertex X="9661" Y="21897" Z="0"/><Vertex X="9661" Y="21869" Z="0"/><Vertex X="9717" Y="21869" Z="0"/><Vertex X="9801" Y="21869" Z="0"/><Vertex X="9801" Y="21813" Z="0"/><Vertex X="9885" Y="21813" Z="0"/><Vertex X="9941" Y="21813" Z="0"/><Vertex X="10025" Y="21813" Z="0"/><Vertex X="10081" Y="21813" Z="0"/><Vertex X="10137" Y="21813" Z="0"/><Vertex X="10221" Y="21813" Z="0"/><Vertex X="11341" Y="21813" Z="0"/><Vertex X="11313" Y="21785" Z="0"/><Vertex X="11369" Y="21785" Z="0"/><Vertex X="11397" Y="21785" Z="0"/><Vertex X="11397" Y="21729" Z="0"/><Vertex X="11453" Y="21729" Z="0"/><Vertex X="11481" Y="21729" Z="0"/><Vertex X="11481" Y="21701" Z="0"/><Vertex X="11537" Y="21701" Z="0"/><Vertex X="11593" Y="21701" Z="0"/><Vertex X="11593" Y="21645" Z="0"/><Vertex X="11621" Y="21645" Z="0"/></Vertices></Region></Regions><Plots></Plots></Annotation></Annotations>
