<Annotations MicronsPerPixel="0.493400">
	<Annotation Id="1" Name="" ReadOnly="0" NameReadOnly="0" LineColorReadOnly="0" Incremental="0" Type="4" LineColor="255" Visible="1" Selected="1" MarkupImagePath="" MacroName=""><Attributes></Attributes><Regions><RegionAttributeHeaders></RegionAttributeHeaders><Region Id="1" Type="0" Zoom="0.033952" Selected="0" ImageLocation="" ImageFocus="-1" Length="18051.2" Area="13634736.0" LengthMicrons="8906.5" AreaMicrons="3319288.8" Text="" NegativeROA="0" InputRegionId="0" Analyze="1" DisplayId="1"><Attributes></Attributes><Vertices><Vertex X="18497" Y="3947" Z="0"/><Vertex X="18438" Y="3947" Z="0"/><Vertex X="18350" Y="3947" Z="0"/><Vertex X="18291" Y="3947" Z="0"/><Vertex X="18232" Y="3976" Z="0"/><Vertex X="18202" Y="3976" Z="0"/><Vertex X="18143" Y="3976" Z="0"/><Vertex X="18085" Y="3976" Z="0"/><Vertex X="18055" Y="3976" Z="0"/><Vertex X="17996" Y="3976" Z="0"/><Vertex X="17967" Y="3976" Z="0"/><Vertex X="17908" Y="3976" Z="0"/><Vertex X="17849" Y="4035" Z="0"/><Vertex X="17819" Y="4035" Z="0"/><Vertex X="17819" Y="4094" Z="0"/><Vertex X="17761" Y="4094" Z="0"/><Vertex X="17761" Y="4123" Z="0"/><Vertex X="17702" Y="4123" Z="0"/><Vertex X="17702" Y="4212" Z="0"/><Vertex X="17672" Y="4300" Z="0"/><Vertex X="17672" Y="4330" Z="0"/><Vertex X="17672" Y="4389" Z="0"/><Vertex X="17613" Y="4447" Z="0"/><Vertex X="17613" Y="4477" Z="0"/><Vertex X="17613" Y="4536" Z="0"/><Vertex X="17613" Y="4595" Z="0"/><Vertex X="17554" Y="4654" Z="0"/><Vertex X="17554" Y="4712" Z="0"/><Vertex X="17554" Y="4830" Z="0"/><Vertex X="17554" Y="4889" Z="0"/><Vertex X="17554" Y="4948" Z="0"/><Vertex X="17554" Y="5036" Z="0"/><Vertex X="17554" Y="5066" Z="0"/><Vertex X="17554" Y="5125" Z="0"/><Vertex X="17554" Y="5184" Z="0"/><Vertex X="17495" Y="5243" Z="0"/><Vertex X="17437" Y="5331" Z="0"/><Vertex X="17378" Y="5419" Z="0"/><Vertex X="17348" Y="5478" Z="0"/><Vertex X="17289" Y="5537" Z="0"/><Vertex X="17230" Y="5626" Z="0"/><Vertex X="17171" Y="5684" Z="0"/><Vertex X="17171" Y="5743" Z="0"/><Vertex X="17113" Y="5773" Z="0"/><Vertex X="17113" Y="5832" Z="0"/><Vertex X="17113" Y="5891" Z="0"/><Vertex X="17083" Y="5920" Z="0"/><Vertex X="17083" Y="5979" Z="0"/><Vertex X="17083" Y="6038" Z="0"/><Vertex X="17083" Y="6067" Z="0"/><Vertex X="17083" Y="6126" Z="0"/><Vertex X="17142" Y="6126" Z="0"/><Vertex X="17171" Y="6126" Z="0"/><Vertex X="17260" Y="6185" Z="0"/><Vertex X="17348" Y="6185" Z="0"/><Vertex X="17407" Y="6185" Z="0"/><Vertex X="17466" Y="6185" Z="0"/><Vertex X="17525" Y="6185" Z="0"/><Vertex X="17554" Y="6185" Z="0"/><Vertex X="17613" Y="6185" Z="0"/><Vertex X="17643" Y="6185" Z="0"/><Vertex X="17702" Y="6185" Z="0"/><Vertex X="17761" Y="6156" Z="0"/><Vertex X="17878" Y="6156" Z="0"/><Vertex X="17908" Y="6156" Z="0"/><Vertex X="17967" Y="6156" Z="0"/><Vertex X="18026" Y="6097" Z="0"/><Vertex X="18055" Y="6097" Z="0"/><Vertex X="18114" Y="6097" Z="0"/><Vertex X="18143" Y="6097" Z="0"/><Vertex X="18202" Y="6097" Z="0"/><Vertex X="18261" Y="6097" Z="0"/><Vertex X="18291" Y="6038" Z="0"/><Vertex X="18350" Y="6038" Z="0"/><Vertex X="18409" Y="6038" Z="0"/><Vertex X="18438" Y="6038" Z="0"/><Vertex X="18526" Y="6038" Z="0"/><Vertex X="18615" Y="6038" Z="0"/><Vertex X="18674" Y="6038" Z="0"/><Vertex X="18732" Y="6038" Z="0"/><Vertex X="18762" Y="6038" Z="0"/><Vertex X="18821" Y="6038" Z="0"/><Vertex X="18939" Y="6038" Z="0"/><Vertex X="18968" Y="6038" Z="0"/><Vertex X="19027" Y="6038" Z="0"/><Vertex X="19086" Y="6038" Z="0"/><Vertex X="19145" Y="6038" Z="0"/><Vertex X="19204" Y="6038" Z="0"/><Vertex X="19263" Y="6067" Z="0"/><Vertex X="19292" Y="6067" Z="0"/><Vertex X="19351" Y="6067" Z="0"/><Vertex X="19380" Y="6067" Z="0"/><Vertex X="19439" Y="6067" Z="0"/><Vertex X="19498" Y="6067" Z="0"/><Vertex X="19528" Y="6067" Z="0"/><Vertex X="19587" Y="6067" Z="0"/><Vertex X="19646" Y="6067" Z="0"/><Vertex X="19734" Y="6067" Z="0"/><Vertex X="19822" Y="6067" Z="0"/><Vertex X="19881" Y="6067" Z="0"/><Vertex X="19970" Y="6067" Z="0"/><Vertex X="20028" Y="6067" Z="0"/><Vertex X="20058" Y="6067" Z="0"/><Vertex X="20117" Y="6067" Z="0"/><Vertex X="20176" Y="6067" Z="0"/><Vertex X="20205" Y="6067" Z="0"/><Vertex X="20264" Y="6126" Z="0"/><Vertex X="20382" Y="6126" Z="0"/><Vertex X="20441" Y="6126" Z="0"/><Vertex X="20559" Y="6126" Z="0"/><Vertex X="20647" Y="6126" Z="0"/><Vertex X="20706" Y="6126" Z="0"/><Vertex X="20794" Y="6126" Z="0"/><Vertex X="20883" Y="6126" Z="0"/><Vertex X="20941" Y="6126" Z="0"/><Vertex X="21000" Y="6126" Z="0"/><Vertex X="21089" Y="6126" Z="0"/><Vertex X="21118" Y="6126" Z="0"/><Vertex X="21207" Y="6126" Z="0"/><Vertex X="21265" Y="6126" Z="0"/><Vertex X="21295" Y="6126" Z="0"/><Vertex X="21354" Y="6126" Z="0"/><Vertex X="21383" Y="6126" Z="0"/><Vertex X="21442" Y="6126" Z="0"/><Vertex X="21531" Y="6126" Z="0"/><Vertex X="21560" Y="6126" Z="0"/><Vertex X="21648" Y="6126" Z="0"/><Vertex X="21737" Y="6126" Z="0"/><Vertex X="21766" Y="6126" Z="0"/><Vertex X="21855" Y="6126" Z="0"/><Vertex X="21884" Y="6126" Z="0"/><Vertex X="21972" Y="6126" Z="0"/><Vertex X="22061" Y="6126" Z="0"/><Vertex X="22120" Y="6126" Z="0"/><Vertex X="22208" Y="6126" Z="0"/><Vertex X="22296" Y="6126" Z="0"/><Vertex X="22355" Y="6126" Z="0"/><Vertex X="22414" Y="6126" Z="0"/><Vertex X="22502" Y="6126" Z="0"/><Vertex X="22561" Y="6126" Z="0"/><Vertex X="22620" Y="6126" Z="0"/><Vertex X="22679" Y="6126" Z="0"/><Vertex X="22709" Y="6126" Z="0"/><Vertex X="22709" Y="6097" Z="0"/><Vertex X="22768" Y="6097" Z="0"/><Vertex X="22797" Y="6097" Z="0"/><Vertex X="22856" Y="6097" Z="0"/><Vertex X="22915" Y="6097" Z="0"/><Vertex X="22915" Y="6067" Z="0"/><Vertex X="22944" Y="6067" Z="0"/><Vertex X="23003" Y="6067" Z="0"/><Vertex X="23033" Y="6067" Z="0"/><Vertex X="23121" Y="6067" Z="0"/><Vertex X="23180" Y="6067" Z="0"/><Vertex X="23180" Y="6008" Z="0"/><Vertex X="23209" Y="6008" Z="0"/><Vertex X="23268" Y="6008" Z="0"/><Vertex X="23298" Y="6008" Z="0"/><Vertex X="23298" Y="5950" Z="0"/><Vertex X="23357" Y="5950" Z="0"/><Vertex X="23416" Y="5950" Z="0"/><Vertex X="23445" Y="5950" Z="0"/><Vertex X="23445" Y="5920" Z="0"/><Vertex X="23504" Y="5920" Z="0"/><Vertex X="23533" Y="5920" Z="0"/><Vertex X="23533" Y="5861" Z="0"/><Vertex X="23592" Y="5861" Z="0"/><Vertex X="23651" Y="5802" Z="0"/><Vertex X="23681" Y="5802" Z="0"/><Vertex X="23740" Y="5773" Z="0"/><Vertex X="23798" Y="5773" Z="0"/><Vertex X="23828" Y="5773" Z="0"/><Vertex X="23828" Y="5714" Z="0"/><Vertex X="23887" Y="5714" Z="0"/><Vertex X="23887" Y="5684" Z="0"/><Vertex X="23946" Y="5684" Z="0"/><Vertex X="23975" Y="5626" Z="0"/><Vertex X="23975" Y="5567" Z="0"/><Vertex X="24034" Y="5567" Z="0"/><Vertex X="24034" Y="5537" Z="0"/><Vertex X="24034" Y="5478" Z="0"/><Vertex X="24034" Y="5419" Z="0"/><Vertex X="24034" Y="5390" Z="0"/><Vertex X="24034" Y="5331" Z="0"/><Vertex X="24034" Y="5302" Z="0"/><Vertex X="24034" Y="5213" Z="0"/><Vertex X="24005" Y="5213" Z="0"/><Vertex X="24005" Y="5154" Z="0"/><Vertex X="24005" Y="5125" Z="0"/><Vertex X="23975" Y="5125" Z="0"/><Vertex X="23975" Y="5066" Z="0"/><Vertex X="23916" Y="5066" Z="0"/><Vertex X="23916" Y="5007" Z="0"/><Vertex X="23887" Y="5007" Z="0"/><Vertex X="23887" Y="4978" Z="0"/><Vertex X="23828" Y="4919" Z="0"/><Vertex X="23769" Y="4860" Z="0"/><Vertex X="23769" Y="4801" Z="0"/><Vertex X="23710" Y="4801" Z="0"/><Vertex X="23710" Y="4712" Z="0"/><Vertex X="23681" Y="4654" Z="0"/><Vertex X="23681" Y="4624" Z="0"/><Vertex X="23622" Y="4565" Z="0"/><Vertex X="23622" Y="4477" Z="0"/><Vertex X="23563" Y="4477" Z="0"/><Vertex X="23563" Y="4447" Z="0"/><Vertex X="23533" Y="4447" Z="0"/><Vertex X="23533" Y="4389" Z="0"/><Vertex X="23474" Y="4389" Z="0"/><Vertex X="23474" Y="4330" Z="0"/><Vertex X="23416" Y="4330" Z="0"/><Vertex X="23416" Y="4300" Z="0"/><Vertex X="23386" Y="4300" Z="0"/><Vertex X="23327" Y="4300" Z="0"/><Vertex X="23298" Y="4300" Z="0"/><Vertex X="23298" Y="4241" Z="0"/><Vertex X="23209" Y="4241" Z="0"/><Vertex X="23121" Y="4241" Z="0"/><Vertex X="23092" Y="4241" Z="0"/><Vertex X="23003" Y="4241" Z="0"/><Vertex X="23003" Y="4212" Z="0"/><Vertex X="22944" Y="4212" Z="0"/><Vertex X="22915" Y="4212" Z="0"/><Vertex X="22915" Y="4153" Z="0"/><Vertex X="22826" Y="4153" Z="0"/><Vertex X="22797" Y="4153" Z="0"/><Vertex X="22797" Y="4094" Z="0"/><Vertex X="22709" Y="4094" Z="0"/><Vertex X="22620" Y="4094" Z="0"/><Vertex X="22620" Y="4065" Z="0"/><Vertex X="22561" Y="4065" Z="0"/><Vertex X="22473" Y="4006" Z="0"/><Vertex X="22385" Y="4006" Z="0"/><Vertex X="22385" Y="3947" Z="0"/><Vertex X="22296" Y="3947" Z="0"/><Vertex X="22237" Y="3888" Z="0"/><Vertex X="22179" Y="3888" Z="0"/><Vertex X="22090" Y="3888" Z="0"/><Vertex X="22031" Y="3888" Z="0"/><Vertex X="21943" Y="3888" Z="0"/><Vertex X="21943" Y="3858" Z="0"/><Vertex X="21884" Y="3858" Z="0"/><Vertex X="21825" Y="3858" Z="0"/><Vertex X="21766" Y="3858" Z="0"/><Vertex X="21678" Y="3858" Z="0"/><Vertex X="21619" Y="3858" Z="0"/><Vertex X="21531" Y="3858" Z="0"/><Vertex X="21413" Y="3858" Z="0"/><Vertex X="21324" Y="3858" Z="0"/><Vertex X="21236" Y="3858" Z="0"/><Vertex X="21148" Y="3858" Z="0"/><Vertex X="21118" Y="3858" Z="0"/><Vertex X="21059" Y="3858" Z="0"/><Vertex X="21030" Y="3858" Z="0"/><Vertex X="20941" Y="3858" Z="0"/><Vertex X="20853" Y="3858" Z="0"/><Vertex X="20765" Y="3858" Z="0"/><Vertex X="20706" Y="3858" Z="0"/><Vertex X="20617" Y="3858" Z="0"/><Vertex X="20529" Y="3858" Z="0"/><Vertex X="20470" Y="3858" Z="0"/><Vertex X="20382" Y="3858" Z="0"/><Vertex X="20294" Y="3858" Z="0"/><Vertex X="20294" Y="3799" Z="0"/><Vertex X="20235" Y="3799" Z="0"/><Vertex X="20146" Y="3799" Z="0"/><Vertex X="20058" Y="3799" Z="0"/><Vertex X="19999" Y="3799" Z="0"/><Vertex X="19999" Y="3770" Z="0"/><Vertex X="19911" Y="3770" Z="0"/><Vertex X="19822" Y="3770" Z="0"/><Vertex X="19763" Y="3770" Z="0"/><Vertex X="19704" Y="3770" Z="0"/><Vertex X="19675" Y="3770" Z="0"/><Vertex X="19616" Y="3770" Z="0"/><Vertex X="19557" Y="3770" Z="0"/><Vertex X="19498" Y="3770" Z="0"/><Vertex X="19439" Y="3770" Z="0"/><Vertex X="19351" Y="3770" Z="0"/><Vertex X="19292" Y="3770" Z="0"/><Vertex X="19233" Y="3770" Z="0"/><Vertex X="19204" Y="3770" Z="0"/><Vertex X="19145" Y="3770" Z="0"/><Vertex X="19056" Y="3770" Z="0"/><Vertex X="18968" Y="3770" Z="0"/><Vertex X="18939" Y="3770" Z="0"/><Vertex X="18939" Y="3829" Z="0"/><Vertex X="18880" Y="3829" Z="0"/><Vertex X="18821" Y="3829" Z="0"/><Vertex X="18762" Y="3829" Z="0"/><Vertex X="18762" Y="3888" Z="0"/><Vertex X="18703" Y="3888" Z="0"/><Vertex X="18674" Y="3888" Z="0"/><Vertex X="18615" Y="3888" Z="0"/><Vertex X="18615" Y="3917" Z="0"/><Vertex X="18585" Y="3917" Z="0"/><Vertex X="18526" Y="3917" Z="0"/><Vertex X="18526" Y="3976" Z="0"/><Vertex X="18497" Y="3947" Z="0"/></Vertices></Region><Region Id="2" Type="0" Zoom="0.033952" Selected="0" ImageLocation="" ImageFocus="-1" Length="15776.4" Area="5809813.0" LengthMicrons="7784.1" AreaMicrons="1414361.6" Text="" NegativeROA="0" InputRegionId="0" Analyze="1" DisplayId="2"><Attributes></Attributes><Vertices><Vertex X="6451" Y="3358" Z="0"/><Vertex X="6392" Y="3417" Z="0"/><Vertex X="6303" Y="3475" Z="0"/><Vertex X="6215" Y="3534" Z="0"/><Vertex X="6185" Y="3534" Z="0"/><Vertex X="6185" Y="3593" Z="0"/><Vertex X="6097" Y="3593" Z="0"/><Vertex X="6009" Y="3652" Z="0"/><Vertex X="5950" Y="3652" Z="0"/><Vertex X="5891" Y="3682" Z="0"/><Vertex X="5803" Y="3682" Z="0"/><Vertex X="5803" Y="3770" Z="0"/><Vertex X="5714" Y="3770" Z="0"/><Vertex X="5714" Y="3829" Z="0"/><Vertex X="5655" Y="3829" Z="0"/><Vertex X="5655" Y="3858" Z="0"/><Vertex X="5596" Y="3858" Z="0"/><Vertex X="5596" Y="3917" Z="0"/><Vertex X="5567" Y="3917" Z="0"/><Vertex X="5567" Y="3947" Z="0"/><Vertex X="5508" Y="3947" Z="0"/><Vertex X="5508" Y="4035" Z="0"/><Vertex X="5449" Y="4035" Z="0"/><Vertex X="5449" Y="4123" Z="0"/><Vertex X="5390" Y="4123" Z="0"/><Vertex X="5390" Y="4182" Z="0"/><Vertex X="5302" Y="4182" Z="0"/><Vertex X="5302" Y="4271" Z="0"/><Vertex X="5214" Y="4330" Z="0"/><Vertex X="5155" Y="4389" Z="0"/><Vertex X="5125" Y="4418" Z="0"/><Vertex X="5066" Y="4477" Z="0"/><Vertex X="5007" Y="4536" Z="0"/><Vertex X="4948" Y="4595" Z="0"/><Vertex X="4919" Y="4654" Z="0"/><Vertex X="4831" Y="4712" Z="0"/><Vertex X="4742" Y="4801" Z="0"/><Vertex X="4654" Y="4889" Z="0"/><Vertex X="4654" Y="4948" Z="0"/><Vertex X="4566" Y="5007" Z="0"/><Vertex X="4566" Y="5036" Z="0"/><Vertex X="4477" Y="5095" Z="0"/><Vertex X="4477" Y="5154" Z="0"/><Vertex X="4389" Y="5213" Z="0"/><Vertex X="4389" Y="5243" Z="0"/><Vertex X="4330" Y="5243" Z="0"/><Vertex X="4330" Y="5331" Z="0"/><Vertex X="4271" Y="5331" Z="0"/><Vertex X="4271" Y="5390" Z="0"/><Vertex X="4242" Y="5390" Z="0"/><Vertex X="4242" Y="5419" Z="0"/><Vertex X="4183" Y="5419" Z="0"/><Vertex X="4183" Y="5478" Z="0"/><Vertex X="4124" Y="5537" Z="0"/><Vertex X="4065" Y="5567" Z="0"/><Vertex X="4035" Y="5626" Z="0"/><Vertex X="3977" Y="5684" Z="0"/><Vertex X="3918" Y="5743" Z="0"/><Vertex X="3859" Y="5773" Z="0"/><Vertex X="3829" Y="5832" Z="0"/><Vertex X="3770" Y="5891" Z="0"/><Vertex X="3711" Y="5950" Z="0"/><Vertex X="3653" Y="6038" Z="0"/><Vertex X="3653" Y="6097" Z="0"/><Vertex X="3594" Y="6156" Z="0"/><Vertex X="3594" Y="6215" Z="0"/><Vertex X="3594" Y="6244" Z="0"/><Vertex X="3594" Y="6303" Z="0"/><Vertex X="3594" Y="6362" Z="0"/><Vertex X="3594" Y="6421" Z="0"/><Vertex X="3623" Y="6480" Z="0"/><Vertex X="3711" Y="6480" Z="0"/><Vertex X="3770" Y="6539" Z="0"/><Vertex X="3800" Y="6539" Z="0"/><Vertex X="3859" Y="6539" Z="0"/><Vertex X="3888" Y="6539" Z="0"/><Vertex X="3977" Y="6539" Z="0"/><Vertex X="4065" Y="6539" Z="0"/><Vertex X="4124" Y="6509" Z="0"/><Vertex X="4212" Y="6509" Z="0"/><Vertex X="4301" Y="6421" Z="0"/><Vertex X="4389" Y="6362" Z="0"/><Vertex X="4477" Y="6303" Z="0"/><Vertex X="4536" Y="6244" Z="0"/><Vertex X="4624" Y="6185" Z="0"/><Vertex X="4683" Y="6185" Z="0"/><Vertex X="4772" Y="6067" Z="0"/><Vertex X="4831" Y="6038" Z="0"/><Vertex X="4919" Y="5979" Z="0"/><Vertex X="4978" Y="5920" Z="0"/><Vertex X="5066" Y="5861" Z="0"/><Vertex X="5125" Y="5802" Z="0"/><Vertex X="5184" Y="5743" Z="0"/><Vertex X="5214" Y="5714" Z="0"/><Vertex X="5272" Y="5714" Z="0"/><Vertex X="5331" Y="5626" Z="0"/><Vertex X="5390" Y="5626" Z="0"/><Vertex X="5420" Y="5537" Z="0"/><Vertex X="5479" Y="5537" Z="0"/><Vertex X="5538" Y="5449" Z="0"/><Vertex X="5567" Y="5449" Z="0"/><Vertex X="5626" Y="5360" Z="0"/><Vertex X="5685" Y="5360" Z="0"/><Vertex X="5744" Y="5302" Z="0"/><Vertex X="5803" Y="5243" Z="0"/><Vertex X="5862" Y="5154" Z="0"/><Vertex X="5920" Y="5066" Z="0"/><Vertex X="5920" Y="5036" Z="0"/><Vertex X="5979" Y="5036" Z="0"/><Vertex X="5979" Y="4978" Z="0"/><Vertex X="6038" Y="4919" Z="0"/><Vertex X="6068" Y="4860" Z="0"/><Vertex X="6068" Y="4830" Z="0"/><Vertex X="6127" Y="4830" Z="0"/><Vertex X="6127" Y="4771" Z="0"/><Vertex X="6185" Y="4771" Z="0"/><Vertex X="6185" Y="4742" Z="0"/><Vertex X="6244" Y="4742" Z="0"/><Vertex X="6244" Y="4683" Z="0"/><Vertex X="6333" Y="4683" Z="0"/><Vertex X="6421" Y="4624" Z="0"/><Vertex X="6451" Y="4624" Z="0"/><Vertex X="6509" Y="4624" Z="0"/><Vertex X="6568" Y="4536" Z="0"/><Vertex X="6598" Y="4536" Z="0"/><Vertex X="6657" Y="4536" Z="0"/><Vertex X="6657" Y="4506" Z="0"/><Vertex X="6775" Y="4506" Z="0"/><Vertex X="6775" Y="4447" Z="0"/><Vertex X="6892" Y="4447" Z="0"/><Vertex X="6892" Y="4389" Z="0"/><Vertex X="6951" Y="4389" Z="0"/><Vertex X="6951" Y="4330" Z="0"/><Vertex X="7040" Y="4271" Z="0"/><Vertex X="7128" Y="4182" Z="0"/><Vertex X="7187" Y="4123" Z="0"/><Vertex X="7216" Y="4094" Z="0"/><Vertex X="7275" Y="4035" Z="0"/><Vertex X="7334" Y="4035" Z="0"/><Vertex X="7334" Y="3976" Z="0"/><Vertex X="7423" Y="3976" Z="0"/><Vertex X="7452" Y="3976" Z="0"/><Vertex X="7452" Y="3947" Z="0"/><Vertex X="7511" Y="3947" Z="0"/><Vertex X="7511" Y="3888" Z="0"/><Vertex X="7540" Y="3888" Z="0"/><Vertex X="7540" Y="3829" Z="0"/><Vertex X="7599" Y="3799" Z="0"/><Vertex X="7599" Y="3741" Z="0"/><Vertex X="7658" Y="3741" Z="0"/><Vertex X="7658" Y="3682" Z="0"/><Vertex X="7688" Y="3652" Z="0"/><Vertex X="7688" Y="3593" Z="0"/><Vertex X="7747" Y="3505" Z="0"/><Vertex X="7747" Y="3475" Z="0"/><Vertex X="7805" Y="3475" Z="0"/><Vertex X="7805" Y="3417" Z="0"/><Vertex X="7864" Y="3417" Z="0"/><Vertex X="7864" Y="3358" Z="0"/><Vertex X="7894" Y="3328" Z="0"/><Vertex X="7894" Y="3269" Z="0"/><Vertex X="7953" Y="3269" Z="0"/><Vertex X="7953" Y="3181" Z="0"/><Vertex X="8012" Y="3181" Z="0"/><Vertex X="8012" Y="3122" Z="0"/><Vertex X="8041" Y="3122" Z="0"/><Vertex X="8041" Y="3063" Z="0"/><Vertex X="8100" Y="3063" Z="0"/><Vertex X="8100" Y="3004" Z="0"/><Vertex X="8129" Y="3004" Z="0"/><Vertex X="8129" Y="2975" Z="0"/><Vertex X="8129" Y="2916" Z="0"/><Vertex X="8188" Y="2916" Z="0"/><Vertex X="8188" Y="2886" Z="0"/><Vertex X="8247" Y="2827" Z="0"/><Vertex X="8247" Y="2769" Z="0"/><Vertex X="8277" Y="2769" Z="0"/><Vertex X="8277" Y="2739" Z="0"/><Vertex X="8336" Y="2739" Z="0"/><Vertex X="8336" Y="2651" Z="0"/><Vertex X="8394" Y="2562" Z="0"/><Vertex X="8394" Y="2533" Z="0"/><Vertex X="8394" Y="2474" Z="0"/><Vertex X="8424" Y="2474" Z="0"/><Vertex X="8424" Y="2415" Z="0"/><Vertex X="8424" Y="2386" Z="0"/><Vertex X="8424" Y="2327" Z="0"/><Vertex X="8424" Y="2297" Z="0"/><Vertex X="8424" Y="2238" Z="0"/><Vertex X="8365" Y="2238" Z="0"/><Vertex X="8336" Y="2238" Z="0"/><Vertex X="8336" Y="2180" Z="0"/><Vertex X="8277" Y="2180" Z="0"/><Vertex X="8218" Y="2180" Z="0"/><Vertex X="8188" Y="2180" Z="0"/><Vertex X="8100" Y="2180" Z="0"/><Vertex X="8100" Y="2209" Z="0"/><Vertex X="8012" Y="2209" Z="0"/><Vertex X="7982" Y="2209" Z="0"/><Vertex X="7923" Y="2268" Z="0"/><Vertex X="7864" Y="2268" Z="0"/><Vertex X="7835" Y="2327" Z="0"/><Vertex X="7776" Y="2327" Z="0"/><Vertex X="7688" Y="2386" Z="0"/><Vertex X="7629" Y="2386" Z="0"/><Vertex X="7570" Y="2474" Z="0"/><Vertex X="7481" Y="2474" Z="0"/><Vertex X="7393" Y="2562" Z="0"/><Vertex X="7305" Y="2562" Z="0"/><Vertex X="7246" Y="2651" Z="0"/><Vertex X="7157" Y="2710" Z="0"/><Vertex X="7099" Y="2710" Z="0"/><Vertex X="7040" Y="2798" Z="0"/><Vertex X="7010" Y="2798" Z="0"/><Vertex X="7010" Y="2827" Z="0"/><Vertex X="6922" Y="2827" Z="0"/><Vertex X="6922" Y="2886" Z="0"/><Vertex X="6833" Y="2886" Z="0"/><Vertex X="6833" Y="2975" Z="0"/><Vertex X="6775" Y="2975" Z="0"/><Vertex X="6775" Y="3034" Z="0"/><Vertex X="6686" Y="3034" Z="0"/><Vertex X="6686" Y="3122" Z="0"/><Vertex X="6627" Y="3122" Z="0"/><Vertex X="6627" Y="3151" Z="0"/><Vertex X="6598" Y="3151" Z="0"/><Vertex X="6598" Y="3210" Z="0"/><Vertex X="6539" Y="3269" Z="0"/><Vertex X="6539" Y="3358" Z="0"/><Vertex X="6480" Y="3358" Z="0"/><Vertex X="6480" Y="3417" Z="0"/><Vertex X="6451" Y="3417" Z="0"/><Vertex X="6451" Y="3358" Z="0"/></Vertices></Region><Region Id="3" Type="0" Zoom="0.033952" Selected="0" ImageLocation="" ImageFocus="-1" Length="21653.0" Area="15949674.0" LengthMicrons="10683.6" AreaMicrons="3882845.5" Text="" NegativeROA="0" InputRegionId="0" Analyze="1" DisplayId="3"><Attributes></Attributes><Vertices><Vertex X="9543" Y="7069" Z="0"/><Vertex X="9484" Y="7069" Z="0"/><Vertex X="9455" Y="7128" Z="0"/><Vertex X="9396" Y="7128" Z="0"/><Vertex X="9337" Y="7187" Z="0"/><Vertex X="9308" Y="7187" Z="0"/><Vertex X="9249" Y="7216" Z="0"/><Vertex X="9190" Y="7216" Z="0"/><Vertex X="9131" Y="7304" Z="0"/><Vertex X="9101" Y="7363" Z="0"/><Vertex X="9042" Y="7422" Z="0"/><Vertex X="8984" Y="7481" Z="0"/><Vertex X="8925" Y="7511" Z="0"/><Vertex X="8866" Y="7569" Z="0"/><Vertex X="8836" Y="7628" Z="0"/><Vertex X="8777" Y="7687" Z="0"/><Vertex X="8718" Y="7746" Z="0"/><Vertex X="8630" Y="7805" Z="0"/><Vertex X="8630" Y="7864" Z="0"/><Vertex X="8571" Y="7923" Z="0"/><Vertex X="8571" Y="7952" Z="0"/><Vertex X="8542" Y="8011" Z="0"/><Vertex X="8542" Y="8070" Z="0"/><Vertex X="8483" Y="8129" Z="0"/><Vertex X="8483" Y="8158" Z="0"/><Vertex X="8394" Y="8217" Z="0"/><Vertex X="8394" Y="8276" Z="0"/><Vertex X="8306" Y="8306" Z="0"/><Vertex X="8247" Y="8394" Z="0"/><Vertex X="8218" Y="8482" Z="0"/><Vertex X="8159" Y="8571" Z="0"/><Vertex X="8100" Y="8659" Z="0"/><Vertex X="8012" Y="8718" Z="0"/><Vertex X="7923" Y="8777" Z="0"/><Vertex X="7835" Y="8865" Z="0"/><Vertex X="7835" Y="8924" Z="0"/><Vertex X="7776" Y="8924" Z="0"/><Vertex X="7776" Y="8983" Z="0"/><Vertex X="7688" Y="8983" Z="0"/><Vertex X="7688" Y="9013" Z="0"/><Vertex X="7629" Y="9013" Z="0"/><Vertex X="7570" Y="9101" Z="0"/><Vertex X="7570" Y="9160" Z="0"/><Vertex X="7540" Y="9160" Z="0"/><Vertex X="7540" Y="9189" Z="0"/><Vertex X="7540" Y="9248" Z="0"/><Vertex X="7540" Y="9278" Z="0"/><Vertex X="7540" Y="9337" Z="0"/><Vertex X="7540" Y="9396" Z="0"/><Vertex X="7540" Y="9425" Z="0"/><Vertex X="7540" Y="9484" Z="0"/><Vertex X="7570" Y="9543" Z="0"/><Vertex X="7570" Y="9602" Z="0"/><Vertex X="7570" Y="9690" Z="0"/><Vertex X="7570" Y="9720" Z="0"/><Vertex X="7570" Y="9778" Z="0"/><Vertex X="7570" Y="9837" Z="0"/><Vertex X="7570" Y="9867" Z="0"/><Vertex X="7570" Y="9955" Z="0"/><Vertex X="7570" Y="10014" Z="0"/><Vertex X="7570" Y="10073" Z="0"/><Vertex X="7570" Y="10161" Z="0"/><Vertex X="7599" Y="10220" Z="0"/><Vertex X="7599" Y="10250" Z="0"/><Vertex X="7599" Y="10367" Z="0"/><Vertex X="7599" Y="10426" Z="0"/><Vertex X="7599" Y="10456" Z="0"/><Vertex X="7599" Y="10515" Z="0"/><Vertex X="7599" Y="10633" Z="0"/><Vertex X="7599" Y="10662" Z="0"/><Vertex X="7599" Y="10780" Z="0"/><Vertex X="7599" Y="10868" Z="0"/><Vertex X="7540" Y="10927" Z="0"/><Vertex X="7481" Y="10986" Z="0"/><Vertex X="7393" Y="11074" Z="0"/><Vertex X="7334" Y="11133" Z="0"/><Vertex X="7275" Y="11222" Z="0"/><Vertex X="7275" Y="11281" Z="0"/><Vertex X="7246" Y="11281" Z="0"/><Vertex X="7246" Y="11369" Z="0"/><Vertex X="7246" Y="11457" Z="0"/><Vertex X="7246" Y="11516" Z="0"/><Vertex X="7187" Y="11516" Z="0"/><Vertex X="7187" Y="11605" Z="0"/><Vertex X="7187" Y="11693" Z="0"/><Vertex X="7187" Y="11752" Z="0"/><Vertex X="7187" Y="11840" Z="0"/><Vertex X="7187" Y="11899" Z="0"/><Vertex X="7187" Y="11928" Z="0"/><Vertex X="7187" Y="11987" Z="0"/><Vertex X="7216" Y="11987" Z="0"/><Vertex X="7216" Y="12017" Z="0"/><Vertex X="7246" Y="12017" Z="0"/><Vertex X="7305" Y="12017" Z="0"/><Vertex X="7423" Y="12017" Z="0"/><Vertex X="7452" Y="12017" Z="0"/><Vertex X="7511" Y="12017" Z="0"/><Vertex X="7570" Y="11958" Z="0"/><Vertex X="7599" Y="11958" Z="0"/><Vertex X="7658" Y="11958" Z="0"/><Vertex X="7717" Y="11899" Z="0"/><Vertex X="7747" Y="11899" Z="0"/><Vertex X="7805" Y="11840" Z="0"/><Vertex X="7864" Y="11840" Z="0"/><Vertex X="7923" Y="11781" Z="0"/><Vertex X="7953" Y="11722" Z="0"/><Vertex X="8012" Y="11663" Z="0"/><Vertex X="8070" Y="11605" Z="0"/><Vertex X="8129" Y="11546" Z="0"/><Vertex X="8188" Y="11516" Z="0"/><Vertex X="8218" Y="11457" Z="0"/><Vertex X="8277" Y="11457" Z="0"/><Vertex X="8336" Y="11369" Z="0"/><Vertex X="8365" Y="11369" Z="0"/><Vertex X="8424" Y="11281" Z="0"/><Vertex X="8483" Y="11281" Z="0"/><Vertex X="8542" Y="11192" Z="0"/><Vertex X="8571" Y="11192" Z="0"/><Vertex X="8630" Y="11163" Z="0"/><Vertex X="8718" Y="11074" Z="0"/><Vertex X="8807" Y="10986" Z="0"/><Vertex X="8895" Y="10898" Z="0"/><Vertex X="8925" Y="10898" Z="0"/><Vertex X="8925" Y="10809" Z="0"/><Vertex X="9013" Y="10809" Z="0"/><Vertex X="9013" Y="10750" Z="0"/><Vertex X="9101" Y="10750" Z="0"/><Vertex X="9101" Y="10662" Z="0"/><Vertex X="9160" Y="10662" Z="0"/><Vertex X="9160" Y="10574" Z="0"/><Vertex X="9219" Y="10574" Z="0"/><Vertex X="9219" Y="10515" Z="0"/><Vertex X="9308" Y="10515" Z="0"/><Vertex X="9308" Y="10397" Z="0"/><Vertex X="9366" Y="10397" Z="0"/><Vertex X="9366" Y="10309" Z="0"/><Vertex X="9455" Y="10309" Z="0"/><Vertex X="9455" Y="10250" Z="0"/><Vertex X="9543" Y="10250" Z="0"/><Vertex X="9543" Y="10191" Z="0"/><Vertex X="9602" Y="10191" Z="0"/><Vertex X="9602" Y="10132" Z="0"/><Vertex X="9661" Y="10132" Z="0"/><Vertex X="9661" Y="10102" Z="0"/><Vertex X="9749" Y="10102" Z="0"/><Vertex X="9808" Y="10043" Z="0"/><Vertex X="9897" Y="10043" Z="0"/><Vertex X="9955" Y="9985" Z="0"/><Vertex X="10044" Y="9926" Z="0"/><Vertex X="10103" Y="9926" Z="0"/><Vertex X="10103" Y="9867" Z="0"/><Vertex X="10191" Y="9867" Z="0"/><Vertex X="10279" Y="9808" Z="0"/><Vertex X="10309" Y="9808" Z="0"/><Vertex X="10309" Y="9749" Z="0"/><Vertex X="10397" Y="9749" Z="0"/><Vertex X="10397" Y="9720" Z="0"/><Vertex X="10486" Y="9720" Z="0"/><Vertex X="10486" Y="9631" Z="0"/><Vertex X="10545" Y="9631" Z="0"/><Vertex X="10545" Y="9572" Z="0"/><Vertex X="10633" Y="9572" Z="0"/><Vertex X="10633" Y="9543" Z="0"/><Vertex X="10692" Y="9543" Z="0"/><Vertex X="10692" Y="9484" Z="0"/><Vertex X="10721" Y="9484" Z="0"/><Vertex X="10721" Y="9425" Z="0"/><Vertex X="10810" Y="9425" Z="0"/><Vertex X="10810" Y="9396" Z="0"/><Vertex X="10898" Y="9396" Z="0"/><Vertex X="10898" Y="9307" Z="0"/><Vertex X="10957" Y="9307" Z="0"/><Vertex X="10957" Y="9219" Z="0"/><Vertex X="11016" Y="9219" Z="0"/><Vertex X="11016" Y="9160" Z="0"/><Vertex X="11075" Y="9160" Z="0"/><Vertex X="11075" Y="9101" Z="0"/><Vertex X="11104" Y="9101" Z="0"/><Vertex X="11104" Y="9072" Z="0"/><Vertex X="11163" Y="9072" Z="0"/><Vertex X="11222" Y="9013" Z="0"/><Vertex X="11251" Y="8954" Z="0"/><Vertex X="11310" Y="8865" Z="0"/><Vertex X="11369" Y="8806" Z="0"/><Vertex X="11428" Y="8777" Z="0"/><Vertex X="11516" Y="8718" Z="0"/><Vertex X="11546" Y="8718" Z="0"/><Vertex X="11546" Y="8630" Z="0"/><Vertex X="11634" Y="8630" Z="0"/><Vertex X="11723" Y="8571" Z="0"/><Vertex X="11782" Y="8571" Z="0"/><Vertex X="11782" Y="8541" Z="0"/><Vertex X="11840" Y="8541" Z="0"/><Vertex X="11840" Y="8482" Z="0"/><Vertex X="11870" Y="8482" Z="0"/><Vertex X="11870" Y="8424" Z="0"/><Vertex X="11929" Y="8424" Z="0"/><Vertex X="11929" Y="8394" Z="0"/><Vertex X="11988" Y="8394" Z="0"/><Vertex X="11988" Y="8335" Z="0"/><Vertex X="12017" Y="8335" Z="0"/><Vertex X="12076" Y="8306" Z="0"/><Vertex X="12135" Y="8306" Z="0"/><Vertex X="12135" Y="8247" Z="0"/><Vertex X="12164" Y="8247" Z="0"/><Vertex X="12164" Y="8188" Z="0"/><Vertex X="12223" Y="8188" Z="0"/><Vertex X="12223" Y="8158" Z="0"/><Vertex X="12253" Y="8158" Z="0"/><Vertex X="12253" Y="8100" Z="0"/><Vertex X="12312" Y="8100" Z="0"/><Vertex X="12371" Y="8011" Z="0"/><Vertex X="12430" Y="7982" Z="0"/><Vertex X="12459" Y="7923" Z="0"/><Vertex X="12518" Y="7864" Z="0"/><Vertex X="12577" Y="7805" Z="0"/><Vertex X="12636" Y="7746" Z="0"/><Vertex X="12636" Y="7717" Z="0"/><Vertex X="12665" Y="7717" Z="0"/><Vertex X="12665" Y="7658" Z="0"/><Vertex X="12724" Y="7599" Z="0"/><Vertex X="12724" Y="7569" Z="0"/><Vertex X="12783" Y="7569" Z="0"/><Vertex X="12783" Y="7481" Z="0"/><Vertex X="12842" Y="7393" Z="0"/><Vertex X="12842" Y="7363" Z="0"/><Vertex X="12842" Y="7275" Z="0"/><Vertex X="12842" Y="7216" Z="0"/><Vertex X="12871" Y="7187" Z="0"/><Vertex X="12871" Y="7128" Z="0"/><Vertex X="12871" Y="7010" Z="0"/><Vertex X="12871" Y="6980" Z="0"/><Vertex X="12871" Y="6921" Z="0"/><Vertex X="12871" Y="6863" Z="0"/><Vertex X="12871" Y="6774" Z="0"/><Vertex X="12871" Y="6686" Z="0"/><Vertex X="12871" Y="6597" Z="0"/><Vertex X="12871" Y="6539" Z="0"/><Vertex X="12871" Y="6480" Z="0"/><Vertex X="12871" Y="6450" Z="0"/><Vertex X="12812" Y="6391" Z="0"/><Vertex X="12812" Y="6332" Z="0"/><Vertex X="12812" Y="6303" Z="0"/><Vertex X="12812" Y="6244" Z="0"/><Vertex X="12812" Y="6156" Z="0"/><Vertex X="12754" Y="6156" Z="0"/><Vertex X="12754" Y="6097" Z="0"/><Vertex X="12754" Y="6038" Z="0"/><Vertex X="12754" Y="6008" Z="0"/><Vertex X="12724" Y="6008" Z="0"/><Vertex X="12724" Y="5920" Z="0"/><Vertex X="12724" Y="5861" Z="0"/><Vertex X="12724" Y="5832" Z="0"/><Vertex X="12665" Y="5773" Z="0"/><Vertex X="12665" Y="5714" Z="0"/><Vertex X="12606" Y="5714" Z="0"/><Vertex X="12606" Y="5655" Z="0"/><Vertex X="12577" Y="5655" Z="0"/><Vertex X="12577" Y="5567" Z="0"/><Vertex X="12518" Y="5567" Z="0"/><Vertex X="12518" Y="5508" Z="0"/><Vertex X="12488" Y="5508" Z="0"/><Vertex X="12488" Y="5478" Z="0"/><Vertex X="12430" Y="5478" Z="0"/><Vertex X="12371" Y="5419" Z="0"/><Vertex X="12341" Y="5419" Z="0"/><Vertex X="12253" Y="5419" Z="0"/><Vertex X="12164" Y="5449" Z="0"/><Vertex X="12076" Y="5508" Z="0"/><Vertex X="12017" Y="5596" Z="0"/><Vertex X="12017" Y="5626" Z="0"/><Vertex X="11929" Y="5684" Z="0"/><Vertex X="11870" Y="5743" Z="0"/><Vertex X="11811" Y="5802" Z="0"/><Vertex X="11811" Y="5832" Z="0"/><Vertex X="11693" Y="5891" Z="0"/><Vertex X="11693" Y="5950" Z="0"/><Vertex X="11575" Y="6008" Z="0"/><Vertex X="11546" Y="6008" Z="0"/><Vertex X="11546" Y="6067" Z="0"/><Vertex X="11458" Y="6067" Z="0"/><Vertex X="11369" Y="6156" Z="0"/><Vertex X="11281" Y="6156" Z="0"/><Vertex X="11281" Y="6215" Z="0"/><Vertex X="11222" Y="6215" Z="0"/><Vertex X="11134" Y="6215" Z="0"/><Vertex X="11134" Y="6274" Z="0"/><Vertex X="11045" Y="6274" Z="0"/><Vertex X="10986" Y="6274" Z="0"/><Vertex X="10898" Y="6303" Z="0"/><Vertex X="10839" Y="6303" Z="0"/><Vertex X="10780" Y="6303" Z="0"/><Vertex X="10780" Y="6362" Z="0"/><Vertex X="10692" Y="6362" Z="0"/><Vertex X="10603" Y="6362" Z="0"/><Vertex X="10603" Y="6421" Z="0"/><Vertex X="10545" Y="6421" Z="0"/><Vertex X="10456" Y="6450" Z="0"/><Vertex X="10368" Y="6450" Z="0"/><Vertex X="10338" Y="6450" Z="0"/><Vertex X="10279" Y="6450" Z="0"/><Vertex X="10221" Y="6509" Z="0"/><Vertex X="10162" Y="6509" Z="0"/><Vertex X="10073" Y="6568" Z="0"/><Vertex X="9985" Y="6627" Z="0"/><Vertex X="9897" Y="6627" Z="0"/><Vertex X="9897" Y="6715" Z="0"/><Vertex X="9867" Y="6715" Z="0"/><Vertex X="9808" Y="6745" Z="0"/><Vertex X="9749" Y="6745" Z="0"/><Vertex X="9749" Y="6804" Z="0"/><Vertex X="9720" Y="6804" Z="0"/><Vertex X="9720" Y="6863" Z="0"/><Vertex X="9661" Y="6863" Z="0"/><Vertex X="9661" Y="6892" Z="0"/><Vertex X="9602" Y="6951" Z="0"/><Vertex X="9602" Y="7010" Z="0"/><Vertex X="9573" Y="7039" Z="0"/><Vertex X="9573" Y="7098" Z="0"/><Vertex X="9514" Y="7098" Z="0"/><Vertex X="9543" Y="7069" Z="0"/></Vertices></Region><Region Id="4" Type="0" Zoom="0.033952" Selected="0" ImageLocation="" ImageFocus="-1" Length="30538.4" Area="24939323.0" LengthMicrons="15067.7" AreaMicrons="6071317.8" Text="" NegativeROA="0" InputRegionId="0" Analyze="1" DisplayId="4"><Attributes></Attributes><Vertices><Vertex X="14403" Y="9484" Z="0"/><Vertex X="14373" Y="9484" Z="0"/><Vertex X="14315" Y="9513" Z="0"/><Vertex X="14256" Y="9513" Z="0"/><Vertex X="14226" Y="9513" Z="0"/><Vertex X="14167" Y="9572" Z="0"/><Vertex X="14108" Y="9572" Z="0"/><Vertex X="14079" Y="9631" Z="0"/><Vertex X="14020" Y="9631" Z="0"/><Vertex X="13961" Y="9690" Z="0"/><Vertex X="13932" Y="9690" Z="0"/><Vertex X="13873" Y="9778" Z="0"/><Vertex X="13814" Y="9808" Z="0"/><Vertex X="13814" Y="9896" Z="0"/><Vertex X="13755" Y="9955" Z="0"/><Vertex X="13755" Y="10014" Z="0"/><Vertex X="13755" Y="10102" Z="0"/><Vertex X="13755" Y="10161" Z="0"/><Vertex X="13755" Y="10191" Z="0"/><Vertex X="13725" Y="10191" Z="0"/><Vertex X="13725" Y="10250" Z="0"/><Vertex X="13667" Y="10250" Z="0"/><Vertex X="13667" Y="10279" Z="0"/><Vertex X="13608" Y="10279" Z="0"/><Vertex X="13549" Y="10338" Z="0"/><Vertex X="13460" Y="10338" Z="0"/><Vertex X="13401" Y="10397" Z="0"/><Vertex X="13372" Y="10397" Z="0"/><Vertex X="13313" Y="10397" Z="0"/><Vertex X="13254" Y="10456" Z="0"/><Vertex X="13225" Y="10456" Z="0"/><Vertex X="13166" Y="10456" Z="0"/><Vertex X="13166" Y="10515" Z="0"/><Vertex X="13078" Y="10515" Z="0"/><Vertex X="13019" Y="10544" Z="0"/><Vertex X="12960" Y="10544" Z="0"/><Vertex X="12960" Y="10603" Z="0"/><Vertex X="12871" Y="10603" Z="0"/><Vertex X="12842" Y="10662" Z="0"/><Vertex X="12783" Y="10662" Z="0"/><Vertex X="12724" Y="10721" Z="0"/><Vertex X="12636" Y="10721" Z="0"/><Vertex X="12606" Y="10750" Z="0"/><Vertex X="12518" Y="10750" Z="0"/><Vertex X="12459" Y="10750" Z="0"/><Vertex X="12459" Y="10809" Z="0"/><Vertex X="12430" Y="10809" Z="0"/><Vertex X="12371" Y="10809" Z="0"/><Vertex X="12371" Y="10868" Z="0"/><Vertex X="12341" Y="10868" Z="0"/><Vertex X="12282" Y="10868" Z="0"/><Vertex X="12282" Y="10898" Z="0"/><Vertex X="12282" Y="10957" Z="0"/><Vertex X="12282" Y="10986" Z="0"/><Vertex X="12282" Y="11074" Z="0"/><Vertex X="12282" Y="11163" Z="0"/><Vertex X="12312" Y="11222" Z="0"/><Vertex X="12371" Y="11281" Z="0"/><Vertex X="12459" Y="11369" Z="0"/><Vertex X="12488" Y="11369" Z="0"/><Vertex X="12547" Y="11428" Z="0"/><Vertex X="12606" Y="11428" Z="0"/><Vertex X="12636" Y="11487" Z="0"/><Vertex X="12724" Y="11487" Z="0"/><Vertex X="12812" Y="11487" Z="0"/><Vertex X="12871" Y="11546" Z="0"/><Vertex X="12960" Y="11546" Z="0"/><Vertex X="13019" Y="11546" Z="0"/><Vertex X="13048" Y="11546" Z="0"/><Vertex X="13107" Y="11575" Z="0"/><Vertex X="13166" Y="11575" Z="0"/><Vertex X="13195" Y="11575" Z="0"/><Vertex X="13284" Y="11575" Z="0"/><Vertex X="13343" Y="11575" Z="0"/><Vertex X="13401" Y="11575" Z="0"/><Vertex X="13460" Y="11575" Z="0"/><Vertex X="13549" Y="11575" Z="0"/><Vertex X="13608" Y="11516" Z="0"/><Vertex X="13696" Y="11516" Z="0"/><Vertex X="13755" Y="11457" Z="0"/><Vertex X="13814" Y="11457" Z="0"/><Vertex X="13843" Y="11457" Z="0"/><Vertex X="13902" Y="11398" Z="0"/><Vertex X="13961" Y="11398" Z="0"/><Vertex X="13991" Y="11398" Z="0"/><Vertex X="14049" Y="11398" Z="0"/><Vertex X="14079" Y="11398" Z="0"/><Vertex X="14138" Y="11398" Z="0"/><Vertex X="14197" Y="11398" Z="0"/><Vertex X="14226" Y="11398" Z="0"/><Vertex X="14315" Y="11398" Z="0"/><Vertex X="14373" Y="11398" Z="0"/><Vertex X="14462" Y="11398" Z="0"/><Vertex X="14550" Y="11398" Z="0"/><Vertex X="14609" Y="11398" Z="0"/><Vertex X="14668" Y="11339" Z="0"/><Vertex X="14756" Y="11339" Z="0"/><Vertex X="14845" Y="11339" Z="0"/><Vertex X="14874" Y="11310" Z="0"/><Vertex X="14933" Y="11310" Z="0"/><Vertex X="15021" Y="11251" Z="0"/><Vertex X="15051" Y="11251" Z="0"/><Vertex X="15110" Y="11192" Z="0"/><Vertex X="15169" Y="11192" Z="0"/><Vertex X="15198" Y="11192" Z="0"/><Vertex X="15257" Y="11133" Z="0"/><Vertex X="15345" Y="11133" Z="0"/><Vertex X="15404" Y="11133" Z="0"/><Vertex X="15463" Y="11133" Z="0"/><Vertex X="15552" Y="11133" Z="0"/><Vertex X="15581" Y="11133" Z="0"/><Vertex X="15640" Y="11133" Z="0"/><Vertex X="15699" Y="11133" Z="0"/><Vertex X="15728" Y="11074" Z="0"/><Vertex X="15787" Y="11074" Z="0"/><Vertex X="15846" Y="11074" Z="0"/><Vertex X="15876" Y="11074" Z="0"/><Vertex X="15934" Y="11045" Z="0"/><Vertex X="15964" Y="11045" Z="0"/><Vertex X="16023" Y="11045" Z="0"/><Vertex X="16082" Y="11045" Z="0"/><Vertex X="16111" Y="10986" Z="0"/><Vertex X="16200" Y="10986" Z="0"/><Vertex X="16258" Y="10986" Z="0"/><Vertex X="16317" Y="10927" Z="0"/><Vertex X="16347" Y="10927" Z="0"/><Vertex X="16406" Y="10927" Z="0"/><Vertex X="16435" Y="10927" Z="0"/><Vertex X="16494" Y="10927" Z="0"/><Vertex X="16553" Y="10927" Z="0"/><Vertex X="16582" Y="10927" Z="0"/><Vertex X="16641" Y="10927" Z="0"/><Vertex X="16671" Y="10927" Z="0"/><Vertex X="16730" Y="10927" Z="0"/><Vertex X="16789" Y="10927" Z="0"/><Vertex X="16818" Y="10927" Z="0"/><Vertex X="16877" Y="10927" Z="0"/><Vertex X="16906" Y="10927" Z="0"/><Vertex X="16965" Y="10927" Z="0"/><Vertex X="17024" Y="10927" Z="0"/><Vertex X="17054" Y="10927" Z="0"/><Vertex X="17113" Y="10927" Z="0"/><Vertex X="17171" Y="10927" Z="0"/><Vertex X="17230" Y="10927" Z="0"/><Vertex X="17289" Y="10927" Z="0"/><Vertex X="17348" Y="10927" Z="0"/><Vertex X="17407" Y="10927" Z="0"/><Vertex X="17437" Y="10927" Z="0"/><Vertex X="17495" Y="10927" Z="0"/><Vertex X="18850" Y="10691" Z="0"/><Vertex X="18880" Y="10691" Z="0"/><Vertex X="18968" Y="10691" Z="0"/><Vertex X="18998" Y="10691" Z="0"/><Vertex X="19086" Y="10691" Z="0"/><Vertex X="19174" Y="10691" Z="0"/><Vertex X="19233" Y="10691" Z="0"/><Vertex X="19351" Y="10691" Z="0"/><Vertex X="19469" Y="10691" Z="0"/><Vertex X="19557" Y="10691" Z="0"/><Vertex X="19646" Y="10691" Z="0"/><Vertex X="19734" Y="10691" Z="0"/><Vertex X="19793" Y="10691" Z="0"/><Vertex X="19881" Y="10691" Z="0"/><Vertex X="19970" Y="10691" Z="0"/><Vertex X="20028" Y="10691" Z="0"/><Vertex X="20117" Y="10633" Z="0"/><Vertex X="20205" Y="10633" Z="0"/><Vertex X="20294" Y="10633" Z="0"/><Vertex X="20323" Y="10574" Z="0"/><Vertex X="20382" Y="10574" Z="0"/><Vertex X="20441" Y="10574" Z="0"/><Vertex X="20470" Y="10515" Z="0"/><Vertex X="20559" Y="10515" Z="0"/><Vertex X="20647" Y="10515" Z="0"/><Vertex X="20647" Y="10485" Z="0"/><Vertex X="20706" Y="10485" Z="0"/><Vertex X="20765" Y="10485" Z="0"/><Vertex X="20824" Y="10485" Z="0"/><Vertex X="20853" Y="10485" Z="0"/><Vertex X="20912" Y="10485" Z="0"/><Vertex X="20971" Y="10426" Z="0"/><Vertex X="21000" Y="10426" Z="0"/><Vertex X="21118" Y="10426" Z="0"/><Vertex X="21177" Y="10426" Z="0"/><Vertex X="21207" Y="10367" Z="0"/><Vertex X="21265" Y="10367" Z="0"/><Vertex X="21324" Y="10367" Z="0"/><Vertex X="21354" Y="10367" Z="0"/><Vertex X="21413" Y="10309" Z="0"/><Vertex X="21442" Y="10309" Z="0"/><Vertex X="21501" Y="10309" Z="0"/><Vertex X="21589" Y="10309" Z="0"/><Vertex X="21648" Y="10309" Z="0"/><Vertex X="21707" Y="10309" Z="0"/><Vertex X="21796" Y="10309" Z="0"/><Vertex X="21855" Y="10309" Z="0"/><Vertex X="21913" Y="10309" Z="0"/><Vertex X="22002" Y="10309" Z="0"/><Vertex X="22061" Y="10309" Z="0"/><Vertex X="22120" Y="10309" Z="0"/><Vertex X="22179" Y="10309" Z="0"/><Vertex X="22208" Y="10279" Z="0"/><Vertex X="22267" Y="10279" Z="0"/><Vertex X="22296" Y="10279" Z="0"/><Vertex X="22355" Y="10220" Z="0"/><Vertex X="22414" Y="10220" Z="0"/><Vertex X="22444" Y="10220" Z="0"/><Vertex X="22502" Y="10220" Z="0"/><Vertex X="22502" Y="10161" Z="0"/><Vertex X="22561" Y="10161" Z="0"/><Vertex X="22591" Y="10161" Z="0"/><Vertex X="22679" Y="10161" Z="0"/><Vertex X="22797" Y="10161" Z="0"/><Vertex X="22826" Y="10161" Z="0"/><Vertex X="22885" Y="10161" Z="0"/><Vertex X="22974" Y="10102" Z="0"/><Vertex X="23003" Y="10102" Z="0"/><Vertex X="23062" Y="10102" Z="0"/><Vertex X="23092" Y="10102" Z="0"/><Vertex X="23150" Y="10102" Z="0"/><Vertex X="23209" Y="10073" Z="0"/><Vertex X="23239" Y="10073" Z="0"/><Vertex X="23298" Y="10073" Z="0"/><Vertex X="23357" Y="10014" Z="0"/><Vertex X="23386" Y="10014" Z="0"/><Vertex X="23445" Y="10014" Z="0"/><Vertex X="23504" Y="9955" Z="0"/><Vertex X="23533" Y="9955" Z="0"/><Vertex X="23592" Y="9955" Z="0"/><Vertex X="23651" Y="9896" Z="0"/><Vertex X="23681" Y="9896" Z="0"/><Vertex X="23769" Y="9896" Z="0"/><Vertex X="23857" Y="9896" Z="0"/><Vertex X="23916" Y="9896" Z="0"/><Vertex X="23916" Y="9926" Z="0"/><Vertex X="24005" Y="9926" Z="0"/><Vertex X="24093" Y="9926" Z="0"/><Vertex X="24122" Y="9926" Z="0"/><Vertex X="24211" Y="9926" Z="0"/><Vertex X="24299" Y="9926" Z="0"/><Vertex X="24329" Y="9926" Z="0"/><Vertex X="24387" Y="9926" Z="0"/><Vertex X="24417" Y="9926" Z="0"/><Vertex X="24476" Y="9926" Z="0"/><Vertex X="24535" Y="9926" Z="0"/><Vertex X="24564" Y="9926" Z="0"/><Vertex X="24653" Y="9926" Z="0"/><Vertex X="24741" Y="9926" Z="0"/><Vertex X="24770" Y="9926" Z="0"/><Vertex X="24770" Y="9896" Z="0"/><Vertex X="24829" Y="9896" Z="0"/><Vertex X="24859" Y="9896" Z="0"/><Vertex X="24918" Y="9896" Z="0"/><Vertex X="24918" Y="9867" Z="0"/><Vertex X="24977" Y="9867" Z="0"/><Vertex X="24977" Y="9808" Z="0"/><Vertex X="24977" Y="9749" Z="0"/><Vertex X="25006" Y="9690" Z="0"/><Vertex X="25006" Y="9572" Z="0"/><Vertex X="25065" Y="9513" Z="0"/><Vertex X="25065" Y="9454" Z="0"/><Vertex X="25065" Y="9396" Z="0"/><Vertex X="25065" Y="9307" Z="0"/><Vertex X="25065" Y="9219" Z="0"/><Vertex X="25065" Y="9160" Z="0"/><Vertex X="25006" Y="9042" Z="0"/><Vertex X="25006" Y="8924" Z="0"/><Vertex X="24947" Y="8924" Z="0"/><Vertex X="24947" Y="8836" Z="0"/><Vertex X="24888" Y="8806" Z="0"/><Vertex X="24888" Y="8748" Z="0"/><Vertex X="24859" Y="8748" Z="0"/><Vertex X="24859" Y="8689" Z="0"/><Vertex X="24800" Y="8689" Z="0"/><Vertex X="24741" Y="8659" Z="0"/><Vertex X="24711" Y="8659" Z="0"/><Vertex X="24711" Y="8600" Z="0"/><Vertex X="24623" Y="8600" Z="0"/><Vertex X="24535" Y="8541" Z="0"/><Vertex X="24505" Y="8541" Z="0"/><Vertex X="24446" Y="8541" Z="0"/><Vertex X="24387" Y="8482" Z="0"/><Vertex X="24358" Y="8482" Z="0"/><Vertex X="24299" Y="8482" Z="0"/><Vertex X="24240" Y="8453" Z="0"/><Vertex X="24211" Y="8453" Z="0"/><Vertex X="24152" Y="8394" Z="0"/><Vertex X="24093" Y="8394" Z="0"/><Vertex X="24064" Y="8394" Z="0"/><Vertex X="24005" Y="8306" Z="0"/><Vertex X="23887" Y="8247" Z="0"/><Vertex X="23828" Y="8247" Z="0"/><Vertex X="23769" Y="8188" Z="0"/><Vertex X="23740" Y="8188" Z="0"/><Vertex X="23681" Y="8129" Z="0"/><Vertex X="23622" Y="8129" Z="0"/><Vertex X="23592" Y="8100" Z="0"/><Vertex X="23533" Y="8100" Z="0"/><Vertex X="23445" Y="8100" Z="0"/><Vertex X="23416" Y="8100" Z="0"/><Vertex X="23357" Y="8100" Z="0"/><Vertex X="23327" Y="8100" Z="0"/><Vertex X="23268" Y="8100" Z="0"/><Vertex X="23209" Y="8100" Z="0"/><Vertex X="23180" Y="8100" Z="0"/><Vertex X="23121" Y="8100" Z="0"/><Vertex X="23003" Y="8100" Z="0"/><Vertex X="22974" Y="8100" Z="0"/><Vertex X="22915" Y="8100" Z="0"/><Vertex X="22856" Y="8100" Z="0"/><Vertex X="22768" Y="8100" Z="0"/><Vertex X="22679" Y="8100" Z="0"/><Vertex X="22561" Y="8041" Z="0"/><Vertex X="22532" Y="8041" Z="0"/><Vertex X="22473" Y="8041" Z="0"/><Vertex X="22414" Y="7982" Z="0"/><Vertex X="22385" Y="7982" Z="0"/><Vertex X="22326" Y="7982" Z="0"/><Vertex X="22296" Y="7982" Z="0"/><Vertex X="22237" Y="7923" Z="0"/><Vertex X="22179" Y="7923" Z="0"/><Vertex X="22149" Y="7923" Z="0"/><Vertex X="22090" Y="7923" Z="0"/><Vertex X="22031" Y="7923" Z="0"/><Vertex X="22002" Y="7923" Z="0"/><Vertex X="21943" Y="7923" Z="0"/><Vertex X="21913" Y="7923" Z="0"/><Vertex X="21855" Y="7923" Z="0"/><Vertex X="21796" Y="7923" Z="0"/><Vertex X="21766" Y="7923" Z="0"/><Vertex X="21678" Y="7923" Z="0"/><Vertex X="21589" Y="7923" Z="0"/><Vertex X="21531" Y="7923" Z="0"/><Vertex X="21531" Y="7893" Z="0"/><Vertex X="21442" Y="7893" Z="0"/><Vertex X="21383" Y="7835" Z="0"/><Vertex X="21354" Y="7835" Z="0"/><Vertex X="21354" Y="7776" Z="0"/><Vertex X="21295" Y="7776" Z="0"/><Vertex X="21207" Y="7776" Z="0"/><Vertex X="21177" Y="7776" Z="0"/><Vertex X="21089" Y="7776" Z="0"/><Vertex X="21000" Y="7776" Z="0"/><Vertex X="20941" Y="7776" Z="0"/><Vertex X="20824" Y="7776" Z="0"/><Vertex X="20765" Y="7776" Z="0"/><Vertex X="20735" Y="7776" Z="0"/><Vertex X="20676" Y="7805" Z="0"/><Vertex X="20617" Y="7805" Z="0"/><Vertex X="20588" Y="7805" Z="0"/><Vertex X="20529" Y="7805" Z="0"/><Vertex X="20500" Y="7805" Z="0"/><Vertex X="20441" Y="7864" Z="0"/><Vertex X="20382" Y="7864" Z="0"/><Vertex X="20352" Y="7864" Z="0"/><Vertex X="20294" Y="7864" Z="0"/><Vertex X="20264" Y="7864" Z="0"/><Vertex X="20205" Y="7864" Z="0"/><Vertex X="20146" Y="7893" Z="0"/><Vertex X="20117" Y="7893" Z="0"/><Vertex X="20058" Y="7893" Z="0"/><Vertex X="19999" Y="7893" Z="0"/><Vertex X="19970" Y="7952" Z="0"/><Vertex X="19911" Y="7952" Z="0"/><Vertex X="19852" Y="7952" Z="0"/><Vertex X="19822" Y="8011" Z="0"/><Vertex X="19763" Y="8011" Z="0"/><Vertex X="19675" Y="8011" Z="0"/><Vertex X="19587" Y="8070" Z="0"/><Vertex X="19557" Y="8070" Z="0"/><Vertex X="19469" Y="8070" Z="0"/><Vertex X="19410" Y="8129" Z="0"/><Vertex X="19380" Y="8129" Z="0"/><Vertex X="19322" Y="8158" Z="0"/><Vertex X="19263" Y="8158" Z="0"/><Vertex X="19233" Y="8158" Z="0"/><Vertex X="19174" Y="8217" Z="0"/><Vertex X="19115" Y="8217" Z="0"/><Vertex X="19086" Y="8217" Z="0"/><Vertex X="19027" Y="8276" Z="0"/><Vertex X="18998" Y="8276" Z="0"/><Vertex X="18939" Y="8276" Z="0"/><Vertex X="18880" Y="8335" Z="0"/><Vertex X="18791" Y="8335" Z="0"/><Vertex X="18791" Y="8365" Z="0"/><Vertex X="18732" Y="8365" Z="0"/><Vertex X="18644" Y="8365" Z="0"/><Vertex X="18644" Y="8424" Z="0"/><Vertex X="18615" Y="8424" Z="0"/><Vertex X="18556" Y="8424" Z="0"/><Vertex X="18497" Y="8424" Z="0"/><Vertex X="18497" Y="8482" Z="0"/><Vertex X="18438" Y="8482" Z="0"/><Vertex X="18320" Y="8541" Z="0"/><Vertex X="18232" Y="8541" Z="0"/><Vertex X="18232" Y="8571" Z="0"/><Vertex X="18143" Y="8571" Z="0"/><Vertex X="18055" Y="8571" Z="0"/><Vertex X="18055" Y="8630" Z="0"/><Vertex X="17967" Y="8630" Z="0"/><Vertex X="17908" Y="8630" Z="0"/><Vertex X="17878" Y="8630" Z="0"/><Vertex X="17819" Y="8689" Z="0"/><Vertex X="17761" Y="8689" Z="0"/><Vertex X="17731" Y="8689" Z="0"/><Vertex X="17613" Y="8748" Z="0"/><Vertex X="17554" Y="8748" Z="0"/><Vertex X="17525" Y="8748" Z="0"/><Vertex X="17466" Y="8777" Z="0"/><Vertex X="17407" Y="8777" Z="0"/><Vertex X="17348" Y="8777" Z="0"/><Vertex X="17289" Y="8836" Z="0"/><Vertex X="17230" Y="8836" Z="0"/><Vertex X="17201" Y="8836" Z="0"/><Vertex X="17142" Y="8895" Z="0"/><Vertex X="17083" Y="8895" Z="0"/><Vertex X="17054" Y="8895" Z="0"/><Vertex X="16995" Y="8954" Z="0"/><Vertex X="16936" Y="8954" Z="0"/><Vertex X="16906" Y="8954" Z="0"/><Vertex X="16848" Y="8983" Z="0"/><Vertex X="16789" Y="8983" Z="0"/><Vertex X="16759" Y="8983" Z="0"/><Vertex X="16759" Y="9042" Z="0"/><Vertex X="16671" Y="9042" Z="0"/><Vertex X="16612" Y="9042" Z="0"/><Vertex X="16582" Y="9042" Z="0"/><Vertex X="16582" Y="9101" Z="0"/><Vertex X="16465" Y="9101" Z="0"/><Vertex X="16376" Y="9101" Z="0"/><Vertex X="16317" Y="9160" Z="0"/><Vertex X="16258" Y="9160" Z="0"/><Vertex X="16200" Y="9160" Z="0"/><Vertex X="16170" Y="9160" Z="0"/><Vertex X="16111" Y="9189" Z="0"/><Vertex X="16052" Y="9189" Z="0"/><Vertex X="15993" Y="9189" Z="0"/><Vertex X="15905" Y="9189" Z="0"/><Vertex X="15846" Y="9248" Z="0"/><Vertex X="15817" Y="9248" Z="0"/><Vertex X="15758" Y="9248" Z="0"/><Vertex X="15699" Y="9248" Z="0"/><Vertex X="15669" Y="9248" Z="0"/><Vertex X="15669" Y="9307" Z="0"/><Vertex X="15581" Y="9307" Z="0"/><Vertex X="15493" Y="9307" Z="0"/><Vertex X="15463" Y="9337" Z="0"/><Vertex X="15404" Y="9337" Z="0"/><Vertex X="15345" Y="9337" Z="0"/><Vertex X="15316" Y="9337" Z="0"/><Vertex X="15257" Y="9337" Z="0"/><Vertex X="15228" Y="9396" Z="0"/><Vertex X="15169" Y="9396" Z="0"/><Vertex X="15169" Y="9454" Z="0"/><Vertex X="15080" Y="9454" Z="0"/><Vertex X="15051" Y="9454" Z="0"/><Vertex X="15051" Y="9484" Z="0"/><Vertex X="14963" Y="9484" Z="0"/><Vertex X="14845" Y="9484" Z="0"/><Vertex X="14786" Y="9543" Z="0"/><Vertex X="14727" Y="9543" Z="0"/><Vertex X="14668" Y="9602" Z="0"/><Vertex X="14609" Y="9602" Z="0"/><Vertex X="14580" Y="9602" Z="0"/><Vertex X="14580" Y="9661" Z="0"/><Vertex X="14521" Y="9661" Z="0"/><Vertex X="14491" Y="9661" Z="0"/><Vertex X="14432" Y="9661" Z="0"/><Vertex X="14403" Y="9484" Z="0"/></Vertices></Region><Region Id="5" Type="0" Zoom="0.033952" Selected="0" ImageLocation="" ImageFocus="-1" Length="22634.6" Area="14064367.5" LengthMicrons="11167.9" AreaMicrons="3423879.8" Text="" NegativeROA="0" InputRegionId="0" Analyze="1" DisplayId="5"><Attributes></Attributes><Vertices><Vertex X="8836" Y="15080" Z="0"/><Vertex X="8748" Y="15139" Z="0"/><Vertex X="8689" Y="15139" Z="0"/><Vertex X="8689" Y="15198" Z="0"/><Vertex X="8601" Y="15198" Z="0"/><Vertex X="8601" Y="15257" Z="0"/><Vertex X="8542" Y="15257" Z="0"/><Vertex X="8542" Y="15316" Z="0"/><Vertex X="8453" Y="15374" Z="0"/><Vertex X="8365" Y="15492" Z="0"/><Vertex X="8365" Y="15551" Z="0"/><Vertex X="8306" Y="15610" Z="0"/><Vertex X="8306" Y="15640" Z="0"/><Vertex X="8247" Y="15698" Z="0"/><Vertex X="8247" Y="15757" Z="0"/><Vertex X="8218" Y="15787" Z="0"/><Vertex X="8159" Y="15875" Z="0"/><Vertex X="8100" Y="15964" Z="0"/><Vertex X="8041" Y="16052" Z="0"/><Vertex X="7953" Y="16170" Z="0"/><Vertex X="7864" Y="16288" Z="0"/><Vertex X="7776" Y="16376" Z="0"/><Vertex X="7688" Y="16464" Z="0"/><Vertex X="7599" Y="16553" Z="0"/><Vertex X="7540" Y="16612" Z="0"/><Vertex X="7481" Y="16641" Z="0"/><Vertex X="7452" Y="16700" Z="0"/><Vertex X="7393" Y="16759" Z="0"/><Vertex X="7334" Y="16818" Z="0"/><Vertex X="7275" Y="16877" Z="0"/><Vertex X="7275" Y="16906" Z="0"/><Vertex X="7187" Y="16965" Z="0"/><Vertex X="7128" Y="17053" Z="0"/><Vertex X="7069" Y="17112" Z="0"/><Vertex X="7010" Y="17112" Z="0"/><Vertex X="7010" Y="17142" Z="0"/><Vertex X="6981" Y="17142" Z="0"/><Vertex X="6981" Y="17230" Z="0"/><Vertex X="6922" Y="17230" Z="0"/><Vertex X="6922" Y="17289" Z="0"/><Vertex X="6863" Y="17289" Z="0"/><Vertex X="6863" Y="17318" Z="0"/><Vertex X="6833" Y="17318" Z="0"/><Vertex X="6833" Y="17377" Z="0"/><Vertex X="6745" Y="17377" Z="0"/><Vertex X="6686" Y="17466" Z="0"/><Vertex X="6657" Y="17495" Z="0"/><Vertex X="6598" Y="17554" Z="0"/><Vertex X="6539" Y="17613" Z="0"/><Vertex X="6480" Y="17672" Z="0"/><Vertex X="6421" Y="17701" Z="0"/><Vertex X="6421" Y="17760" Z="0"/><Vertex X="6392" Y="17849" Z="0"/><Vertex X="6392" Y="17966" Z="0"/><Vertex X="6392" Y="17996" Z="0"/><Vertex X="6392" Y="18055" Z="0"/><Vertex X="6392" Y="18084" Z="0"/><Vertex X="6392" Y="18143" Z="0"/><Vertex X="6392" Y="18261" Z="0"/><Vertex X="6392" Y="18320" Z="0"/><Vertex X="6392" Y="18438" Z="0"/><Vertex X="6392" Y="18497" Z="0"/><Vertex X="6392" Y="18526" Z="0"/><Vertex X="6392" Y="18585" Z="0"/><Vertex X="6392" Y="18644" Z="0"/><Vertex X="6392" Y="18703" Z="0"/><Vertex X="6392" Y="18791" Z="0"/><Vertex X="6392" Y="18821" Z="0"/><Vertex X="6392" Y="18879" Z="0"/><Vertex X="6451" Y="18879" Z="0"/><Vertex X="6451" Y="18938" Z="0"/><Vertex X="6480" Y="18968" Z="0"/><Vertex X="6480" Y="19027" Z="0"/><Vertex X="6568" Y="19027" Z="0"/><Vertex X="6568" Y="19086" Z="0"/><Vertex X="6627" Y="19086" Z="0"/><Vertex X="6686" Y="19115" Z="0"/><Vertex X="6745" Y="19115" Z="0"/><Vertex X="6833" Y="19115" Z="0"/><Vertex X="6863" Y="19115" Z="0"/><Vertex X="6951" Y="19115" Z="0"/><Vertex X="7040" Y="19115" Z="0"/><Vertex X="7128" Y="19115" Z="0"/><Vertex X="7216" Y="19027" Z="0"/><Vertex X="7275" Y="18938" Z="0"/><Vertex X="7364" Y="18879" Z="0"/><Vertex X="7452" Y="18821" Z="0"/><Vertex X="7511" Y="18762" Z="0"/><Vertex X="7570" Y="18762" Z="0"/><Vertex X="7570" Y="18732" Z="0"/><Vertex X="7658" Y="18732" Z="0"/><Vertex X="7658" Y="18673" Z="0"/><Vertex X="7747" Y="18673" Z="0"/><Vertex X="7835" Y="18614" Z="0"/><Vertex X="7894" Y="18614" Z="0"/><Vertex X="7953" Y="18555" Z="0"/><Vertex X="8041" Y="18555" Z="0"/><Vertex X="8041" Y="18526" Z="0"/><Vertex X="8070" Y="18526" Z="0"/><Vertex X="8070" Y="18467" Z="0"/><Vertex X="8129" Y="18467" Z="0"/><Vertex X="8129" Y="18438" Z="0"/><Vertex X="8188" Y="18379" Z="0"/><Vertex X="8188" Y="18320" Z="0"/><Vertex X="8218" Y="18320" Z="0"/><Vertex X="8218" Y="18261" Z="0"/><Vertex X="8218" Y="18202" Z="0"/><Vertex X="8218" Y="18143" Z="0"/><Vertex X="8277" Y="18143" Z="0"/><Vertex X="8277" Y="18084" Z="0"/><Vertex X="8336" Y="18025" Z="0"/><Vertex X="8336" Y="17937" Z="0"/><Vertex X="8365" Y="17937" Z="0"/><Vertex X="8365" Y="17907" Z="0"/><Vertex X="8424" Y="17907" Z="0"/><Vertex X="8424" Y="17849" Z="0"/><Vertex X="8453" Y="17849" Z="0"/><Vertex X="8453" Y="17760" Z="0"/><Vertex X="8512" Y="17760" Z="0"/><Vertex X="8512" Y="17701" Z="0"/><Vertex X="8571" Y="17701" Z="0"/><Vertex X="8571" Y="17613" Z="0"/><Vertex X="8601" Y="17613" Z="0"/><Vertex X="8601" Y="17525" Z="0"/><Vertex X="8660" Y="17495" Z="0"/><Vertex X="8748" Y="17407" Z="0"/><Vertex X="8807" Y="17318" Z="0"/><Vertex X="8866" Y="17230" Z="0"/><Vertex X="8925" Y="17142" Z="0"/><Vertex X="8954" Y="17083" Z="0"/><Vertex X="9013" Y="17024" Z="0"/><Vertex X="9072" Y="16965" Z="0"/><Vertex X="9160" Y="16906" Z="0"/><Vertex X="9249" Y="16847" Z="0"/><Vertex X="9278" Y="16847" Z="0"/><Vertex X="9278" Y="16818" Z="0"/><Vertex X="9366" Y="16818" Z="0"/><Vertex X="9366" Y="16759" Z="0"/><Vertex X="9484" Y="16759" Z="0"/><Vertex X="9514" Y="16700" Z="0"/><Vertex X="9573" Y="16700" Z="0"/><Vertex X="9632" Y="16700" Z="0"/><Vertex X="9661" Y="16641" Z="0"/><Vertex X="9720" Y="16641" Z="0"/><Vertex X="9779" Y="16641" Z="0"/><Vertex X="9808" Y="16641" Z="0"/><Vertex X="9867" Y="16641" Z="0"/><Vertex X="9897" Y="16641" Z="0"/><Vertex X="9955" Y="16641" Z="0"/><Vertex X="10014" Y="16641" Z="0"/><Vertex X="10044" Y="16641" Z="0"/><Vertex X="10103" Y="16612" Z="0"/><Vertex X="10162" Y="16612" Z="0"/><Vertex X="10191" Y="16612" Z="0"/><Vertex X="10250" Y="16612" Z="0"/><Vertex X="10309" Y="16553" Z="0"/><Vertex X="10368" Y="16553" Z="0"/><Vertex X="10456" Y="16494" Z="0"/><Vertex X="10545" Y="16494" Z="0"/><Vertex X="10603" Y="16435" Z="0"/><Vertex X="10692" Y="16435" Z="0"/><Vertex X="10780" Y="16376" Z="0"/><Vertex X="10869" Y="16376" Z="0"/><Vertex X="10898" Y="16346" Z="0"/><Vertex X="10957" Y="16346" Z="0"/><Vertex X="10957" Y="16288" Z="0"/><Vertex X="11016" Y="16288" Z="0"/><Vertex X="11016" Y="16229" Z="0"/><Vertex X="11075" Y="16229" Z="0"/><Vertex X="11075" Y="16199" Z="0"/><Vertex X="11134" Y="16199" Z="0"/><Vertex X="11134" Y="16111" Z="0"/><Vertex X="11222" Y="16111" Z="0"/><Vertex X="11222" Y="16022" Z="0"/><Vertex X="11281" Y="16022" Z="0"/><Vertex X="11281" Y="15964" Z="0"/><Vertex X="11369" Y="15964" Z="0"/><Vertex X="11369" Y="15875" Z="0"/><Vertex X="11458" Y="15875" Z="0"/><Vertex X="11458" Y="15816" Z="0"/><Vertex X="11487" Y="15757" Z="0"/><Vertex X="11487" Y="15669" Z="0"/><Vertex X="11546" Y="15669" Z="0"/><Vertex X="11546" Y="15581" Z="0"/><Vertex X="11605" Y="15581" Z="0"/><Vertex X="11605" Y="15522" Z="0"/><Vertex X="11634" Y="15522" Z="0"/><Vertex X="11634" Y="15463" Z="0"/><Vertex X="11693" Y="15463" Z="0"/><Vertex X="11693" Y="15404" Z="0"/><Vertex X="11723" Y="15404" Z="0"/><Vertex X="11723" Y="15374" Z="0"/><Vertex X="11782" Y="15374" Z="0"/><Vertex X="11782" Y="15316" Z="0"/><Vertex X="11840" Y="15316" Z="0"/><Vertex X="11840" Y="15286" Z="0"/><Vertex X="11899" Y="15286" Z="0"/><Vertex X="11899" Y="15198" Z="0"/><Vertex X="11988" Y="15198" Z="0"/><Vertex X="11988" Y="15109" Z="0"/><Vertex X="12076" Y="15109" Z="0"/><Vertex X="12076" Y="15080" Z="0"/><Vertex X="12106" Y="15080" Z="0"/><Vertex X="12106" Y="15021" Z="0"/><Vertex X="12164" Y="15021" Z="0"/><Vertex X="12223" Y="14962" Z="0"/><Vertex X="12253" Y="14933" Z="0"/><Vertex X="12312" Y="14933" Z="0"/><Vertex X="12312" Y="14874" Z="0"/><Vertex X="12371" Y="14874" Z="0"/><Vertex X="12400" Y="14874" Z="0"/><Vertex X="12400" Y="14815" Z="0"/><Vertex X="12459" Y="14815" Z="0"/><Vertex X="12518" Y="14815" Z="0"/><Vertex X="12606" Y="14756" Z="0"/><Vertex X="12695" Y="14756" Z="0"/><Vertex X="12783" Y="14756" Z="0"/><Vertex X="12783" Y="14727" Z="0"/><Vertex X="12812" Y="14727" Z="0"/><Vertex X="12871" Y="14668" Z="0"/><Vertex X="12930" Y="14609" Z="0"/><Vertex X="12989" Y="14550" Z="0"/><Vertex X="13048" Y="14432" Z="0"/><Vertex X="13048" Y="14373" Z="0"/><Vertex X="13078" Y="14314" Z="0"/><Vertex X="13078" Y="14285" Z="0"/><Vertex X="13136" Y="14196" Z="0"/><Vertex X="13136" Y="14137" Z="0"/><Vertex X="13195" Y="14079" Z="0"/><Vertex X="13195" Y="14049" Z="0"/><Vertex X="13254" Y="13990" Z="0"/><Vertex X="13254" Y="13931" Z="0"/><Vertex X="13254" Y="13902" Z="0"/><Vertex X="13313" Y="13843" Z="0"/><Vertex X="13313" Y="13784" Z="0"/><Vertex X="13313" Y="13725" Z="0"/><Vertex X="13313" Y="13666" Z="0"/><Vertex X="13313" Y="13637" Z="0"/><Vertex X="13313" Y="13548" Z="0"/><Vertex X="13313" Y="13490" Z="0"/><Vertex X="13313" Y="13431" Z="0"/><Vertex X="13284" Y="13342" Z="0"/><Vertex X="13225" Y="13254" Z="0"/><Vertex X="13166" Y="13195" Z="0"/><Vertex X="13078" Y="13136" Z="0"/><Vertex X="12989" Y="13077" Z="0"/><Vertex X="12930" Y="13077" Z="0"/><Vertex X="12930" Y="13048" Z="0"/><Vertex X="12842" Y="13048" Z="0"/><Vertex X="12754" Y="13048" Z="0"/><Vertex X="12695" Y="13048" Z="0"/><Vertex X="12636" Y="13048" Z="0"/><Vertex X="12577" Y="13048" Z="0"/><Vertex X="12518" Y="13048" Z="0"/><Vertex X="12430" Y="13048" Z="0"/><Vertex X="12430" Y="13107" Z="0"/><Vertex X="12371" Y="13107" Z="0"/><Vertex X="12312" Y="13166" Z="0"/><Vertex X="12223" Y="13224" Z="0"/><Vertex X="12135" Y="13224" Z="0"/><Vertex X="12135" Y="13254" Z="0"/><Vertex X="12076" Y="13254" Z="0"/><Vertex X="12017" Y="13254" Z="0"/><Vertex X="12017" Y="13313" Z="0"/><Vertex X="11929" Y="13313" Z="0"/><Vertex X="11870" Y="13372" Z="0"/><Vertex X="11782" Y="13372" Z="0"/><Vertex X="11782" Y="13401" Z="0"/><Vertex X="11693" Y="13401" Z="0"/><Vertex X="11693" Y="13460" Z="0"/><Vertex X="11575" Y="13460" Z="0"/><Vertex X="11546" Y="13519" Z="0"/><Vertex X="11487" Y="13519" Z="0"/><Vertex X="11428" Y="13607" Z="0"/><Vertex X="11369" Y="13637" Z="0"/><Vertex X="11340" Y="13696" Z="0"/><Vertex X="11281" Y="13696" Z="0"/><Vertex X="11222" Y="13784" Z="0"/><Vertex X="11163" Y="13843" Z="0"/><Vertex X="11134" Y="13843" Z="0"/><Vertex X="11075" Y="13872" Z="0"/><Vertex X="11016" Y="13872" Z="0"/><Vertex X="10986" Y="13931" Z="0"/><Vertex X="10927" Y="13931" Z="0"/><Vertex X="10869" Y="13931" Z="0"/><Vertex X="10869" Y="13990" Z="0"/><Vertex X="10780" Y="13990" Z="0"/><Vertex X="10721" Y="13990" Z="0"/><Vertex X="10662" Y="14049" Z="0"/><Vertex X="10633" Y="14049" Z="0"/><Vertex X="10574" Y="14049" Z="0"/><Vertex X="10515" Y="14079" Z="0"/><Vertex X="10486" Y="14079" Z="0"/><Vertex X="10427" Y="14079" Z="0"/><Vertex X="10368" Y="14137" Z="0"/><Vertex X="10338" Y="14137" Z="0"/><Vertex X="10279" Y="14196" Z="0"/><Vertex X="10221" Y="14196" Z="0"/><Vertex X="10191" Y="14255" Z="0"/><Vertex X="10132" Y="14255" Z="0"/><Vertex X="10073" Y="14314" Z="0"/><Vertex X="9985" Y="14344" Z="0"/><Vertex X="9926" Y="14344" Z="0"/><Vertex X="9926" Y="14403" Z="0"/><Vertex X="9838" Y="14403" Z="0"/><Vertex X="9749" Y="14461" Z="0"/><Vertex X="9690" Y="14461" Z="0"/><Vertex X="9690" Y="14491" Z="0"/><Vertex X="9602" Y="14491" Z="0"/><Vertex X="9602" Y="14550" Z="0"/><Vertex X="9543" Y="14550" Z="0"/><Vertex X="9543" Y="14609" Z="0"/><Vertex X="9484" Y="14609" Z="0"/><Vertex X="9484" Y="14668" Z="0"/><Vertex X="9425" Y="14727" Z="0"/><Vertex X="9366" Y="14815" Z="0"/><Vertex X="9308" Y="14933" Z="0"/><Vertex X="9308" Y="14992" Z="0"/><Vertex X="9219" Y="15021" Z="0"/><Vertex X="9160" Y="15109" Z="0"/><Vertex X="9160" Y="15168" Z="0"/><Vertex X="9131" Y="15168" Z="0"/><Vertex X="9072" Y="15168" Z="0"/><Vertex X="9072" Y="15198" Z="0"/><Vertex X="9013" Y="15198" Z="0"/><Vertex X="8954" Y="15198" Z="0"/><Vertex X="8954" Y="15168" Z="0"/><Vertex X="8836" Y="15080" Z="0"/></Vertices></Region><Region Id="6" Type="0" Zoom="0.033952" Selected="0" ImageLocation="" ImageFocus="-1" Length="26308.2" Area="22616254.0" LengthMicrons="12980.4" AreaMicrons="5505781.6" Text="" NegativeROA="0" InputRegionId="0" Analyze="1" DisplayId="6"><Attributes></Attributes><Vertices><Vertex X="17996" Y="12076" Z="0"/><Vertex X="17937" Y="12076" Z="0"/><Vertex X="17878" Y="12135" Z="0"/><Vertex X="17849" Y="12135" Z="0"/><Vertex X="17790" Y="12194" Z="0"/><Vertex X="17731" Y="12194" Z="0"/><Vertex X="17672" Y="12282" Z="0"/><Vertex X="17643" Y="12311" Z="0"/><Vertex X="17643" Y="12370" Z="0"/><Vertex X="17554" Y="12429" Z="0"/><Vertex X="17554" Y="12488" Z="0"/><Vertex X="17554" Y="12518" Z="0"/><Vertex X="17495" Y="12576" Z="0"/><Vertex X="17495" Y="12635" Z="0"/><Vertex X="17495" Y="12665" Z="0"/><Vertex X="17495" Y="12724" Z="0"/><Vertex X="17495" Y="12783" Z="0"/><Vertex X="17495" Y="12842" Z="0"/><Vertex X="17495" Y="12930" Z="0"/><Vertex X="17495" Y="12989" Z="0"/><Vertex X="17495" Y="13048" Z="0"/><Vertex X="17495" Y="13107" Z="0"/><Vertex X="17495" Y="13136" Z="0"/><Vertex X="17495" Y="13195" Z="0"/><Vertex X="17495" Y="13224" Z="0"/><Vertex X="17495" Y="13283" Z="0"/><Vertex X="17495" Y="13342" Z="0"/><Vertex X="17495" Y="13372" Z="0"/><Vertex X="17495" Y="13431" Z="0"/><Vertex X="17495" Y="13460" Z="0"/><Vertex X="17495" Y="13519" Z="0"/><Vertex X="17495" Y="13607" Z="0"/><Vertex X="17437" Y="13607" Z="0"/><Vertex X="17437" Y="13666" Z="0"/><Vertex X="17437" Y="13755" Z="0"/><Vertex X="17437" Y="13843" Z="0"/><Vertex X="17437" Y="13872" Z="0"/><Vertex X="17437" Y="13931" Z="0"/><Vertex X="17437" Y="13990" Z="0"/><Vertex X="17437" Y="14049" Z="0"/><Vertex X="17437" Y="14108" Z="0"/><Vertex X="17466" Y="14108" Z="0"/><Vertex X="17466" Y="14137" Z="0"/><Vertex X="17525" Y="14196" Z="0"/><Vertex X="17584" Y="14255" Z="0"/><Vertex X="17613" Y="14255" Z="0"/><Vertex X="17613" Y="14285" Z="0"/><Vertex X="17702" Y="14285" Z="0"/><Vertex X="17790" Y="14285" Z="0"/><Vertex X="17819" Y="14285" Z="0"/><Vertex X="17878" Y="14285" Z="0"/><Vertex X="17908" Y="14285" Z="0"/><Vertex X="17967" Y="14285" Z="0"/><Vertex X="18026" Y="14285" Z="0"/><Vertex X="18055" Y="14285" Z="0"/><Vertex X="18114" Y="14285" Z="0"/><Vertex X="18143" Y="14285" Z="0"/><Vertex X="18202" Y="14285" Z="0"/><Vertex X="18261" Y="14285" Z="0"/><Vertex X="18291" Y="14285" Z="0"/><Vertex X="18409" Y="14285" Z="0"/><Vertex X="18438" Y="14285" Z="0"/><Vertex X="18497" Y="14285" Z="0"/><Vertex X="18556" Y="14285" Z="0"/><Vertex X="18585" Y="14285" Z="0"/><Vertex X="18644" Y="14285" Z="0"/><Vertex X="18732" Y="14285" Z="0"/><Vertex X="18762" Y="14285" Z="0"/><Vertex X="18821" Y="14285" Z="0"/><Vertex X="18850" Y="14285" Z="0"/><Vertex X="18909" Y="14285" Z="0"/><Vertex X="18968" Y="14285" Z="0"/><Vertex X="18998" Y="14285" Z="0"/><Vertex X="19056" Y="14285" Z="0"/><Vertex X="19145" Y="14285" Z="0"/><Vertex X="19204" Y="14285" Z="0"/><Vertex X="19292" Y="14285" Z="0"/><Vertex X="19351" Y="14226" Z="0"/><Vertex X="19410" Y="14226" Z="0"/><Vertex X="19469" Y="14226" Z="0"/><Vertex X="19528" Y="14167" Z="0"/><Vertex X="19557" Y="14167" Z="0"/><Vertex X="19616" Y="14167" Z="0"/><Vertex X="19675" Y="14167" Z="0"/><Vertex X="19704" Y="14167" Z="0"/><Vertex X="19763" Y="14167" Z="0"/><Vertex X="19793" Y="14167" Z="0"/><Vertex X="19852" Y="14167" Z="0"/><Vertex X="19911" Y="14167" Z="0"/><Vertex X="19940" Y="14167" Z="0"/><Vertex X="19999" Y="14167" Z="0"/><Vertex X="20087" Y="14167" Z="0"/><Vertex X="20176" Y="14167" Z="0"/><Vertex X="20235" Y="14167" Z="0"/><Vertex X="20264" Y="14167" Z="0"/><Vertex X="20323" Y="14108" Z="0"/><Vertex X="20382" Y="14108" Z="0"/><Vertex X="20411" Y="14108" Z="0"/><Vertex X="20470" Y="14049" Z="0"/><Vertex X="20529" Y="14049" Z="0"/><Vertex X="20559" Y="14020" Z="0"/><Vertex X="20617" Y="14020" Z="0"/><Vertex X="20676" Y="13961" Z="0"/><Vertex X="20706" Y="13961" Z="0"/><Vertex X="20765" Y="13961" Z="0"/><Vertex X="20824" Y="13902" Z="0"/><Vertex X="20853" Y="13902" Z="0"/><Vertex X="20912" Y="13902" Z="0"/><Vertex X="20971" Y="13902" Z="0"/><Vertex X="21000" Y="13843" Z="0"/><Vertex X="21059" Y="13843" Z="0"/><Vertex X="21118" Y="13843" Z="0"/><Vertex X="21148" Y="13843" Z="0"/><Vertex X="21207" Y="13843" Z="0"/><Vertex X="21265" Y="13813" Z="0"/><Vertex X="21295" Y="13813" Z="0"/><Vertex X="21354" Y="13813" Z="0"/><Vertex X="21383" Y="13813" Z="0"/><Vertex X="21442" Y="13755" Z="0"/><Vertex X="21501" Y="13755" Z="0"/><Vertex X="21531" Y="13755" Z="0"/><Vertex X="21589" Y="13755" Z="0"/><Vertex X="21648" Y="13696" Z="0"/><Vertex X="21678" Y="13696" Z="0"/><Vertex X="21737" Y="13696" Z="0"/><Vertex X="21855" Y="13696" Z="0"/><Vertex X="21884" Y="13696" Z="0"/><Vertex X="21943" Y="13637" Z="0"/><Vertex X="22002" Y="13637" Z="0"/><Vertex X="22031" Y="13637" Z="0"/><Vertex X="22090" Y="13637" Z="0"/><Vertex X="22120" Y="13637" Z="0"/><Vertex X="22179" Y="13578" Z="0"/><Vertex X="22237" Y="13578" Z="0"/><Vertex X="22267" Y="13578" Z="0"/><Vertex X="22326" Y="13578" Z="0"/><Vertex X="22385" Y="13578" Z="0"/><Vertex X="22414" Y="13578" Z="0"/><Vertex X="22473" Y="13578" Z="0"/><Vertex X="22502" Y="13578" Z="0"/><Vertex X="22561" Y="13578" Z="0"/><Vertex X="22620" Y="13548" Z="0"/><Vertex X="22650" Y="13548" Z="0"/><Vertex X="22709" Y="13548" Z="0"/><Vertex X="22826" Y="13548" Z="0"/><Vertex X="22856" Y="13548" Z="0"/><Vertex X="22915" Y="13548" Z="0"/><Vertex X="22974" Y="13490" Z="0"/><Vertex X="23003" Y="13490" Z="0"/><Vertex X="23062" Y="13490" Z="0"/><Vertex X="23121" Y="13490" Z="0"/><Vertex X="23150" Y="13490" Z="0"/><Vertex X="23209" Y="13490" Z="0"/><Vertex X="23268" Y="13431" Z="0"/><Vertex X="23298" Y="13431" Z="0"/><Vertex X="23357" Y="13431" Z="0"/><Vertex X="23416" Y="13372" Z="0"/><Vertex X="23445" Y="13372" Z="0"/><Vertex X="23504" Y="13372" Z="0"/><Vertex X="23533" Y="13342" Z="0"/><Vertex X="23592" Y="13342" Z="0"/><Vertex X="23651" Y="13342" Z="0"/><Vertex X="23681" Y="13283" Z="0"/><Vertex X="23740" Y="13283" Z="0"/><Vertex X="23798" Y="13283" Z="0"/><Vertex X="23828" Y="13283" Z="0"/><Vertex X="23887" Y="13224" Z="0"/><Vertex X="23946" Y="13224" Z="0"/><Vertex X="23975" Y="13224" Z="0"/><Vertex X="24034" Y="13166" Z="0"/><Vertex X="24093" Y="13166" Z="0"/><Vertex X="24122" Y="13107" Z="0"/><Vertex X="24181" Y="13107" Z="0"/><Vertex X="24240" Y="13077" Z="0"/><Vertex X="24299" Y="13077" Z="0"/><Vertex X="24299" Y="13018" Z="0"/><Vertex X="24387" Y="13018" Z="0"/><Vertex X="24446" Y="13018" Z="0"/><Vertex X="24476" Y="13018" Z="0"/><Vertex X="24535" Y="12959" Z="0"/><Vertex X="24594" Y="12959" Z="0"/><Vertex X="24623" Y="12959" Z="0"/><Vertex X="24682" Y="12900" Z="0"/><Vertex X="24741" Y="12900" Z="0"/><Vertex X="24770" Y="12900" Z="0"/><Vertex X="24770" Y="12871" Z="0"/><Vertex X="24888" Y="12871" Z="0"/><Vertex X="25006" Y="12812" Z="0"/><Vertex X="25094" Y="12812" Z="0"/><Vertex X="25124" Y="12753" Z="0"/><Vertex X="25183" Y="12753" Z="0"/><Vertex X="25242" Y="12694" Z="0"/><Vertex X="25271" Y="12694" Z="0"/><Vertex X="25330" Y="12694" Z="0"/><Vertex X="25389" Y="12635" Z="0"/><Vertex X="25448" Y="12635" Z="0"/><Vertex X="25477" Y="12635" Z="0"/><Vertex X="25536" Y="12576" Z="0"/><Vertex X="25566" Y="12576" Z="0"/><Vertex X="25625" Y="12576" Z="0"/><Vertex X="25683" Y="12576" Z="0"/><Vertex X="25713" Y="12518" Z="0"/><Vertex X="25772" Y="12518" Z="0"/><Vertex X="25831" Y="12518" Z="0"/><Vertex X="25860" Y="12518" Z="0"/><Vertex X="25919" Y="12518" Z="0"/><Vertex X="25978" Y="12459" Z="0"/><Vertex X="26007" Y="12459" Z="0"/><Vertex X="26066" Y="12459" Z="0"/><Vertex X="26125" Y="12400" Z="0"/><Vertex X="26155" Y="12400" Z="0"/><Vertex X="26214" Y="12400" Z="0"/><Vertex X="26272" Y="12370" Z="0"/><Vertex X="26302" Y="12370" Z="0"/><Vertex X="26361" Y="12370" Z="0"/><Vertex X="26420" Y="12311" Z="0"/><Vertex X="26449" Y="12311" Z="0"/><Vertex X="26508" Y="12311" Z="0"/><Vertex X="26538" Y="12311" Z="0"/><Vertex X="26596" Y="12252" Z="0"/><Vertex X="26655" Y="12252" Z="0"/><Vertex X="26685" Y="12252" Z="0"/><Vertex X="26744" Y="12252" Z="0"/><Vertex X="26803" Y="12252" Z="0"/><Vertex X="26803" Y="12194" Z="0"/><Vertex X="26862" Y="12194" Z="0"/><Vertex X="26950" Y="12194" Z="0"/><Vertex X="27068" Y="12135" Z="0"/><Vertex X="27156" Y="12135" Z="0"/><Vertex X="27215" Y="12135" Z="0"/><Vertex X="27303" Y="12135" Z="0"/><Vertex X="27392" Y="12105" Z="0"/><Vertex X="27421" Y="12105" Z="0"/><Vertex X="27421" Y="12046" Z="0"/><Vertex X="27480" Y="12046" Z="0"/><Vertex X="27510" Y="12046" Z="0"/><Vertex X="27510" Y="11987" Z="0"/><Vertex X="27598" Y="11987" Z="0"/><Vertex X="27657" Y="11987" Z="0"/><Vertex X="27716" Y="11958" Z="0"/><Vertex X="27745" Y="11958" Z="0"/><Vertex X="27745" Y="11899" Z="0"/><Vertex X="27804" Y="11840" Z="0"/><Vertex X="27863" Y="11781" Z="0"/><Vertex X="27892" Y="11752" Z="0"/><Vertex X="27951" Y="11693" Z="0"/><Vertex X="28010" Y="11605" Z="0"/><Vertex X="28069" Y="11516" Z="0"/><Vertex X="28069" Y="11457" Z="0"/><Vertex X="28128" Y="11369" Z="0"/><Vertex X="28128" Y="11281" Z="0"/><Vertex X="28157" Y="11281" Z="0"/><Vertex X="28157" Y="11251" Z="0"/><Vertex X="28157" Y="11192" Z="0"/><Vertex X="28157" Y="11133" Z="0"/><Vertex X="28157" Y="11104" Z="0"/><Vertex X="28157" Y="11045" Z="0"/><Vertex X="28157" Y="11015" Z="0"/><Vertex X="28157" Y="10957" Z="0"/><Vertex X="28157" Y="10898" Z="0"/><Vertex X="28157" Y="10868" Z="0"/><Vertex X="28157" Y="10809" Z="0"/><Vertex X="28157" Y="10780" Z="0"/><Vertex X="28157" Y="10721" Z="0"/><Vertex X="28099" Y="10662" Z="0"/><Vertex X="28040" Y="10662" Z="0"/><Vertex X="27981" Y="10603" Z="0"/><Vertex X="27892" Y="10603" Z="0"/><Vertex X="27804" Y="10603" Z="0"/><Vertex X="27716" Y="10603" Z="0"/><Vertex X="27657" Y="10603" Z="0"/><Vertex X="27598" Y="10603" Z="0"/><Vertex X="27568" Y="10603" Z="0"/><Vertex X="27510" Y="10603" Z="0"/><Vertex X="27451" Y="10603" Z="0"/><Vertex X="27392" Y="10603" Z="0"/><Vertex X="27333" Y="10603" Z="0"/><Vertex X="27303" Y="10603" Z="0"/><Vertex X="27244" Y="10603" Z="0"/><Vertex X="27215" Y="10603" Z="0"/><Vertex X="27127" Y="10603" Z="0"/><Vertex X="27038" Y="10633" Z="0"/><Vertex X="26950" Y="10633" Z="0"/><Vertex X="26891" Y="10633" Z="0"/><Vertex X="26803" Y="10633" Z="0"/><Vertex X="26714" Y="10633" Z="0"/><Vertex X="26655" Y="10633" Z="0"/><Vertex X="26567" Y="10633" Z="0"/><Vertex X="26479" Y="10633" Z="0"/><Vertex X="26420" Y="10633" Z="0"/><Vertex X="26331" Y="10633" Z="0"/><Vertex X="26243" Y="10633" Z="0"/><Vertex X="26184" Y="10691" Z="0"/><Vertex X="26096" Y="10691" Z="0"/><Vertex X="26007" Y="10691" Z="0"/><Vertex X="25948" Y="10691" Z="0"/><Vertex X="25860" Y="10691" Z="0"/><Vertex X="25801" Y="10691" Z="0"/><Vertex X="25742" Y="10691" Z="0"/><Vertex X="25683" Y="10691" Z="0"/><Vertex X="25625" Y="10750" Z="0"/><Vertex X="25595" Y="10750" Z="0"/><Vertex X="25536" Y="10750" Z="0"/><Vertex X="25477" Y="10750" Z="0"/><Vertex X="25448" Y="10750" Z="0"/><Vertex X="25389" Y="10750" Z="0"/><Vertex X="25389" Y="10780" Z="0"/><Vertex X="25330" Y="10780" Z="0"/><Vertex X="25271" Y="10780" Z="0"/><Vertex X="25212" Y="10780" Z="0"/><Vertex X="25094" Y="10839" Z="0"/><Vertex X="25065" Y="10839" Z="0"/><Vertex X="25006" Y="10839" Z="0"/><Vertex X="24977" Y="10839" Z="0"/><Vertex X="24977" Y="10898" Z="0"/><Vertex X="24859" Y="10898" Z="0"/><Vertex X="24770" Y="10898" Z="0"/><Vertex X="24711" Y="10957" Z="0"/><Vertex X="24682" Y="10957" Z="0"/><Vertex X="24623" Y="10957" Z="0"/><Vertex X="24594" Y="10957" Z="0"/><Vertex X="24535" Y="10957" Z="0"/><Vertex X="24476" Y="11015" Z="0"/><Vertex X="24446" Y="11015" Z="0"/><Vertex X="24387" Y="11015" Z="0"/><Vertex X="24329" Y="11015" Z="0"/><Vertex X="24329" Y="11045" Z="0"/><Vertex X="24240" Y="11045" Z="0"/><Vertex X="24181" Y="11045" Z="0"/><Vertex X="24122" Y="11104" Z="0"/><Vertex X="24093" Y="11104" Z="0"/><Vertex X="24005" Y="11104" Z="0"/><Vertex X="23946" Y="11104" Z="0"/><Vertex X="23887" Y="11163" Z="0"/><Vertex X="23798" Y="11163" Z="0"/><Vertex X="23710" Y="11163" Z="0"/><Vertex X="23651" Y="11163" Z="0"/><Vertex X="23563" Y="11163" Z="0"/><Vertex X="23504" Y="11163" Z="0"/><Vertex X="23474" Y="11222" Z="0"/><Vertex X="23416" Y="11222" Z="0"/><Vertex X="23357" Y="11222" Z="0"/><Vertex X="23327" Y="11222" Z="0"/><Vertex X="23268" Y="11222" Z="0"/><Vertex X="23239" Y="11222" Z="0"/><Vertex X="23150" Y="11222" Z="0"/><Vertex X="23062" Y="11222" Z="0"/><Vertex X="23003" Y="11222" Z="0"/><Vertex X="22944" Y="11222" Z="0"/><Vertex X="22885" Y="11222" Z="0"/><Vertex X="22856" Y="11222" Z="0"/><Vertex X="22797" Y="11222" Z="0"/><Vertex X="22768" Y="11222" Z="0"/><Vertex X="22709" Y="11222" Z="0"/><Vertex X="22650" Y="11222" Z="0"/><Vertex X="22620" Y="11222" Z="0"/><Vertex X="22561" Y="11222" Z="0"/><Vertex X="22532" Y="11222" Z="0"/><Vertex X="22444" Y="11222" Z="0"/><Vertex X="22385" Y="11222" Z="0"/><Vertex X="22355" Y="11222" Z="0"/><Vertex X="22267" Y="11222" Z="0"/><Vertex X="22179" Y="11222" Z="0"/><Vertex X="22149" Y="11222" Z="0"/><Vertex X="22090" Y="11222" Z="0"/><Vertex X="22061" Y="11222" Z="0"/><Vertex X="22002" Y="11222" Z="0"/><Vertex X="21943" Y="11222" Z="0"/><Vertex X="21913" Y="11222" Z="0"/><Vertex X="21855" Y="11222" Z="0"/><Vertex X="21825" Y="11222" Z="0"/><Vertex X="21766" Y="11251" Z="0"/><Vertex X="21707" Y="11251" Z="0"/><Vertex X="21678" Y="11251" Z="0"/><Vertex X="21619" Y="11251" Z="0"/><Vertex X="21560" Y="11251" Z="0"/><Vertex X="21531" Y="11251" Z="0"/><Vertex X="21472" Y="11251" Z="0"/><Vertex X="21442" Y="11251" Z="0"/><Vertex X="21383" Y="11251" Z="0"/><Vertex X="21324" Y="11251" Z="0"/><Vertex X="21295" Y="11251" Z="0"/><Vertex X="21236" Y="11251" Z="0"/><Vertex X="21207" Y="11251" Z="0"/><Vertex X="21148" Y="11251" Z="0"/><Vertex X="21089" Y="11310" Z="0"/><Vertex X="21059" Y="11310" Z="0"/><Vertex X="21000" Y="11310" Z="0"/><Vertex X="20941" Y="11310" Z="0"/><Vertex X="20912" Y="11310" Z="0"/><Vertex X="20853" Y="11310" Z="0"/><Vertex X="20824" Y="11310" Z="0"/><Vertex X="20765" Y="11369" Z="0"/><Vertex X="20706" Y="11369" Z="0"/><Vertex X="20676" Y="11369" Z="0"/><Vertex X="20617" Y="11369" Z="0"/><Vertex X="20559" Y="11369" Z="0"/><Vertex X="20529" Y="11428" Z="0"/><Vertex X="20470" Y="11428" Z="0"/><Vertex X="20411" Y="11428" Z="0"/><Vertex X="20382" Y="11428" Z="0"/><Vertex X="20323" Y="11428" Z="0"/><Vertex X="20264" Y="11457" Z="0"/><Vertex X="20235" Y="11457" Z="0"/><Vertex X="20176" Y="11457" Z="0"/><Vertex X="20117" Y="11516" Z="0"/><Vertex X="20058" Y="11516" Z="0"/><Vertex X="19999" Y="11516" Z="0"/><Vertex X="19911" Y="11575" Z="0"/><Vertex X="19881" Y="11575" Z="0"/><Vertex X="19822" Y="11575" Z="0"/><Vertex X="19763" Y="11634" Z="0"/><Vertex X="19734" Y="11634" Z="0"/><Vertex X="19675" Y="11634" Z="0"/><Vertex X="19646" Y="11634" Z="0"/><Vertex X="19587" Y="11693" Z="0"/><Vertex X="19528" Y="11693" Z="0"/><Vertex X="19498" Y="11693" Z="0"/><Vertex X="19439" Y="11722" Z="0"/><Vertex X="19380" Y="11722" Z="0"/><Vertex X="19322" Y="11722" Z="0"/><Vertex X="19322" Y="11781" Z="0"/><Vertex X="19233" Y="11781" Z="0"/><Vertex X="19174" Y="11781" Z="0"/><Vertex X="19145" Y="11781" Z="0"/><Vertex X="19086" Y="11840" Z="0"/><Vertex X="19027" Y="11840" Z="0"/><Vertex X="18998" Y="11840" Z="0"/><Vertex X="18909" Y="11899" Z="0"/><Vertex X="18821" Y="11899" Z="0"/><Vertex X="18791" Y="11899" Z="0"/><Vertex X="18732" Y="11958" Z="0"/><Vertex X="18674" Y="11958" Z="0"/><Vertex X="18644" Y="11958" Z="0"/><Vertex X="18585" Y="11958" Z="0"/><Vertex X="18526" Y="11958" Z="0"/><Vertex X="18497" Y="11958" Z="0"/><Vertex X="18438" Y="11958" Z="0"/><Vertex X="18409" Y="11958" Z="0"/><Vertex X="18409" Y="11987" Z="0"/><Vertex X="18320" Y="11987" Z="0"/><Vertex X="18232" Y="11987" Z="0"/><Vertex X="18173" Y="12046" Z="0"/><Vertex X="18114" Y="12046" Z="0"/><Vertex X="18055" Y="12046" Z="0"/><Vertex X="18055" Y="12105" Z="0"/><Vertex X="18026" Y="12105" Z="0"/><Vertex X="17996" Y="12076" Z="0"/></Vertices></Region><Region Id="7" Type="0" Zoom="0.033952" Selected="0" ImageLocation="" ImageFocus="-1" Length="15819.6" Area="12166393.0" LengthMicrons="7805.4" AreaMicrons="2961830.1" Text="" NegativeROA="0" InputRegionId="0" Analyze="1" DisplayId="7"><Attributes></Attributes><Vertices><Vertex X="20470" Y="16700" Z="0"/><Vertex X="20411" Y="16818" Z="0"/><Vertex X="20352" Y="16877" Z="0"/><Vertex X="20323" Y="16936" Z="0"/><Vertex X="20264" Y="16994" Z="0"/><Vertex X="20205" Y="17053" Z="0"/><Vertex X="20205" Y="17083" Z="0"/><Vertex X="20146" Y="17142" Z="0"/><Vertex X="20146" Y="17171" Z="0"/><Vertex X="20146" Y="17230" Z="0"/><Vertex X="20146" Y="17289" Z="0"/><Vertex X="20146" Y="17348" Z="0"/><Vertex X="20146" Y="17407" Z="0"/><Vertex X="20146" Y="17466" Z="0"/><Vertex X="20146" Y="17495" Z="0"/><Vertex X="20146" Y="17554" Z="0"/><Vertex X="20146" Y="17613" Z="0"/><Vertex X="20146" Y="17672" Z="0"/><Vertex X="20117" Y="17672" Z="0"/><Vertex X="20117" Y="17731" Z="0"/><Vertex X="20058" Y="17790" Z="0"/><Vertex X="20058" Y="17849" Z="0"/><Vertex X="19999" Y="17849" Z="0"/><Vertex X="19999" Y="17907" Z="0"/><Vertex X="19999" Y="17937" Z="0"/><Vertex X="19999" Y="17996" Z="0"/><Vertex X="19999" Y="18025" Z="0"/><Vertex X="19999" Y="18084" Z="0"/><Vertex X="20028" Y="18084" Z="0"/><Vertex X="20028" Y="18143" Z="0"/><Vertex X="20058" Y="18143" Z="0"/><Vertex X="20058" Y="18173" Z="0"/><Vertex X="20117" Y="18173" Z="0"/><Vertex X="20117" Y="18231" Z="0"/><Vertex X="20205" Y="18231" Z="0"/><Vertex X="20235" Y="18290" Z="0"/><Vertex X="20323" Y="18290" Z="0"/><Vertex X="20411" Y="18290" Z="0"/><Vertex X="20441" Y="18290" Z="0"/><Vertex X="20500" Y="18320" Z="0"/><Vertex X="20588" Y="18320" Z="0"/><Vertex X="20647" Y="18320" Z="0"/><Vertex X="20647" Y="18379" Z="0"/><Vertex X="20735" Y="18379" Z="0"/><Vertex X="20824" Y="18379" Z="0"/><Vertex X="20824" Y="18438" Z="0"/><Vertex X="20883" Y="18438" Z="0"/><Vertex X="20971" Y="18467" Z="0"/><Vertex X="21059" Y="18467" Z="0"/><Vertex X="21148" Y="18526" Z="0"/><Vertex X="21207" Y="18526" Z="0"/><Vertex X="21207" Y="18585" Z="0"/><Vertex X="21324" Y="18585" Z="0"/><Vertex X="21442" Y="18644" Z="0"/><Vertex X="21501" Y="18644" Z="0"/><Vertex X="21560" Y="18644" Z="0"/><Vertex X="21648" Y="18644" Z="0"/><Vertex X="21737" Y="18644" Z="0"/><Vertex X="21796" Y="18644" Z="0"/><Vertex X="21884" Y="18644" Z="0"/><Vertex X="21972" Y="18614" Z="0"/><Vertex X="22061" Y="18614" Z="0"/><Vertex X="22120" Y="18614" Z="0"/><Vertex X="22179" Y="18555" Z="0"/><Vertex X="22267" Y="18555" Z="0"/><Vertex X="22296" Y="18555" Z="0"/><Vertex X="22355" Y="18555" Z="0"/><Vertex X="22414" Y="18497" Z="0"/><Vertex X="22444" Y="18497" Z="0"/><Vertex X="22502" Y="18497" Z="0"/><Vertex X="22532" Y="18497" Z="0"/><Vertex X="22591" Y="18497" Z="0"/><Vertex X="22591" Y="18467" Z="0"/><Vertex X="22679" Y="18467" Z="0"/><Vertex X="22738" Y="18467" Z="0"/><Vertex X="22826" Y="18408" Z="0"/><Vertex X="22915" Y="18408" Z="0"/><Vertex X="22915" Y="18349" Z="0"/><Vertex X="23003" Y="18349" Z="0"/><Vertex X="23003" Y="18320" Z="0"/><Vertex X="23062" Y="18320" Z="0"/><Vertex X="23121" Y="18261" Z="0"/><Vertex X="23209" Y="18202" Z="0"/><Vertex X="23268" Y="18202" Z="0"/><Vertex X="23268" Y="18114" Z="0"/><Vertex X="23357" Y="18114" Z="0"/><Vertex X="23445" Y="18084" Z="0"/><Vertex X="23504" Y="18084" Z="0"/><Vertex X="23533" Y="18084" Z="0"/><Vertex X="23592" Y="18084" Z="0"/><Vertex X="23592" Y="18025" Z="0"/><Vertex X="23651" Y="18025" Z="0"/><Vertex X="23740" Y="18025" Z="0"/><Vertex X="23828" Y="18025" Z="0"/><Vertex X="23916" Y="17966" Z="0"/><Vertex X="23975" Y="17966" Z="0"/><Vertex X="24034" Y="17907" Z="0"/><Vertex X="24093" Y="17907" Z="0"/><Vertex X="24122" Y="17878" Z="0"/><Vertex X="24181" Y="17878" Z="0"/><Vertex X="24240" Y="17819" Z="0"/><Vertex X="24270" Y="17819" Z="0"/><Vertex X="24270" Y="17760" Z="0"/><Vertex X="24358" Y="17760" Z="0"/><Vertex X="24417" Y="17701" Z="0"/><Vertex X="24505" Y="17672" Z="0"/><Vertex X="24535" Y="17672" Z="0"/><Vertex X="24594" Y="17613" Z="0"/><Vertex X="24653" Y="17613" Z="0"/><Vertex X="24682" Y="17554" Z="0"/><Vertex X="24770" Y="17495" Z="0"/><Vertex X="24859" Y="17436" Z="0"/><Vertex X="24918" Y="17377" Z="0"/><Vertex X="24977" Y="17318" Z="0"/><Vertex X="25006" Y="17259" Z="0"/><Vertex X="25006" Y="17201" Z="0"/><Vertex X="25065" Y="17201" Z="0"/><Vertex X="25065" Y="17171" Z="0"/><Vertex X="25124" Y="17171" Z="0"/><Vertex X="25124" Y="17112" Z="0"/><Vertex X="25153" Y="17112" Z="0"/><Vertex X="25153" Y="17083" Z="0"/><Vertex X="25212" Y="17024" Z="0"/><Vertex X="25212" Y="16965" Z="0"/><Vertex X="25271" Y="16965" Z="0"/><Vertex X="25271" Y="16936" Z="0"/><Vertex X="25301" Y="16877" Z="0"/><Vertex X="25301" Y="16818" Z="0"/><Vertex X="25359" Y="16818" Z="0"/><Vertex X="25359" Y="16788" Z="0"/><Vertex X="25359" Y="16729" Z="0"/><Vertex X="25359" Y="16670" Z="0"/><Vertex X="25359" Y="16641" Z="0"/><Vertex X="25359" Y="16553" Z="0"/><Vertex X="25359" Y="16494" Z="0"/><Vertex X="25330" Y="16494" Z="0"/><Vertex X="25271" Y="16494" Z="0"/><Vertex X="25271" Y="16464" Z="0"/><Vertex X="25183" Y="16464" Z="0"/><Vertex X="25094" Y="16405" Z="0"/><Vertex X="25065" Y="16405" Z="0"/><Vertex X="24977" Y="16346" Z="0"/><Vertex X="24888" Y="16288" Z="0"/><Vertex X="24829" Y="16288" Z="0"/><Vertex X="24829" Y="16258" Z="0"/><Vertex X="24770" Y="16258" Z="0"/><Vertex X="24770" Y="16170" Z="0"/><Vertex X="24682" Y="16170" Z="0"/><Vertex X="24682" Y="16081" Z="0"/><Vertex X="24623" Y="16081" Z="0"/><Vertex X="24623" Y="16022" Z="0"/><Vertex X="24594" Y="16022" Z="0"/><Vertex X="24594" Y="15934" Z="0"/><Vertex X="24535" Y="15875" Z="0"/><Vertex X="24535" Y="15816" Z="0"/><Vertex X="24505" Y="15816" Z="0"/><Vertex X="24505" Y="15728" Z="0"/><Vertex X="24446" Y="15728" Z="0"/><Vertex X="24446" Y="15669" Z="0"/><Vertex X="24387" Y="15669" Z="0"/><Vertex X="24387" Y="15640" Z="0"/><Vertex X="24358" Y="15640" Z="0"/><Vertex X="24358" Y="15581" Z="0"/><Vertex X="24299" Y="15581" Z="0"/><Vertex X="24299" Y="15522" Z="0"/><Vertex X="24270" Y="15522" Z="0"/><Vertex X="24270" Y="15492" Z="0"/><Vertex X="24181" Y="15492" Z="0"/><Vertex X="24181" Y="15433" Z="0"/><Vertex X="24093" Y="15433" Z="0"/><Vertex X="24093" Y="15404" Z="0"/><Vertex X="24034" Y="15404" Z="0"/><Vertex X="24034" Y="15345" Z="0"/><Vertex X="23975" Y="15345" Z="0"/><Vertex X="23975" Y="15286" Z="0"/><Vertex X="23916" Y="15286" Z="0"/><Vertex X="23828" Y="15257" Z="0"/><Vertex X="23798" Y="15257" Z="0"/><Vertex X="23710" Y="15198" Z="0"/><Vertex X="23592" Y="15198" Z="0"/><Vertex X="23563" Y="15198" Z="0"/><Vertex X="23445" Y="15198" Z="0"/><Vertex X="23327" Y="15198" Z="0"/><Vertex X="23298" Y="15198" Z="0"/><Vertex X="23239" Y="15198" Z="0"/><Vertex X="23180" Y="15198" Z="0"/><Vertex X="23150" Y="15198" Z="0"/><Vertex X="23092" Y="15227" Z="0"/><Vertex X="23033" Y="15227" Z="0"/><Vertex X="23003" Y="15227" Z="0"/><Vertex X="22944" Y="15227" Z="0"/><Vertex X="22915" Y="15257" Z="0"/><Vertex X="22856" Y="15257" Z="0"/><Vertex X="22768" Y="15316" Z="0"/><Vertex X="22679" Y="15316" Z="0"/><Vertex X="22679" Y="15374" Z="0"/><Vertex X="22620" Y="15374" Z="0"/><Vertex X="22532" Y="15433" Z="0"/><Vertex X="22473" Y="15433" Z="0"/><Vertex X="22414" Y="15492" Z="0"/><Vertex X="22355" Y="15492" Z="0"/><Vertex X="22296" Y="15492" Z="0"/><Vertex X="22267" Y="15522" Z="0"/><Vertex X="22208" Y="15522" Z="0"/><Vertex X="22208" Y="15581" Z="0"/><Vertex X="22090" Y="15581" Z="0"/><Vertex X="22090" Y="15610" Z="0"/><Vertex X="22031" Y="15610" Z="0"/><Vertex X="22031" Y="15669" Z="0"/><Vertex X="21972" Y="15669" Z="0"/><Vertex X="21972" Y="15728" Z="0"/><Vertex X="21913" Y="15728" Z="0"/><Vertex X="21884" Y="15757" Z="0"/><Vertex X="21825" Y="15757" Z="0"/><Vertex X="21825" Y="15816" Z="0"/><Vertex X="21737" Y="15816" Z="0"/><Vertex X="21678" Y="15875" Z="0"/><Vertex X="21589" Y="15875" Z="0"/><Vertex X="21589" Y="15934" Z="0"/><Vertex X="21501" Y="15934" Z="0"/><Vertex X="21413" Y="15964" Z="0"/><Vertex X="21354" Y="15964" Z="0"/><Vertex X="21354" Y="16022" Z="0"/><Vertex X="21265" Y="16022" Z="0"/><Vertex X="21177" Y="16081" Z="0"/><Vertex X="21089" Y="16140" Z="0"/><Vertex X="21059" Y="16199" Z="0"/><Vertex X="21000" Y="16229" Z="0"/><Vertex X="20941" Y="16288" Z="0"/><Vertex X="20883" Y="16346" Z="0"/><Vertex X="20853" Y="16346" Z="0"/><Vertex X="20853" Y="16376" Z="0"/><Vertex X="20794" Y="16376" Z="0"/><Vertex X="20794" Y="16435" Z="0"/><Vertex X="20765" Y="16435" Z="0"/><Vertex X="20706" Y="16494" Z="0"/><Vertex X="20647" Y="16494" Z="0"/><Vertex X="20647" Y="16523" Z="0"/><Vertex X="20617" Y="16523" Z="0"/><Vertex X="20529" Y="16582" Z="0"/><Vertex X="20470" Y="16582" Z="0"/><Vertex X="20470" Y="16641" Z="0"/><Vertex X="20441" Y="16641" Z="0"/><Vertex X="20441" Y="16700" Z="0"/><Vertex X="20470" Y="16700" Z="0"/></Vertices></Region></Regions><Plots></Plots></Annotation></Annotations>
