<Annotations MicronsPerPixel="0.493400">
	<Annotation Id="1" Name="" ReadOnly="0" NameReadOnly="0" LineColorReadOnly="0" Incremental="0" Type="4" LineColor="16776960" Visible="1" Selected="1" MarkupImagePath="" MacroName=""><Attributes></Attributes><Regions><RegionAttributeHeaders></RegionAttributeHeaders><Region Id="1" Type="0" Zoom="0.030673" Selected="0" ImageLocation="" ImageFocus="-1" Length="32408.0" Area="29220782.5" LengthMicrons="15990.1" AreaMicrons="7113611.5" Text="" NegativeROA="0" InputRegionId="0" Analyze="1" DisplayId="1"><Attributes></Attributes><Vertices><Vertex X="7271" Y="6520" Z="0"/><Vertex X="7271" Y="6586" Z="0"/><Vertex X="7140" Y="6586" Z="0"/><Vertex X="7108" Y="6586" Z="0"/><Vertex X="7042" Y="6586" Z="0"/><Vertex X="6945" Y="6618" Z="0"/><Vertex X="6879" Y="6618" Z="0"/><Vertex X="6782" Y="6618" Z="0"/><Vertex X="6684" Y="6618" Z="0"/><Vertex X="6619" Y="6618" Z="0"/><Vertex X="6521" Y="6618" Z="0"/><Vertex X="6423" Y="6618" Z="0"/><Vertex X="6390" Y="6618" Z="0"/><Vertex X="6325" Y="6618" Z="0"/><Vertex X="6293" Y="6618" Z="0"/><Vertex X="6227" Y="6618" Z="0"/><Vertex X="6162" Y="6618" Z="0"/><Vertex X="6130" Y="6683" Z="0"/><Vertex X="6032" Y="6749" Z="0"/><Vertex X="5934" Y="6846" Z="0"/><Vertex X="5869" Y="6944" Z="0"/><Vertex X="5804" Y="7042" Z="0"/><Vertex X="5738" Y="7107" Z="0"/><Vertex X="5738" Y="7205" Z="0"/><Vertex X="5706" Y="7270" Z="0"/><Vertex X="5706" Y="7303" Z="0"/><Vertex X="5641" Y="7368" Z="0"/><Vertex X="5575" Y="7433" Z="0"/><Vertex X="5575" Y="7498" Z="0"/><Vertex X="5575" Y="7564" Z="0"/><Vertex X="5575" Y="7661" Z="0"/><Vertex X="5575" Y="7759" Z="0"/><Vertex X="5575" Y="7824" Z="0"/><Vertex X="5641" Y="7922" Z="0"/><Vertex X="5738" Y="8020" Z="0"/><Vertex X="5836" Y="8085" Z="0"/><Vertex X="5869" Y="8085" Z="0"/><Vertex X="5934" Y="8150" Z="0"/><Vertex X="5999" Y="8150" Z="0"/><Vertex X="6032" Y="8150" Z="0"/><Vertex X="6097" Y="8150" Z="0"/><Vertex X="6130" Y="8150" Z="0"/><Vertex X="6195" Y="8216" Z="0"/><Vertex X="6260" Y="8216" Z="0"/><Vertex X="6293" Y="8216" Z="0"/><Vertex X="6358" Y="8216" Z="0"/><Vertex X="6423" Y="8216" Z="0"/><Vertex X="6456" Y="8216" Z="0"/><Vertex X="6521" Y="8216" Z="0"/><Vertex X="6586" Y="8248" Z="0"/><Vertex X="6651" Y="8248" Z="0"/><Vertex X="6651" Y="8313" Z="0"/><Vertex X="6749" Y="8313" Z="0"/><Vertex X="6814" Y="8379" Z="0"/><Vertex X="6879" Y="8444" Z="0"/><Vertex X="6945" Y="8444" Z="0"/><Vertex X="7010" Y="8444" Z="0"/><Vertex X="7042" Y="8444" Z="0"/><Vertex X="7108" Y="8476" Z="0"/><Vertex X="7173" Y="8476" Z="0"/><Vertex X="7205" Y="8476" Z="0"/><Vertex X="7271" Y="8476" Z="0"/><Vertex X="7303" Y="8476" Z="0"/><Vertex X="7368" Y="8476" Z="0"/><Vertex X="7434" Y="8476" Z="0"/><Vertex X="7466" Y="8476" Z="0"/><Vertex X="7564" Y="8476" Z="0"/><Vertex X="7597" Y="8476" Z="0"/><Vertex X="7662" Y="8476" Z="0"/><Vertex X="7727" Y="8476" Z="0"/><Vertex X="7727" Y="8542" Z="0"/><Vertex X="7760" Y="8542" Z="0"/><Vertex X="7825" Y="8542" Z="0"/><Vertex X="7955" Y="8607" Z="0"/><Vertex X="7988" Y="8607" Z="0"/><Vertex X="8053" Y="8607" Z="0"/><Vertex X="8118" Y="8607" Z="0"/><Vertex X="8183" Y="8607" Z="0"/><Vertex X="8249" Y="8607" Z="0"/><Vertex X="8314" Y="8672" Z="0"/><Vertex X="8346" Y="8672" Z="0"/><Vertex X="8412" Y="8672" Z="0"/><Vertex X="8477" Y="8705" Z="0"/><Vertex X="8509" Y="8705" Z="0"/><Vertex X="8607" Y="8770" Z="0"/><Vertex X="8673" Y="8770" Z="0"/><Vertex X="8738" Y="8835" Z="0"/><Vertex X="8803" Y="8835" Z="0"/><Vertex X="8803" Y="8900" Z="0"/><Vertex X="8868" Y="8900" Z="0"/><Vertex X="8901" Y="8900" Z="0"/><Vertex X="8901" Y="8933" Z="0"/><Vertex X="8999" Y="8933" Z="0"/><Vertex X="9096" Y="8933" Z="0"/><Vertex X="9129" Y="8933" Z="0"/><Vertex X="9194" Y="8933" Z="0"/><Vertex X="9227" Y="8933" Z="0"/><Vertex X="9292" Y="8933" Z="0"/><Vertex X="9390" Y="8933" Z="0"/><Vertex X="9455" Y="8933" Z="0"/><Vertex X="9553" Y="8933" Z="0"/><Vertex X="9651" Y="8933" Z="0"/><Vertex X="9683" Y="8933" Z="0"/><Vertex X="9781" Y="8933" Z="0"/><Vertex X="9911" Y="8933" Z="0"/><Vertex X="9911" Y="8998" Z="0"/><Vertex X="9977" Y="8998" Z="0"/><Vertex X="10042" Y="8998" Z="0"/><Vertex X="10107" Y="8998" Z="0"/><Vertex X="10140" Y="8998" Z="0"/><Vertex X="10205" Y="8998" Z="0"/><Vertex X="10237" Y="8998" Z="0"/><Vertex X="10303" Y="8998" Z="0"/><Vertex X="10368" Y="8998" Z="0"/><Vertex X="10400" Y="8998" Z="0"/><Vertex X="10466" Y="8998" Z="0"/><Vertex X="10498" Y="8998" Z="0"/><Vertex X="10563" Y="8998" Z="0"/><Vertex X="10629" Y="8998" Z="0"/><Vertex X="10661" Y="8998" Z="0"/><Vertex X="10726" Y="9063" Z="0"/><Vertex X="10824" Y="9063" Z="0"/><Vertex X="10889" Y="9063" Z="0"/><Vertex X="10987" Y="9063" Z="0"/><Vertex X="10987" Y="9096" Z="0"/><Vertex X="11052" Y="9096" Z="0"/><Vertex X="11085" Y="9096" Z="0"/><Vertex X="11183" Y="9096" Z="0"/><Vertex X="11183" Y="9161" Z="0"/><Vertex X="11281" Y="9161" Z="0"/><Vertex X="11346" Y="9161" Z="0"/><Vertex X="11411" Y="9226" Z="0"/><Vertex X="11476" Y="9226" Z="0"/><Vertex X="11509" Y="9226" Z="0"/><Vertex X="11574" Y="9226" Z="0"/><Vertex X="11607" Y="9226" Z="0"/><Vertex X="11672" Y="9226" Z="0"/><Vertex X="11737" Y="9226" Z="0"/><Vertex X="11770" Y="9226" Z="0"/><Vertex X="11835" Y="9226" Z="0"/><Vertex X="11867" Y="9226" Z="0"/><Vertex X="11933" Y="9226" Z="0"/><Vertex X="11998" Y="9226" Z="0"/><Vertex X="12030" Y="9226" Z="0"/><Vertex X="12096" Y="9226" Z="0"/><Vertex X="12128" Y="9226" Z="0"/><Vertex X="12259" Y="9226" Z="0"/><Vertex X="12324" Y="9226" Z="0"/><Vertex X="12356" Y="9226" Z="0"/><Vertex X="12422" Y="9226" Z="0"/><Vertex X="12487" Y="9194" Z="0"/><Vertex X="12519" Y="9194" Z="0"/><Vertex X="12585" Y="9194" Z="0"/><Vertex X="12617" Y="9194" Z="0"/><Vertex X="12682" Y="9194" Z="0"/><Vertex X="12682" Y="9128" Z="0"/><Vertex X="12780" Y="9128" Z="0"/><Vertex X="12813" Y="9128" Z="0"/><Vertex X="12911" Y="9128" Z="0"/><Vertex X="12976" Y="9096" Z="0"/><Vertex X="13041" Y="9096" Z="0"/><Vertex X="13139" Y="9031" Z="0"/><Vertex X="13237" Y="9031" Z="0"/><Vertex X="13237" Y="8965" Z="0"/><Vertex X="13335" Y="8965" Z="0"/><Vertex X="13400" Y="8868" Z="0"/><Vertex X="13498" Y="8802" Z="0"/><Vertex X="13563" Y="8802" Z="0"/><Vertex X="13563" Y="8770" Z="0"/><Vertex X="13661" Y="8770" Z="0"/><Vertex X="13661" Y="8705" Z="0"/><Vertex X="13726" Y="8705" Z="0"/><Vertex X="13726" Y="8672" Z="0"/><Vertex X="13791" Y="8672" Z="0"/><Vertex X="13791" Y="8607" Z="0"/><Vertex X="13824" Y="8607" Z="0"/><Vertex X="13824" Y="8542" Z="0"/><Vertex X="13889" Y="8542" Z="0"/><Vertex X="13889" Y="8476" Z="0"/><Vertex X="13954" Y="8476" Z="0"/><Vertex X="13954" Y="8411" Z="0"/><Vertex X="13987" Y="8411" Z="0"/><Vertex X="13987" Y="8379" Z="0"/><Vertex X="14052" Y="8379" Z="0"/><Vertex X="14052" Y="8313" Z="0"/><Vertex X="14084" Y="8313" Z="0"/><Vertex X="14150" Y="8248" Z="0"/><Vertex X="14215" Y="8183" Z="0"/><Vertex X="14280" Y="8183" Z="0"/><Vertex X="14280" Y="8150" Z="0"/><Vertex X="14313" Y="8150" Z="0"/><Vertex X="14378" Y="8085" Z="0"/><Vertex X="14443" Y="8085" Z="0"/><Vertex X="14476" Y="8020" Z="0"/><Vertex X="14573" Y="8020" Z="0"/><Vertex X="14639" Y="7955" Z="0"/><Vertex X="14704" Y="7955" Z="0"/><Vertex X="14769" Y="7922" Z="0"/><Vertex X="14834" Y="7922" Z="0"/><Vertex X="14834" Y="7857" Z="0"/><Vertex X="14867" Y="7857" Z="0"/><Vertex X="14932" Y="7792" Z="0"/><Vertex X="15030" Y="7792" Z="0"/><Vertex X="15128" Y="7727" Z="0"/><Vertex X="15193" Y="7727" Z="0"/><Vertex X="15258" Y="7694" Z="0"/><Vertex X="15323" Y="7629" Z="0"/><Vertex X="15388" Y="7564" Z="0"/><Vertex X="15421" Y="7564" Z="0"/><Vertex X="15421" Y="7498" Z="0"/><Vertex X="15519" Y="7498" Z="0"/><Vertex X="15519" Y="7466" Z="0"/><Vertex X="15617" Y="7466" Z="0"/><Vertex X="15617" Y="7401" Z="0"/><Vertex X="15682" Y="7401" Z="0"/><Vertex X="15682" Y="7368" Z="0"/><Vertex X="15747" Y="7368" Z="0"/><Vertex X="15747" Y="7303" Z="0"/><Vertex X="15845" Y="7205" Z="0"/><Vertex X="15910" Y="7107" Z="0"/><Vertex X="16008" Y="7042" Z="0"/><Vertex X="16073" Y="6944" Z="0"/><Vertex X="16171" Y="6879" Z="0"/><Vertex X="16236" Y="6814" Z="0"/><Vertex X="16236" Y="6749" Z="0"/><Vertex X="16301" Y="6749" Z="0"/><Vertex X="16301" Y="6716" Z="0"/><Vertex X="16334" Y="6618" Z="0"/><Vertex X="16399" Y="6520" Z="0"/><Vertex X="16464" Y="6455" Z="0"/><Vertex X="16529" Y="6423" Z="0"/><Vertex X="16595" Y="6357" Z="0"/><Vertex X="16595" Y="6292" Z="0"/><Vertex X="16595" Y="6227" Z="0"/><Vertex X="16595" Y="6129" Z="0"/><Vertex X="16627" Y="6129" Z="0"/><Vertex X="16627" Y="6031" Z="0"/><Vertex X="16627" Y="5999" Z="0"/><Vertex X="16627" Y="5933" Z="0"/><Vertex X="16692" Y="5868" Z="0"/><Vertex X="16692" Y="5836" Z="0"/><Vertex X="16758" Y="5770" Z="0"/><Vertex X="16758" Y="5705" Z="0"/><Vertex X="16790" Y="5705" Z="0"/><Vertex X="16790" Y="5640" Z="0"/><Vertex X="16790" Y="5575" Z="0"/><Vertex X="16855" Y="5575" Z="0"/><Vertex X="16855" Y="5444" Z="0"/><Vertex X="16855" Y="5412" Z="0"/><Vertex X="16855" Y="5314" Z="0"/><Vertex X="16855" Y="5216" Z="0"/><Vertex X="16823" Y="5151" Z="0"/><Vertex X="16823" Y="5053" Z="0"/><Vertex X="16758" Y="5053" Z="0"/><Vertex X="16758" Y="4988" Z="0"/><Vertex X="16692" Y="4923" Z="0"/><Vertex X="16627" Y="4890" Z="0"/><Vertex X="16627" Y="4825" Z="0"/><Vertex X="16627" Y="4727" Z="0"/><Vertex X="16627" Y="4695" Z="0"/><Vertex X="16627" Y="4597" Z="0"/><Vertex X="16627" Y="4499" Z="0"/><Vertex X="16627" Y="4466" Z="0"/><Vertex X="16627" Y="4369" Z="0"/><Vertex X="16562" Y="4303" Z="0"/><Vertex X="16497" Y="4238" Z="0"/><Vertex X="16497" Y="4140" Z="0"/><Vertex X="16464" Y="4140" Z="0"/><Vertex X="16464" Y="4043" Z="0"/><Vertex X="16399" Y="4043" Z="0"/><Vertex X="16399" Y="4010" Z="0"/><Vertex X="16334" Y="4010" Z="0"/><Vertex X="16301" Y="3945" Z="0"/><Vertex X="16236" Y="3880" Z="0"/><Vertex X="16236" Y="3847" Z="0"/><Vertex X="16171" Y="3847" Z="0"/><Vertex X="16171" Y="3782" Z="0"/><Vertex X="16138" Y="3717" Z="0"/><Vertex X="16138" Y="3619" Z="0"/><Vertex X="16040" Y="3619" Z="0"/><Vertex X="16040" Y="3554" Z="0"/><Vertex X="15975" Y="3554" Z="0"/><Vertex X="15975" Y="3488" Z="0"/><Vertex X="15943" Y="3488" Z="0"/><Vertex X="15943" Y="3423" Z="0"/><Vertex X="15877" Y="3423" Z="0"/><Vertex X="15877" Y="3358" Z="0"/><Vertex X="15812" Y="3358" Z="0"/><Vertex X="15812" Y="3293" Z="0"/><Vertex X="15780" Y="3293" Z="0"/><Vertex X="15780" Y="3260" Z="0"/><Vertex X="15714" Y="3260" Z="0"/><Vertex X="15714" Y="3195" Z="0"/><Vertex X="15649" Y="3195" Z="0"/><Vertex X="15551" Y="3195" Z="0"/><Vertex X="15551" Y="3162" Z="0"/><Vertex X="15486" Y="3162" Z="0"/><Vertex X="15421" Y="3162" Z="0"/><Vertex X="15356" Y="3162" Z="0"/><Vertex X="15258" Y="3162" Z="0"/><Vertex X="15225" Y="3162" Z="0"/><Vertex X="15128" Y="3162" Z="0"/><Vertex X="15062" Y="3260" Z="0"/><Vertex X="15062" Y="3325" Z="0"/><Vertex X="14965" Y="3391" Z="0"/><Vertex X="14965" Y="3423" Z="0"/><Vertex X="14899" Y="3521" Z="0"/><Vertex X="14899" Y="3586" Z="0"/><Vertex X="14867" Y="3619" Z="0"/><Vertex X="14867" Y="3684" Z="0"/><Vertex X="14802" Y="3749" Z="0"/><Vertex X="14802" Y="3847" Z="0"/><Vertex X="14802" Y="3880" Z="0"/><Vertex X="14704" Y="3945" Z="0"/><Vertex X="14704" Y="4010" Z="0"/><Vertex X="14704" Y="4043" Z="0"/><Vertex X="14639" Y="4108" Z="0"/><Vertex X="14639" Y="4206" Z="0"/><Vertex X="14606" Y="4238" Z="0"/><Vertex X="14606" Y="4303" Z="0"/><Vertex X="14606" Y="4401" Z="0"/><Vertex X="14541" Y="4401" Z="0"/><Vertex X="14541" Y="4466" Z="0"/><Vertex X="14476" Y="4564" Z="0"/><Vertex X="14476" Y="4662" Z="0"/><Vertex X="14410" Y="4662" Z="0"/><Vertex X="14410" Y="4727" Z="0"/><Vertex X="14378" Y="4727" Z="0"/><Vertex X="14378" Y="4825" Z="0"/><Vertex X="14313" Y="4825" Z="0"/><Vertex X="14313" Y="4923" Z="0"/><Vertex X="14247" Y="5021" Z="0"/><Vertex X="14247" Y="5053" Z="0"/><Vertex X="14215" Y="5053" Z="0"/><Vertex X="14215" Y="5118" Z="0"/><Vertex X="14150" Y="5118" Z="0"/><Vertex X="14150" Y="5151" Z="0"/><Vertex X="14117" Y="5151" Z="0"/><Vertex X="14052" Y="5249" Z="0"/><Vertex X="13987" Y="5314" Z="0"/><Vertex X="13921" Y="5379" Z="0"/><Vertex X="13856" Y="5444" Z="0"/><Vertex X="13824" Y="5477" Z="0"/><Vertex X="13758" Y="5542" Z="0"/><Vertex X="13693" Y="5640" Z="0"/><Vertex X="13628" Y="5738" Z="0"/><Vertex X="13628" Y="5770" Z="0"/><Vertex X="13563" Y="5770" Z="0"/><Vertex X="13530" Y="5836" Z="0"/><Vertex X="13465" Y="5836" Z="0"/><Vertex X="13432" Y="5836" Z="0"/><Vertex X="13367" Y="5836" Z="0"/><Vertex X="13269" Y="5836" Z="0"/><Vertex X="13237" Y="5836" Z="0"/><Vertex X="13106" Y="5836" Z="0"/><Vertex X="13009" Y="5836" Z="0"/><Vertex X="12976" Y="5836" Z="0"/><Vertex X="12911" Y="5836" Z="0"/><Vertex X="12846" Y="5836" Z="0"/><Vertex X="12813" Y="5836" Z="0"/><Vertex X="12715" Y="5836" Z="0"/><Vertex X="12682" Y="5836" Z="0"/><Vertex X="12617" Y="5901" Z="0"/><Vertex X="12552" Y="5901" Z="0"/><Vertex X="12519" Y="5901" Z="0"/><Vertex X="12454" Y="5901" Z="0"/><Vertex X="12389" Y="5901" Z="0"/><Vertex X="12356" Y="5901" Z="0"/><Vertex X="12356" Y="5868" Z="0"/><Vertex X="12291" Y="5868" Z="0"/><Vertex X="12259" Y="5868" Z="0"/><Vertex X="12259" Y="5836" Z="0"/><Vertex X="12161" Y="5836" Z="0"/><Vertex X="12063" Y="5836" Z="0"/><Vertex X="11965" Y="5868" Z="0"/><Vertex X="11900" Y="5868" Z="0"/><Vertex X="11900" Y="5933" Z="0"/><Vertex X="11802" Y="5933" Z="0"/><Vertex X="11802" Y="5999" Z="0"/><Vertex X="11770" Y="5999" Z="0"/><Vertex X="11770" Y="6031" Z="0"/><Vertex X="11704" Y="6031" Z="0"/><Vertex X="11704" Y="6096" Z="0"/><Vertex X="11639" Y="6096" Z="0"/><Vertex X="11639" Y="6162" Z="0"/><Vertex X="11607" Y="6194" Z="0"/><Vertex X="11607" Y="6259" Z="0"/><Vertex X="11541" Y="6259" Z="0"/><Vertex X="11476" Y="6325" Z="0"/><Vertex X="11444" Y="6325" Z="0"/><Vertex X="11378" Y="6390" Z="0"/><Vertex X="11281" Y="6390" Z="0"/><Vertex X="11281" Y="6423" Z="0"/><Vertex X="11183" Y="6423" Z="0"/><Vertex X="11118" Y="6488" Z="0"/><Vertex X="11020" Y="6488" Z="0"/><Vertex X="10955" Y="6553" Z="0"/><Vertex X="10922" Y="6553" Z="0"/><Vertex X="10857" Y="6553" Z="0"/><Vertex X="10792" Y="6553" Z="0"/><Vertex X="10792" Y="6586" Z="0"/><Vertex X="10726" Y="6586" Z="0"/><Vertex X="10629" Y="6651" Z="0"/><Vertex X="10531" Y="6651" Z="0"/><Vertex X="10531" Y="6716" Z="0"/><Vertex X="10498" Y="6716" Z="0"/><Vertex X="10433" Y="6781" Z="0"/><Vertex X="10368" Y="6814" Z="0"/><Vertex X="10303" Y="6879" Z="0"/><Vertex X="10303" Y="6944" Z="0"/><Vertex X="10270" Y="6944" Z="0"/><Vertex X="10270" Y="6977" Z="0"/><Vertex X="10205" Y="6977" Z="0"/><Vertex X="10140" Y="6977" Z="0"/><Vertex X="10140" Y="7042" Z="0"/><Vertex X="10074" Y="7042" Z="0"/><Vertex X="10009" Y="7107" Z="0"/><Vertex X="9944" Y="7107" Z="0"/><Vertex X="9911" Y="7107" Z="0"/><Vertex X="9846" Y="7107" Z="0"/><Vertex X="9814" Y="7107" Z="0"/><Vertex X="9814" Y="7075" Z="0"/><Vertex X="9748" Y="7075" Z="0"/><Vertex X="9683" Y="7075" Z="0"/><Vertex X="9618" Y="7075" Z="0"/><Vertex X="9553" Y="7075" Z="0"/><Vertex X="9520" Y="7075" Z="0"/><Vertex X="9455" Y="7075" Z="0"/><Vertex X="9390" Y="7075" Z="0"/><Vertex X="9357" Y="7075" Z="0"/><Vertex X="9259" Y="7009" Z="0"/><Vertex X="9162" Y="7009" Z="0"/><Vertex X="9162" Y="6977" Z="0"/><Vertex X="9064" Y="6977" Z="0"/><Vertex X="8999" Y="6977" Z="0"/><Vertex X="8933" Y="6912" Z="0"/><Vertex X="8901" Y="6912" Z="0"/><Vertex X="8836" Y="6912" Z="0"/><Vertex X="8770" Y="6912" Z="0"/><Vertex X="8738" Y="6846" Z="0"/><Vertex X="8673" Y="6846" Z="0"/><Vertex X="8575" Y="6846" Z="0"/><Vertex X="8542" Y="6846" Z="0"/><Vertex X="8542" Y="6814" Z="0"/><Vertex X="8477" Y="6814" Z="0"/><Vertex X="8477" Y="6749" Z="0"/><Vertex X="8444" Y="6749" Z="0"/><Vertex X="8444" Y="6683" Z="0"/><Vertex X="8379" Y="6651" Z="0"/><Vertex X="8314" Y="6586" Z="0"/><Vertex X="8216" Y="6586" Z="0"/><Vertex X="8151" Y="6586" Z="0"/><Vertex X="8053" Y="6586" Z="0"/><Vertex X="7988" Y="6586" Z="0"/><Vertex X="7955" Y="6586" Z="0"/><Vertex X="7890" Y="6586" Z="0"/><Vertex X="7857" Y="6586" Z="0"/><Vertex X="7792" Y="6586" Z="0"/><Vertex X="7727" Y="6586" Z="0"/><Vertex X="7727" Y="6520" Z="0"/><Vertex X="7694" Y="6520" Z="0"/><Vertex X="7629" Y="6520" Z="0"/><Vertex X="7564" Y="6455" Z="0"/><Vertex X="7531" Y="6455" Z="0"/><Vertex X="7466" Y="6455" Z="0"/><Vertex X="7434" Y="6455" Z="0"/><Vertex X="7368" Y="6455" Z="0"/><Vertex X="7303" Y="6455" Z="0"/><Vertex X="7271" Y="6455" Z="0"/><Vertex X="7271" Y="6520" Z="0"/></Vertices></Region><Region Id="2" Type="0" Zoom="0.030673" Selected="0" ImageLocation="" ImageFocus="-1" Length="15751.2" Area="12160993.5" LengthMicrons="7771.6" AreaMicrons="2960515.6" Text="" NegativeROA="0" InputRegionId="0" Analyze="1" DisplayId="2"><Attributes></Attributes><Vertices><Vertex X="8020" Y="9389" Z="0"/><Vertex X="7988" Y="9422" Z="0"/><Vertex X="7923" Y="9422" Z="0"/><Vertex X="7857" Y="9422" Z="0"/><Vertex X="7825" Y="9454" Z="0"/><Vertex X="7760" Y="9454" Z="0"/><Vertex X="7694" Y="9520" Z="0"/><Vertex X="7662" Y="9520" Z="0"/><Vertex X="7662" Y="9617" Z="0"/><Vertex X="7564" Y="9683" Z="0"/><Vertex X="7564" Y="9715" Z="0"/><Vertex X="7564" Y="9780" Z="0"/><Vertex X="7564" Y="9878" Z="0"/><Vertex X="7564" Y="9911" Z="0"/><Vertex X="7564" Y="9976" Z="0"/><Vertex X="7499" Y="9976" Z="0"/><Vertex X="7466" Y="10041" Z="0"/><Vertex X="7401" Y="10041" Z="0"/><Vertex X="7401" Y="10074" Z="0"/><Vertex X="7303" Y="10074" Z="0"/><Vertex X="7271" Y="10074" Z="0"/><Vertex X="7205" Y="10172" Z="0"/><Vertex X="7140" Y="10172" Z="0"/><Vertex X="7075" Y="10237" Z="0"/><Vertex X="7042" Y="10237" Z="0"/><Vertex X="6977" Y="10335" Z="0"/><Vertex X="6912" Y="10400" Z="0"/><Vertex X="6912" Y="10498" Z="0"/><Vertex X="6912" Y="10595" Z="0"/><Vertex X="6912" Y="10628" Z="0"/><Vertex X="6847" Y="10726" Z="0"/><Vertex X="6847" Y="10791" Z="0"/><Vertex X="6847" Y="10856" Z="0"/><Vertex X="6847" Y="10922" Z="0"/><Vertex X="6847" Y="10987" Z="0"/><Vertex X="6879" Y="11019" Z="0"/><Vertex X="6879" Y="11085" Z="0"/><Vertex X="6879" Y="11150" Z="0"/><Vertex X="6879" Y="11215" Z="0"/><Vertex X="6879" Y="11280" Z="0"/><Vertex X="6879" Y="11313" Z="0"/><Vertex X="6945" Y="11313" Z="0"/><Vertex X="6945" Y="11378" Z="0"/><Vertex X="6977" Y="11476" Z="0"/><Vertex X="7042" Y="11541" Z="0"/><Vertex X="7108" Y="11606" Z="0"/><Vertex X="7173" Y="11704" Z="0"/><Vertex X="7238" Y="11802" Z="0"/><Vertex X="7336" Y="11867" Z="0"/><Vertex X="7401" Y="11867" Z="0"/><Vertex X="7466" Y="11932" Z="0"/><Vertex X="7531" Y="11932" Z="0"/><Vertex X="7564" Y="11932" Z="0"/><Vertex X="7662" Y="11932" Z="0"/><Vertex X="7760" Y="11900" Z="0"/><Vertex X="7825" Y="11900" Z="0"/><Vertex X="7923" Y="11900" Z="0"/><Vertex X="8020" Y="11900" Z="0"/><Vertex X="8086" Y="11834" Z="0"/><Vertex X="8118" Y="11834" Z="0"/><Vertex X="8183" Y="11834" Z="0"/><Vertex X="8216" Y="11834" Z="0"/><Vertex X="8314" Y="11867" Z="0"/><Vertex X="8379" Y="11867" Z="0"/><Vertex X="8379" Y="11900" Z="0"/><Vertex X="8412" Y="11900" Z="0"/><Vertex X="8477" Y="11900" Z="0"/><Vertex X="8477" Y="11965" Z="0"/><Vertex X="8575" Y="11965" Z="0"/><Vertex X="8673" Y="11965" Z="0"/><Vertex X="8738" Y="11965" Z="0"/><Vertex X="8836" Y="11965" Z="0"/><Vertex X="8901" Y="11965" Z="0"/><Vertex X="8999" Y="11965" Z="0"/><Vertex X="9096" Y="11965" Z="0"/><Vertex X="9162" Y="11965" Z="0"/><Vertex X="9227" Y="11965" Z="0"/><Vertex X="9259" Y="11965" Z="0"/><Vertex X="9325" Y="11965" Z="0"/><Vertex X="9390" Y="11965" Z="0"/><Vertex X="9455" Y="11965" Z="0"/><Vertex X="9553" Y="11965" Z="0"/><Vertex X="9651" Y="11965" Z="0"/><Vertex X="9651" Y="12030" Z="0"/><Vertex X="9716" Y="12030" Z="0"/><Vertex X="9814" Y="12030" Z="0"/><Vertex X="9911" Y="12030" Z="0"/><Vertex X="9977" Y="12030" Z="0"/><Vertex X="10042" Y="12030" Z="0"/><Vertex X="10140" Y="12030" Z="0"/><Vertex X="10205" Y="12030" Z="0"/><Vertex X="10205" Y="12063" Z="0"/><Vertex X="10303" Y="12063" Z="0"/><Vertex X="10433" Y="12063" Z="0"/><Vertex X="10498" Y="12128" Z="0"/><Vertex X="10531" Y="12128" Z="0"/><Vertex X="10596" Y="12128" Z="0"/><Vertex X="10629" Y="12128" Z="0"/><Vertex X="10694" Y="12193" Z="0"/><Vertex X="10759" Y="12193" Z="0"/><Vertex X="10792" Y="12193" Z="0"/><Vertex X="10857" Y="12193" Z="0"/><Vertex X="10955" Y="12193" Z="0"/><Vertex X="11020" Y="12258" Z="0"/><Vertex X="11085" Y="12258" Z="0"/><Vertex X="11150" Y="12258" Z="0"/><Vertex X="11183" Y="12258" Z="0"/><Vertex X="11248" Y="12258" Z="0"/><Vertex X="11248" Y="12291" Z="0"/><Vertex X="11313" Y="12291" Z="0"/><Vertex X="11378" Y="12291" Z="0"/><Vertex X="11378" Y="12356" Z="0"/><Vertex X="11444" Y="12356" Z="0"/><Vertex X="11444" Y="12389" Z="0"/><Vertex X="11476" Y="12389" Z="0"/><Vertex X="11476" Y="12454" Z="0"/><Vertex X="11541" Y="12454" Z="0"/><Vertex X="11574" Y="12454" Z="0"/><Vertex X="11639" Y="12454" Z="0"/><Vertex X="11704" Y="12454" Z="0"/><Vertex X="11737" Y="12454" Z="0"/><Vertex X="11802" Y="12454" Z="0"/><Vertex X="11835" Y="12454" Z="0"/><Vertex X="11835" Y="12421" Z="0"/><Vertex X="11900" Y="12389" Z="0"/><Vertex X="11900" Y="12323" Z="0"/><Vertex X="11965" Y="12258" Z="0"/><Vertex X="11965" Y="12193" Z="0"/><Vertex X="11965" Y="12063" Z="0"/><Vertex X="12030" Y="11997" Z="0"/><Vertex X="12030" Y="11965" Z="0"/><Vertex X="12030" Y="11900" Z="0"/><Vertex X="12030" Y="11834" Z="0"/><Vertex X="12030" Y="11802" Z="0"/><Vertex X="12030" Y="11737" Z="0"/><Vertex X="12030" Y="11704" Z="0"/><Vertex X="12030" Y="11639" Z="0"/><Vertex X="12030" Y="11574" Z="0"/><Vertex X="12030" Y="11541" Z="0"/><Vertex X="12030" Y="11476" Z="0"/><Vertex X="12096" Y="11411" Z="0"/><Vertex X="12096" Y="11378" Z="0"/><Vertex X="12096" Y="11248" Z="0"/><Vertex X="12096" Y="11182" Z="0"/><Vertex X="12128" Y="11150" Z="0"/><Vertex X="12128" Y="11085" Z="0"/><Vertex X="12193" Y="10954" Z="0"/><Vertex X="12193" Y="10889" Z="0"/><Vertex X="12259" Y="10889" Z="0"/><Vertex X="12259" Y="10856" Z="0"/><Vertex X="12259" Y="10791" Z="0"/><Vertex X="12259" Y="10726" Z="0"/><Vertex X="12226" Y="10726" Z="0"/><Vertex X="12226" Y="10661" Z="0"/><Vertex X="12161" Y="10661" Z="0"/><Vertex X="12161" Y="10595" Z="0"/><Vertex X="12063" Y="10595" Z="0"/><Vertex X="11998" Y="10563" Z="0"/><Vertex X="11965" Y="10563" Z="0"/><Vertex X="11900" Y="10465" Z="0"/><Vertex X="11802" Y="10400" Z="0"/><Vertex X="11737" Y="10335" Z="0"/><Vertex X="11737" Y="10302" Z="0"/><Vertex X="11737" Y="10204" Z="0"/><Vertex X="11737" Y="10139" Z="0"/><Vertex X="11704" Y="10139" Z="0"/><Vertex X="11704" Y="10106" Z="0"/><Vertex X="11639" Y="10041" Z="0"/><Vertex X="11574" Y="10041" Z="0"/><Vertex X="11509" Y="9976" Z="0"/><Vertex X="11444" Y="9976" Z="0"/><Vertex X="11378" Y="9911" Z="0"/><Vertex X="11313" Y="9911" Z="0"/><Vertex X="11313" Y="9878" Z="0"/><Vertex X="11281" Y="9878" Z="0"/><Vertex X="11281" Y="9813" Z="0"/><Vertex X="11215" Y="9813" Z="0"/><Vertex X="11150" Y="9748" Z="0"/><Vertex X="11118" Y="9748" Z="0"/><Vertex X="11052" Y="9748" Z="0"/><Vertex X="10955" Y="9748" Z="0"/><Vertex X="10955" Y="9715" Z="0"/><Vertex X="10889" Y="9715" Z="0"/><Vertex X="10792" Y="9715" Z="0"/><Vertex X="10694" Y="9715" Z="0"/><Vertex X="10629" Y="9650" Z="0"/><Vertex X="10563" Y="9650" Z="0"/><Vertex X="10498" Y="9585" Z="0"/><Vertex X="10466" Y="9585" Z="0"/><Vertex X="10466" Y="9552" Z="0"/><Vertex X="10368" Y="9552" Z="0"/><Vertex X="10270" Y="9552" Z="0"/><Vertex X="10205" Y="9552" Z="0"/><Vertex X="10107" Y="9552" Z="0"/><Vertex X="10042" Y="9552" Z="0"/><Vertex X="10009" Y="9552" Z="0"/><Vertex X="9911" Y="9552" Z="0"/><Vertex X="9879" Y="9552" Z="0"/><Vertex X="9748" Y="9552" Z="0"/><Vertex X="9683" Y="9487" Z="0"/><Vertex X="9618" Y="9487" Z="0"/><Vertex X="9553" Y="9487" Z="0"/><Vertex X="9488" Y="9422" Z="0"/><Vertex X="9422" Y="9422" Z="0"/><Vertex X="9357" Y="9422" Z="0"/><Vertex X="9292" Y="9357" Z="0"/><Vertex X="9227" Y="9357" Z="0"/><Vertex X="9194" Y="9357" Z="0"/><Vertex X="9129" Y="9357" Z="0"/><Vertex X="9096" Y="9357" Z="0"/><Vertex X="9031" Y="9357" Z="0"/><Vertex X="8966" Y="9357" Z="0"/><Vertex X="8933" Y="9357" Z="0"/><Vertex X="8868" Y="9357" Z="0"/><Vertex X="8836" Y="9357" Z="0"/><Vertex X="8770" Y="9357" Z="0"/><Vertex X="8705" Y="9357" Z="0"/><Vertex X="8673" Y="9357" Z="0"/><Vertex X="8607" Y="9357" Z="0"/><Vertex X="8575" Y="9357" Z="0"/><Vertex X="8509" Y="9357" Z="0"/><Vertex X="8444" Y="9357" Z="0"/><Vertex X="8412" Y="9357" Z="0"/><Vertex X="8314" Y="9357" Z="0"/><Vertex X="8216" Y="9357" Z="0"/><Vertex X="8216" Y="9324" Z="0"/><Vertex X="8151" Y="9324" Z="0"/><Vertex X="8086" Y="9324" Z="0"/><Vertex X="8053" Y="9324" Z="0"/><Vertex X="7988" Y="9324" Z="0"/><Vertex X="8020" Y="9389" Z="0"/></Vertices></Region><Region Id="3" Type="0" Zoom="0.030673" Selected="0" ImageLocation="" ImageFocus="-1" Length="20435.3" Area="17258504.5" LengthMicrons="10082.8" AreaMicrons="4201471.9" Text="" NegativeROA="0" InputRegionId="0" Analyze="1" DisplayId="3"><Attributes></Attributes><Vertices><Vertex X="15877" Y="8509" Z="0"/><Vertex X="15812" Y="8509" Z="0"/><Vertex X="15747" Y="8542" Z="0"/><Vertex X="15714" Y="8542" Z="0"/><Vertex X="15649" Y="8607" Z="0"/><Vertex X="15617" Y="8607" Z="0"/><Vertex X="15551" Y="8639" Z="0"/><Vertex X="15486" Y="8639" Z="0"/><Vertex X="15421" Y="8737" Z="0"/><Vertex X="15388" Y="8737" Z="0"/><Vertex X="15323" Y="8835" Z="0"/><Vertex X="15323" Y="8900" Z="0"/><Vertex X="15225" Y="8933" Z="0"/><Vertex X="15225" Y="8998" Z="0"/><Vertex X="15225" Y="9063" Z="0"/><Vertex X="15160" Y="9128" Z="0"/><Vertex X="15160" Y="9194" Z="0"/><Vertex X="15160" Y="9259" Z="0"/><Vertex X="15193" Y="9324" Z="0"/><Vertex X="15193" Y="9389" Z="0"/><Vertex X="15291" Y="9487" Z="0"/><Vertex X="15356" Y="9552" Z="0"/><Vertex X="15388" Y="9617" Z="0"/><Vertex X="15454" Y="9650" Z="0"/><Vertex X="15519" Y="9715" Z="0"/><Vertex X="15584" Y="9780" Z="0"/><Vertex X="15584" Y="9813" Z="0"/><Vertex X="15682" Y="9878" Z="0"/><Vertex X="15682" Y="9943" Z="0"/><Vertex X="15714" Y="10009" Z="0"/><Vertex X="15714" Y="10041" Z="0"/><Vertex X="15714" Y="10106" Z="0"/><Vertex X="15714" Y="10172" Z="0"/><Vertex X="15780" Y="10204" Z="0"/><Vertex X="15780" Y="10269" Z="0"/><Vertex X="15780" Y="10302" Z="0"/><Vertex X="15780" Y="10367" Z="0"/><Vertex X="15845" Y="10498" Z="0"/><Vertex X="15845" Y="10595" Z="0"/><Vertex X="15910" Y="10693" Z="0"/><Vertex X="15910" Y="10759" Z="0"/><Vertex X="15975" Y="10856" Z="0"/><Vertex X="15975" Y="10922" Z="0"/><Vertex X="16040" Y="10954" Z="0"/><Vertex X="16040" Y="11019" Z="0"/><Vertex X="16073" Y="11019" Z="0"/><Vertex X="16073" Y="11085" Z="0"/><Vertex X="16073" Y="11117" Z="0"/><Vertex X="16073" Y="11215" Z="0"/><Vertex X="16073" Y="11313" Z="0"/><Vertex X="16073" Y="11411" Z="0"/><Vertex X="16073" Y="11476" Z="0"/><Vertex X="16040" Y="11541" Z="0"/><Vertex X="16040" Y="11574" Z="0"/><Vertex X="16008" Y="11639" Z="0"/><Vertex X="16008" Y="11704" Z="0"/><Vertex X="15943" Y="11737" Z="0"/><Vertex X="15943" Y="11802" Z="0"/><Vertex X="15943" Y="11867" Z="0"/><Vertex X="15877" Y="11900" Z="0"/><Vertex X="15877" Y="11965" Z="0"/><Vertex X="15877" Y="12063" Z="0"/><Vertex X="15812" Y="12095" Z="0"/><Vertex X="15812" Y="12160" Z="0"/><Vertex X="15812" Y="12226" Z="0"/><Vertex X="15812" Y="12258" Z="0"/><Vertex X="15812" Y="12323" Z="0"/><Vertex X="15780" Y="12323" Z="0"/><Vertex X="15780" Y="12356" Z="0"/><Vertex X="15780" Y="12421" Z="0"/><Vertex X="15714" Y="12421" Z="0"/><Vertex X="15714" Y="12486" Z="0"/><Vertex X="15649" Y="12519" Z="0"/><Vertex X="15617" Y="12584" Z="0"/><Vertex X="15551" Y="12649" Z="0"/><Vertex X="15486" Y="12649" Z="0"/><Vertex X="15486" Y="12715" Z="0"/><Vertex X="15454" Y="12715" Z="0"/><Vertex X="15388" Y="12747" Z="0"/><Vertex X="15323" Y="12747" Z="0"/><Vertex X="15323" Y="12812" Z="0"/><Vertex X="15258" Y="12812" Z="0"/><Vertex X="15193" Y="12812" Z="0"/><Vertex X="15193" Y="12878" Z="0"/><Vertex X="15128" Y="12878" Z="0"/><Vertex X="15128" Y="12910" Z="0"/><Vertex X="15095" Y="12910" Z="0"/><Vertex X="15095" Y="12975" Z="0"/><Vertex X="15030" Y="13041" Z="0"/><Vertex X="14965" Y="13073" Z="0"/><Vertex X="14899" Y="13138" Z="0"/><Vertex X="14867" Y="13138" Z="0"/><Vertex X="14802" Y="13204" Z="0"/><Vertex X="14736" Y="13204" Z="0"/><Vertex X="14736" Y="13236" Z="0"/><Vertex X="14704" Y="13301" Z="0"/><Vertex X="14704" Y="13367" Z="0"/><Vertex X="14704" Y="13464" Z="0"/><Vertex X="14704" Y="13530" Z="0"/><Vertex X="14704" Y="13595" Z="0"/><Vertex X="14704" Y="13627" Z="0"/><Vertex X="14704" Y="13693" Z="0"/><Vertex X="14704" Y="13758" Z="0"/><Vertex X="14704" Y="13790" Z="0"/><Vertex X="14704" Y="13856" Z="0"/><Vertex X="14704" Y="13921" Z="0"/><Vertex X="14704" Y="13953" Z="0"/><Vertex X="14769" Y="14019" Z="0"/><Vertex X="14834" Y="14149" Z="0"/><Vertex X="14899" Y="14247" Z="0"/><Vertex X="14997" Y="14312" Z="0"/><Vertex X="15095" Y="14312" Z="0"/><Vertex X="15095" Y="14345" Z="0"/><Vertex X="15160" Y="14345" Z="0"/><Vertex X="15258" Y="14345" Z="0"/><Vertex X="15291" Y="14345" Z="0"/><Vertex X="15291" Y="14410" Z="0"/><Vertex X="15388" Y="14410" Z="0"/><Vertex X="15454" Y="14508" Z="0"/><Vertex X="15519" Y="14540" Z="0"/><Vertex X="15584" Y="14638" Z="0"/><Vertex X="15584" Y="14703" Z="0"/><Vertex X="15617" Y="14703" Z="0"/><Vertex X="15682" Y="14703" Z="0"/><Vertex X="15682" Y="14736" Z="0"/><Vertex X="15714" Y="14736" Z="0"/><Vertex X="15780" Y="14736" Z="0"/><Vertex X="15877" Y="14801" Z="0"/><Vertex X="15975" Y="14801" Z="0"/><Vertex X="16008" Y="14801" Z="0"/><Vertex X="16073" Y="14866" Z="0"/><Vertex X="16171" Y="14866" Z="0"/><Vertex X="16236" Y="14866" Z="0"/><Vertex X="16334" Y="14866" Z="0"/><Vertex X="16432" Y="14866" Z="0"/><Vertex X="16497" Y="14866" Z="0"/><Vertex X="16595" Y="14834" Z="0"/><Vertex X="16692" Y="14834" Z="0"/><Vertex X="16692" Y="14801" Z="0"/><Vertex X="16758" Y="14801" Z="0"/><Vertex X="16823" Y="14801" Z="0"/><Vertex X="16888" Y="14801" Z="0"/><Vertex X="16921" Y="14801" Z="0"/><Vertex X="16986" Y="14801" Z="0"/><Vertex X="17018" Y="14801" Z="0"/><Vertex X="17084" Y="14801" Z="0"/><Vertex X="17149" Y="14736" Z="0"/><Vertex X="17214" Y="14736" Z="0"/><Vertex X="17312" Y="14671" Z="0"/><Vertex X="17377" Y="14671" Z="0"/><Vertex X="17475" Y="14605" Z="0"/><Vertex X="17540" Y="14605" Z="0"/><Vertex X="17605" Y="14540" Z="0"/><Vertex X="17671" Y="14540" Z="0"/><Vertex X="17671" Y="14508" Z="0"/><Vertex X="17703" Y="14508" Z="0"/><Vertex X="17703" Y="14442" Z="0"/><Vertex X="17768" Y="14442" Z="0"/><Vertex X="17768" Y="14377" Z="0"/><Vertex X="17866" Y="14345" Z="0"/><Vertex X="17866" Y="14279" Z="0"/><Vertex X="17899" Y="14279" Z="0"/><Vertex X="17899" Y="14214" Z="0"/><Vertex X="17964" Y="14214" Z="0"/><Vertex X="17964" Y="14149" Z="0"/><Vertex X="18029" Y="14084" Z="0"/><Vertex X="18062" Y="14019" Z="0"/><Vertex X="18062" Y="13986" Z="0"/><Vertex X="18127" Y="13986" Z="0"/><Vertex X="18127" Y="13921" Z="0"/><Vertex X="18192" Y="13921" Z="0"/><Vertex X="18192" Y="13856" Z="0"/><Vertex X="18225" Y="13856" Z="0"/><Vertex X="18225" Y="13790" Z="0"/><Vertex X="18290" Y="13790" Z="0"/><Vertex X="18290" Y="13660" Z="0"/><Vertex X="18323" Y="13660" Z="0"/><Vertex X="18323" Y="13562" Z="0"/><Vertex X="18388" Y="13530" Z="0"/><Vertex X="18388" Y="13464" Z="0"/><Vertex X="18453" Y="13464" Z="0"/><Vertex X="18453" Y="13367" Z="0"/><Vertex X="18551" Y="13269" Z="0"/><Vertex X="18551" Y="13204" Z="0"/><Vertex X="18583" Y="13204" Z="0"/><Vertex X="18583" Y="13138" Z="0"/><Vertex X="18583" Y="13041" Z="0"/><Vertex X="18649" Y="13041" Z="0"/><Vertex X="18649" Y="13008" Z="0"/><Vertex X="18649" Y="12943" Z="0"/><Vertex X="18714" Y="12878" Z="0"/><Vertex X="18714" Y="12845" Z="0"/><Vertex X="18714" Y="12780" Z="0"/><Vertex X="18746" Y="12780" Z="0"/><Vertex X="18746" Y="12747" Z="0"/><Vertex X="18812" Y="12682" Z="0"/><Vertex X="18812" Y="12617" Z="0"/><Vertex X="18877" Y="12584" Z="0"/><Vertex X="18877" Y="12519" Z="0"/><Vertex X="18877" Y="12454" Z="0"/><Vertex X="18909" Y="12454" Z="0"/><Vertex X="18909" Y="12389" Z="0"/><Vertex X="18909" Y="12291" Z="0"/><Vertex X="18975" Y="12291" Z="0"/><Vertex X="18975" Y="12193" Z="0"/><Vertex X="18975" Y="12128" Z="0"/><Vertex X="18975" Y="12063" Z="0"/><Vertex X="18975" Y="11965" Z="0"/><Vertex X="18975" Y="11932" Z="0"/><Vertex X="18975" Y="11867" Z="0"/><Vertex X="18975" Y="11769" Z="0"/><Vertex X="18975" Y="11704" Z="0"/><Vertex X="18975" Y="11639" Z="0"/><Vertex X="18942" Y="11574" Z="0"/><Vertex X="18942" Y="11541" Z="0"/><Vertex X="18909" Y="11541" Z="0"/><Vertex X="18909" Y="11476" Z="0"/><Vertex X="18844" Y="11476" Z="0"/><Vertex X="18844" Y="11443" Z="0"/><Vertex X="18844" Y="11378" Z="0"/><Vertex X="18844" Y="11313" Z="0"/><Vertex X="18844" Y="11280" Z="0"/><Vertex X="18844" Y="11215" Z="0"/><Vertex X="18844" Y="11182" Z="0"/><Vertex X="18844" Y="11085" Z="0"/><Vertex X="18844" Y="10987" Z="0"/><Vertex X="18844" Y="10922" Z="0"/><Vertex X="18844" Y="10856" Z="0"/><Vertex X="18844" Y="10791" Z="0"/><Vertex X="18844" Y="10759" Z="0"/><Vertex X="18844" Y="10693" Z="0"/><Vertex X="18812" Y="10693" Z="0"/><Vertex X="18812" Y="10661" Z="0"/><Vertex X="18812" Y="10595" Z="0"/><Vertex X="18746" Y="10595" Z="0"/><Vertex X="18746" Y="10530" Z="0"/><Vertex X="18681" Y="10530" Z="0"/><Vertex X="18681" Y="10498" Z="0"/><Vertex X="18649" Y="10432" Z="0"/><Vertex X="18583" Y="10367" Z="0"/><Vertex X="18518" Y="10335" Z="0"/><Vertex X="18453" Y="10269" Z="0"/><Vertex X="18388" Y="10204" Z="0"/><Vertex X="18355" Y="10204" Z="0"/><Vertex X="18355" Y="10139" Z="0"/><Vertex X="18290" Y="10139" Z="0"/><Vertex X="18225" Y="10106" Z="0"/><Vertex X="18192" Y="10041" Z="0"/><Vertex X="18127" Y="9976" Z="0"/><Vertex X="18062" Y="9911" Z="0"/><Vertex X="17997" Y="9846" Z="0"/><Vertex X="17964" Y="9813" Z="0"/><Vertex X="17899" Y="9748" Z="0"/><Vertex X="17899" Y="9683" Z="0"/><Vertex X="17834" Y="9683" Z="0"/><Vertex X="17834" Y="9650" Z="0"/><Vertex X="17768" Y="9552" Z="0"/><Vertex X="17736" Y="9487" Z="0"/><Vertex X="17671" Y="9422" Z="0"/><Vertex X="17605" Y="9422" Z="0"/><Vertex X="17605" Y="9389" Z="0"/><Vertex X="17508" Y="9389" Z="0"/><Vertex X="17508" Y="9324" Z="0"/><Vertex X="17442" Y="9324" Z="0"/><Vertex X="17377" Y="9259" Z="0"/><Vertex X="17312" Y="9259" Z="0"/><Vertex X="17312" Y="9226" Z="0"/><Vertex X="17214" Y="9226" Z="0"/><Vertex X="17149" Y="9161" Z="0"/><Vertex X="17084" Y="9161" Z="0"/><Vertex X="17051" Y="9096" Z="0"/><Vertex X="16986" Y="9096" Z="0"/><Vertex X="16921" Y="9031" Z="0"/><Vertex X="16888" Y="9031" Z="0"/><Vertex X="16823" Y="9031" Z="0"/><Vertex X="16758" Y="8998" Z="0"/><Vertex X="16725" Y="8998" Z="0"/><Vertex X="16660" Y="8998" Z="0"/><Vertex X="16595" Y="8933" Z="0"/><Vertex X="16562" Y="8933" Z="0"/><Vertex X="16464" Y="8933" Z="0"/><Vertex X="16464" Y="8868" Z="0"/><Vertex X="16399" Y="8868" Z="0"/><Vertex X="16366" Y="8868" Z="0"/><Vertex X="16366" Y="8835" Z="0"/><Vertex X="16301" Y="8835" Z="0"/><Vertex X="16301" Y="8770" Z="0"/><Vertex X="16236" Y="8770" Z="0"/><Vertex X="16236" Y="8705" Z="0"/><Vertex X="16203" Y="8705" Z="0"/><Vertex X="16203" Y="8639" Z="0"/><Vertex X="16138" Y="8574" Z="0"/><Vertex X="16138" Y="8509" Z="0"/><Vertex X="16040" Y="8509" Z="0"/><Vertex X="16008" Y="8509" Z="0"/><Vertex X="15943" Y="8509" Z="0"/><Vertex X="15910" Y="8509" Z="0"/><Vertex X="15845" Y="8509" Z="0"/><Vertex X="15845" Y="8542" Z="0"/><Vertex X="15877" Y="8509" Z="0"/></Vertices></Region><Region Id="4" Type="0" Zoom="0.030673" Selected="0" ImageLocation="" ImageFocus="-1" Length="20081.1" Area="16461694.5" LengthMicrons="9908.0" AreaMicrons="4007493.6" Text="" NegativeROA="0" InputRegionId="0" Analyze="1" DisplayId="4"><Attributes></Attributes><Vertices><Vertex X="9064" Y="13204" Z="0"/><Vertex X="9031" Y="13204" Z="0"/><Vertex X="8966" Y="13204" Z="0"/><Vertex X="8901" Y="13204" Z="0"/><Vertex X="8836" Y="13236" Z="0"/><Vertex X="8803" Y="13236" Z="0"/><Vertex X="8738" Y="13301" Z="0"/><Vertex X="8673" Y="13301" Z="0"/><Vertex X="8607" Y="13399" Z="0"/><Vertex X="8575" Y="13399" Z="0"/><Vertex X="8509" Y="13464" Z="0"/><Vertex X="8509" Y="13530" Z="0"/><Vertex X="8412" Y="13530" Z="0"/><Vertex X="8412" Y="13627" Z="0"/><Vertex X="8379" Y="13660" Z="0"/><Vertex X="8379" Y="13725" Z="0"/><Vertex X="8379" Y="13790" Z="0"/><Vertex X="8379" Y="13823" Z="0"/><Vertex X="8379" Y="13888" Z="0"/><Vertex X="8379" Y="13921" Z="0"/><Vertex X="8379" Y="13986" Z="0"/><Vertex X="8379" Y="14051" Z="0"/><Vertex X="8379" Y="14084" Z="0"/><Vertex X="8379" Y="14149" Z="0"/><Vertex X="8379" Y="14182" Z="0"/><Vertex X="8379" Y="14247" Z="0"/><Vertex X="8379" Y="14312" Z="0"/><Vertex X="8379" Y="14345" Z="0"/><Vertex X="8379" Y="14410" Z="0"/><Vertex X="8379" Y="14442" Z="0"/><Vertex X="8314" Y="14508" Z="0"/><Vertex X="8249" Y="14573" Z="0"/><Vertex X="8183" Y="14638" Z="0"/><Vertex X="8086" Y="14703" Z="0"/><Vertex X="8053" Y="14703" Z="0"/><Vertex X="7988" Y="14736" Z="0"/><Vertex X="7923" Y="14736" Z="0"/><Vertex X="7890" Y="14801" Z="0"/><Vertex X="7825" Y="14801" Z="0"/><Vertex X="7760" Y="14866" Z="0"/><Vertex X="7727" Y="14866" Z="0"/><Vertex X="7629" Y="14931" Z="0"/><Vertex X="7531" Y="14931" Z="0"/><Vertex X="7531" Y="14964" Z="0"/><Vertex X="7499" Y="14964" Z="0"/><Vertex X="7499" Y="15029" Z="0"/><Vertex X="7434" Y="15029" Z="0"/><Vertex X="7434" Y="15095" Z="0"/><Vertex X="7434" Y="15127" Z="0"/><Vertex X="7368" Y="15192" Z="0"/><Vertex X="7368" Y="15290" Z="0"/><Vertex X="7368" Y="15355" Z="0"/><Vertex X="7368" Y="15421" Z="0"/><Vertex X="7434" Y="15486" Z="0"/><Vertex X="7434" Y="15518" Z="0"/><Vertex X="7531" Y="15584" Z="0"/><Vertex X="7597" Y="15649" Z="0"/><Vertex X="7629" Y="15714" Z="0"/><Vertex X="7694" Y="15714" Z="0"/><Vertex X="7760" Y="15812" Z="0"/><Vertex X="7792" Y="15812" Z="0"/><Vertex X="7857" Y="15844" Z="0"/><Vertex X="7923" Y="15844" Z="0"/><Vertex X="8020" Y="15910" Z="0"/><Vertex X="8053" Y="15910" Z="0"/><Vertex X="8118" Y="15910" Z="0"/><Vertex X="8183" Y="15975" Z="0"/><Vertex X="8216" Y="15975" Z="0"/><Vertex X="8281" Y="15975" Z="0"/><Vertex X="8346" Y="16040" Z="0"/><Vertex X="8379" Y="16040" Z="0"/><Vertex X="8444" Y="16040" Z="0"/><Vertex X="8575" Y="16105" Z="0"/><Vertex X="8607" Y="16105" Z="0"/><Vertex X="8673" Y="16105" Z="0"/><Vertex X="8673" Y="16138" Z="0"/><Vertex X="8770" Y="16138" Z="0"/><Vertex X="8803" Y="16138" Z="0"/><Vertex X="8868" Y="16203" Z="0"/><Vertex X="8933" Y="16203" Z="0"/><Vertex X="8966" Y="16203" Z="0"/><Vertex X="9031" Y="16268" Z="0"/><Vertex X="9096" Y="16268" Z="0"/><Vertex X="9129" Y="16268" Z="0"/><Vertex X="9194" Y="16333" Z="0"/><Vertex X="9259" Y="16333" Z="0"/><Vertex X="9292" Y="16333" Z="0"/><Vertex X="9357" Y="16333" Z="0"/><Vertex X="9390" Y="16333" Z="0"/><Vertex X="9455" Y="16333" Z="0"/><Vertex X="9520" Y="16333" Z="0"/><Vertex X="9553" Y="16333" Z="0"/><Vertex X="9618" Y="16333" Z="0"/><Vertex X="9651" Y="16333" Z="0"/><Vertex X="9716" Y="16301" Z="0"/><Vertex X="9781" Y="16301" Z="0"/><Vertex X="9846" Y="16236" Z="0"/><Vertex X="9879" Y="16236" Z="0"/><Vertex X="9944" Y="16170" Z="0"/><Vertex X="10042" Y="16170" Z="0"/><Vertex X="10042" Y="16138" Z="0"/><Vertex X="10107" Y="16138" Z="0"/><Vertex X="10172" Y="16073" Z="0"/><Vertex X="10270" Y="16073" Z="0"/><Vertex X="10270" Y="15975" Z="0"/><Vertex X="10335" Y="15975" Z="0"/><Vertex X="10335" Y="15942" Z="0"/><Vertex X="10433" Y="15942" Z="0"/><Vertex X="10433" Y="15877" Z="0"/><Vertex X="10531" Y="15877" Z="0"/><Vertex X="10563" Y="15812" Z="0"/><Vertex X="10629" Y="15779" Z="0"/><Vertex X="10726" Y="15714" Z="0"/><Vertex X="10824" Y="15649" Z="0"/><Vertex X="10922" Y="15649" Z="0"/><Vertex X="10955" Y="15584" Z="0"/><Vertex X="11052" Y="15584" Z="0"/><Vertex X="11118" Y="15584" Z="0"/><Vertex X="11150" Y="15518" Z="0"/><Vertex X="11215" Y="15518" Z="0"/><Vertex X="11281" Y="15518" Z="0"/><Vertex X="11313" Y="15518" Z="0"/><Vertex X="11378" Y="15518" Z="0"/><Vertex X="11444" Y="15486" Z="0"/><Vertex X="11476" Y="15486" Z="0"/><Vertex X="11607" Y="15486" Z="0"/><Vertex X="11639" Y="15486" Z="0"/><Vertex X="11639" Y="15421" Z="0"/><Vertex X="11737" Y="15421" Z="0"/><Vertex X="11835" Y="15421" Z="0"/><Vertex X="11867" Y="15421" Z="0"/><Vertex X="11965" Y="15421" Z="0"/><Vertex X="12063" Y="15421" Z="0"/><Vertex X="12096" Y="15421" Z="0"/><Vertex X="12161" Y="15421" Z="0"/><Vertex X="12226" Y="15421" Z="0"/><Vertex X="12291" Y="15421" Z="0"/><Vertex X="12389" Y="15421" Z="0"/><Vertex X="12487" Y="15421" Z="0"/><Vertex X="12585" Y="15421" Z="0"/><Vertex X="12650" Y="15421" Z="0"/><Vertex X="12715" Y="15421" Z="0"/><Vertex X="12748" Y="15421" Z="0"/><Vertex X="12813" Y="15421" Z="0"/><Vertex X="12846" Y="15421" Z="0"/><Vertex X="12911" Y="15421" Z="0"/><Vertex X="12976" Y="15421" Z="0"/><Vertex X="13009" Y="15421" Z="0"/><Vertex X="13074" Y="15421" Z="0"/><Vertex X="13106" Y="15421" Z="0"/><Vertex X="13204" Y="15421" Z="0"/><Vertex X="13302" Y="15421" Z="0"/><Vertex X="13367" Y="15421" Z="0"/><Vertex X="13465" Y="15421" Z="0"/><Vertex X="13563" Y="15421" Z="0"/><Vertex X="13595" Y="15421" Z="0"/><Vertex X="13661" Y="15421" Z="0"/><Vertex X="13693" Y="15421" Z="0"/><Vertex X="13758" Y="15421" Z="0"/><Vertex X="13824" Y="15421" Z="0"/><Vertex X="13856" Y="15421" Z="0"/><Vertex X="13921" Y="15421" Z="0"/><Vertex X="13954" Y="15421" Z="0"/><Vertex X="14019" Y="15421" Z="0"/><Vertex X="14084" Y="15421" Z="0"/><Vertex X="14117" Y="15421" Z="0"/><Vertex X="14182" Y="15421" Z="0"/><Vertex X="14280" Y="15421" Z="0"/><Vertex X="14345" Y="15421" Z="0"/><Vertex X="14443" Y="15421" Z="0"/><Vertex X="14476" Y="15421" Z="0"/><Vertex X="14541" Y="15421" Z="0"/><Vertex X="14639" Y="15421" Z="0"/><Vertex X="14671" Y="15421" Z="0"/><Vertex X="14736" Y="15421" Z="0"/><Vertex X="14736" Y="15355" Z="0"/><Vertex X="14834" Y="15355" Z="0"/><Vertex X="14834" Y="15323" Z="0"/><Vertex X="14867" Y="15323" Z="0"/><Vertex X="14867" Y="15258" Z="0"/><Vertex X="14867" Y="15225" Z="0"/><Vertex X="14867" Y="15160" Z="0"/><Vertex X="14867" Y="15095" Z="0"/><Vertex X="14867" Y="15062" Z="0"/><Vertex X="14834" Y="14997" Z="0"/><Vertex X="14769" Y="14931" Z="0"/><Vertex X="14704" Y="14931" Z="0"/><Vertex X="14704" Y="14899" Z="0"/><Vertex X="14573" Y="14899" Z="0"/><Vertex X="14508" Y="14834" Z="0"/><Vertex X="14476" Y="14834" Z="0"/><Vertex X="14476" Y="14768" Z="0"/><Vertex X="14378" Y="14768" Z="0"/><Vertex X="14378" Y="14736" Z="0"/><Vertex X="14345" Y="14736" Z="0"/><Vertex X="14345" Y="14671" Z="0"/><Vertex X="14280" Y="14671" Z="0"/><Vertex X="14280" Y="14605" Z="0"/><Vertex X="14215" Y="14573" Z="0"/><Vertex X="14215" Y="14508" Z="0"/><Vertex X="14150" Y="14410" Z="0"/><Vertex X="14117" Y="14312" Z="0"/><Vertex X="14117" Y="14247" Z="0"/><Vertex X="14052" Y="14247" Z="0"/><Vertex X="14052" Y="14149" Z="0"/><Vertex X="13987" Y="14051" Z="0"/><Vertex X="13987" Y="13986" Z="0"/><Vertex X="13987" Y="13888" Z="0"/><Vertex X="13921" Y="13888" Z="0"/><Vertex X="13921" Y="13790" Z="0"/><Vertex X="13921" Y="13725" Z="0"/><Vertex X="13921" Y="13660" Z="0"/><Vertex X="13921" Y="13595" Z="0"/><Vertex X="13921" Y="13562" Z="0"/><Vertex X="13921" Y="13497" Z="0"/><Vertex X="13921" Y="13464" Z="0"/><Vertex X="13921" Y="13399" Z="0"/><Vertex X="13921" Y="13334" Z="0"/><Vertex X="13889" Y="13301" Z="0"/><Vertex X="13824" Y="13236" Z="0"/><Vertex X="13758" Y="13236" Z="0"/><Vertex X="13758" Y="13171" Z="0"/><Vertex X="13726" Y="13171" Z="0"/><Vertex X="13661" Y="13171" Z="0"/><Vertex X="13661" Y="13138" Z="0"/><Vertex X="13563" Y="13138" Z="0"/><Vertex X="13498" Y="13073" Z="0"/><Vertex X="13400" Y="13073" Z="0"/><Vertex X="13302" Y="13008" Z="0"/><Vertex X="13204" Y="13008" Z="0"/><Vertex X="13139" Y="13008" Z="0"/><Vertex X="13074" Y="13008" Z="0"/><Vertex X="13041" Y="13008" Z="0"/><Vertex X="12976" Y="13008" Z="0"/><Vertex X="12911" Y="13008" Z="0"/><Vertex X="12878" Y="13008" Z="0"/><Vertex X="12813" Y="13008" Z="0"/><Vertex X="12780" Y="13008" Z="0"/><Vertex X="12715" Y="13008" Z="0"/><Vertex X="12617" Y="13008" Z="0"/><Vertex X="12585" Y="13008" Z="0"/><Vertex X="12519" Y="13008" Z="0"/><Vertex X="12519" Y="12943" Z="0"/><Vertex X="12487" Y="12943" Z="0"/><Vertex X="12487" Y="12910" Z="0"/><Vertex X="12422" Y="12910" Z="0"/><Vertex X="12356" Y="12910" Z="0"/><Vertex X="12291" Y="12910" Z="0"/><Vertex X="12193" Y="12910" Z="0"/><Vertex X="12063" Y="12910" Z="0"/><Vertex X="11998" Y="12910" Z="0"/><Vertex X="11933" Y="12910" Z="0"/><Vertex X="11867" Y="12910" Z="0"/><Vertex X="11835" Y="12910" Z="0"/><Vertex X="11770" Y="12910" Z="0"/><Vertex X="11737" Y="12910" Z="0"/><Vertex X="11672" Y="12910" Z="0"/><Vertex X="11607" Y="12910" Z="0"/><Vertex X="11574" Y="12910" Z="0"/><Vertex X="11476" Y="12910" Z="0"/><Vertex X="11411" Y="12910" Z="0"/><Vertex X="11378" Y="12910" Z="0"/><Vertex X="11313" Y="12975" Z="0"/><Vertex X="11248" Y="12975" Z="0"/><Vertex X="11215" Y="12975" Z="0"/><Vertex X="11150" Y="12975" Z="0"/><Vertex X="11085" Y="13041" Z="0"/><Vertex X="11052" Y="13041" Z="0"/><Vertex X="10987" Y="13041" Z="0"/><Vertex X="10955" Y="13041" Z="0"/><Vertex X="10889" Y="13041" Z="0"/><Vertex X="10824" Y="13041" Z="0"/><Vertex X="10759" Y="13041" Z="0"/><Vertex X="10694" Y="13106" Z="0"/><Vertex X="10596" Y="13106" Z="0"/><Vertex X="10563" Y="13106" Z="0"/><Vertex X="10498" Y="13106" Z="0"/><Vertex X="10433" Y="13106" Z="0"/><Vertex X="10400" Y="13106" Z="0"/><Vertex X="10335" Y="13106" Z="0"/><Vertex X="10303" Y="13106" Z="0"/><Vertex X="10205" Y="13106" Z="0"/><Vertex X="10107" Y="13106" Z="0"/><Vertex X="10042" Y="13106" Z="0"/><Vertex X="9944" Y="13106" Z="0"/><Vertex X="9944" Y="13138" Z="0"/><Vertex X="9846" Y="13138" Z="0"/><Vertex X="9814" Y="13138" Z="0"/><Vertex X="9748" Y="13138" Z="0"/><Vertex X="9683" Y="13204" Z="0"/><Vertex X="9651" Y="13269" Z="0"/><Vertex X="9585" Y="13334" Z="0"/><Vertex X="9520" Y="13334" Z="0"/><Vertex X="9520" Y="13367" Z="0"/><Vertex X="9488" Y="13367" Z="0"/><Vertex X="9064" Y="13204" Z="0"/></Vertices></Region><Region Id="5" Type="0" Zoom="0.030673" Selected="0" ImageLocation="" ImageFocus="-1" Length="22680.5" Area="20542870.0" LengthMicrons="11190.6" AreaMicrons="5001029.6" Text="" NegativeROA="0" InputRegionId="0" Analyze="1" DisplayId="5"><Attributes></Attributes><Vertices><Vertex X="4597" Y="16562" Z="0"/><Vertex X="4532" Y="16562" Z="0"/><Vertex X="4467" Y="16627" Z="0"/><Vertex X="4434" Y="16627" Z="0"/><Vertex X="4369" Y="16692" Z="0"/><Vertex X="4271" Y="16757" Z="0"/><Vertex X="4239" Y="16790" Z="0"/><Vertex X="4173" Y="16855" Z="0"/><Vertex X="4173" Y="16953" Z="0"/><Vertex X="4108" Y="17018" Z="0"/><Vertex X="4108" Y="17116" Z="0"/><Vertex X="4108" Y="17181" Z="0"/><Vertex X="4108" Y="17279" Z="0"/><Vertex X="4108" Y="17311" Z="0"/><Vertex X="4108" Y="17377" Z="0"/><Vertex X="4108" Y="17442" Z="0"/><Vertex X="4141" Y="17442" Z="0"/><Vertex X="4141" Y="17572" Z="0"/><Vertex X="4173" Y="17637" Z="0"/><Vertex X="4173" Y="17735" Z="0"/><Vertex X="4239" Y="17768" Z="0"/><Vertex X="4239" Y="17866" Z="0"/><Vertex X="4304" Y="17931" Z="0"/><Vertex X="4304" Y="17963" Z="0"/><Vertex X="4304" Y="18029" Z="0"/><Vertex X="4369" Y="18029" Z="0"/><Vertex X="4369" Y="18126" Z="0"/><Vertex X="4402" Y="18192" Z="0"/><Vertex X="4402" Y="18224" Z="0"/><Vertex X="4467" Y="18289" Z="0"/><Vertex X="4467" Y="18355" Z="0"/><Vertex X="4565" Y="18387" Z="0"/><Vertex X="4663" Y="18485" Z="0"/><Vertex X="4695" Y="18485" Z="0"/><Vertex X="4695" Y="18550" Z="0"/><Vertex X="4760" Y="18550" Z="0"/><Vertex X="4826" Y="18615" Z="0"/><Vertex X="4858" Y="18615" Z="0"/><Vertex X="4858" Y="18648" Z="0"/><Vertex X="4923" Y="18648" Z="0"/><Vertex X="5021" Y="18713" Z="0"/><Vertex X="5086" Y="18713" Z="0"/><Vertex X="5152" Y="18713" Z="0"/><Vertex X="5152" Y="18778" Z="0"/><Vertex X="5282" Y="18778" Z="0"/><Vertex X="5315" Y="18778" Z="0"/><Vertex X="5380" Y="18778" Z="0"/><Vertex X="5445" Y="18778" Z="0"/><Vertex X="5510" Y="18778" Z="0"/><Vertex X="5608" Y="18778" Z="0"/><Vertex X="5706" Y="18844" Z="0"/><Vertex X="5738" Y="18844" Z="0"/><Vertex X="5804" Y="18876" Z="0"/><Vertex X="5901" Y="18876" Z="0"/><Vertex X="5999" Y="18941" Z="0"/><Vertex X="6064" Y="18941" Z="0"/><Vertex X="6130" Y="18941" Z="0"/><Vertex X="6195" Y="19007" Z="0"/><Vertex X="6227" Y="19007" Z="0"/><Vertex X="6358" Y="19007" Z="0"/><Vertex X="6423" Y="19007" Z="0"/><Vertex X="6456" Y="19007" Z="0"/><Vertex X="6521" Y="19007" Z="0"/><Vertex X="6553" Y="19072" Z="0"/><Vertex X="6619" Y="19072" Z="0"/><Vertex X="6684" Y="19072" Z="0"/><Vertex X="6749" Y="19072" Z="0"/><Vertex X="6847" Y="19072" Z="0"/><Vertex X="6912" Y="19072" Z="0"/><Vertex X="6945" Y="19137" Z="0"/><Vertex X="7010" Y="19137" Z="0"/><Vertex X="7075" Y="19137" Z="0"/><Vertex X="7108" Y="19170" Z="0"/><Vertex X="7173" Y="19170" Z="0"/><Vertex X="7238" Y="19170" Z="0"/><Vertex X="7271" Y="19170" Z="0"/><Vertex X="7336" Y="19170" Z="0"/><Vertex X="7368" Y="19170" Z="0"/><Vertex X="7434" Y="19170" Z="0"/><Vertex X="7499" Y="19170" Z="0"/><Vertex X="7531" Y="19170" Z="0"/><Vertex X="7597" Y="19170" Z="0"/><Vertex X="7662" Y="19170" Z="0"/><Vertex X="7662" Y="19104" Z="0"/><Vertex X="7694" Y="19104" Z="0"/><Vertex X="7760" Y="19104" Z="0"/><Vertex X="7792" Y="19104" Z="0"/><Vertex X="7857" Y="19104" Z="0"/><Vertex X="7923" Y="19104" Z="0"/><Vertex X="7955" Y="19104" Z="0"/><Vertex X="8020" Y="19104" Z="0"/><Vertex X="8053" Y="19104" Z="0"/><Vertex X="8118" Y="19104" Z="0"/><Vertex X="8183" Y="19104" Z="0"/><Vertex X="8216" Y="19104" Z="0"/><Vertex X="8281" Y="19104" Z="0"/><Vertex X="8346" Y="19104" Z="0"/><Vertex X="8412" Y="19104" Z="0"/><Vertex X="8412" Y="19137" Z="0"/><Vertex X="8509" Y="19137" Z="0"/><Vertex X="8542" Y="19137" Z="0"/><Vertex X="8607" Y="19137" Z="0"/><Vertex X="8673" Y="19137" Z="0"/><Vertex X="8673" Y="19170" Z="0"/><Vertex X="8705" Y="19170" Z="0"/><Vertex X="8705" Y="19235" Z="0"/><Vertex X="8770" Y="19235" Z="0"/><Vertex X="8803" Y="19235" Z="0"/><Vertex X="8803" Y="19268" Z="0"/><Vertex X="8868" Y="19268" Z="0"/><Vertex X="8933" Y="19268" Z="0"/><Vertex X="8966" Y="19333" Z="0"/><Vertex X="9064" Y="19333" Z="0"/><Vertex X="9129" Y="19333" Z="0"/><Vertex X="9194" Y="19398" Z="0"/><Vertex X="9259" Y="19398" Z="0"/><Vertex X="9325" Y="19398" Z="0"/><Vertex X="9325" Y="19463" Z="0"/><Vertex X="9357" Y="19463" Z="0"/><Vertex X="9455" Y="19496" Z="0"/><Vertex X="9520" Y="19496" Z="0"/><Vertex X="9553" Y="19496" Z="0"/><Vertex X="9618" Y="19496" Z="0"/><Vertex X="9618" Y="19561" Z="0"/><Vertex X="9651" Y="19561" Z="0"/><Vertex X="9716" Y="19626" Z="0"/><Vertex X="9781" Y="19626" Z="0"/><Vertex X="9814" Y="19626" Z="0"/><Vertex X="9879" Y="19691" Z="0"/><Vertex X="9944" Y="19691" Z="0"/><Vertex X="9977" Y="19691" Z="0"/><Vertex X="9977" Y="19724" Z="0"/><Vertex X="10074" Y="19724" Z="0"/><Vertex X="10140" Y="19724" Z="0"/><Vertex X="10140" Y="19789" Z="0"/><Vertex X="10172" Y="19789" Z="0"/><Vertex X="10237" Y="19789" Z="0"/><Vertex X="10237" Y="19822" Z="0"/><Vertex X="10270" Y="19822" Z="0"/><Vertex X="10270" Y="19887" Z="0"/><Vertex X="10335" Y="19887" Z="0"/><Vertex X="10400" Y="19887" Z="0"/><Vertex X="10400" Y="19952" Z="0"/><Vertex X="10433" Y="19952" Z="0"/><Vertex X="10531" Y="19952" Z="0"/><Vertex X="10531" Y="19985" Z="0"/><Vertex X="10563" Y="19985" Z="0"/><Vertex X="10629" Y="19985" Z="0"/><Vertex X="10629" Y="20050" Z="0"/><Vertex X="10726" Y="20050" Z="0"/><Vertex X="10759" Y="20050" Z="0"/><Vertex X="10759" Y="20083" Z="0"/><Vertex X="10857" Y="20083" Z="0"/><Vertex X="10922" Y="20083" Z="0"/><Vertex X="10987" Y="20083" Z="0"/><Vertex X="10987" Y="20148" Z="0"/><Vertex X="11085" Y="20148" Z="0"/><Vertex X="11183" Y="20148" Z="0"/><Vertex X="11215" Y="20213" Z="0"/><Vertex X="11281" Y="20213" Z="0"/><Vertex X="11346" Y="20278" Z="0"/><Vertex X="11378" Y="20278" Z="0"/><Vertex X="11444" Y="20278" Z="0"/><Vertex X="11509" Y="20278" Z="0"/><Vertex X="11509" Y="20311" Z="0"/><Vertex X="11541" Y="20311" Z="0"/><Vertex X="11607" Y="20311" Z="0"/><Vertex X="11639" Y="20311" Z="0"/><Vertex X="11737" Y="20311" Z="0"/><Vertex X="11835" Y="20311" Z="0"/><Vertex X="11867" Y="20311" Z="0"/><Vertex X="11933" Y="20311" Z="0"/><Vertex X="11998" Y="20311" Z="0"/><Vertex X="12030" Y="20311" Z="0"/><Vertex X="12030" Y="20246" Z="0"/><Vertex X="12030" Y="20180" Z="0"/><Vertex X="12030" Y="20115" Z="0"/><Vertex X="12030" Y="20050" Z="0"/><Vertex X="12030" Y="19952" Z="0"/><Vertex X="12030" Y="19920" Z="0"/><Vertex X="12030" Y="19822" Z="0"/><Vertex X="12030" Y="19757" Z="0"/><Vertex X="11998" Y="19691" Z="0"/><Vertex X="11998" Y="19626" Z="0"/><Vertex X="11998" Y="19594" Z="0"/><Vertex X="11998" Y="19528" Z="0"/><Vertex X="11965" Y="19528" Z="0"/><Vertex X="11965" Y="19431" Z="0"/><Vertex X="11965" Y="19365" Z="0"/><Vertex X="11965" Y="19300" Z="0"/><Vertex X="11965" Y="19202" Z="0"/><Vertex X="11965" Y="19170" Z="0"/><Vertex X="11965" Y="19072" Z="0"/><Vertex X="11965" Y="19007" Z="0"/><Vertex X="11965" Y="18909" Z="0"/><Vertex X="11965" Y="18844" Z="0"/><Vertex X="11965" Y="18746" Z="0"/><Vertex X="11965" Y="18681" Z="0"/><Vertex X="11998" Y="18615" Z="0"/><Vertex X="11998" Y="18518" Z="0"/><Vertex X="11998" Y="18485" Z="0"/><Vertex X="11998" Y="18420" Z="0"/><Vertex X="11998" Y="18387" Z="0"/><Vertex X="11998" Y="18322" Z="0"/><Vertex X="11998" Y="18224" Z="0"/><Vertex X="11965" Y="18126" Z="0"/><Vertex X="11900" Y="18094" Z="0"/><Vertex X="11835" Y="18029" Z="0"/><Vertex X="11770" Y="17963" Z="0"/><Vertex X="11737" Y="17898" Z="0"/><Vertex X="11737" Y="17866" Z="0"/><Vertex X="11672" Y="17866" Z="0"/><Vertex X="11672" Y="17800" Z="0"/><Vertex X="11672" Y="17768" Z="0"/><Vertex X="11672" Y="17703" Z="0"/><Vertex X="11672" Y="17637" Z="0"/><Vertex X="11607" Y="17637" Z="0"/><Vertex X="11607" Y="17605" Z="0"/><Vertex X="11574" Y="17605" Z="0"/><Vertex X="11509" Y="17605" Z="0"/><Vertex X="11509" Y="17540" Z="0"/><Vertex X="11476" Y="17540" Z="0"/><Vertex X="11411" Y="17540" Z="0"/><Vertex X="11411" Y="17507" Z="0"/><Vertex X="11346" Y="17507" Z="0"/><Vertex X="11313" Y="17507" Z="0"/><Vertex X="11215" Y="17442" Z="0"/><Vertex X="11150" Y="17442" Z="0"/><Vertex X="11118" Y="17442" Z="0"/><Vertex X="11118" Y="17377" Z="0"/><Vertex X="11052" Y="17377" Z="0"/><Vertex X="11020" Y="17377" Z="0"/><Vertex X="10955" Y="17311" Z="0"/><Vertex X="10857" Y="17311" Z="0"/><Vertex X="10759" Y="17311" Z="0"/><Vertex X="10726" Y="17279" Z="0"/><Vertex X="10661" Y="17279" Z="0"/><Vertex X="10596" Y="17214" Z="0"/><Vertex X="10563" Y="17214" Z="0"/><Vertex X="10498" Y="17148" Z="0"/><Vertex X="10433" Y="17148" Z="0"/><Vertex X="10433" Y="17083" Z="0"/><Vertex X="10400" Y="17083" Z="0"/><Vertex X="10400" Y="17051" Z="0"/><Vertex X="10335" Y="17051" Z="0"/><Vertex X="10335" Y="16985" Z="0"/><Vertex X="10270" Y="16985" Z="0"/><Vertex X="10237" Y="16920" Z="0"/><Vertex X="10172" Y="16920" Z="0"/><Vertex X="10172" Y="16888" Z="0"/><Vertex X="10107" Y="16888" Z="0"/><Vertex X="10074" Y="16822" Z="0"/><Vertex X="10009" Y="16822" Z="0"/><Vertex X="9911" Y="16757" Z="0"/><Vertex X="9879" Y="16757" Z="0"/><Vertex X="9879" Y="16725" Z="0"/><Vertex X="9781" Y="16725" Z="0"/><Vertex X="9683" Y="16659" Z="0"/><Vertex X="9651" Y="16659" Z="0"/><Vertex X="9585" Y="16659" Z="0"/><Vertex X="9520" Y="16594" Z="0"/><Vertex X="9488" Y="16594" Z="0"/><Vertex X="9422" Y="16594" Z="0"/><Vertex X="9325" Y="16529" Z="0"/><Vertex X="9259" Y="16529" Z="0"/><Vertex X="9162" Y="16529" Z="0"/><Vertex X="9064" Y="16529" Z="0"/><Vertex X="9031" Y="16529" Z="0"/><Vertex X="8966" Y="16464" Z="0"/><Vertex X="8901" Y="16464" Z="0"/><Vertex X="8868" Y="16464" Z="0"/><Vertex X="8803" Y="16464" Z="0"/><Vertex X="8803" Y="16431" Z="0"/><Vertex X="8738" Y="16431" Z="0"/><Vertex X="8673" Y="16431" Z="0"/><Vertex X="8607" Y="16431" Z="0"/><Vertex X="8607" Y="16366" Z="0"/><Vertex X="8542" Y="16366" Z="0"/><Vertex X="8477" Y="16366" Z="0"/><Vertex X="8412" Y="16366" Z="0"/><Vertex X="8379" Y="16366" Z="0"/><Vertex X="8314" Y="16366" Z="0"/><Vertex X="8314" Y="16301" Z="0"/><Vertex X="8281" Y="16301" Z="0"/><Vertex X="8183" Y="16301" Z="0"/><Vertex X="8086" Y="16301" Z="0"/><Vertex X="8020" Y="16301" Z="0"/><Vertex X="7955" Y="16301" Z="0"/><Vertex X="7890" Y="16301" Z="0"/><Vertex X="7857" Y="16301" Z="0"/><Vertex X="7760" Y="16301" Z="0"/><Vertex X="7662" Y="16301" Z="0"/><Vertex X="7629" Y="16301" Z="0"/><Vertex X="7564" Y="16301" Z="0"/><Vertex X="7531" Y="16301" Z="0"/><Vertex X="7466" Y="16268" Z="0"/><Vertex X="7401" Y="16268" Z="0"/><Vertex X="7368" Y="16268" Z="0"/><Vertex X="7303" Y="16268" Z="0"/><Vertex X="7238" Y="16268" Z="0"/><Vertex X="7205" Y="16268" Z="0"/><Vertex X="7140" Y="16268" Z="0"/><Vertex X="7075" Y="16203" Z="0"/><Vertex X="6977" Y="16203" Z="0"/><Vertex X="6912" Y="16203" Z="0"/><Vertex X="6847" Y="16203" Z="0"/><Vertex X="6782" Y="16203" Z="0"/><Vertex X="6716" Y="16203" Z="0"/><Vertex X="6651" Y="16203" Z="0"/><Vertex X="6553" Y="16203" Z="0"/><Vertex X="6456" Y="16203" Z="0"/><Vertex X="6390" Y="16203" Z="0"/><Vertex X="6325" Y="16203" Z="0"/><Vertex X="6260" Y="16236" Z="0"/><Vertex X="6130" Y="16236" Z="0"/><Vertex X="6064" Y="16236" Z="0"/><Vertex X="6064" Y="16268" Z="0"/><Vertex X="5967" Y="16268" Z="0"/><Vertex X="5901" Y="16268" Z="0"/><Vertex X="5901" Y="16333" Z="0"/><Vertex X="5869" Y="16333" Z="0"/><Vertex X="5804" Y="16333" Z="0"/><Vertex X="5804" Y="16366" Z="0"/><Vertex X="5771" Y="16366" Z="0"/><Vertex X="5706" Y="16431" Z="0"/><Vertex X="5608" Y="16431" Z="0"/><Vertex X="5608" Y="16496" Z="0"/><Vertex X="5575" Y="16496" Z="0"/><Vertex X="5510" Y="16496" Z="0"/><Vertex X="5445" Y="16496" Z="0"/><Vertex X="5412" Y="16496" Z="0"/><Vertex X="5412" Y="16529" Z="0"/><Vertex X="5347" Y="16529" Z="0"/><Vertex X="5315" Y="16529" Z="0"/><Vertex X="5249" Y="16529" Z="0"/><Vertex X="5184" Y="16529" Z="0"/><Vertex X="5152" Y="16529" Z="0"/><Vertex X="5054" Y="16529" Z="0"/><Vertex X="4923" Y="16529" Z="0"/><Vertex X="4891" Y="16529" Z="0"/><Vertex X="4760" Y="16594" Z="0"/><Vertex X="4695" Y="16594" Z="0"/><Vertex X="4663" Y="16594" Z="0"/><Vertex X="4663" Y="16659" Z="0"/><Vertex X="4565" Y="16659" Z="0"/><Vertex X="4565" Y="16627" Z="0"/><Vertex X="4597" Y="16562" Z="0"/></Vertices></Region><Region Id="6" Type="0" Zoom="0.030673" Selected="0" ImageLocation="" ImageFocus="-1" Length="28797.8" Area="26611511.5" LengthMicrons="14208.8" AreaMicrons="6478401.3" Text="" NegativeROA="0" InputRegionId="0" Analyze="1" DisplayId="6"><Attributes></Attributes><Vertices><Vertex X="14410" Y="18420" Z="0"/><Vertex X="14345" Y="18420" Z="0"/><Vertex X="14313" Y="18420" Z="0"/><Vertex X="14247" Y="18420" Z="0"/><Vertex X="14150" Y="18420" Z="0"/><Vertex X="14084" Y="18420" Z="0"/><Vertex X="13987" Y="18420" Z="0"/><Vertex X="13889" Y="18420" Z="0"/><Vertex X="13824" Y="18420" Z="0"/><Vertex X="13824" Y="18452" Z="0"/><Vertex X="13758" Y="18452" Z="0"/><Vertex X="13758" Y="18518" Z="0"/><Vertex X="13693" Y="18518" Z="0"/><Vertex X="13693" Y="18550" Z="0"/><Vertex X="13693" Y="18615" Z="0"/><Vertex X="13693" Y="18713" Z="0"/><Vertex X="13693" Y="18746" Z="0"/><Vertex X="13693" Y="18811" Z="0"/><Vertex X="13726" Y="18876" Z="0"/><Vertex X="13726" Y="18909" Z="0"/><Vertex X="13726" Y="18974" Z="0"/><Vertex X="13824" Y="19072" Z="0"/><Vertex X="13824" Y="19137" Z="0"/><Vertex X="13889" Y="19202" Z="0"/><Vertex X="13889" Y="19268" Z="0"/><Vertex X="13954" Y="19300" Z="0"/><Vertex X="13954" Y="19365" Z="0"/><Vertex X="13954" Y="19431" Z="0"/><Vertex X="13987" Y="19463" Z="0"/><Vertex X="13987" Y="19528" Z="0"/><Vertex X="13987" Y="19594" Z="0"/><Vertex X="13987" Y="19626" Z="0"/><Vertex X="13987" Y="19691" Z="0"/><Vertex X="13987" Y="19724" Z="0"/><Vertex X="13987" Y="19789" Z="0"/><Vertex X="13987" Y="19854" Z="0"/><Vertex X="13987" Y="19887" Z="0"/><Vertex X="13987" Y="19952" Z="0"/><Vertex X="13987" Y="19985" Z="0"/><Vertex X="13987" Y="20050" Z="0"/><Vertex X="13987" Y="20115" Z="0"/><Vertex X="13987" Y="20180" Z="0"/><Vertex X="13987" Y="20278" Z="0"/><Vertex X="13987" Y="20343" Z="0"/><Vertex X="14052" Y="20343" Z="0"/><Vertex X="14052" Y="20376" Z="0"/><Vertex X="14117" Y="20376" Z="0"/><Vertex X="14117" Y="20441" Z="0"/><Vertex X="14150" Y="20474" Z="0"/><Vertex X="14215" Y="20474" Z="0"/><Vertex X="14215" Y="20539" Z="0"/><Vertex X="14280" Y="20539" Z="0"/><Vertex X="14313" Y="20604" Z="0"/><Vertex X="14378" Y="20604" Z="0"/><Vertex X="14476" Y="20669" Z="0"/><Vertex X="14606" Y="20669" Z="0"/><Vertex X="14639" Y="20735" Z="0"/><Vertex X="14704" Y="20735" Z="0"/><Vertex X="14769" Y="20735" Z="0"/><Vertex X="14802" Y="20735" Z="0"/><Vertex X="14867" Y="20735" Z="0"/><Vertex X="14932" Y="20767" Z="0"/><Vertex X="14965" Y="20767" Z="0"/><Vertex X="15030" Y="20767" Z="0"/><Vertex X="15062" Y="20767" Z="0"/><Vertex X="15160" Y="20767" Z="0"/><Vertex X="15225" Y="20767" Z="0"/><Vertex X="15258" Y="20767" Z="0"/><Vertex X="15356" Y="20767" Z="0"/><Vertex X="15388" Y="20767" Z="0"/><Vertex X="15454" Y="20767" Z="0"/><Vertex X="15519" Y="20767" Z="0"/><Vertex X="15551" Y="20767" Z="0"/><Vertex X="15617" Y="20767" Z="0"/><Vertex X="15649" Y="20767" Z="0"/><Vertex X="15714" Y="20767" Z="0"/><Vertex X="15812" Y="20767" Z="0"/><Vertex X="15845" Y="20767" Z="0"/><Vertex X="15910" Y="20767" Z="0"/><Vertex X="15975" Y="20767" Z="0"/><Vertex X="16040" Y="20767" Z="0"/><Vertex X="16138" Y="20767" Z="0"/><Vertex X="16236" Y="20767" Z="0"/><Vertex X="16334" Y="20767" Z="0"/><Vertex X="16399" Y="20767" Z="0"/><Vertex X="16432" Y="20767" Z="0"/><Vertex X="16497" Y="20767" Z="0"/><Vertex X="16562" Y="20767" Z="0"/><Vertex X="16660" Y="20767" Z="0"/><Vertex X="16692" Y="20702" Z="0"/><Vertex X="16758" Y="20702" Z="0"/><Vertex X="16823" Y="20637" Z="0"/><Vertex X="16888" Y="20637" Z="0"/><Vertex X="16953" Y="20572" Z="0"/><Vertex X="17018" Y="20572" Z="0"/><Vertex X="17084" Y="20572" Z="0"/><Vertex X="17149" Y="20572" Z="0"/><Vertex X="17214" Y="20572" Z="0"/><Vertex X="17247" Y="20572" Z="0"/><Vertex X="17312" Y="20572" Z="0"/><Vertex X="17345" Y="20572" Z="0"/><Vertex X="17410" Y="20572" Z="0"/><Vertex X="17475" Y="20506" Z="0"/><Vertex X="17508" Y="20506" Z="0"/><Vertex X="17573" Y="20506" Z="0"/><Vertex X="17638" Y="20506" Z="0"/><Vertex X="17671" Y="20474" Z="0"/><Vertex X="17736" Y="20474" Z="0"/><Vertex X="17801" Y="20474" Z="0"/><Vertex X="17834" Y="20409" Z="0"/><Vertex X="17899" Y="20409" Z="0"/><Vertex X="17964" Y="20343" Z="0"/><Vertex X="17997" Y="20343" Z="0"/><Vertex X="18062" Y="20278" Z="0"/><Vertex X="18160" Y="20213" Z="0"/><Vertex X="18225" Y="20213" Z="0"/><Vertex X="18257" Y="20180" Z="0"/><Vertex X="18323" Y="20180" Z="0"/><Vertex X="18453" Y="20115" Z="0"/><Vertex X="18486" Y="20115" Z="0"/><Vertex X="18551" Y="20115" Z="0"/><Vertex X="18616" Y="20050" Z="0"/><Vertex X="18714" Y="20050" Z="0"/><Vertex X="18714" Y="19985" Z="0"/><Vertex X="18779" Y="19985" Z="0"/><Vertex X="18877" Y="19920" Z="0"/><Vertex X="18975" Y="19920" Z="0"/><Vertex X="18975" Y="19887" Z="0"/><Vertex X="19040" Y="19887" Z="0"/><Vertex X="19138" Y="19822" Z="0"/><Vertex X="19235" Y="19822" Z="0"/><Vertex X="19235" Y="19757" Z="0"/><Vertex X="19268" Y="19757" Z="0"/><Vertex X="19333" Y="19724" Z="0"/><Vertex X="19398" Y="19724" Z="0"/><Vertex X="19398" Y="19659" Z="0"/><Vertex X="19431" Y="19659" Z="0"/><Vertex X="19431" Y="19594" Z="0"/><Vertex X="19496" Y="19594" Z="0"/><Vertex X="19561" Y="19561" Z="0"/><Vertex X="19594" Y="19561" Z="0"/><Vertex X="19594" Y="19496" Z="0"/><Vertex X="19659" Y="19496" Z="0"/><Vertex X="19757" Y="19431" Z="0"/><Vertex X="19822" Y="19431" Z="0"/><Vertex X="19822" Y="19365" Z="0"/><Vertex X="19920" Y="19365" Z="0"/><Vertex X="20018" Y="19333" Z="0"/><Vertex X="20083" Y="19333" Z="0"/><Vertex X="20083" Y="19268" Z="0"/><Vertex X="20116" Y="19268" Z="0"/><Vertex X="20181" Y="19202" Z="0"/><Vertex X="20246" Y="19137" Z="0"/><Vertex X="20279" Y="19137" Z="0"/><Vertex X="20279" Y="19104" Z="0"/><Vertex X="20344" Y="19039" Z="0"/><Vertex X="20409" Y="18974" Z="0"/><Vertex X="20409" Y="18941" Z="0"/><Vertex X="20442" Y="18941" Z="0"/><Vertex X="20442" Y="18876" Z="0"/><Vertex X="20539" Y="18778" Z="0"/><Vertex X="20605" Y="18681" Z="0"/><Vertex X="20670" Y="18648" Z="0"/><Vertex X="20670" Y="18583" Z="0"/><Vertex X="20768" Y="18583" Z="0"/><Vertex X="20768" Y="18518" Z="0"/><Vertex X="20800" Y="18485" Z="0"/><Vertex X="20800" Y="18387" Z="0"/><Vertex X="20865" Y="18387" Z="0"/><Vertex X="20865" Y="18289" Z="0"/><Vertex X="20931" Y="18257" Z="0"/><Vertex X="20931" Y="18192" Z="0"/><Vertex X="20963" Y="18192" Z="0"/><Vertex X="20963" Y="18094" Z="0"/><Vertex X="21028" Y="18094" Z="0"/><Vertex X="21028" Y="18061" Z="0"/><Vertex X="21094" Y="17996" Z="0"/><Vertex X="21159" Y="17931" Z="0"/><Vertex X="21191" Y="17833" Z="0"/><Vertex X="21257" Y="17800" Z="0"/><Vertex X="21322" Y="17703" Z="0"/><Vertex X="21322" Y="17637" Z="0"/><Vertex X="21387" Y="17637" Z="0"/><Vertex X="21387" Y="17605" Z="0"/><Vertex X="21420" Y="17540" Z="0"/><Vertex X="21420" Y="17442" Z="0"/><Vertex X="21485" Y="17442" Z="0"/><Vertex X="21485" Y="17344" Z="0"/><Vertex X="21550" Y="17344" Z="0"/><Vertex X="21550" Y="17279" Z="0"/><Vertex X="21583" Y="17279" Z="0"/><Vertex X="21583" Y="17214" Z="0"/><Vertex X="21648" Y="17148" Z="0"/><Vertex X="21648" Y="17116" Z="0"/><Vertex X="21713" Y="17018" Z="0"/><Vertex X="21713" Y="16920" Z="0"/><Vertex X="21778" Y="16822" Z="0"/><Vertex X="21778" Y="16757" Z="0"/><Vertex X="21844" Y="16659" Z="0"/><Vertex X="21844" Y="16594" Z="0"/><Vertex X="21844" Y="16562" Z="0"/><Vertex X="21844" Y="16496" Z="0"/><Vertex X="21844" Y="16464" Z="0"/><Vertex X="21844" Y="16399" Z="0"/><Vertex X="21844" Y="16333" Z="0"/><Vertex X="21876" Y="16333" Z="0"/><Vertex X="21876" Y="16301" Z="0"/><Vertex X="21876" Y="16236" Z="0"/><Vertex X="21876" Y="16203" Z="0"/><Vertex X="21876" Y="16138" Z="0"/><Vertex X="21876" Y="16040" Z="0"/><Vertex X="21941" Y="15975" Z="0"/><Vertex X="21941" Y="15877" Z="0"/><Vertex X="22007" Y="15779" Z="0"/><Vertex X="22007" Y="15681" Z="0"/><Vertex X="22072" Y="15616" Z="0"/><Vertex X="22072" Y="15518" Z="0"/><Vertex X="22072" Y="15453" Z="0"/><Vertex X="22137" Y="15421" Z="0"/><Vertex X="22137" Y="15290" Z="0"/><Vertex X="22170" Y="15225" Z="0"/><Vertex X="22170" Y="15160" Z="0"/><Vertex X="22170" Y="15127" Z="0"/><Vertex X="22235" Y="15062" Z="0"/><Vertex X="22235" Y="14997" Z="0"/><Vertex X="22235" Y="14964" Z="0"/><Vertex X="22333" Y="14899" Z="0"/><Vertex X="22333" Y="14834" Z="0"/><Vertex X="22333" Y="14801" Z="0"/><Vertex X="22398" Y="14736" Z="0"/><Vertex X="22398" Y="14671" Z="0"/><Vertex X="22398" Y="14638" Z="0"/><Vertex X="22398" Y="14573" Z="0"/><Vertex X="22398" Y="14540" Z="0"/><Vertex X="22398" Y="14475" Z="0"/><Vertex X="22365" Y="14475" Z="0"/><Vertex X="22300" Y="14410" Z="0"/><Vertex X="22300" Y="14377" Z="0"/><Vertex X="22267" Y="14279" Z="0"/><Vertex X="22267" Y="14182" Z="0"/><Vertex X="22267" Y="14084" Z="0"/><Vertex X="22202" Y="14051" Z="0"/><Vertex X="22202" Y="13953" Z="0"/><Vertex X="22202" Y="13856" Z="0"/><Vertex X="22137" Y="13856" Z="0"/><Vertex X="22137" Y="13823" Z="0"/><Vertex X="22072" Y="13758" Z="0"/><Vertex X="22072" Y="13693" Z="0"/><Vertex X="22039" Y="13693" Z="0"/><Vertex X="22039" Y="13660" Z="0"/><Vertex X="21974" Y="13660" Z="0"/><Vertex X="21974" Y="13562" Z="0"/><Vertex X="21941" Y="13562" Z="0"/><Vertex X="21941" Y="13530" Z="0"/><Vertex X="21876" Y="13530" Z="0"/><Vertex X="21876" Y="13464" Z="0"/><Vertex X="21811" Y="13464" Z="0"/><Vertex X="21778" Y="13399" Z="0"/><Vertex X="21713" Y="13399" Z="0"/><Vertex X="21713" Y="13367" Z="0"/><Vertex X="21615" Y="13367" Z="0"/><Vertex X="21550" Y="13367" Z="0"/><Vertex X="21485" Y="13367" Z="0"/><Vertex X="21387" Y="13367" Z="0"/><Vertex X="21322" Y="13367" Z="0"/><Vertex X="21257" Y="13367" Z="0"/><Vertex X="21224" Y="13367" Z="0"/><Vertex X="21159" Y="13367" Z="0"/><Vertex X="21094" Y="13367" Z="0"/><Vertex X="21061" Y="13367" Z="0"/><Vertex X="20996" Y="13367" Z="0"/><Vertex X="20931" Y="13432" Z="0"/><Vertex X="20898" Y="13432" Z="0"/><Vertex X="20833" Y="13432" Z="0"/><Vertex X="20768" Y="13497" Z="0"/><Vertex X="20637" Y="13497" Z="0"/><Vertex X="20605" Y="13562" Z="0"/><Vertex X="20539" Y="13562" Z="0"/><Vertex X="20474" Y="13595" Z="0"/><Vertex X="20376" Y="13693" Z="0"/><Vertex X="20311" Y="13790" Z="0"/><Vertex X="20311" Y="13856" Z="0"/><Vertex X="20213" Y="13856" Z="0"/><Vertex X="20213" Y="13986" Z="0"/><Vertex X="20148" Y="14019" Z="0"/><Vertex X="20148" Y="14084" Z="0"/><Vertex X="20083" Y="14149" Z="0"/><Vertex X="20018" Y="14247" Z="0"/><Vertex X="20018" Y="14279" Z="0"/><Vertex X="20018" Y="14345" Z="0"/><Vertex X="19985" Y="14345" Z="0"/><Vertex X="19985" Y="14410" Z="0"/><Vertex X="19985" Y="14508" Z="0"/><Vertex X="19920" Y="14508" Z="0"/><Vertex X="19920" Y="14605" Z="0"/><Vertex X="19920" Y="14671" Z="0"/><Vertex X="19887" Y="14671" Z="0"/><Vertex X="19887" Y="14768" Z="0"/><Vertex X="19822" Y="14866" Z="0"/><Vertex X="19757" Y="14964" Z="0"/><Vertex X="19757" Y="15029" Z="0"/><Vertex X="19692" Y="15029" Z="0"/><Vertex X="19692" Y="15127" Z="0"/><Vertex X="19659" Y="15127" Z="0"/><Vertex X="19659" Y="15225" Z="0"/><Vertex X="19594" Y="15225" Z="0"/><Vertex X="19594" Y="15290" Z="0"/><Vertex X="19529" Y="15355" Z="0"/><Vertex X="19464" Y="15453" Z="0"/><Vertex X="19464" Y="15518" Z="0"/><Vertex X="19431" Y="15551" Z="0"/><Vertex X="19431" Y="15616" Z="0"/><Vertex X="19366" Y="15616" Z="0"/><Vertex X="19366" Y="15747" Z="0"/><Vertex X="19301" Y="15779" Z="0"/><Vertex X="19235" Y="15877" Z="0"/><Vertex X="19203" Y="15975" Z="0"/><Vertex X="19138" Y="16073" Z="0"/><Vertex X="19138" Y="16105" Z="0"/><Vertex X="19072" Y="16170" Z="0"/><Vertex X="19072" Y="16236" Z="0"/><Vertex X="19007" Y="16236" Z="0"/><Vertex X="19007" Y="16366" Z="0"/><Vertex X="18942" Y="16399" Z="0"/><Vertex X="18942" Y="16496" Z="0"/><Vertex X="18909" Y="16496" Z="0"/><Vertex X="18909" Y="16562" Z="0"/><Vertex X="18844" Y="16627" Z="0"/><Vertex X="18779" Y="16692" Z="0"/><Vertex X="18714" Y="16790" Z="0"/><Vertex X="18681" Y="16888" Z="0"/><Vertex X="18616" Y="16985" Z="0"/><Vertex X="18551" Y="17018" Z="0"/><Vertex X="18486" Y="17083" Z="0"/><Vertex X="18420" Y="17148" Z="0"/><Vertex X="18388" Y="17214" Z="0"/><Vertex X="18323" Y="17214" Z="0"/><Vertex X="18323" Y="17246" Z="0"/><Vertex X="18257" Y="17246" Z="0"/><Vertex X="18225" Y="17311" Z="0"/><Vertex X="18160" Y="17311" Z="0"/><Vertex X="18062" Y="17377" Z="0"/><Vertex X="17964" Y="17377" Z="0"/><Vertex X="17964" Y="17442" Z="0"/><Vertex X="17899" Y="17442" Z="0"/><Vertex X="17801" Y="17474" Z="0"/><Vertex X="17703" Y="17540" Z="0"/><Vertex X="17638" Y="17540" Z="0"/><Vertex X="17638" Y="17605" Z="0"/><Vertex X="17540" Y="17605" Z="0"/><Vertex X="17442" Y="17670" Z="0"/><Vertex X="17345" Y="17735" Z="0"/><Vertex X="17247" Y="17833" Z="0"/><Vertex X="17182" Y="17866" Z="0"/><Vertex X="17084" Y="17931" Z="0"/><Vertex X="17018" Y="17931" Z="0"/><Vertex X="17018" Y="17996" Z="0"/><Vertex X="16986" Y="17996" Z="0"/><Vertex X="16921" Y="18061" Z="0"/><Vertex X="16855" Y="18061" Z="0"/><Vertex X="16790" Y="18094" Z="0"/><Vertex X="16758" Y="18094" Z="0"/><Vertex X="16692" Y="18159" Z="0"/><Vertex X="16627" Y="18159" Z="0"/><Vertex X="16562" Y="18224" Z="0"/><Vertex X="16464" Y="18224" Z="0"/><Vertex X="16464" Y="18289" Z="0"/><Vertex X="16366" Y="18289" Z="0"/><Vertex X="16366" Y="18322" Z="0"/><Vertex X="16301" Y="18322" Z="0"/><Vertex X="16236" Y="18387" Z="0"/><Vertex X="16171" Y="18387" Z="0"/><Vertex X="16171" Y="18452" Z="0"/><Vertex X="16138" Y="18452" Z="0"/><Vertex X="16073" Y="18452" Z="0"/><Vertex X="16073" Y="18485" Z="0"/><Vertex X="15975" Y="18485" Z="0"/><Vertex X="15943" Y="18485" Z="0"/><Vertex X="15877" Y="18550" Z="0"/><Vertex X="15812" Y="18550" Z="0"/><Vertex X="15780" Y="18550" Z="0"/><Vertex X="15714" Y="18550" Z="0"/><Vertex X="15649" Y="18550" Z="0"/><Vertex X="15584" Y="18550" Z="0"/><Vertex X="15519" Y="18550" Z="0"/><Vertex X="15486" Y="18550" Z="0"/><Vertex X="15421" Y="18550" Z="0"/><Vertex X="15388" Y="18550" Z="0"/><Vertex X="15323" Y="18550" Z="0"/><Vertex X="15258" Y="18550" Z="0"/><Vertex X="15225" Y="18550" Z="0"/><Vertex X="15160" Y="18550" Z="0"/><Vertex X="15128" Y="18550" Z="0"/><Vertex X="15062" Y="18550" Z="0"/><Vertex X="14965" Y="18550" Z="0"/><Vertex X="14932" Y="18550" Z="0"/><Vertex X="14867" Y="18550" Z="0"/><Vertex X="14802" Y="18550" Z="0"/><Vertex X="14736" Y="18550" Z="0"/><Vertex X="14639" Y="18518" Z="0"/><Vertex X="14541" Y="18518" Z="0"/><Vertex X="14541" Y="18485" Z="0"/><Vertex X="14508" Y="18485" Z="0"/><Vertex X="14443" Y="18485" Z="0"/><Vertex X="14378" Y="18485" Z="0"/><Vertex X="14378" Y="18420" Z="0"/><Vertex X="14410" Y="18420" Z="0"/></Vertices></Region><Region Id="7" Type="0" Zoom="0.030673" Selected="0" ImageLocation="" ImageFocus="-1" Length="15973.2" Area="12262881.5" LengthMicrons="7881.2" AreaMicrons="2985319.6" Text="" NegativeROA="0" InputRegionId="0" Analyze="1" DisplayId="7"><Attributes></Attributes><Vertices><Vertex X="3098" Y="20050" Z="0"/><Vertex X="3032" Y="20050" Z="0"/><Vertex X="2902" Y="20083" Z="0"/><Vertex X="2837" Y="20083" Z="0"/><Vertex X="2772" Y="20148" Z="0"/><Vertex X="2739" Y="20148" Z="0"/><Vertex X="2674" Y="20246" Z="0"/><Vertex X="2609" Y="20246" Z="0"/><Vertex X="2543" Y="20343" Z="0"/><Vertex X="2478" Y="20409" Z="0"/><Vertex X="2478" Y="20441" Z="0"/><Vertex X="2446" Y="20506" Z="0"/><Vertex X="2446" Y="20604" Z="0"/><Vertex X="2446" Y="20669" Z="0"/><Vertex X="2446" Y="20767" Z="0"/><Vertex X="2446" Y="20865" Z="0"/><Vertex X="2446" Y="20930" Z="0"/><Vertex X="2446" Y="21028" Z="0"/><Vertex X="2446" Y="21093" Z="0"/><Vertex X="2446" Y="21126" Z="0"/><Vertex X="2446" Y="21191" Z="0"/><Vertex X="2446" Y="21224" Z="0"/><Vertex X="2446" Y="21289" Z="0"/><Vertex X="2446" Y="21354" Z="0"/><Vertex X="2446" Y="21387" Z="0"/><Vertex X="2446" Y="21452" Z="0"/><Vertex X="2446" Y="21550" Z="0"/><Vertex X="2446" Y="21615" Z="0"/><Vertex X="2446" Y="21680" Z="0"/><Vertex X="2446" Y="21745" Z="0"/><Vertex X="2380" Y="21745" Z="0"/><Vertex X="2380" Y="21778" Z="0"/><Vertex X="2348" Y="21778" Z="0"/><Vertex X="2348" Y="21843" Z="0"/><Vertex X="2283" Y="21908" Z="0"/><Vertex X="2283" Y="21941" Z="0"/><Vertex X="2283" Y="22006" Z="0"/><Vertex X="2283" Y="22039" Z="0"/><Vertex X="2283" Y="22136" Z="0"/><Vertex X="2283" Y="22234" Z="0"/><Vertex X="2283" Y="22332" Z="0"/><Vertex X="2283" Y="22397" Z="0"/><Vertex X="2348" Y="22397" Z="0"/><Vertex X="2348" Y="22495" Z="0"/><Vertex X="2446" Y="22495" Z="0"/><Vertex X="2446" Y="22593" Z="0"/><Vertex X="2511" Y="22593" Z="0"/><Vertex X="2576" Y="22658" Z="0"/><Vertex X="2641" Y="22658" Z="0"/><Vertex X="2706" Y="22756" Z="0"/><Vertex X="2739" Y="22756" Z="0"/><Vertex X="2739" Y="22854" Z="0"/><Vertex X="2869" Y="22854" Z="0"/><Vertex X="2935" Y="22951" Z="0"/><Vertex X="3032" Y="23017" Z="0"/><Vertex X="3098" Y="23082" Z="0"/><Vertex X="3195" Y="23147" Z="0"/><Vertex X="3293" Y="23212" Z="0"/><Vertex X="3358" Y="23310" Z="0"/><Vertex X="3424" Y="23375" Z="0"/><Vertex X="3489" Y="23408" Z="0"/><Vertex X="3521" Y="23473" Z="0"/><Vertex X="3587" Y="23538" Z="0"/><Vertex X="3684" Y="23604" Z="0"/><Vertex X="3782" Y="23669" Z="0"/><Vertex X="3815" Y="23734" Z="0"/><Vertex X="3880" Y="23767" Z="0"/><Vertex X="3945" Y="23832" Z="0"/><Vertex X="3945" Y="23897" Z="0"/><Vertex X="4010" Y="23897" Z="0"/><Vertex X="4010" Y="23930" Z="0"/><Vertex X="4043" Y="23995" Z="0"/><Vertex X="4043" Y="24060" Z="0"/><Vertex X="4108" Y="24060" Z="0"/><Vertex X="4108" Y="24093" Z="0"/><Vertex X="4173" Y="24093" Z="0"/><Vertex X="4173" Y="24158" Z="0"/><Vertex X="4206" Y="24158" Z="0"/><Vertex X="4206" Y="24190" Z="0"/><Vertex X="4271" Y="24190" Z="0"/><Vertex X="4271" Y="24256" Z="0"/><Vertex X="4304" Y="24256" Z="0"/><Vertex X="4369" Y="24321" Z="0"/><Vertex X="4434" Y="24321" Z="0"/><Vertex X="4434" Y="24353" Z="0"/><Vertex X="4467" Y="24353" Z="0"/><Vertex X="4532" Y="24419" Z="0"/><Vertex X="4630" Y="24484" Z="0"/><Vertex X="4695" Y="24484" Z="0"/><Vertex X="4695" Y="24549" Z="0"/><Vertex X="4728" Y="24549" Z="0"/><Vertex X="4793" Y="24582" Z="0"/><Vertex X="4858" Y="24582" Z="0"/><Vertex X="4891" Y="24647" Z="0"/><Vertex X="4989" Y="24647" Z="0"/><Vertex X="5086" Y="24647" Z="0"/><Vertex X="5119" Y="24647" Z="0"/><Vertex X="5184" Y="24647" Z="0"/><Vertex X="5217" Y="24647" Z="0"/><Vertex X="5282" Y="24647" Z="0"/><Vertex X="5412" Y="24647" Z="0"/><Vertex X="5445" Y="24647" Z="0"/><Vertex X="5543" Y="24647" Z="0"/><Vertex X="5641" Y="24647" Z="0"/><Vertex X="5706" Y="24647" Z="0"/><Vertex X="5771" Y="24647" Z="0"/><Vertex X="5836" Y="24712" Z="0"/><Vertex X="5869" Y="24712" Z="0"/><Vertex X="5934" Y="24712" Z="0"/><Vertex X="5934" Y="24777" Z="0"/><Vertex X="5999" Y="24777" Z="0"/><Vertex X="6032" Y="24777" Z="0"/><Vertex X="6097" Y="24777" Z="0"/><Vertex X="6130" Y="24777" Z="0"/><Vertex X="6195" Y="24777" Z="0"/><Vertex X="6293" Y="24777" Z="0"/><Vertex X="6325" Y="24745" Z="0"/><Vertex X="6423" Y="24679" Z="0"/><Vertex X="6423" Y="24614" Z="0"/><Vertex X="6488" Y="24614" Z="0"/><Vertex X="6488" Y="24549" Z="0"/><Vertex X="6553" Y="24451" Z="0"/><Vertex X="6553" Y="24353" Z="0"/><Vertex X="6586" Y="24353" Z="0"/><Vertex X="6586" Y="24288" Z="0"/><Vertex X="6651" Y="24190" Z="0"/><Vertex X="6651" Y="24125" Z="0"/><Vertex X="6651" Y="24093" Z="0"/><Vertex X="6651" Y="24027" Z="0"/><Vertex X="6651" Y="23930" Z="0"/><Vertex X="6651" Y="23897" Z="0"/><Vertex X="6619" Y="23832" Z="0"/><Vertex X="6619" Y="23767" Z="0"/><Vertex X="6619" Y="23734" Z="0"/><Vertex X="6619" Y="23669" Z="0"/><Vertex X="6619" Y="23636" Z="0"/><Vertex X="6619" Y="23571" Z="0"/><Vertex X="6619" Y="23506" Z="0"/><Vertex X="6586" Y="23473" Z="0"/><Vertex X="6586" Y="23408" Z="0"/><Vertex X="6586" Y="23343" Z="0"/><Vertex X="6586" Y="23245" Z="0"/><Vertex X="6521" Y="23180" Z="0"/><Vertex X="6521" Y="23114" Z="0"/><Vertex X="6521" Y="23082" Z="0"/><Vertex X="6521" Y="23017" Z="0"/><Vertex X="6521" Y="22951" Z="0"/><Vertex X="6521" Y="22919" Z="0"/><Vertex X="6521" Y="22854" Z="0"/><Vertex X="6521" Y="22788" Z="0"/><Vertex X="6456" Y="22723" Z="0"/><Vertex X="6456" Y="22658" Z="0"/><Vertex X="6390" Y="22658" Z="0"/><Vertex X="6358" Y="22593" Z="0"/><Vertex X="6293" Y="22593" Z="0"/><Vertex X="6227" Y="22560" Z="0"/><Vertex X="6162" Y="22560" Z="0"/><Vertex X="6064" Y="22560" Z="0"/><Vertex X="5999" Y="22560" Z="0"/><Vertex X="5934" Y="22560" Z="0"/><Vertex X="5869" Y="22560" Z="0"/><Vertex X="5869" Y="22495" Z="0"/><Vertex X="5836" Y="22495" Z="0"/><Vertex X="5836" Y="22430" Z="0"/><Vertex X="5771" Y="22430" Z="0"/><Vertex X="5771" Y="22397" Z="0"/><Vertex X="5706" Y="22332" Z="0"/><Vertex X="5641" Y="22267" Z="0"/><Vertex X="5608" Y="22202" Z="0"/><Vertex X="5543" Y="22169" Z="0"/><Vertex X="5478" Y="22104" Z="0"/><Vertex X="5380" Y="22039" Z="0"/><Vertex X="5282" Y="21973" Z="0"/><Vertex X="5217" Y="21908" Z="0"/><Vertex X="5152" Y="21876" Z="0"/><Vertex X="5152" Y="21810" Z="0"/><Vertex X="5086" Y="21810" Z="0"/><Vertex X="5086" Y="21713" Z="0"/><Vertex X="5021" Y="21615" Z="0"/><Vertex X="5021" Y="21550" Z="0"/><Vertex X="4989" Y="21550" Z="0"/><Vertex X="4989" Y="21452" Z="0"/><Vertex X="4923" Y="21354" Z="0"/><Vertex X="4923" Y="21289" Z="0"/><Vertex X="4858" Y="21224" Z="0"/><Vertex X="4858" Y="21158" Z="0"/><Vertex X="4858" Y="21126" Z="0"/><Vertex X="4826" Y="21126" Z="0"/><Vertex X="4826" Y="21061" Z="0"/><Vertex X="4826" Y="20963" Z="0"/><Vertex X="4760" Y="20963" Z="0"/><Vertex X="4760" Y="20898" Z="0"/><Vertex X="4760" Y="20800" Z="0"/><Vertex X="4695" Y="20800" Z="0"/><Vertex X="4695" Y="20735" Z="0"/><Vertex X="4663" Y="20735" Z="0"/><Vertex X="4663" Y="20702" Z="0"/><Vertex X="4565" Y="20637" Z="0"/><Vertex X="4500" Y="20572" Z="0"/><Vertex X="4434" Y="20506" Z="0"/><Vertex X="4402" Y="20474" Z="0"/><Vertex X="4304" Y="20409" Z="0"/><Vertex X="4206" Y="20409" Z="0"/><Vertex X="4206" Y="20343" Z="0"/><Vertex X="4141" Y="20343" Z="0"/><Vertex X="4076" Y="20278" Z="0"/><Vertex X="3978" Y="20278" Z="0"/><Vertex X="3913" Y="20246" Z="0"/><Vertex X="3880" Y="20246" Z="0"/><Vertex X="3782" Y="20180" Z="0"/><Vertex X="3684" Y="20180" Z="0"/><Vertex X="3587" Y="20180" Z="0"/><Vertex X="3587" Y="20115" Z="0"/><Vertex X="3521" Y="20115" Z="0"/><Vertex X="3424" Y="20115" Z="0"/><Vertex X="3326" Y="20115" Z="0"/><Vertex X="3261" Y="20115" Z="0"/><Vertex X="3195" Y="20115" Z="0"/><Vertex X="3195" Y="20050" Z="0"/><Vertex X="3163" Y="20050" Z="0"/><Vertex X="3098" Y="20050" Z="0"/><Vertex X="3098" Y="20050" Z="0"/></Vertices></Region><Region Id="8" Type="0" Zoom="0.030673" Selected="0" ImageLocation="" ImageFocus="-1" Length="19679.0" Area="18141652.5" LengthMicrons="9709.6" AreaMicrons="4416468.6" Text="" NegativeROA="0" InputRegionId="0" Analyze="1" DisplayId="8"><Attributes></Attributes><Vertices><Vertex X="10629" Y="22039" Z="0"/><Vertex X="10531" Y="22104" Z="0"/><Vertex X="10433" Y="22202" Z="0"/><Vertex X="10433" Y="22234" Z="0"/><Vertex X="10335" Y="22299" Z="0"/><Vertex X="10335" Y="22365" Z="0"/><Vertex X="10303" Y="22430" Z="0"/><Vertex X="10303" Y="22495" Z="0"/><Vertex X="10303" Y="22560" Z="0"/><Vertex X="10303" Y="22593" Z="0"/><Vertex X="10303" Y="22658" Z="0"/><Vertex X="10303" Y="22723" Z="0"/><Vertex X="10303" Y="22756" Z="0"/><Vertex X="10303" Y="22821" Z="0"/><Vertex X="10303" Y="22854" Z="0"/><Vertex X="10303" Y="22919" Z="0"/><Vertex X="10237" Y="22984" Z="0"/><Vertex X="10237" Y="23017" Z="0"/><Vertex X="10237" Y="23082" Z="0"/><Vertex X="10237" Y="23147" Z="0"/><Vertex X="10237" Y="23180" Z="0"/><Vertex X="10237" Y="23245" Z="0"/><Vertex X="10237" Y="23277" Z="0"/><Vertex X="10237" Y="23343" Z="0"/><Vertex X="10172" Y="23343" Z="0"/><Vertex X="10172" Y="23440" Z="0"/><Vertex X="10107" Y="23506" Z="0"/><Vertex X="10107" Y="23604" Z="0"/><Vertex X="10074" Y="23604" Z="0"/><Vertex X="10074" Y="23701" Z="0"/><Vertex X="10009" Y="23701" Z="0"/><Vertex X="10009" Y="23767" Z="0"/><Vertex X="9944" Y="23767" Z="0"/><Vertex X="9944" Y="23832" Z="0"/><Vertex X="9911" Y="23832" Z="0"/><Vertex X="9911" Y="23897" Z="0"/><Vertex X="9814" Y="23897" Z="0"/><Vertex X="9716" Y="23962" Z="0"/><Vertex X="9683" Y="23962" Z="0"/><Vertex X="9683" Y="23995" Z="0"/><Vertex X="9618" Y="23995" Z="0"/><Vertex X="9618" Y="24060" Z="0"/><Vertex X="9585" Y="24060" Z="0"/><Vertex X="9585" Y="24093" Z="0"/><Vertex X="9585" Y="24158" Z="0"/><Vertex X="9520" Y="24256" Z="0"/><Vertex X="9520" Y="24288" Z="0"/><Vertex X="9520" Y="24353" Z="0"/><Vertex X="9520" Y="24451" Z="0"/><Vertex X="9520" Y="24516" Z="0"/><Vertex X="9553" Y="24516" Z="0"/><Vertex X="9618" Y="24582" Z="0"/><Vertex X="9683" Y="24582" Z="0"/><Vertex X="9748" Y="24582" Z="0"/><Vertex X="9846" Y="24647" Z="0"/><Vertex X="9944" Y="24647" Z="0"/><Vertex X="10042" Y="24647" Z="0"/><Vertex X="10107" Y="24647" Z="0"/><Vertex X="10205" Y="24647" Z="0"/><Vertex X="10303" Y="24712" Z="0"/><Vertex X="10400" Y="24712" Z="0"/><Vertex X="10531" Y="24712" Z="0"/><Vertex X="10661" Y="24712" Z="0"/><Vertex X="10792" Y="24712" Z="0"/><Vertex X="10889" Y="24712" Z="0"/><Vertex X="10987" Y="24712" Z="0"/><Vertex X="11085" Y="24712" Z="0"/><Vertex X="11150" Y="24712" Z="0"/><Vertex X="11215" Y="24712" Z="0"/><Vertex X="11281" Y="24712" Z="0"/><Vertex X="11313" Y="24712" Z="0"/><Vertex X="11378" Y="24712" Z="0"/><Vertex X="11476" Y="24712" Z="0"/><Vertex X="11509" Y="24712" Z="0"/><Vertex X="11574" Y="24712" Z="0"/><Vertex X="11607" Y="24777" Z="0"/><Vertex X="11672" Y="24777" Z="0"/><Vertex X="11737" Y="24777" Z="0"/><Vertex X="11770" Y="24810" Z="0"/><Vertex X="11867" Y="24810" Z="0"/><Vertex X="11933" Y="24810" Z="0"/><Vertex X="11965" Y="24810" Z="0"/><Vertex X="12030" Y="24810" Z="0"/><Vertex X="12096" Y="24810" Z="0"/><Vertex X="12128" Y="24810" Z="0"/><Vertex X="12193" Y="24810" Z="0"/><Vertex X="12226" Y="24810" Z="0"/><Vertex X="12291" Y="24810" Z="0"/><Vertex X="12356" Y="24810" Z="0"/><Vertex X="12389" Y="24810" Z="0"/><Vertex X="12454" Y="24810" Z="0"/><Vertex X="12519" Y="24810" Z="0"/><Vertex X="12585" Y="24810" Z="0"/><Vertex X="12682" Y="24810" Z="0"/><Vertex X="12748" Y="24810" Z="0"/><Vertex X="12846" Y="24810" Z="0"/><Vertex X="12911" Y="24810" Z="0"/><Vertex X="12943" Y="24810" Z="0"/><Vertex X="13009" Y="24810" Z="0"/><Vertex X="13041" Y="24810" Z="0"/><Vertex X="13106" Y="24810" Z="0"/><Vertex X="13172" Y="24810" Z="0"/><Vertex X="13204" Y="24810" Z="0"/><Vertex X="13269" Y="24810" Z="0"/><Vertex X="13400" Y="24810" Z="0"/><Vertex X="13432" Y="24875" Z="0"/><Vertex X="13498" Y="24875" Z="0"/><Vertex X="13563" Y="24875" Z="0"/><Vertex X="13628" Y="24875" Z="0"/><Vertex X="13726" Y="24940" Z="0"/><Vertex X="13824" Y="24940" Z="0"/><Vertex X="13889" Y="24940" Z="0"/><Vertex X="13987" Y="24940" Z="0"/><Vertex X="14084" Y="24940" Z="0"/><Vertex X="14117" Y="24940" Z="0"/><Vertex X="14182" Y="24940" Z="0"/><Vertex X="14215" Y="24940" Z="0"/><Vertex X="14280" Y="24940" Z="0"/><Vertex X="14345" Y="24940" Z="0"/><Vertex X="14378" Y="24940" Z="0"/><Vertex X="14443" Y="25005" Z="0"/><Vertex X="14508" Y="25005" Z="0"/><Vertex X="14541" Y="25005" Z="0"/><Vertex X="14606" Y="25005" Z="0"/><Vertex X="14639" Y="25005" Z="0"/><Vertex X="14704" Y="25005" Z="0"/><Vertex X="14769" Y="25005" Z="0"/><Vertex X="14802" Y="25005" Z="0"/><Vertex X="14867" Y="25005" Z="0"/><Vertex X="14932" Y="24973" Z="0"/><Vertex X="14997" Y="24973" Z="0"/><Vertex X="15062" Y="24973" Z="0"/><Vertex X="15128" Y="24973" Z="0"/><Vertex X="15160" Y="24973" Z="0"/><Vertex X="15225" Y="24973" Z="0"/><Vertex X="15258" Y="24973" Z="0"/><Vertex X="15323" Y="24973" Z="0"/><Vertex X="15388" Y="24973" Z="0"/><Vertex X="15421" Y="24973" Z="0"/><Vertex X="15486" Y="24973" Z="0"/><Vertex X="15486" Y="24908" Z="0"/><Vertex X="15519" Y="24908" Z="0"/><Vertex X="15617" Y="24875" Z="0"/><Vertex X="15714" Y="24875" Z="0"/><Vertex X="15714" Y="24810" Z="0"/><Vertex X="15747" Y="24810" Z="0"/><Vertex X="15812" Y="24810" Z="0"/><Vertex X="15877" Y="24810" Z="0"/><Vertex X="15877" Y="24745" Z="0"/><Vertex X="15910" Y="24745" Z="0"/><Vertex X="15975" Y="24712" Z="0"/><Vertex X="16040" Y="24647" Z="0"/><Vertex X="16073" Y="24647" Z="0"/><Vertex X="16073" Y="24582" Z="0"/><Vertex X="16138" Y="24582" Z="0"/><Vertex X="16203" Y="24516" Z="0"/><Vertex X="16269" Y="24484" Z="0"/><Vertex X="16301" Y="24386" Z="0"/><Vertex X="16301" Y="24321" Z="0"/><Vertex X="16366" Y="24321" Z="0"/><Vertex X="16366" Y="24288" Z="0"/><Vertex X="16432" Y="24288" Z="0"/><Vertex X="16432" Y="24223" Z="0"/><Vertex X="16464" Y="24223" Z="0"/><Vertex X="16464" Y="24158" Z="0"/><Vertex X="16529" Y="24125" Z="0"/><Vertex X="16529" Y="24060" Z="0"/><Vertex X="16595" Y="23962" Z="0"/><Vertex X="16595" Y="23832" Z="0"/><Vertex X="16595" Y="23799" Z="0"/><Vertex X="16660" Y="23734" Z="0"/><Vertex X="16660" Y="23701" Z="0"/><Vertex X="16660" Y="23636" Z="0"/><Vertex X="16660" Y="23538" Z="0"/><Vertex X="16660" Y="23506" Z="0"/><Vertex X="16692" Y="23506" Z="0"/><Vertex X="16692" Y="23408" Z="0"/><Vertex X="16692" Y="23310" Z="0"/><Vertex X="16692" Y="23245" Z="0"/><Vertex X="16692" Y="23180" Z="0"/><Vertex X="16692" Y="23114" Z="0"/><Vertex X="16692" Y="23049" Z="0"/><Vertex X="16692" Y="22951" Z="0"/><Vertex X="16692" Y="22854" Z="0"/><Vertex X="16692" Y="22821" Z="0"/><Vertex X="16692" Y="22756" Z="0"/><Vertex X="16692" Y="22723" Z="0"/><Vertex X="16692" Y="22658" Z="0"/><Vertex X="16692" Y="22593" Z="0"/><Vertex X="16692" Y="22560" Z="0"/><Vertex X="16627" Y="22560" Z="0"/><Vertex X="16627" Y="22495" Z="0"/><Vertex X="16562" Y="22495" Z="0"/><Vertex X="16562" Y="22462" Z="0"/><Vertex X="16529" Y="22397" Z="0"/><Vertex X="16529" Y="22332" Z="0"/><Vertex X="16464" Y="22332" Z="0"/><Vertex X="16399" Y="22332" Z="0"/><Vertex X="16334" Y="22332" Z="0"/><Vertex X="16269" Y="22332" Z="0"/><Vertex X="16236" Y="22332" Z="0"/><Vertex X="16171" Y="22332" Z="0"/><Vertex X="16106" Y="22332" Z="0"/><Vertex X="16040" Y="22332" Z="0"/><Vertex X="15975" Y="22365" Z="0"/><Vertex X="15910" Y="22365" Z="0"/><Vertex X="15877" Y="22430" Z="0"/><Vertex X="15812" Y="22430" Z="0"/><Vertex X="15714" Y="22430" Z="0"/><Vertex X="15682" Y="22430" Z="0"/><Vertex X="15584" Y="22430" Z="0"/><Vertex X="15584" Y="22397" Z="0"/><Vertex X="15486" Y="22397" Z="0"/><Vertex X="15454" Y="22332" Z="0"/><Vertex X="15388" Y="22332" Z="0"/><Vertex X="15323" Y="22332" Z="0"/><Vertex X="15291" Y="22299" Z="0"/><Vertex X="15225" Y="22299" Z="0"/><Vertex X="15160" Y="22299" Z="0"/><Vertex X="15128" Y="22234" Z="0"/><Vertex X="15030" Y="22234" Z="0"/><Vertex X="14965" Y="22169" Z="0"/><Vertex X="14867" Y="22169" Z="0"/><Vertex X="14834" Y="22169" Z="0"/><Vertex X="14736" Y="22104" Z="0"/><Vertex X="14639" Y="22104" Z="0"/><Vertex X="14573" Y="22104" Z="0"/><Vertex X="14410" Y="22104" Z="0"/><Vertex X="14378" Y="22039" Z="0"/><Vertex X="14313" Y="22039" Z="0"/><Vertex X="14247" Y="22039" Z="0"/><Vertex X="14215" Y="22039" Z="0"/><Vertex X="14150" Y="22039" Z="0"/><Vertex X="14084" Y="22006" Z="0"/><Vertex X="14052" Y="22006" Z="0"/><Vertex X="13987" Y="22006" Z="0"/><Vertex X="13954" Y="21941" Z="0"/><Vertex X="13889" Y="21941" Z="0"/><Vertex X="13824" Y="21941" Z="0"/><Vertex X="13758" Y="21876" Z="0"/><Vertex X="13661" Y="21876" Z="0"/><Vertex X="13563" Y="21876" Z="0"/><Vertex X="13465" Y="21876" Z="0"/><Vertex X="13400" Y="21810" Z="0"/><Vertex X="13302" Y="21810" Z="0"/><Vertex X="13204" Y="21810" Z="0"/><Vertex X="13139" Y="21810" Z="0"/><Vertex X="13041" Y="21810" Z="0"/><Vertex X="12943" Y="21745" Z="0"/><Vertex X="12878" Y="21745" Z="0"/><Vertex X="12780" Y="21745" Z="0"/><Vertex X="12682" Y="21745" Z="0"/><Vertex X="12617" Y="21745" Z="0"/><Vertex X="12519" Y="21745" Z="0"/><Vertex X="12422" Y="21745" Z="0"/><Vertex X="12389" Y="21745" Z="0"/><Vertex X="12324" Y="21745" Z="0"/><Vertex X="12259" Y="21745" Z="0"/><Vertex X="12226" Y="21745" Z="0"/><Vertex X="12128" Y="21745" Z="0"/><Vertex X="12128" Y="21778" Z="0"/><Vertex X="12030" Y="21778" Z="0"/><Vertex X="11965" Y="21778" Z="0"/><Vertex X="11835" Y="21843" Z="0"/><Vertex X="11704" Y="21843" Z="0"/><Vertex X="11639" Y="21908" Z="0"/><Vertex X="11541" Y="21908" Z="0"/><Vertex X="11476" Y="21941" Z="0"/><Vertex X="11411" Y="21941" Z="0"/><Vertex X="11378" Y="21941" Z="0"/><Vertex X="11313" Y="21941" Z="0"/><Vertex X="11313" Y="22006" Z="0"/><Vertex X="11215" Y="22006" Z="0"/><Vertex X="11183" Y="22006" Z="0"/><Vertex X="11118" Y="22006" Z="0"/><Vertex X="11052" Y="22006" Z="0"/><Vertex X="11020" Y="22006" Z="0"/><Vertex X="10955" Y="22006" Z="0"/><Vertex X="10922" Y="22006" Z="0"/><Vertex X="10922" Y="22071" Z="0"/><Vertex X="10824" Y="22071" Z="0"/><Vertex X="10726" Y="22071" Z="0"/><Vertex X="10726" Y="22104" Z="0"/><Vertex X="10694" Y="22104" Z="0"/><Vertex X="10629" Y="22039" Z="0"/></Vertices></Region><Region Id="9" Type="0" Zoom="0.030673" Selected="0" ImageLocation="" ImageFocus="-1" Length="16293.7" Area="13193127.5" LengthMicrons="8039.3" AreaMicrons="3211782.0" Text="" NegativeROA="0" InputRegionId="0" Analyze="1" DisplayId="9"><Attributes></Attributes><Vertices><Vertex X="17899" Y="21843" Z="0"/><Vertex X="17834" Y="21843" Z="0"/><Vertex X="17736" Y="21876" Z="0"/><Vertex X="17703" Y="21876" Z="0"/><Vertex X="17638" Y="21941" Z="0"/><Vertex X="17573" Y="21941" Z="0"/><Vertex X="17573" Y="22006" Z="0"/><Vertex X="17540" Y="22006" Z="0"/><Vertex X="17540" Y="22039" Z="0"/><Vertex X="17475" Y="22136" Z="0"/><Vertex X="17475" Y="22202" Z="0"/><Vertex X="17475" Y="22234" Z="0"/><Vertex X="17475" Y="22299" Z="0"/><Vertex X="17475" Y="22397" Z="0"/><Vertex X="17475" Y="22462" Z="0"/><Vertex X="17540" Y="22560" Z="0"/><Vertex X="17540" Y="22625" Z="0"/><Vertex X="17638" Y="22691" Z="0"/><Vertex X="17671" Y="22756" Z="0"/><Vertex X="17736" Y="22788" Z="0"/><Vertex X="17801" Y="22854" Z="0"/><Vertex X="17866" Y="22919" Z="0"/><Vertex X="17931" Y="22984" Z="0"/><Vertex X="17964" Y="23017" Z="0"/><Vertex X="18062" Y="23082" Z="0"/><Vertex X="18127" Y="23082" Z="0"/><Vertex X="18225" Y="23180" Z="0"/><Vertex X="18290" Y="23180" Z="0"/><Vertex X="18388" Y="23245" Z="0"/><Vertex X="18453" Y="23245" Z="0"/><Vertex X="18486" Y="23310" Z="0"/><Vertex X="18551" Y="23310" Z="0"/><Vertex X="18616" Y="23375" Z="0"/><Vertex X="18746" Y="23440" Z="0"/><Vertex X="18812" Y="23440" Z="0"/><Vertex X="18877" Y="23473" Z="0"/><Vertex X="18942" Y="23473" Z="0"/><Vertex X="19040" Y="23538" Z="0"/><Vertex X="19105" Y="23538" Z="0"/><Vertex X="19203" Y="23538" Z="0"/><Vertex X="19301" Y="23538" Z="0"/><Vertex X="19366" Y="23538" Z="0"/><Vertex X="19431" Y="23538" Z="0"/><Vertex X="19496" Y="23538" Z="0"/><Vertex X="19529" Y="23538" Z="0"/><Vertex X="19594" Y="23538" Z="0"/><Vertex X="19627" Y="23538" Z="0"/><Vertex X="19692" Y="23538" Z="0"/><Vertex X="19757" Y="23538" Z="0"/><Vertex X="19790" Y="23538" Z="0"/><Vertex X="19855" Y="23538" Z="0"/><Vertex X="19887" Y="23538" Z="0"/><Vertex X="19953" Y="23506" Z="0"/><Vertex X="20018" Y="23506" Z="0"/><Vertex X="20050" Y="23506" Z="0"/><Vertex X="20116" Y="23506" Z="0"/><Vertex X="20213" Y="23506" Z="0"/><Vertex X="20279" Y="23506" Z="0"/><Vertex X="20376" Y="23506" Z="0"/><Vertex X="20474" Y="23506" Z="0"/><Vertex X="20507" Y="23506" Z="0"/><Vertex X="20572" Y="23506" Z="0"/><Vertex X="20605" Y="23506" Z="0"/><Vertex X="20670" Y="23506" Z="0"/><Vertex X="20735" Y="23506" Z="0"/><Vertex X="20768" Y="23473" Z="0"/><Vertex X="20833" Y="23473" Z="0"/><Vertex X="20898" Y="23473" Z="0"/><Vertex X="20931" Y="23473" Z="0"/><Vertex X="20996" Y="23473" Z="0"/><Vertex X="21028" Y="23473" Z="0"/><Vertex X="21094" Y="23473" Z="0"/><Vertex X="21159" Y="23408" Z="0"/><Vertex X="21191" Y="23408" Z="0"/><Vertex X="21289" Y="23343" Z="0"/><Vertex X="21355" Y="23343" Z="0"/><Vertex X="21452" Y="23245" Z="0"/><Vertex X="21518" Y="23245" Z="0"/><Vertex X="21583" Y="23180" Z="0"/><Vertex X="21648" Y="23180" Z="0"/><Vertex X="21681" Y="23147" Z="0"/><Vertex X="21778" Y="23082" Z="0"/><Vertex X="21876" Y="23017" Z="0"/><Vertex X="21941" Y="22951" Z="0"/><Vertex X="22039" Y="22886" Z="0"/><Vertex X="22072" Y="22821" Z="0"/><Vertex X="22137" Y="22821" Z="0"/><Vertex X="22137" Y="22788" Z="0"/><Vertex X="22202" Y="22788" Z="0"/><Vertex X="22202" Y="22723" Z="0"/><Vertex X="22235" Y="22723" Z="0"/><Vertex X="22235" Y="22691" Z="0"/><Vertex X="22300" Y="22691" Z="0"/><Vertex X="22300" Y="22625" Z="0"/><Vertex X="22333" Y="22625" Z="0"/><Vertex X="22333" Y="22560" Z="0"/><Vertex X="22398" Y="22560" Z="0"/><Vertex X="22463" Y="22560" Z="0"/><Vertex X="22463" Y="22528" Z="0"/><Vertex X="22496" Y="22528" Z="0"/><Vertex X="22593" Y="22528" Z="0"/><Vertex X="22593" Y="22462" Z="0"/><Vertex X="22659" Y="22462" Z="0"/><Vertex X="22724" Y="22397" Z="0"/><Vertex X="22822" Y="22397" Z="0"/><Vertex X="22887" Y="22365" Z="0"/><Vertex X="22952" Y="22365" Z="0"/><Vertex X="22952" Y="22299" Z="0"/><Vertex X="23017" Y="22299" Z="0"/><Vertex X="23082" Y="22234" Z="0"/><Vertex X="23115" Y="22234" Z="0"/><Vertex X="23115" Y="22202" Z="0"/><Vertex X="23180" Y="22136" Z="0"/><Vertex X="23180" Y="22071" Z="0"/><Vertex X="23278" Y="22071" Z="0"/><Vertex X="23278" Y="22039" Z="0"/><Vertex X="23311" Y="22039" Z="0"/><Vertex X="23311" Y="21973" Z="0"/><Vertex X="23376" Y="21973" Z="0"/><Vertex X="23376" Y="21908" Z="0"/><Vertex X="23441" Y="21876" Z="0"/><Vertex X="23441" Y="21778" Z="0"/><Vertex X="23441" Y="21680" Z="0"/><Vertex X="23474" Y="21680" Z="0"/><Vertex X="23474" Y="21615" Z="0"/><Vertex X="23474" Y="21517" Z="0"/><Vertex X="23474" Y="21419" Z="0"/><Vertex X="23474" Y="21387" Z="0"/><Vertex X="23474" Y="21321" Z="0"/><Vertex X="23474" Y="21224" Z="0"/><Vertex X="23474" Y="21158" Z="0"/><Vertex X="23474" Y="21061" Z="0"/><Vertex X="23408" Y="21061" Z="0"/><Vertex X="23408" Y="20963" Z="0"/><Vertex X="23343" Y="20930" Z="0"/><Vertex X="23311" Y="20865" Z="0"/><Vertex X="23245" Y="20800" Z="0"/><Vertex X="23180" Y="20735" Z="0"/><Vertex X="23115" Y="20702" Z="0"/><Vertex X="23082" Y="20702" Z="0"/><Vertex X="23082" Y="20637" Z="0"/><Vertex X="23017" Y="20637" Z="0"/><Vertex X="22919" Y="20637" Z="0"/><Vertex X="22854" Y="20572" Z="0"/><Vertex X="22756" Y="20572" Z="0"/><Vertex X="22659" Y="20572" Z="0"/><Vertex X="22593" Y="20506" Z="0"/><Vertex X="22496" Y="20506" Z="0"/><Vertex X="22398" Y="20506" Z="0"/><Vertex X="22365" Y="20506" Z="0"/><Vertex X="22267" Y="20506" Z="0"/><Vertex X="22170" Y="20506" Z="0"/><Vertex X="22137" Y="20506" Z="0"/><Vertex X="22072" Y="20506" Z="0"/><Vertex X="22072" Y="20474" Z="0"/><Vertex X="22039" Y="20474" Z="0"/><Vertex X="22039" Y="20409" Z="0"/><Vertex X="21974" Y="20409" Z="0"/><Vertex X="21909" Y="20343" Z="0"/><Vertex X="21876" Y="20343" Z="0"/><Vertex X="21876" Y="20311" Z="0"/><Vertex X="21811" Y="20311" Z="0"/><Vertex X="21746" Y="20311" Z="0"/><Vertex X="21746" Y="20246" Z="0"/><Vertex X="21681" Y="20246" Z="0"/><Vertex X="21583" Y="20246" Z="0"/><Vertex X="21485" Y="20246" Z="0"/><Vertex X="21452" Y="20278" Z="0"/><Vertex X="21387" Y="20278" Z="0"/><Vertex X="21289" Y="20278" Z="0"/><Vertex X="21224" Y="20343" Z="0"/><Vertex X="21159" Y="20343" Z="0"/><Vertex X="21061" Y="20441" Z="0"/><Vertex X="20963" Y="20506" Z="0"/><Vertex X="20931" Y="20506" Z="0"/><Vertex X="20865" Y="20539" Z="0"/><Vertex X="20768" Y="20604" Z="0"/><Vertex X="20702" Y="20604" Z="0"/><Vertex X="20670" Y="20669" Z="0"/><Vertex X="20605" Y="20669" Z="0"/><Vertex X="20539" Y="20735" Z="0"/><Vertex X="20507" Y="20735" Z="0"/><Vertex X="20442" Y="20800" Z="0"/><Vertex X="20376" Y="20800" Z="0"/><Vertex X="20344" Y="20832" Z="0"/><Vertex X="20279" Y="20832" Z="0"/><Vertex X="20213" Y="20832" Z="0"/><Vertex X="20181" Y="20898" Z="0"/><Vertex X="20116" Y="20898" Z="0"/><Vertex X="19985" Y="20963" Z="0"/><Vertex X="19920" Y="20963" Z="0"/><Vertex X="19790" Y="21028" Z="0"/><Vertex X="19757" Y="21028" Z="0"/><Vertex X="19692" Y="21028" Z="0"/><Vertex X="19627" Y="21093" Z="0"/><Vertex X="19594" Y="21093" Z="0"/><Vertex X="19529" Y="21093" Z="0"/><Vertex X="19464" Y="21158" Z="0"/><Vertex X="19431" Y="21158" Z="0"/><Vertex X="19366" Y="21158" Z="0"/><Vertex X="19333" Y="21158" Z="0"/><Vertex X="19268" Y="21158" Z="0"/><Vertex X="19203" Y="21224" Z="0"/><Vertex X="19170" Y="21224" Z="0"/><Vertex X="19105" Y="21224" Z="0"/><Vertex X="19007" Y="21256" Z="0"/><Vertex X="18975" Y="21256" Z="0"/><Vertex X="18877" Y="21256" Z="0"/><Vertex X="18779" Y="21256" Z="0"/><Vertex X="18714" Y="21256" Z="0"/><Vertex X="18616" Y="21256" Z="0"/><Vertex X="18518" Y="21256" Z="0"/><Vertex X="18486" Y="21256" Z="0"/><Vertex X="18420" Y="21321" Z="0"/><Vertex X="18355" Y="21321" Z="0"/><Vertex X="18290" Y="21321" Z="0"/><Vertex X="18290" Y="21387" Z="0"/><Vertex X="18192" Y="21387" Z="0"/><Vertex X="18094" Y="21452" Z="0"/><Vertex X="18062" Y="21452" Z="0"/><Vertex X="18062" Y="21484" Z="0"/><Vertex X="17997" Y="21484" Z="0"/><Vertex X="17997" Y="21550" Z="0"/><Vertex X="17931" Y="21550" Z="0"/><Vertex X="17931" Y="21582" Z="0"/><Vertex X="17931" Y="21647" Z="0"/><Vertex X="17899" Y="21647" Z="0"/><Vertex X="17899" Y="21713" Z="0"/><Vertex X="17899" Y="21745" Z="0"/><Vertex X="17899" Y="21843" Z="0"/></Vertices></Region></Regions><Plots></Plots></Annotation></Annotations>
