<Annotations MicronsPerPixel="0.493400">
	<Annotation Id="1" Name="" ReadOnly="0" NameReadOnly="0" LineColorReadOnly="0" Incremental="0" Type="4" LineColor="65280" Visible="1" Selected="1" MarkupImagePath="" MacroName=""><Attributes></Attributes><Regions><RegionAttributeHeaders></RegionAttributeHeaders><Region Id="1" Type="0" Zoom="0.025240" Selected="0" ImageLocation="" ImageFocus="-1" Length="22082.2" Area="20436554.5" LengthMicrons="10895.4" AreaMicrons="4975147.7" Text="" NegativeROA="0" InputRegionId="0" Analyze="1" DisplayId="1"><Attributes></Attributes><Vertices><Vertex X="16521" Y="3922" Z="0"/><Vertex X="16442" Y="3962" Z="0"/><Vertex X="16323" Y="4041" Z="0"/><Vertex X="16165" Y="4120" Z="0"/><Vertex X="16086" Y="4120" Z="0"/><Vertex X="16006" Y="4200" Z="0"/><Vertex X="15967" Y="4200" Z="0"/><Vertex X="15967" Y="4279" Z="0"/><Vertex X="15848" Y="4279" Z="0"/><Vertex X="15848" Y="4319" Z="0"/><Vertex X="15729" Y="4319" Z="0"/><Vertex X="15729" Y="4398" Z="0"/><Vertex X="15689" Y="4398" Z="0"/><Vertex X="15689" Y="4437" Z="0"/><Vertex X="15610" Y="4437" Z="0"/><Vertex X="15610" Y="4517" Z="0"/><Vertex X="15571" Y="4517" Z="0"/><Vertex X="15571" Y="4596" Z="0"/><Vertex X="15571" Y="4636" Z="0"/><Vertex X="15571" Y="4754" Z="0"/><Vertex X="15571" Y="4834" Z="0"/><Vertex X="15571" Y="4873" Z="0"/><Vertex X="15571" Y="4992" Z="0"/><Vertex X="15571" Y="5071" Z="0"/><Vertex X="15650" Y="5071" Z="0"/><Vertex X="15650" Y="5190" Z="0"/><Vertex X="15689" Y="5190" Z="0"/><Vertex X="15689" Y="5309" Z="0"/><Vertex X="15769" Y="5309" Z="0"/><Vertex X="15769" Y="5428" Z="0"/><Vertex X="15848" Y="5507" Z="0"/><Vertex X="15927" Y="5586" Z="0"/><Vertex X="16006" Y="5705" Z="0"/><Vertex X="16046" Y="5785" Z="0"/><Vertex X="16125" Y="5824" Z="0"/><Vertex X="16205" Y="5903" Z="0"/><Vertex X="16284" Y="5983" Z="0"/><Vertex X="16323" Y="6062" Z="0"/><Vertex X="16442" Y="6062" Z="0"/><Vertex X="16442" Y="6101" Z="0"/><Vertex X="16521" Y="6101" Z="0"/><Vertex X="16601" Y="6181" Z="0"/><Vertex X="16640" Y="6181" Z="0"/><Vertex X="16640" Y="6260" Z="0"/><Vertex X="16720" Y="6260" Z="0"/><Vertex X="16759" Y="6339" Z="0"/><Vertex X="16838" Y="6339" Z="0"/><Vertex X="16918" Y="6379" Z="0"/><Vertex X="16997" Y="6458" Z="0"/><Vertex X="17037" Y="6537" Z="0"/><Vertex X="17037" Y="6577" Z="0"/><Vertex X="17116" Y="6577" Z="0"/><Vertex X="17195" Y="6577" Z="0"/><Vertex X="17235" Y="6656" Z="0"/><Vertex X="17314" Y="6656" Z="0"/><Vertex X="17433" Y="6656" Z="0"/><Vertex X="17472" Y="6656" Z="0"/><Vertex X="17552" Y="6656" Z="0"/><Vertex X="17670" Y="6617" Z="0"/><Vertex X="17750" Y="6617" Z="0"/><Vertex X="17750" Y="6577" Z="0"/><Vertex X="17869" Y="6577" Z="0"/><Vertex X="17987" Y="6577" Z="0"/><Vertex X="17987" Y="6498" Z="0"/><Vertex X="18027" Y="6498" Z="0"/><Vertex X="18146" Y="6418" Z="0"/><Vertex X="18225" Y="6379" Z="0"/><Vertex X="18344" Y="6300" Z="0"/><Vertex X="18423" Y="6220" Z="0"/><Vertex X="18542" Y="6141" Z="0"/><Vertex X="18661" Y="6062" Z="0"/><Vertex X="18780" Y="6062" Z="0"/><Vertex X="18780" Y="5983" Z="0"/><Vertex X="18859" Y="5983" Z="0"/><Vertex X="18978" Y="5943" Z="0"/><Vertex X="19057" Y="5943" Z="0"/><Vertex X="19057" Y="5864" Z="0"/><Vertex X="19176" Y="5864" Z="0"/><Vertex X="19255" Y="5785" Z="0"/><Vertex X="19374" Y="5705" Z="0"/><Vertex X="19453" Y="5705" Z="0"/><Vertex X="19453" Y="5666" Z="0"/><Vertex X="19493" Y="5666" Z="0"/><Vertex X="19572" Y="5586" Z="0"/><Vertex X="19651" Y="5586" Z="0"/><Vertex X="19691" Y="5507" Z="0"/><Vertex X="19810" Y="5507" Z="0"/><Vertex X="19810" Y="5468" Z="0"/><Vertex X="19889" Y="5468" Z="0"/><Vertex X="19929" Y="5468" Z="0"/><Vertex X="19929" Y="5388" Z="0"/><Vertex X="20008" Y="5388" Z="0"/><Vertex X="20087" Y="5388" Z="0"/><Vertex X="20087" Y="5309" Z="0"/><Vertex X="20127" Y="5309" Z="0"/><Vertex X="20206" Y="5309" Z="0"/><Vertex X="20206" Y="5269" Z="0"/><Vertex X="20246" Y="5269" Z="0"/><Vertex X="20325" Y="5190" Z="0"/><Vertex X="20404" Y="5190" Z="0"/><Vertex X="20444" Y="5190" Z="0"/><Vertex X="20444" Y="5111" Z="0"/><Vertex X="20563" Y="5111" Z="0"/><Vertex X="20563" Y="5071" Z="0"/><Vertex X="20682" Y="5071" Z="0"/><Vertex X="20721" Y="4992" Z="0"/><Vertex X="20800" Y="4992" Z="0"/><Vertex X="20800" Y="4913" Z="0"/><Vertex X="20880" Y="4913" Z="0"/><Vertex X="20919" Y="4913" Z="0"/><Vertex X="20919" Y="4873" Z="0"/><Vertex X="20999" Y="4873" Z="0"/><Vertex X="21038" Y="4873" Z="0"/><Vertex X="21117" Y="4873" Z="0"/><Vertex X="21117" Y="4794" Z="0"/><Vertex X="21236" Y="4794" Z="0"/><Vertex X="21316" Y="4794" Z="0"/><Vertex X="21395" Y="4715" Z="0"/><Vertex X="21474" Y="4715" Z="0"/><Vertex X="21553" Y="4675" Z="0"/><Vertex X="21632" Y="4675" Z="0"/><Vertex X="21712" Y="4596" Z="0"/><Vertex X="21791" Y="4596" Z="0"/><Vertex X="21791" Y="4517" Z="0"/><Vertex X="21831" Y="4517" Z="0"/><Vertex X="21949" Y="4437" Z="0"/><Vertex X="22068" Y="4358" Z="0"/><Vertex X="22108" Y="4358" Z="0"/><Vertex X="22108" Y="4319" Z="0"/><Vertex X="22187" Y="4319" Z="0"/><Vertex X="22187" Y="4239" Z="0"/><Vertex X="22266" Y="4239" Z="0"/><Vertex X="22306" Y="4160" Z="0"/><Vertex X="22385" Y="4160" Z="0"/><Vertex X="22385" Y="4120" Z="0"/><Vertex X="22464" Y="4120" Z="0"/><Vertex X="22464" Y="4041" Z="0"/><Vertex X="22504" Y="4041" Z="0"/><Vertex X="22504" Y="4002" Z="0"/><Vertex X="22583" Y="4002" Z="0"/><Vertex X="22583" Y="3922" Z="0"/><Vertex X="22623" Y="3922" Z="0"/><Vertex X="22623" Y="3843" Z="0"/><Vertex X="22702" Y="3843" Z="0"/><Vertex X="22702" Y="3804" Z="0"/><Vertex X="22781" Y="3724" Z="0"/><Vertex X="22781" Y="3685" Z="0"/><Vertex X="22821" Y="3685" Z="0"/><Vertex X="22821" Y="3605" Z="0"/><Vertex X="22900" Y="3605" Z="0"/><Vertex X="22900" Y="3526" Z="0"/><Vertex X="22980" Y="3526" Z="0"/><Vertex X="22980" Y="3487" Z="0"/><Vertex X="22980" Y="3407" Z="0"/><Vertex X="23019" Y="3407" Z="0"/><Vertex X="23019" Y="3368" Z="0"/><Vertex X="23019" Y="3249" Z="0"/><Vertex X="23098" Y="3249" Z="0"/><Vertex X="23098" Y="3170" Z="0"/><Vertex X="23098" Y="3130" Z="0"/><Vertex X="23098" Y="3051" Z="0"/><Vertex X="23138" Y="3051" Z="0"/><Vertex X="23138" Y="2932" Z="0"/><Vertex X="23138" Y="2892" Z="0"/><Vertex X="23138" Y="2813" Z="0"/><Vertex X="23138" Y="2773" Z="0"/><Vertex X="23138" Y="2694" Z="0"/><Vertex X="23138" Y="2615" Z="0"/><Vertex X="23138" Y="2575" Z="0"/><Vertex X="23138" Y="2496" Z="0"/><Vertex X="23138" Y="2456" Z="0"/><Vertex X="23138" Y="2377" Z="0"/><Vertex X="23059" Y="2377" Z="0"/><Vertex X="23059" Y="2298" Z="0"/><Vertex X="23019" Y="2298" Z="0"/><Vertex X="23019" Y="2258" Z="0"/><Vertex X="22940" Y="2179" Z="0"/><Vertex X="22861" Y="2100" Z="0"/><Vertex X="22781" Y="2100" Z="0"/><Vertex X="22742" Y="2021" Z="0"/><Vertex X="22663" Y="2021" Z="0"/><Vertex X="22583" Y="2021" Z="0"/><Vertex X="22504" Y="2021" Z="0"/><Vertex X="22425" Y="2021" Z="0"/><Vertex X="22385" Y="2021" Z="0"/><Vertex X="22266" Y="2021" Z="0"/><Vertex X="22148" Y="2021" Z="0"/><Vertex X="22068" Y="2021" Z="0"/><Vertex X="21989" Y="2021" Z="0"/><Vertex X="21910" Y="2021" Z="0"/><Vertex X="21870" Y="2021" Z="0"/><Vertex X="21791" Y="2021" Z="0"/><Vertex X="21751" Y="2021" Z="0"/><Vertex X="21672" Y="2021" Z="0"/><Vertex X="21593" Y="2021" Z="0"/><Vertex X="21553" Y="2021" Z="0"/><Vertex X="21474" Y="2021" Z="0"/><Vertex X="21434" Y="2021" Z="0"/><Vertex X="21316" Y="2021" Z="0"/><Vertex X="21236" Y="2021" Z="0"/><Vertex X="21197" Y="2021" Z="0"/><Vertex X="21117" Y="2021" Z="0"/><Vertex X="21038" Y="2021" Z="0"/><Vertex X="20999" Y="2021" Z="0"/><Vertex X="20919" Y="2021" Z="0"/><Vertex X="20880" Y="2021" Z="0"/><Vertex X="20761" Y="2021" Z="0"/><Vertex X="20642" Y="2021" Z="0"/><Vertex X="20602" Y="2021" Z="0"/><Vertex X="20483" Y="2021" Z="0"/><Vertex X="20404" Y="2021" Z="0"/><Vertex X="20365" Y="2021" Z="0"/><Vertex X="20285" Y="2060" Z="0"/><Vertex X="20167" Y="2060" Z="0"/><Vertex X="20087" Y="2060" Z="0"/><Vertex X="20008" Y="2139" Z="0"/><Vertex X="19889" Y="2139" Z="0"/><Vertex X="19810" Y="2139" Z="0"/><Vertex X="19731" Y="2139" Z="0"/><Vertex X="19651" Y="2219" Z="0"/><Vertex X="19612" Y="2219" Z="0"/><Vertex X="19533" Y="2219" Z="0"/><Vertex X="19453" Y="2298" Z="0"/><Vertex X="19414" Y="2298" Z="0"/><Vertex X="19335" Y="2338" Z="0"/><Vertex X="19216" Y="2338" Z="0"/><Vertex X="19216" Y="2417" Z="0"/><Vertex X="19136" Y="2417" Z="0"/><Vertex X="19018" Y="2496" Z="0"/><Vertex X="18899" Y="2496" Z="0"/><Vertex X="18899" Y="2536" Z="0"/><Vertex X="18819" Y="2536" Z="0"/><Vertex X="18780" Y="2615" Z="0"/><Vertex X="18701" Y="2615" Z="0"/><Vertex X="18701" Y="2694" Z="0"/><Vertex X="18621" Y="2694" Z="0"/><Vertex X="18621" Y="2734" Z="0"/><Vertex X="18582" Y="2734" Z="0"/><Vertex X="18502" Y="2813" Z="0"/><Vertex X="18463" Y="2813" Z="0"/><Vertex X="18463" Y="2892" Z="0"/><Vertex X="18384" Y="2892" Z="0"/><Vertex X="18304" Y="2892" Z="0"/><Vertex X="18304" Y="2932" Z="0"/><Vertex X="18265" Y="2932" Z="0"/><Vertex X="18265" Y="3011" Z="0"/><Vertex X="18186" Y="3011" Z="0"/><Vertex X="18146" Y="3011" Z="0"/><Vertex X="18146" Y="3090" Z="0"/><Vertex X="18067" Y="3090" Z="0"/><Vertex X="17987" Y="3090" Z="0"/><Vertex X="17987" Y="3130" Z="0"/><Vertex X="17948" Y="3130" Z="0"/><Vertex X="17869" Y="3209" Z="0"/><Vertex X="17789" Y="3209" Z="0"/><Vertex X="17789" Y="3288" Z="0"/><Vertex X="17750" Y="3288" Z="0"/><Vertex X="17670" Y="3288" Z="0"/><Vertex X="17670" Y="3328" Z="0"/><Vertex X="17631" Y="3328" Z="0"/><Vertex X="17552" Y="3328" Z="0"/><Vertex X="17552" Y="3407" Z="0"/><Vertex X="17472" Y="3407" Z="0"/><Vertex X="17433" Y="3487" Z="0"/><Vertex X="17353" Y="3487" Z="0"/><Vertex X="17353" Y="3526" Z="0"/><Vertex X="17274" Y="3526" Z="0"/><Vertex X="17235" Y="3526" Z="0"/><Vertex X="17155" Y="3605" Z="0"/><Vertex X="17076" Y="3605" Z="0"/><Vertex X="17037" Y="3685" Z="0"/><Vertex X="16957" Y="3685" Z="0"/><Vertex X="16838" Y="3685" Z="0"/><Vertex X="16838" Y="3724" Z="0"/><Vertex X="16799" Y="3724" Z="0"/><Vertex X="16720" Y="3724" Z="0"/><Vertex X="16720" Y="3804" Z="0"/><Vertex X="16680" Y="3804" Z="0"/><Vertex X="16601" Y="3804" Z="0"/><Vertex X="16521" Y="3883" Z="0"/><Vertex X="16521" Y="3922" Z="0"/></Vertices></Region><Region Id="2" Type="0" Zoom="0.025240" Selected="0" ImageLocation="" ImageFocus="-1" Length="26205.7" Area="26501357.0" LengthMicrons="12929.9" AreaMicrons="6451584.9" Text="" NegativeROA="0" InputRegionId="0" Analyze="1" DisplayId="2"><Attributes></Attributes><Vertices><Vertex X="7369" Y="5269" Z="0"/><Vertex X="7250" Y="5269" Z="0"/><Vertex X="7132" Y="5269" Z="0"/><Vertex X="7092" Y="5269" Z="0"/><Vertex X="7092" Y="5309" Z="0"/><Vertex X="6973" Y="5309" Z="0"/><Vertex X="6815" Y="5388" Z="0"/><Vertex X="6775" Y="5388" Z="0"/><Vertex X="6775" Y="5428" Z="0"/><Vertex X="6656" Y="5428" Z="0"/><Vertex X="6537" Y="5547" Z="0"/><Vertex X="6458" Y="5547" Z="0"/><Vertex X="6458" Y="5626" Z="0"/><Vertex X="6418" Y="5626" Z="0"/><Vertex X="6418" Y="5666" Z="0"/><Vertex X="6339" Y="5666" Z="0"/><Vertex X="6339" Y="5745" Z="0"/><Vertex X="6339" Y="5824" Z="0"/><Vertex X="6299" Y="5824" Z="0"/><Vertex X="6299" Y="5864" Z="0"/><Vertex X="6299" Y="5943" Z="0"/><Vertex X="6220" Y="5943" Z="0"/><Vertex X="6220" Y="5983" Z="0"/><Vertex X="6220" Y="6062" Z="0"/><Vertex X="6141" Y="6141" Z="0"/><Vertex X="6141" Y="6181" Z="0"/><Vertex X="6101" Y="6181" Z="0"/><Vertex X="6101" Y="6260" Z="0"/><Vertex X="6022" Y="6339" Z="0"/><Vertex X="5943" Y="6418" Z="0"/><Vertex X="5864" Y="6458" Z="0"/><Vertex X="5864" Y="6537" Z="0"/><Vertex X="5824" Y="6537" Z="0"/><Vertex X="5824" Y="6617" Z="0"/><Vertex X="5824" Y="6656" Z="0"/><Vertex X="5824" Y="6735" Z="0"/><Vertex X="5824" Y="6775" Z="0"/><Vertex X="5824" Y="6854" Z="0"/><Vertex X="5903" Y="6934" Z="0"/><Vertex X="5983" Y="7013" Z="0"/><Vertex X="6062" Y="7013" Z="0"/><Vertex X="6062" Y="7052" Z="0"/><Vertex X="6101" Y="7052" Z="0"/><Vertex X="6220" Y="7132" Z="0"/><Vertex X="6299" Y="7132" Z="0"/><Vertex X="6299" Y="7211" Z="0"/><Vertex X="6379" Y="7211" Z="0"/><Vertex X="6458" Y="7290" Z="0"/><Vertex X="6577" Y="7290" Z="0"/><Vertex X="6616" Y="7290" Z="0"/><Vertex X="6616" Y="7330" Z="0"/><Vertex X="6735" Y="7330" Z="0"/><Vertex X="6854" Y="7330" Z="0"/><Vertex X="6854" Y="7409" Z="0"/><Vertex X="6933" Y="7409" Z="0"/><Vertex X="7013" Y="7488" Z="0"/><Vertex X="7092" Y="7488" Z="0"/><Vertex X="7092" Y="7528" Z="0"/><Vertex X="7132" Y="7528" Z="0"/><Vertex X="7211" Y="7607" Z="0"/><Vertex X="7290" Y="7607" Z="0"/><Vertex X="7290" Y="7647" Z="0"/><Vertex X="7369" Y="7647" Z="0"/><Vertex X="7448" Y="7647" Z="0"/><Vertex X="7448" Y="7726" Z="0"/><Vertex X="7528" Y="7726" Z="0"/><Vertex X="7567" Y="7805" Z="0"/><Vertex X="7647" Y="7805" Z="0"/><Vertex X="7765" Y="7884" Z="0"/><Vertex X="7805" Y="7884" Z="0"/><Vertex X="7924" Y="7964" Z="0"/><Vertex X="8003" Y="7964" Z="0"/><Vertex X="8082" Y="8003" Z="0"/><Vertex X="8122" Y="8003" Z="0"/><Vertex X="8201" Y="8082" Z="0"/><Vertex X="8280" Y="8082" Z="0"/><Vertex X="8280" Y="8162" Z="0"/><Vertex X="8320" Y="8162" Z="0"/><Vertex X="8320" Y="8201" Z="0"/><Vertex X="8399" Y="8201" Z="0"/><Vertex X="8439" Y="8281" Z="0"/><Vertex X="8558" Y="8281" Z="0"/><Vertex X="8677" Y="8281" Z="0"/><Vertex X="8756" Y="8360" Z="0"/><Vertex X="8796" Y="8360" Z="0"/><Vertex X="8875" Y="8360" Z="0"/><Vertex X="8914" Y="8360" Z="0"/><Vertex X="9033" Y="8360" Z="0"/><Vertex X="9033" Y="8439" Z="0"/><Vertex X="9152" Y="8439" Z="0"/><Vertex X="9192" Y="8439" Z="0"/><Vertex X="9271" Y="8439" Z="0"/><Vertex X="9350" Y="8439" Z="0"/><Vertex X="9390" Y="8439" Z="0"/><Vertex X="9469" Y="8479" Z="0"/><Vertex X="9548" Y="8479" Z="0"/><Vertex X="9588" Y="8479" Z="0"/><Vertex X="9667" Y="8479" Z="0"/><Vertex X="9707" Y="8479" Z="0"/><Vertex X="9786" Y="8479" Z="0"/><Vertex X="9865" Y="8479" Z="0"/><Vertex X="9905" Y="8479" Z="0"/><Vertex X="9984" Y="8479" Z="0"/><Vertex X="10024" Y="8479" Z="0"/><Vertex X="10103" Y="8479" Z="0"/><Vertex X="10182" Y="8479" Z="0"/><Vertex X="10222" Y="8558" Z="0"/><Vertex X="10301" Y="8558" Z="0"/><Vertex X="10380" Y="8558" Z="0"/><Vertex X="10420" Y="8558" Z="0"/><Vertex X="10499" Y="8558" Z="0"/><Vertex X="10539" Y="8558" Z="0"/><Vertex X="10658" Y="8558" Z="0"/><Vertex X="10777" Y="8558" Z="0"/><Vertex X="10856" Y="8558" Z="0"/><Vertex X="10935" Y="8558" Z="0"/><Vertex X="11014" Y="8558" Z="0"/><Vertex X="11054" Y="8637" Z="0"/><Vertex X="11133" Y="8637" Z="0"/><Vertex X="11173" Y="8637" Z="0"/><Vertex X="11331" Y="8637" Z="0"/><Vertex X="11450" Y="8637" Z="0"/><Vertex X="11569" Y="8637" Z="0"/><Vertex X="11648" Y="8637" Z="0"/><Vertex X="11807" Y="8637" Z="0"/><Vertex X="11926" Y="8716" Z="0"/><Vertex X="11965" Y="8716" Z="0"/><Vertex X="12044" Y="8716" Z="0"/><Vertex X="12163" Y="8716" Z="0"/><Vertex X="12243" Y="8716" Z="0"/><Vertex X="12322" Y="8796" Z="0"/><Vertex X="12441" Y="8796" Z="0"/><Vertex X="12520" Y="8796" Z="0"/><Vertex X="12639" Y="8796" Z="0"/><Vertex X="12718" Y="8796" Z="0"/><Vertex X="12797" Y="8796" Z="0"/><Vertex X="12876" Y="8796" Z="0"/><Vertex X="12876" Y="8835" Z="0"/><Vertex X="12995" Y="8835" Z="0"/><Vertex X="13035" Y="8835" Z="0"/><Vertex X="13154" Y="8835" Z="0"/><Vertex X="13233" Y="8835" Z="0"/><Vertex X="13273" Y="8835" Z="0"/><Vertex X="13352" Y="8835" Z="0"/><Vertex X="13391" Y="8835" Z="0"/><Vertex X="13471" Y="8835" Z="0"/><Vertex X="13590" Y="8835" Z="0"/><Vertex X="13669" Y="8835" Z="0"/><Vertex X="13748" Y="8835" Z="0"/><Vertex X="13788" Y="8835" Z="0"/><Vertex X="13867" Y="8835" Z="0"/><Vertex X="13946" Y="8835" Z="0"/><Vertex X="13986" Y="8835" Z="0"/><Vertex X="14065" Y="8835" Z="0"/><Vertex X="14105" Y="8835" Z="0"/><Vertex X="14224" Y="8835" Z="0"/><Vertex X="14342" Y="8835" Z="0"/><Vertex X="14461" Y="8796" Z="0"/><Vertex X="14501" Y="8796" Z="0"/><Vertex X="14580" Y="8796" Z="0"/><Vertex X="14659" Y="8716" Z="0"/><Vertex X="14699" Y="8716" Z="0"/><Vertex X="14778" Y="8677" Z="0"/><Vertex X="14857" Y="8677" Z="0"/><Vertex X="14897" Y="8598" Z="0"/><Vertex X="14976" Y="8598" Z="0"/><Vertex X="14976" Y="8518" Z="0"/><Vertex X="15056" Y="8518" Z="0"/><Vertex X="15095" Y="8479" Z="0"/><Vertex X="15174" Y="8479" Z="0"/><Vertex X="15254" Y="8399" Z="0"/><Vertex X="15333" Y="8399" Z="0"/><Vertex X="15333" Y="8320" Z="0"/><Vertex X="15412" Y="8320" Z="0"/><Vertex X="15531" Y="8241" Z="0"/><Vertex X="15610" Y="8162" Z="0"/><Vertex X="15650" Y="8122" Z="0"/><Vertex X="15729" Y="8043" Z="0"/><Vertex X="15808" Y="7964" Z="0"/><Vertex X="15888" Y="7884" Z="0"/><Vertex X="15927" Y="7845" Z="0"/><Vertex X="15927" Y="7766" Z="0"/><Vertex X="15927" Y="7686" Z="0"/><Vertex X="15927" Y="7647" Z="0"/><Vertex X="15927" Y="7567" Z="0"/><Vertex X="15927" Y="7488" Z="0"/><Vertex X="15808" Y="7449" Z="0"/><Vertex X="15729" Y="7449" Z="0"/><Vertex X="15650" Y="7369" Z="0"/><Vertex X="15571" Y="7369" Z="0"/><Vertex X="15571" Y="7250" Z="0"/><Vertex X="15452" Y="7250" Z="0"/><Vertex X="15372" Y="7171" Z="0"/><Vertex X="15333" Y="7132" Z="0"/><Vertex X="15333" Y="7052" Z="0"/><Vertex X="15333" Y="6973" Z="0"/><Vertex X="15333" Y="6894" Z="0"/><Vertex X="15333" Y="6775" Z="0"/><Vertex X="15333" Y="6656" Z="0"/><Vertex X="15254" Y="6656" Z="0"/><Vertex X="15254" Y="6617" Z="0"/><Vertex X="15254" Y="6537" Z="0"/><Vertex X="15254" Y="6498" Z="0"/><Vertex X="15254" Y="6418" Z="0"/><Vertex X="15254" Y="6339" Z="0"/><Vertex X="15174" Y="6300" Z="0"/><Vertex X="15174" Y="6220" Z="0"/><Vertex X="15174" Y="6141" Z="0"/><Vertex X="15174" Y="6101" Z="0"/><Vertex X="15174" Y="6022" Z="0"/><Vertex X="15135" Y="6022" Z="0"/><Vertex X="15135" Y="5983" Z="0"/><Vertex X="15135" Y="5903" Z="0"/><Vertex X="15056" Y="5785" Z="0"/><Vertex X="15056" Y="5745" Z="0"/><Vertex X="15056" Y="5666" Z="0"/><Vertex X="14976" Y="5586" Z="0"/><Vertex X="14976" Y="5547" Z="0"/><Vertex X="14976" Y="5468" Z="0"/><Vertex X="14897" Y="5468" Z="0"/><Vertex X="14897" Y="5388" Z="0"/><Vertex X="14897" Y="5349" Z="0"/><Vertex X="14857" Y="5349" Z="0"/><Vertex X="14857" Y="5269" Z="0"/><Vertex X="14778" Y="5190" Z="0"/><Vertex X="14699" Y="5190" Z="0"/><Vertex X="14659" Y="5190" Z="0"/><Vertex X="14580" Y="5190" Z="0"/><Vertex X="14540" Y="5190" Z="0"/><Vertex X="14461" Y="5190" Z="0"/><Vertex X="14342" Y="5190" Z="0"/><Vertex X="14342" Y="5230" Z="0"/><Vertex X="14303" Y="5230" Z="0"/><Vertex X="14224" Y="5309" Z="0"/><Vertex X="14144" Y="5309" Z="0"/><Vertex X="14105" Y="5388" Z="0"/><Vertex X="14025" Y="5388" Z="0"/><Vertex X="13946" Y="5428" Z="0"/><Vertex X="13907" Y="5428" Z="0"/><Vertex X="13827" Y="5507" Z="0"/><Vertex X="13748" Y="5507" Z="0"/><Vertex X="13708" Y="5507" Z="0"/><Vertex X="13708" Y="5586" Z="0"/><Vertex X="13590" Y="5586" Z="0"/><Vertex X="13471" Y="5586" Z="0"/><Vertex X="13352" Y="5666" Z="0"/><Vertex X="13312" Y="5666" Z="0"/><Vertex X="13233" Y="5666" Z="0"/><Vertex X="13193" Y="5666" Z="0"/><Vertex X="13193" Y="5705" Z="0"/><Vertex X="13114" Y="5705" Z="0"/><Vertex X="13035" Y="5705" Z="0"/><Vertex X="12995" Y="5705" Z="0"/><Vertex X="12916" Y="5705" Z="0"/><Vertex X="12876" Y="5705" Z="0"/><Vertex X="12876" Y="5785" Z="0"/><Vertex X="12797" Y="5785" Z="0"/><Vertex X="12718" Y="5785" Z="0"/><Vertex X="12678" Y="5785" Z="0"/><Vertex X="12559" Y="5785" Z="0"/><Vertex X="12480" Y="5785" Z="0"/><Vertex X="12401" Y="5785" Z="0"/><Vertex X="12322" Y="5785" Z="0"/><Vertex X="12282" Y="5785" Z="0"/><Vertex X="12203" Y="5785" Z="0"/><Vertex X="12163" Y="5785" Z="0"/><Vertex X="12044" Y="5785" Z="0"/><Vertex X="11926" Y="5785" Z="0"/><Vertex X="11846" Y="5785" Z="0"/><Vertex X="11767" Y="5785" Z="0"/><Vertex X="11648" Y="5785" Z="0"/><Vertex X="11569" Y="5785" Z="0"/><Vertex X="11450" Y="5785" Z="0"/><Vertex X="11331" Y="5785" Z="0"/><Vertex X="11292" Y="5785" Z="0"/><Vertex X="11212" Y="5785" Z="0"/><Vertex X="11133" Y="5785" Z="0"/><Vertex X="11094" Y="5785" Z="0"/><Vertex X="11014" Y="5745" Z="0"/><Vertex X="10935" Y="5745" Z="0"/><Vertex X="10895" Y="5745" Z="0"/><Vertex X="10816" Y="5745" Z="0"/><Vertex X="10737" Y="5666" Z="0"/><Vertex X="10658" Y="5666" Z="0"/><Vertex X="10539" Y="5666" Z="0"/><Vertex X="10499" Y="5666" Z="0"/><Vertex X="10420" Y="5666" Z="0"/><Vertex X="10341" Y="5666" Z="0"/><Vertex X="10341" Y="5626" Z="0"/><Vertex X="10301" Y="5626" Z="0"/><Vertex X="10222" Y="5626" Z="0"/><Vertex X="10103" Y="5626" Z="0"/><Vertex X="10024" Y="5626" Z="0"/><Vertex X="9905" Y="5626" Z="0"/><Vertex X="9786" Y="5626" Z="0"/><Vertex X="9746" Y="5626" Z="0"/><Vertex X="9628" Y="5626" Z="0"/><Vertex X="9548" Y="5626" Z="0"/><Vertex X="9469" Y="5626" Z="0"/><Vertex X="9469" Y="5547" Z="0"/><Vertex X="9390" Y="5547" Z="0"/><Vertex X="9350" Y="5547" Z="0"/><Vertex X="9271" Y="5547" Z="0"/><Vertex X="9231" Y="5547" Z="0"/><Vertex X="9152" Y="5547" Z="0"/><Vertex X="9033" Y="5547" Z="0"/><Vertex X="8994" Y="5547" Z="0"/><Vertex X="8914" Y="5547" Z="0"/><Vertex X="8835" Y="5468" Z="0"/><Vertex X="8796" Y="5468" Z="0"/><Vertex X="8716" Y="5468" Z="0"/><Vertex X="8637" Y="5468" Z="0"/><Vertex X="8637" Y="5428" Z="0"/><Vertex X="8597" Y="5428" Z="0"/><Vertex X="8479" Y="5428" Z="0"/><Vertex X="8399" Y="5349" Z="0"/><Vertex X="8360" Y="5349" Z="0"/><Vertex X="8280" Y="5349" Z="0"/><Vertex X="8241" Y="5349" Z="0"/><Vertex X="8162" Y="5269" Z="0"/><Vertex X="8082" Y="5269" Z="0"/><Vertex X="8043" Y="5269" Z="0"/><Vertex X="7964" Y="5269" Z="0"/><Vertex X="7884" Y="5269" Z="0"/><Vertex X="7845" Y="5269" Z="0"/><Vertex X="7765" Y="5269" Z="0"/><Vertex X="7726" Y="5269" Z="0"/><Vertex X="7647" Y="5269" Z="0"/><Vertex X="7528" Y="5269" Z="0"/><Vertex X="7488" Y="5269" Z="0"/><Vertex X="7409" Y="5269" Z="0"/><Vertex X="7369" Y="5269" Z="0"/><Vertex X="7369" Y="5269" Z="0"/></Vertices></Region><Region Id="3" Type="0" Zoom="0.025240" Selected="0" ImageLocation="" ImageFocus="-1" Length="28721.8" Area="26681310.5" LengthMicrons="14171.3" AreaMicrons="6495393.4" Text="" NegativeROA="0" InputRegionId="0" Analyze="1" DisplayId="3"><Attributes></Attributes><Vertices><Vertex X="16799" Y="10024" Z="0"/><Vertex X="16759" Y="10024" Z="0"/><Vertex X="16759" Y="10103" Z="0"/><Vertex X="16680" Y="10103" Z="0"/><Vertex X="16601" Y="10103" Z="0"/><Vertex X="16561" Y="10143" Z="0"/><Vertex X="16482" Y="10143" Z="0"/><Vertex X="16363" Y="10222" Z="0"/><Vertex X="16244" Y="10222" Z="0"/><Vertex X="16165" Y="10301" Z="0"/><Vertex X="16046" Y="10301" Z="0"/><Vertex X="15967" Y="10380" Z="0"/><Vertex X="15927" Y="10380" Z="0"/><Vertex X="15848" Y="10380" Z="0"/><Vertex X="15769" Y="10499" Z="0"/><Vertex X="15689" Y="10499" Z="0"/><Vertex X="15689" Y="10539" Z="0"/><Vertex X="15610" Y="10539" Z="0"/><Vertex X="15610" Y="10618" Z="0"/><Vertex X="15610" Y="10658" Z="0"/><Vertex X="15610" Y="10737" Z="0"/><Vertex X="15531" Y="10816" Z="0"/><Vertex X="15531" Y="10856" Z="0"/><Vertex X="15491" Y="10856" Z="0"/><Vertex X="15491" Y="10935" Z="0"/><Vertex X="15412" Y="10935" Z="0"/><Vertex X="15412" Y="11014" Z="0"/><Vertex X="15333" Y="11014" Z="0"/><Vertex X="15293" Y="11014" Z="0"/><Vertex X="15214" Y="11054" Z="0"/><Vertex X="15135" Y="11054" Z="0"/><Vertex X="15056" Y="11133" Z="0"/><Vertex X="14937" Y="11133" Z="0"/><Vertex X="14857" Y="11212" Z="0"/><Vertex X="14739" Y="11212" Z="0"/><Vertex X="14699" Y="11292" Z="0"/><Vertex X="14699" Y="11331" Z="0"/><Vertex X="14699" Y="11411" Z="0"/><Vertex X="14699" Y="11490" Z="0"/><Vertex X="14699" Y="11529" Z="0"/><Vertex X="14699" Y="11609" Z="0"/><Vertex X="14818" Y="11609" Z="0"/><Vertex X="14897" Y="11728" Z="0"/><Vertex X="14937" Y="11728" Z="0"/><Vertex X="15016" Y="11767" Z="0"/><Vertex X="15095" Y="11767" Z="0"/><Vertex X="15174" Y="11846" Z="0"/><Vertex X="15214" Y="11846" Z="0"/><Vertex X="15293" Y="11846" Z="0"/><Vertex X="15372" Y="11926" Z="0"/><Vertex X="15412" Y="11926" Z="0"/><Vertex X="15491" Y="11926" Z="0"/><Vertex X="15571" Y="11926" Z="0"/><Vertex X="15571" Y="12005" Z="0"/><Vertex X="15689" Y="12005" Z="0"/><Vertex X="15769" Y="12005" Z="0"/><Vertex X="15769" Y="12045" Z="0"/><Vertex X="15808" Y="12045" Z="0"/><Vertex X="15808" Y="12124" Z="0"/><Vertex X="15888" Y="12124" Z="0"/><Vertex X="15888" Y="12163" Z="0"/><Vertex X="15927" Y="12163" Z="0"/><Vertex X="16006" Y="12243" Z="0"/><Vertex X="16086" Y="12322" Z="0"/><Vertex X="16086" Y="12361" Z="0"/><Vertex X="16165" Y="12361" Z="0"/><Vertex X="16165" Y="12441" Z="0"/><Vertex X="16165" Y="12520" Z="0"/><Vertex X="16205" Y="12520" Z="0"/><Vertex X="16205" Y="12560" Z="0"/><Vertex X="16284" Y="12560" Z="0"/><Vertex X="16284" Y="12639" Z="0"/><Vertex X="16323" Y="12639" Z="0"/><Vertex X="16403" Y="12718" Z="0"/><Vertex X="16482" Y="12718" Z="0"/><Vertex X="16561" Y="12718" Z="0"/><Vertex X="16680" Y="12718" Z="0"/><Vertex X="16759" Y="12718" Z="0"/><Vertex X="16799" Y="12718" Z="0"/><Vertex X="16957" Y="12718" Z="0"/><Vertex X="17116" Y="12718" Z="0"/><Vertex X="17155" Y="12718" Z="0"/><Vertex X="17155" Y="12678" Z="0"/><Vertex X="17274" Y="12678" Z="0"/><Vertex X="17393" Y="12599" Z="0"/><Vertex X="17512" Y="12520" Z="0"/><Vertex X="17552" Y="12520" Z="0"/><Vertex X="17631" Y="12480" Z="0"/><Vertex X="17750" Y="12401" Z="0"/><Vertex X="17789" Y="12401" Z="0"/><Vertex X="17908" Y="12322" Z="0"/><Vertex X="17987" Y="12322" Z="0"/><Vertex X="17987" Y="12243" Z="0"/><Vertex X="18106" Y="12243" Z="0"/><Vertex X="18186" Y="12243" Z="0"/><Vertex X="18265" Y="12163" Z="0"/><Vertex X="18384" Y="12163" Z="0"/><Vertex X="18463" Y="12124" Z="0"/><Vertex X="18582" Y="12124" Z="0"/><Vertex X="18661" Y="12045" Z="0"/><Vertex X="18740" Y="12045" Z="0"/><Vertex X="18780" Y="11965" Z="0"/><Vertex X="18859" Y="11965" Z="0"/><Vertex X="18938" Y="11965" Z="0"/><Vertex X="18978" Y="11886" Z="0"/><Vertex X="19057" Y="11886" Z="0"/><Vertex X="19176" Y="11807" Z="0"/><Vertex X="19216" Y="11807" Z="0"/><Vertex X="19335" Y="11728" Z="0"/><Vertex X="19453" Y="11728" Z="0"/><Vertex X="19533" Y="11728" Z="0"/><Vertex X="19533" Y="11688" Z="0"/><Vertex X="19612" Y="11688" Z="0"/><Vertex X="19731" Y="11688" Z="0"/><Vertex X="19810" Y="11688" Z="0"/><Vertex X="19929" Y="11688" Z="0"/><Vertex X="20048" Y="11688" Z="0"/><Vertex X="20127" Y="11688" Z="0"/><Vertex X="20246" Y="11688" Z="0"/><Vertex X="20365" Y="11609" Z="0"/><Vertex X="20483" Y="11609" Z="0"/><Vertex X="20523" Y="11609" Z="0"/><Vertex X="20523" Y="11529" Z="0"/><Vertex X="20642" Y="11529" Z="0"/><Vertex X="20761" Y="11490" Z="0"/><Vertex X="20800" Y="11490" Z="0"/><Vertex X="20880" Y="11490" Z="0"/><Vertex X="20880" Y="11411" Z="0"/><Vertex X="20919" Y="11411" Z="0"/><Vertex X="20999" Y="11411" Z="0"/><Vertex X="21117" Y="11331" Z="0"/><Vertex X="21157" Y="11331" Z="0"/><Vertex X="21236" Y="11331" Z="0"/><Vertex X="21236" Y="11252" Z="0"/><Vertex X="21355" Y="11252" Z="0"/><Vertex X="21434" Y="11252" Z="0"/><Vertex X="21434" Y="11212" Z="0"/><Vertex X="21553" Y="11212" Z="0"/><Vertex X="21672" Y="11133" Z="0"/><Vertex X="21712" Y="11133" Z="0"/><Vertex X="21791" Y="11054" Z="0"/><Vertex X="21870" Y="11054" Z="0"/><Vertex X="21949" Y="10975" Z="0"/><Vertex X="21989" Y="10975" Z="0"/><Vertex X="21989" Y="10935" Z="0"/><Vertex X="22068" Y="10935" Z="0"/><Vertex X="22148" Y="10856" Z="0"/><Vertex X="22187" Y="10856" Z="0"/><Vertex X="22266" Y="10777" Z="0"/><Vertex X="22346" Y="10777" Z="0"/><Vertex X="22346" Y="10737" Z="0"/><Vertex X="22385" Y="10737" Z="0"/><Vertex X="22464" Y="10737" Z="0"/><Vertex X="22464" Y="10658" Z="0"/><Vertex X="22504" Y="10658" Z="0"/><Vertex X="22583" Y="10658" Z="0"/><Vertex X="22663" Y="10579" Z="0"/><Vertex X="22702" Y="10579" Z="0"/><Vertex X="22781" Y="10579" Z="0"/><Vertex X="22781" Y="10539" Z="0"/><Vertex X="22861" Y="10539" Z="0"/><Vertex X="22900" Y="10539" Z="0"/><Vertex X="22900" Y="10460" Z="0"/><Vertex X="22980" Y="10460" Z="0"/><Vertex X="23098" Y="10380" Z="0"/><Vertex X="23138" Y="10380" Z="0"/><Vertex X="23138" Y="10341" Z="0"/><Vertex X="23217" Y="10341" Z="0"/><Vertex X="23257" Y="10262" Z="0"/><Vertex X="23336" Y="10262" Z="0"/><Vertex X="23415" Y="10182" Z="0"/><Vertex X="23455" Y="10182" Z="0"/><Vertex X="23574" Y="10103" Z="0"/><Vertex X="23693" Y="10103" Z="0"/><Vertex X="23772" Y="10024" Z="0"/><Vertex X="23851" Y="10024" Z="0"/><Vertex X="23930" Y="9984" Z="0"/><Vertex X="24010" Y="9984" Z="0"/><Vertex X="24049" Y="9984" Z="0"/><Vertex X="24049" Y="9905" Z="0"/><Vertex X="24168" Y="9905" Z="0"/><Vertex X="24168" Y="9826" Z="0"/><Vertex X="24287" Y="9826" Z="0"/><Vertex X="24366" Y="9826" Z="0"/><Vertex X="24366" Y="9786" Z="0"/><Vertex X="24445" Y="9786" Z="0"/><Vertex X="24525" Y="9786" Z="0"/><Vertex X="24564" Y="9707" Z="0"/><Vertex X="24644" Y="9707" Z="0"/><Vertex X="24644" Y="9628" Z="0"/><Vertex X="24762" Y="9628" Z="0"/><Vertex X="24842" Y="9628" Z="0"/><Vertex X="24842" Y="9588" Z="0"/><Vertex X="24921" Y="9588" Z="0"/><Vertex X="25000" Y="9588" Z="0"/><Vertex X="25040" Y="9588" Z="0"/><Vertex X="25040" Y="9509" Z="0"/><Vertex X="25119" Y="9509" Z="0"/><Vertex X="25119" Y="9469" Z="0"/><Vertex X="25159" Y="9469" Z="0"/><Vertex X="25159" Y="9390" Z="0"/><Vertex X="25238" Y="9311" Z="0"/><Vertex X="25238" Y="9271" Z="0"/><Vertex X="25238" Y="9192" Z="0"/><Vertex X="25317" Y="9192" Z="0"/><Vertex X="25317" Y="9113" Z="0"/><Vertex X="25317" Y="9073" Z="0"/><Vertex X="25317" Y="8994" Z="0"/><Vertex X="25317" Y="8954" Z="0"/><Vertex X="25278" Y="8954" Z="0"/><Vertex X="25278" Y="8875" Z="0"/><Vertex X="25278" Y="8796" Z="0"/><Vertex X="25198" Y="8796" Z="0"/><Vertex X="25198" Y="8756" Z="0"/><Vertex X="25198" Y="8677" Z="0"/><Vertex X="25159" Y="8677" Z="0"/><Vertex X="25159" Y="8637" Z="0"/><Vertex X="25079" Y="8637" Z="0"/><Vertex X="25079" Y="8558" Z="0"/><Vertex X="25040" Y="8558" Z="0"/><Vertex X="25040" Y="8479" Z="0"/><Vertex X="24921" Y="8479" Z="0"/><Vertex X="24802" Y="8439" Z="0"/><Vertex X="24723" Y="8439" Z="0"/><Vertex X="24604" Y="8360" Z="0"/><Vertex X="24485" Y="8360" Z="0"/><Vertex X="24366" Y="8281" Z="0"/><Vertex X="24287" Y="8281" Z="0"/><Vertex X="24287" Y="8201" Z="0"/><Vertex X="24168" Y="8201" Z="0"/><Vertex X="24049" Y="8122" Z="0"/><Vertex X="23930" Y="8122" Z="0"/><Vertex X="23930" Y="8082" Z="0"/><Vertex X="23891" Y="8082" Z="0"/><Vertex X="23812" Y="8003" Z="0"/><Vertex X="23732" Y="7924" Z="0"/><Vertex X="23653" Y="7924" Z="0"/><Vertex X="23653" Y="7884" Z="0"/><Vertex X="23534" Y="7884" Z="0"/><Vertex X="23455" Y="7805" Z="0"/><Vertex X="23415" Y="7805" Z="0"/><Vertex X="23415" Y="7726" Z="0"/><Vertex X="23336" Y="7726" Z="0"/><Vertex X="23336" Y="7686" Z="0"/><Vertex X="23257" Y="7686" Z="0"/><Vertex X="23257" Y="7607" Z="0"/><Vertex X="23217" Y="7528" Z="0"/><Vertex X="23138" Y="7488" Z="0"/><Vertex X="23059" Y="7488" Z="0"/><Vertex X="22980" Y="7409" Z="0"/><Vertex X="22940" Y="7409" Z="0"/><Vertex X="22861" Y="7409" Z="0"/><Vertex X="22821" Y="7409" Z="0"/><Vertex X="22742" Y="7409" Z="0"/><Vertex X="22663" Y="7409" Z="0"/><Vertex X="22623" Y="7409" Z="0"/><Vertex X="22544" Y="7409" Z="0"/><Vertex X="22504" Y="7409" Z="0"/><Vertex X="22425" Y="7409" Z="0"/><Vertex X="22346" Y="7409" Z="0"/><Vertex X="22306" Y="7409" Z="0"/><Vertex X="22227" Y="7409" Z="0"/><Vertex X="22187" Y="7409" Z="0"/><Vertex X="22108" Y="7409" Z="0"/><Vertex X="21989" Y="7409" Z="0"/><Vertex X="21989" Y="7488" Z="0"/><Vertex X="21949" Y="7488" Z="0"/><Vertex X="21870" Y="7488" Z="0"/><Vertex X="21791" Y="7567" Z="0"/><Vertex X="21751" Y="7567" Z="0"/><Vertex X="21751" Y="7607" Z="0"/><Vertex X="21672" Y="7607" Z="0"/><Vertex X="21593" Y="7686" Z="0"/><Vertex X="21553" Y="7686" Z="0"/><Vertex X="21434" Y="7766" Z="0"/><Vertex X="21355" Y="7766" Z="0"/><Vertex X="21276" Y="7766" Z="0"/><Vertex X="21276" Y="7845" Z="0"/><Vertex X="21157" Y="7845" Z="0"/><Vertex X="21078" Y="7845" Z="0"/><Vertex X="21078" Y="7884" Z="0"/><Vertex X="21038" Y="7884" Z="0"/><Vertex X="20959" Y="7884" Z="0"/><Vertex X="20880" Y="7964" Z="0"/><Vertex X="20840" Y="7964" Z="0"/><Vertex X="20761" Y="7964" Z="0"/><Vertex X="20761" Y="8043" Z="0"/><Vertex X="20721" Y="8043" Z="0"/><Vertex X="20642" Y="8043" Z="0"/><Vertex X="20563" Y="8043" Z="0"/><Vertex X="20563" Y="8082" Z="0"/><Vertex X="20523" Y="8082" Z="0"/><Vertex X="20444" Y="8082" Z="0"/><Vertex X="20404" Y="8162" Z="0"/><Vertex X="20325" Y="8162" Z="0"/><Vertex X="20246" Y="8241" Z="0"/><Vertex X="20206" Y="8241" Z="0"/><Vertex X="20206" Y="8281" Z="0"/><Vertex X="20127" Y="8281" Z="0"/><Vertex X="20048" Y="8360" Z="0"/><Vertex X="20008" Y="8360" Z="0"/><Vertex X="20008" Y="8439" Z="0"/><Vertex X="19929" Y="8439" Z="0"/><Vertex X="19850" Y="8479" Z="0"/><Vertex X="19810" Y="8479" Z="0"/><Vertex X="19810" Y="8558" Z="0"/><Vertex X="19731" Y="8558" Z="0"/><Vertex X="19731" Y="8637" Z="0"/><Vertex X="19651" Y="8637" Z="0"/><Vertex X="19651" Y="8677" Z="0"/><Vertex X="19612" Y="8677" Z="0"/><Vertex X="19533" Y="8756" Z="0"/><Vertex X="19414" Y="8835" Z="0"/><Vertex X="19374" Y="8835" Z="0"/><Vertex X="19374" Y="8915" Z="0"/><Vertex X="19255" Y="8915" Z="0"/><Vertex X="19255" Y="8954" Z="0"/><Vertex X="19097" Y="8954" Z="0"/><Vertex X="18978" Y="9033" Z="0"/><Vertex X="18899" Y="9033" Z="0"/><Vertex X="18899" Y="9113" Z="0"/><Vertex X="18819" Y="9113" Z="0"/><Vertex X="18740" Y="9152" Z="0"/><Vertex X="18701" Y="9152" Z="0"/><Vertex X="18701" Y="9231" Z="0"/><Vertex X="18621" Y="9231" Z="0"/><Vertex X="18582" Y="9231" Z="0"/><Vertex X="18582" Y="9311" Z="0"/><Vertex X="18502" Y="9311" Z="0"/><Vertex X="18423" Y="9311" Z="0"/><Vertex X="18423" Y="9350" Z="0"/><Vertex X="18384" Y="9350" Z="0"/><Vertex X="18265" Y="9350" Z="0"/><Vertex X="18265" Y="9430" Z="0"/><Vertex X="18146" Y="9430" Z="0"/><Vertex X="18067" Y="9430" Z="0"/><Vertex X="17987" Y="9509" Z="0"/><Vertex X="17908" Y="9509" Z="0"/><Vertex X="17869" Y="9509" Z="0"/><Vertex X="17869" Y="9548" Z="0"/><Vertex X="17789" Y="9548" Z="0"/><Vertex X="17750" Y="9548" Z="0"/><Vertex X="17750" Y="9628" Z="0"/><Vertex X="17670" Y="9628" Z="0"/><Vertex X="17591" Y="9628" Z="0"/><Vertex X="17591" Y="9667" Z="0"/><Vertex X="17552" Y="9667" Z="0"/><Vertex X="17433" Y="9747" Z="0"/><Vertex X="17353" Y="9747" Z="0"/><Vertex X="17353" Y="9826" Z="0"/><Vertex X="17314" Y="9826" Z="0"/><Vertex X="17235" Y="9826" Z="0"/><Vertex X="17235" Y="9865" Z="0"/><Vertex X="17195" Y="9865" Z="0"/><Vertex X="17116" Y="9945" Z="0"/><Vertex X="17037" Y="9945" Z="0"/><Vertex X="17037" Y="10024" Z="0"/><Vertex X="16997" Y="10024" Z="0"/><Vertex X="16918" Y="10024" Z="0"/><Vertex X="16918" Y="10064" Z="0"/><Vertex X="16838" Y="10064" Z="0"/><Vertex X="16799" Y="10024" Z="0"/></Vertices></Region><Region Id="4" Type="0" Zoom="0.025240" Selected="0" ImageLocation="" ImageFocus="-1" Length="31363.0" Area="32366070.5" LengthMicrons="15474.5" AreaMicrons="7879311.7" Text="" NegativeROA="0" InputRegionId="0" Analyze="1" DisplayId="4"><Attributes></Attributes><Vertices><Vertex X="7607" Y="14818" Z="0"/><Vertex X="7607" Y="14739" Z="0"/><Vertex X="7686" Y="14659" Z="0"/><Vertex X="7686" Y="14620" Z="0"/><Vertex X="7726" Y="14620" Z="0"/><Vertex X="7726" Y="14541" Z="0"/><Vertex X="7805" Y="14541" Z="0"/><Vertex X="7805" Y="14501" Z="0"/><Vertex X="7884" Y="14501" Z="0"/><Vertex X="7884" Y="14422" Z="0"/><Vertex X="8003" Y="14422" Z="0"/><Vertex X="8082" Y="14342" Z="0"/><Vertex X="8162" Y="14263" Z="0"/><Vertex X="8201" Y="14263" Z="0"/><Vertex X="8201" Y="14224" Z="0"/><Vertex X="8280" Y="14224" Z="0"/><Vertex X="8360" Y="14144" Z="0"/><Vertex X="8399" Y="14065" Z="0"/><Vertex X="8479" Y="14065" Z="0"/><Vertex X="8479" Y="14026" Z="0"/><Vertex X="8558" Y="14026" Z="0"/><Vertex X="8637" Y="13946" Z="0"/><Vertex X="8716" Y="13867" Z="0"/><Vertex X="8796" Y="13867" Z="0"/><Vertex X="8796" Y="13788" Z="0"/><Vertex X="8835" Y="13788" Z="0"/><Vertex X="8914" Y="13748" Z="0"/><Vertex X="8994" Y="13669" Z="0"/><Vertex X="9113" Y="13669" Z="0"/><Vertex X="9113" Y="13590" Z="0"/><Vertex X="9152" Y="13590" Z="0"/><Vertex X="9152" Y="13550" Z="0"/><Vertex X="9231" Y="13550" Z="0"/><Vertex X="9231" Y="13471" Z="0"/><Vertex X="9271" Y="13471" Z="0"/><Vertex X="9271" Y="13392" Z="0"/><Vertex X="9350" Y="13392" Z="0"/><Vertex X="9350" Y="13352" Z="0"/><Vertex X="9429" Y="13352" Z="0"/><Vertex X="9429" Y="13273" Z="0"/><Vertex X="9509" Y="13273" Z="0"/><Vertex X="9509" Y="13233" Z="0"/><Vertex X="9588" Y="13233" Z="0"/><Vertex X="9707" Y="13154" Z="0"/><Vertex X="9826" Y="13075" Z="0"/><Vertex X="9905" Y="13075" Z="0"/><Vertex X="9905" Y="12995" Z="0"/><Vertex X="10024" Y="12995" Z="0"/><Vertex X="10024" Y="12956" Z="0"/><Vertex X="10143" Y="12956" Z="0"/><Vertex X="10222" Y="12877" Z="0"/><Vertex X="10341" Y="12877" Z="0"/><Vertex X="10341" Y="12797" Z="0"/><Vertex X="10420" Y="12797" Z="0"/><Vertex X="10460" Y="12718" Z="0"/><Vertex X="10539" Y="12718" Z="0"/><Vertex X="10618" Y="12678" Z="0"/><Vertex X="10697" Y="12678" Z="0"/><Vertex X="10697" Y="12599" Z="0"/><Vertex X="10816" Y="12599" Z="0"/><Vertex X="10935" Y="12520" Z="0"/><Vertex X="11054" Y="12520" Z="0"/><Vertex X="11054" Y="12480" Z="0"/><Vertex X="11094" Y="12480" Z="0"/><Vertex X="11173" Y="12480" Z="0"/><Vertex X="11173" Y="12401" Z="0"/><Vertex X="11252" Y="12401" Z="0"/><Vertex X="11331" Y="12401" Z="0"/><Vertex X="11410" Y="12322" Z="0"/><Vertex X="11490" Y="12243" Z="0"/><Vertex X="11529" Y="12203" Z="0"/><Vertex X="11609" Y="12203" Z="0"/><Vertex X="11609" Y="12084" Z="0"/><Vertex X="11727" Y="12084" Z="0"/><Vertex X="11807" Y="12005" Z="0"/><Vertex X="11926" Y="11886" Z="0"/><Vertex X="12044" Y="11886" Z="0"/><Vertex X="12163" Y="11886" Z="0"/><Vertex X="12203" Y="11886" Z="0"/><Vertex X="12282" Y="11886" Z="0"/><Vertex X="12322" Y="11886" Z="0"/><Vertex X="12401" Y="11886" Z="0"/><Vertex X="12480" Y="11886" Z="0"/><Vertex X="12520" Y="11886" Z="0"/><Vertex X="12599" Y="11886" Z="0"/><Vertex X="12639" Y="11886" Z="0"/><Vertex X="12718" Y="11886" Z="0"/><Vertex X="12797" Y="11886" Z="0"/><Vertex X="12837" Y="11886" Z="0"/><Vertex X="12837" Y="11926" Z="0"/><Vertex X="12916" Y="11926" Z="0"/><Vertex X="12956" Y="11926" Z="0"/><Vertex X="13035" Y="11926" Z="0"/><Vertex X="13114" Y="11926" Z="0"/><Vertex X="13114" Y="12005" Z="0"/><Vertex X="13154" Y="12005" Z="0"/><Vertex X="13233" Y="12005" Z="0"/><Vertex X="13233" Y="12045" Z="0"/><Vertex X="13273" Y="12045" Z="0"/><Vertex X="13352" Y="12124" Z="0"/><Vertex X="13431" Y="12124" Z="0"/><Vertex X="13431" Y="12203" Z="0"/><Vertex X="13471" Y="12203" Z="0"/><Vertex X="13550" Y="12282" Z="0"/><Vertex X="13629" Y="12322" Z="0"/><Vertex X="13708" Y="12322" Z="0"/><Vertex X="13708" Y="12401" Z="0"/><Vertex X="13748" Y="12401" Z="0"/><Vertex X="13748" Y="12480" Z="0"/><Vertex X="13827" Y="12480" Z="0"/><Vertex X="13827" Y="12520" Z="0"/><Vertex X="13867" Y="12520" Z="0"/><Vertex X="13867" Y="12599" Z="0"/><Vertex X="13946" Y="12678" Z="0"/><Vertex X="14025" Y="12718" Z="0"/><Vertex X="14105" Y="12797" Z="0"/><Vertex X="14184" Y="12877" Z="0"/><Vertex X="14224" Y="12877" Z="0"/><Vertex X="14224" Y="12916" Z="0"/><Vertex X="14342" Y="12916" Z="0"/><Vertex X="14422" Y="12995" Z="0"/><Vertex X="14501" Y="12995" Z="0"/><Vertex X="14620" Y="13075" Z="0"/><Vertex X="14739" Y="13075" Z="0"/><Vertex X="14818" Y="13075" Z="0"/><Vertex X="14937" Y="13154" Z="0"/><Vertex X="15016" Y="13154" Z="0"/><Vertex X="15095" Y="13233" Z="0"/><Vertex X="15135" Y="13233" Z="0"/><Vertex X="15214" Y="13233" Z="0"/><Vertex X="15254" Y="13233" Z="0"/><Vertex X="15372" Y="13312" Z="0"/><Vertex X="15412" Y="13312" Z="0"/><Vertex X="15412" Y="13352" Z="0"/><Vertex X="15412" Y="13431" Z="0"/><Vertex X="15412" Y="13471" Z="0"/><Vertex X="15412" Y="13550" Z="0"/><Vertex X="15412" Y="13629" Z="0"/><Vertex X="15333" Y="13629" Z="0"/><Vertex X="15333" Y="13669" Z="0"/><Vertex X="15254" Y="13748" Z="0"/><Vertex X="15254" Y="13827" Z="0"/><Vertex X="15214" Y="13867" Z="0"/><Vertex X="15214" Y="13946" Z="0"/><Vertex X="15135" Y="13946" Z="0"/><Vertex X="15135" Y="14065" Z="0"/><Vertex X="15056" Y="14065" Z="0"/><Vertex X="15016" Y="14105" Z="0"/><Vertex X="14937" Y="14105" Z="0"/><Vertex X="14937" Y="14184" Z="0"/><Vertex X="14857" Y="14184" Z="0"/><Vertex X="14818" Y="14263" Z="0"/><Vertex X="14739" Y="14263" Z="0"/><Vertex X="14659" Y="14342" Z="0"/><Vertex X="14620" Y="14342" Z="0"/><Vertex X="14620" Y="14382" Z="0"/><Vertex X="14540" Y="14382" Z="0"/><Vertex X="14540" Y="14461" Z="0"/><Vertex X="14461" Y="14461" Z="0"/><Vertex X="14461" Y="14501" Z="0"/><Vertex X="14422" Y="14501" Z="0"/><Vertex X="14342" Y="14501" Z="0"/><Vertex X="14342" Y="14580" Z="0"/><Vertex X="14263" Y="14580" Z="0"/><Vertex X="14144" Y="14659" Z="0"/><Vertex X="14025" Y="14659" Z="0"/><Vertex X="14025" Y="14739" Z="0"/><Vertex X="13986" Y="14739" Z="0"/><Vertex X="13907" Y="14778" Z="0"/><Vertex X="13827" Y="14778" Z="0"/><Vertex X="13827" Y="14858" Z="0"/><Vertex X="13788" Y="14858" Z="0"/><Vertex X="13708" Y="14858" Z="0"/><Vertex X="13708" Y="14897" Z="0"/><Vertex X="13629" Y="14897" Z="0"/><Vertex X="13629" Y="14976" Z="0"/><Vertex X="13550" Y="14976" Z="0"/><Vertex X="13550" Y="15056" Z="0"/><Vertex X="13471" Y="15056" Z="0"/><Vertex X="13471" Y="15095" Z="0"/><Vertex X="13352" Y="15095" Z="0"/><Vertex X="13352" Y="15174" Z="0"/><Vertex X="13273" Y="15174" Z="0"/><Vertex X="13273" Y="15214" Z="0"/><Vertex X="13154" Y="15214" Z="0"/><Vertex X="13154" Y="15293" Z="0"/><Vertex X="13075" Y="15293" Z="0"/><Vertex X="13075" Y="15373" Z="0"/><Vertex X="12995" Y="15373" Z="0"/><Vertex X="12995" Y="15412" Z="0"/><Vertex X="12916" Y="15491" Z="0"/><Vertex X="12837" Y="15571" Z="0"/><Vertex X="12718" Y="15650" Z="0"/><Vertex X="12678" Y="15690" Z="0"/><Vertex X="12599" Y="15808" Z="0"/><Vertex X="12520" Y="15888" Z="0"/><Vertex X="12441" Y="16007" Z="0"/><Vertex X="12401" Y="16007" Z="0"/><Vertex X="12401" Y="16046" Z="0"/><Vertex X="12322" Y="16046" Z="0"/><Vertex X="12322" Y="16125" Z="0"/><Vertex X="12203" Y="16125" Z="0"/><Vertex X="12203" Y="16205" Z="0"/><Vertex X="12163" Y="16205" Z="0"/><Vertex X="12084" Y="16244" Z="0"/><Vertex X="12005" Y="16244" Z="0"/><Vertex X="11886" Y="16323" Z="0"/><Vertex X="11807" Y="16403" Z="0"/><Vertex X="11727" Y="16403" Z="0"/><Vertex X="11727" Y="16482" Z="0"/><Vertex X="11609" Y="16482" Z="0"/><Vertex X="11529" Y="16561" Z="0"/><Vertex X="11371" Y="16561" Z="0"/><Vertex X="11371" Y="16601" Z="0"/><Vertex X="11292" Y="16601" Z="0"/><Vertex X="11173" Y="16680" Z="0"/><Vertex X="11133" Y="16759" Z="0"/><Vertex X="11054" Y="16759" Z="0"/><Vertex X="11054" Y="16839" Z="0"/><Vertex X="10975" Y="16839" Z="0"/><Vertex X="10975" Y="16878" Z="0"/><Vertex X="10935" Y="16878" Z="0"/><Vertex X="10816" Y="16957" Z="0"/><Vertex X="10737" Y="17037" Z="0"/><Vertex X="10658" Y="17037" Z="0"/><Vertex X="10658" Y="17076" Z="0"/><Vertex X="10578" Y="17076" Z="0"/><Vertex X="10578" Y="17155" Z="0"/><Vertex X="10499" Y="17155" Z="0"/><Vertex X="10499" Y="17235" Z="0"/><Vertex X="10460" Y="17235" Z="0"/><Vertex X="10460" Y="17274" Z="0"/><Vertex X="10380" Y="17274" Z="0"/><Vertex X="10262" Y="17354" Z="0"/><Vertex X="10182" Y="17433" Z="0"/><Vertex X="10063" Y="17512" Z="0"/><Vertex X="9984" Y="17512" Z="0"/><Vertex X="9984" Y="17552" Z="0"/><Vertex X="9945" Y="17552" Z="0"/><Vertex X="9865" Y="17552" Z="0"/><Vertex X="9865" Y="17631" Z="0"/><Vertex X="9746" Y="17631" Z="0"/><Vertex X="9667" Y="17710" Z="0"/><Vertex X="9548" Y="17789" Z="0"/><Vertex X="9429" Y="17789" Z="0"/><Vertex X="9429" Y="17829" Z="0"/><Vertex X="9311" Y="17829" Z="0"/><Vertex X="9271" Y="17908" Z="0"/><Vertex X="9192" Y="17908" Z="0"/><Vertex X="9113" Y="17908" Z="0"/><Vertex X="9073" Y="17988" Z="0"/><Vertex X="8994" Y="17988" Z="0"/><Vertex X="8914" Y="17988" Z="0"/><Vertex X="8756" Y="18067" Z="0"/><Vertex X="8716" Y="18067" Z="0"/><Vertex X="8597" Y="18146" Z="0"/><Vertex X="8518" Y="18146" Z="0"/><Vertex X="8479" Y="18225" Z="0"/><Vertex X="8399" Y="18225" Z="0"/><Vertex X="8280" Y="18225" Z="0"/><Vertex X="8280" Y="18265" Z="0"/><Vertex X="8201" Y="18265" Z="0"/><Vertex X="8082" Y="18344" Z="0"/><Vertex X="7964" Y="18344" Z="0"/><Vertex X="7964" Y="18463" Z="0"/><Vertex X="7884" Y="18463" Z="0"/><Vertex X="7805" Y="18503" Z="0"/><Vertex X="7726" Y="18503" Z="0"/><Vertex X="7647" Y="18582" Z="0"/><Vertex X="7607" Y="18582" Z="0"/><Vertex X="7528" Y="18701" Z="0"/><Vertex X="7448" Y="18701" Z="0"/><Vertex X="7409" Y="18780" Z="0"/><Vertex X="7330" Y="18780" Z="0"/><Vertex X="7250" Y="18859" Z="0"/><Vertex X="7211" Y="18859" Z="0"/><Vertex X="7132" Y="18899" Z="0"/><Vertex X="7052" Y="18899" Z="0"/><Vertex X="7013" Y="18899" Z="0"/><Vertex X="6933" Y="18978" Z="0"/><Vertex X="6854" Y="18978" Z="0"/><Vertex X="6775" Y="18978" Z="0"/><Vertex X="6656" Y="19057" Z="0"/><Vertex X="6537" Y="19057" Z="0"/><Vertex X="6418" Y="19057" Z="0"/><Vertex X="6418" Y="19137" Z="0"/><Vertex X="6379" Y="19137" Z="0"/><Vertex X="6299" Y="19137" Z="0"/><Vertex X="6220" Y="19176" Z="0"/><Vertex X="6181" Y="19176" Z="0"/><Vertex X="6101" Y="19255" Z="0"/><Vertex X="6022" Y="19255" Z="0"/><Vertex X="5983" Y="19295" Z="0"/><Vertex X="5903" Y="19295" Z="0"/><Vertex X="5824" Y="19295" Z="0"/><Vertex X="5784" Y="19295" Z="0"/><Vertex X="5705" Y="19295" Z="0"/><Vertex X="5626" Y="19295" Z="0"/><Vertex X="5507" Y="19295" Z="0"/><Vertex X="5507" Y="19216" Z="0"/><Vertex X="5428" Y="19216" Z="0"/><Vertex X="5388" Y="19216" Z="0"/><Vertex X="5388" Y="19176" Z="0"/><Vertex X="5309" Y="19176" Z="0"/><Vertex X="5230" Y="19097" Z="0"/><Vertex X="5230" Y="19018" Z="0"/><Vertex X="5190" Y="19018" Z="0"/><Vertex X="5190" Y="18978" Z="0"/><Vertex X="5190" Y="18859" Z="0"/><Vertex X="5151" Y="18859" Z="0"/><Vertex X="5151" Y="18780" Z="0"/><Vertex X="5151" Y="18740" Z="0"/><Vertex X="5151" Y="18661" Z="0"/><Vertex X="5151" Y="18582" Z="0"/><Vertex X="5151" Y="18503" Z="0"/><Vertex X="5151" Y="18384" Z="0"/><Vertex X="5230" Y="18344" Z="0"/><Vertex X="5230" Y="18225" Z="0"/><Vertex X="5309" Y="18146" Z="0"/><Vertex X="5309" Y="18106" Z="0"/><Vertex X="5388" Y="18027" Z="0"/><Vertex X="5388" Y="17948" Z="0"/><Vertex X="5428" Y="17948" Z="0"/><Vertex X="5428" Y="17908" Z="0"/><Vertex X="5507" Y="17908" Z="0"/><Vertex X="5547" Y="17829" Z="0"/><Vertex X="5626" Y="17829" Z="0"/><Vertex X="5705" Y="17750" Z="0"/><Vertex X="5745" Y="17750" Z="0"/><Vertex X="5745" Y="17671" Z="0"/><Vertex X="5864" Y="17671" Z="0"/><Vertex X="5983" Y="17671" Z="0"/><Vertex X="5983" Y="17631" Z="0"/><Vertex X="6062" Y="17631" Z="0"/><Vertex X="6181" Y="17552" Z="0"/><Vertex X="6260" Y="17552" Z="0"/><Vertex X="6339" Y="17472" Z="0"/><Vertex X="6379" Y="17472" Z="0"/><Vertex X="6458" Y="17393" Z="0"/><Vertex X="6577" Y="17393" Z="0"/><Vertex X="6577" Y="17354" Z="0"/><Vertex X="6616" Y="17354" Z="0"/><Vertex X="6696" Y="17274" Z="0"/><Vertex X="6775" Y="17274" Z="0"/><Vertex X="6775" Y="17195" Z="0"/><Vertex X="6815" Y="17155" Z="0"/><Vertex X="6815" Y="17076" Z="0"/><Vertex X="6894" Y="17076" Z="0"/><Vertex X="6894" Y="16997" Z="0"/><Vertex X="6894" Y="16957" Z="0"/><Vertex X="6973" Y="16957" Z="0"/><Vertex X="6973" Y="16878" Z="0"/><Vertex X="6973" Y="16799" Z="0"/><Vertex X="7013" Y="16720" Z="0"/><Vertex X="7013" Y="16640" Z="0"/><Vertex X="7013" Y="16601" Z="0"/><Vertex X="7013" Y="16522" Z="0"/><Vertex X="7013" Y="16442" Z="0"/><Vertex X="7013" Y="16403" Z="0"/><Vertex X="7013" Y="16284" Z="0"/><Vertex X="7013" Y="16165" Z="0"/><Vertex X="7013" Y="16125" Z="0"/><Vertex X="7013" Y="16046" Z="0"/><Vertex X="7013" Y="16007" Z="0"/><Vertex X="7013" Y="15927" Z="0"/><Vertex X="7013" Y="15848" Z="0"/><Vertex X="7013" Y="15808" Z="0"/><Vertex X="7013" Y="15729" Z="0"/><Vertex X="7013" Y="15690" Z="0"/><Vertex X="7092" Y="15690" Z="0"/><Vertex X="7092" Y="15610" Z="0"/><Vertex X="7092" Y="15531" Z="0"/><Vertex X="7171" Y="15531" Z="0"/><Vertex X="7171" Y="15452" Z="0"/><Vertex X="7132" Y="15452" Z="0"/><Vertex X="7171" Y="15452" Z="0"/><Vertex X="7171" Y="15373" Z="0"/><Vertex X="7250" Y="15373" Z="0"/><Vertex X="7330" Y="15333" Z="0"/><Vertex X="7369" Y="15254" Z="0"/><Vertex X="7448" Y="15174" Z="0"/><Vertex X="7448" Y="15135" Z="0"/><Vertex X="7528" Y="15056" Z="0"/><Vertex X="7528" Y="14976" Z="0"/><Vertex X="7528" Y="14937" Z="0"/><Vertex X="7607" Y="14818" Z="0"/></Vertices></Region><Region Id="5" Type="0" Zoom="0.025240" Selected="0" ImageLocation="" ImageFocus="-1" Length="50969.3" Area="50644171.0" LengthMicrons="25148.2" AreaMicrons="12328997.7" Text="" NegativeROA="0" InputRegionId="0" Analyze="1" DisplayId="5"><Attributes></Attributes><Vertices><Vertex X="4952" Y="23138" Z="0"/><Vertex X="4873" Y="23138" Z="0"/><Vertex X="4794" Y="23217" Z="0"/><Vertex X="4754" Y="23217" Z="0"/><Vertex X="4754" Y="23257" Z="0"/><Vertex X="4675" Y="23257" Z="0"/><Vertex X="4675" Y="23336" Z="0"/><Vertex X="4596" Y="23336" Z="0"/><Vertex X="4596" Y="23415" Z="0"/><Vertex X="4517" Y="23415" Z="0"/><Vertex X="4437" Y="23455" Z="0"/><Vertex X="4398" Y="23455" Z="0"/><Vertex X="4398" Y="23534" Z="0"/><Vertex X="4318" Y="23534" Z="0"/><Vertex X="4239" Y="23614" Z="0"/><Vertex X="4200" Y="23614" Z="0"/><Vertex X="4200" Y="23653" Z="0"/><Vertex X="4120" Y="23653" Z="0"/><Vertex X="4120" Y="23732" Z="0"/><Vertex X="4041" Y="23732" Z="0"/><Vertex X="4002" Y="23812" Z="0"/><Vertex X="3922" Y="23812" Z="0"/><Vertex X="3922" Y="23851" Z="0"/><Vertex X="3843" Y="23851" Z="0"/><Vertex X="3803" Y="23931" Z="0"/><Vertex X="3724" Y="23931" Z="0"/><Vertex X="3724" Y="24010" Z="0"/><Vertex X="3645" Y="24010" Z="0"/><Vertex X="3645" Y="24049" Z="0"/><Vertex X="3605" Y="24049" Z="0"/><Vertex X="3605" Y="24168" Z="0"/><Vertex X="3526" Y="24168" Z="0"/><Vertex X="3526" Y="24287" Z="0"/><Vertex X="3486" Y="24287" Z="0"/><Vertex X="3407" Y="24366" Z="0"/><Vertex X="3328" Y="24366" Z="0"/><Vertex X="3328" Y="24406" Z="0"/><Vertex X="3288" Y="24406" Z="0"/><Vertex X="3288" Y="24485" Z="0"/><Vertex X="3209" Y="24485" Z="0"/><Vertex X="3209" Y="24525" Z="0"/><Vertex X="3130" Y="24525" Z="0"/><Vertex X="3130" Y="24604" Z="0"/><Vertex X="3130" Y="24683" Z="0"/><Vertex X="3090" Y="24683" Z="0"/><Vertex X="3090" Y="24723" Z="0"/><Vertex X="3090" Y="24802" Z="0"/><Vertex X="3011" Y="24802" Z="0"/><Vertex X="3011" Y="24842" Z="0"/><Vertex X="3011" Y="24921" Z="0"/><Vertex X="2971" Y="24921" Z="0"/><Vertex X="2971" Y="25000" Z="0"/><Vertex X="2971" Y="25040" Z="0"/><Vertex X="2892" Y="25040" Z="0"/><Vertex X="2892" Y="25119" Z="0"/><Vertex X="2813" Y="25119" Z="0"/><Vertex X="2813" Y="25159" Z="0"/><Vertex X="2773" Y="25238" Z="0"/><Vertex X="2773" Y="25317" Z="0"/><Vertex X="2773" Y="25357" Z="0"/><Vertex X="2694" Y="25357" Z="0"/><Vertex X="2694" Y="25436" Z="0"/><Vertex X="2694" Y="25555" Z="0"/><Vertex X="2694" Y="25595" Z="0"/><Vertex X="2615" Y="25674" Z="0"/><Vertex X="2615" Y="25753" Z="0"/><Vertex X="2615" Y="25793" Z="0"/><Vertex X="2615" Y="25872" Z="0"/><Vertex X="2575" Y="25951" Z="0"/><Vertex X="2575" Y="25991" Z="0"/><Vertex X="2575" Y="26070" Z="0"/><Vertex X="2575" Y="26110" Z="0"/><Vertex X="2575" Y="26189" Z="0"/><Vertex X="2575" Y="26268" Z="0"/><Vertex X="2575" Y="26308" Z="0"/><Vertex X="2575" Y="26387" Z="0"/><Vertex X="2575" Y="26427" Z="0"/><Vertex X="2575" Y="26545" Z="0"/><Vertex X="2575" Y="26625" Z="0"/><Vertex X="2575" Y="26704" Z="0"/><Vertex X="2575" Y="26783" Z="0"/><Vertex X="2575" Y="26862" Z="0"/><Vertex X="2575" Y="26902" Z="0"/><Vertex X="2654" Y="26902" Z="0"/><Vertex X="2654" Y="26981" Z="0"/><Vertex X="2694" Y="26981" Z="0"/><Vertex X="2694" Y="27021" Z="0"/><Vertex X="2773" Y="27021" Z="0"/><Vertex X="2773" Y="27100" Z="0"/><Vertex X="2853" Y="27100" Z="0"/><Vertex X="2892" Y="27179" Z="0"/><Vertex X="2971" Y="27179" Z="0"/><Vertex X="3051" Y="27179" Z="0"/><Vertex X="3051" Y="27219" Z="0"/><Vertex X="3090" Y="27219" Z="0"/><Vertex X="3170" Y="27219" Z="0"/><Vertex X="3288" Y="27219" Z="0"/><Vertex X="3368" Y="27219" Z="0"/><Vertex X="3486" Y="27219" Z="0"/><Vertex X="3605" Y="27219" Z="0"/><Vertex X="3645" Y="27219" Z="0"/><Vertex X="3764" Y="27140" Z="0"/><Vertex X="3883" Y="27140" Z="0"/><Vertex X="3962" Y="27140" Z="0"/><Vertex X="4081" Y="27140" Z="0"/><Vertex X="4081" Y="27061" Z="0"/><Vertex X="4200" Y="27061" Z="0"/><Vertex X="4279" Y="27061" Z="0"/><Vertex X="4398" Y="27061" Z="0"/><Vertex X="4517" Y="26981" Z="0"/><Vertex X="4556" Y="26981" Z="0"/><Vertex X="4635" Y="26981" Z="0"/><Vertex X="4715" Y="26981" Z="0"/><Vertex X="4754" Y="26981" Z="0"/><Vertex X="4834" Y="26942" Z="0"/><Vertex X="4913" Y="26942" Z="0"/><Vertex X="4952" Y="26942" Z="0"/><Vertex X="5071" Y="26942" Z="0"/><Vertex X="5190" Y="26862" Z="0"/><Vertex X="5269" Y="26862" Z="0"/><Vertex X="5269" Y="26783" Z="0"/><Vertex X="5388" Y="26783" Z="0"/><Vertex X="5507" Y="26704" Z="0"/><Vertex X="5547" Y="26704" Z="0"/><Vertex X="5547" Y="26664" Z="0"/><Vertex X="5626" Y="26664" Z="0"/><Vertex X="5705" Y="26585" Z="0"/><Vertex X="5745" Y="26585" Z="0"/><Vertex X="5745" Y="26506" Z="0"/><Vertex X="5824" Y="26506" Z="0"/><Vertex X="5824" Y="26466" Z="0"/><Vertex X="5903" Y="26466" Z="0"/><Vertex X="5903" Y="26387" Z="0"/><Vertex X="5943" Y="26387" Z="0"/><Vertex X="5943" Y="26347" Z="0"/><Vertex X="6062" Y="26347" Z="0"/><Vertex X="6062" Y="26268" Z="0"/><Vertex X="6101" Y="26268" Z="0"/><Vertex X="6181" Y="26149" Z="0"/><Vertex X="6260" Y="26070" Z="0"/><Vertex X="6379" Y="26030" Z="0"/><Vertex X="6418" Y="26030" Z="0"/><Vertex X="6418" Y="25912" Z="0"/><Vertex X="6537" Y="25912" Z="0"/><Vertex X="6656" Y="25832" Z="0"/><Vertex X="6735" Y="25753" Z="0"/><Vertex X="6775" Y="25753" Z="0"/><Vertex X="6775" Y="25674" Z="0"/><Vertex X="6894" Y="25674" Z="0"/><Vertex X="6894" Y="25595" Z="0"/><Vertex X="7013" Y="25595" Z="0"/><Vertex X="7013" Y="25515" Z="0"/><Vertex X="7092" Y="25515" Z="0"/><Vertex X="7211" Y="25436" Z="0"/><Vertex X="7330" Y="25396" Z="0"/><Vertex X="7448" Y="25396" Z="0"/><Vertex X="7448" Y="25317" Z="0"/><Vertex X="7528" Y="25317" Z="0"/><Vertex X="7528" Y="25238" Z="0"/><Vertex X="7647" Y="25238" Z="0"/><Vertex X="7647" Y="25198" Z="0"/><Vertex X="7765" Y="25198" Z="0"/><Vertex X="7845" Y="25119" Z="0"/><Vertex X="7964" Y="25040" Z="0"/><Vertex X="8043" Y="25040" Z="0"/><Vertex X="8162" Y="24961" Z="0"/><Vertex X="8241" Y="24961" Z="0"/><Vertex X="8241" Y="24921" Z="0"/><Vertex X="8360" Y="24921" Z="0"/><Vertex X="8479" Y="24842" Z="0"/><Vertex X="8518" Y="24842" Z="0"/><Vertex X="8637" Y="24763" Z="0"/><Vertex X="8716" Y="24763" Z="0"/><Vertex X="8756" Y="24763" Z="0"/><Vertex X="8835" Y="24683" Z="0"/><Vertex X="8994" Y="24683" Z="0"/><Vertex X="8994" Y="24604" Z="0"/><Vertex X="9113" Y="24604" Z="0"/><Vertex X="9192" Y="24604" Z="0"/><Vertex X="9192" Y="24564" Z="0"/><Vertex X="9271" Y="24564" Z="0"/><Vertex X="9311" Y="24564" Z="0"/><Vertex X="9311" Y="24485" Z="0"/><Vertex X="9390" Y="24485" Z="0"/><Vertex X="9469" Y="24406" Z="0"/><Vertex X="9548" Y="24406" Z="0"/><Vertex X="9548" Y="24366" Z="0"/><Vertex X="9667" Y="24366" Z="0"/><Vertex X="9786" Y="24287" Z="0"/><Vertex X="9905" Y="24208" Z="0"/><Vertex X="9945" Y="24208" Z="0"/><Vertex X="9945" Y="24168" Z="0"/><Vertex X="10024" Y="24168" Z="0"/><Vertex X="10103" Y="24089" Z="0"/><Vertex X="10143" Y="24089" Z="0"/><Vertex X="10143" Y="24010" Z="0"/><Vertex X="10222" Y="24010" Z="0"/><Vertex X="10301" Y="23931" Z="0"/><Vertex X="10380" Y="23891" Z="0"/><Vertex X="10420" Y="23812" Z="0"/><Vertex X="10539" Y="23812" Z="0"/><Vertex X="10539" Y="23732" Z="0"/><Vertex X="10618" Y="23732" Z="0"/><Vertex X="10697" Y="23653" Z="0"/><Vertex X="10777" Y="23653" Z="0"/><Vertex X="10777" Y="23614" Z="0"/><Vertex X="10856" Y="23534" Z="0"/><Vertex X="10895" Y="23534" Z="0"/><Vertex X="10895" Y="23415" Z="0"/><Vertex X="10975" Y="23415" Z="0"/><Vertex X="11054" Y="23336" Z="0"/><Vertex X="11133" Y="23257" Z="0"/><Vertex X="11133" Y="23178" Z="0"/><Vertex X="11173" Y="23178" Z="0"/><Vertex X="11173" Y="23059" Z="0"/><Vertex X="11252" Y="23059" Z="0"/><Vertex X="11252" Y="23019" Z="0"/><Vertex X="11292" Y="23019" Z="0"/><Vertex X="11371" Y="22940" Z="0"/><Vertex X="11450" Y="22940" Z="0"/><Vertex X="11450" Y="22861" Z="0"/><Vertex X="11490" Y="22861" Z="0"/><Vertex X="11569" Y="22821" Z="0"/><Vertex X="11648" Y="22742" Z="0"/><Vertex X="11767" Y="22663" Z="0"/><Vertex X="11886" Y="22583" Z="0"/><Vertex X="11926" Y="22583" Z="0"/><Vertex X="11926" Y="22544" Z="0"/><Vertex X="12005" Y="22544" Z="0"/><Vertex X="12044" Y="22544" Z="0"/><Vertex X="12044" Y="22465" Z="0"/><Vertex X="12124" Y="22465" Z="0"/><Vertex X="12243" Y="22385" Z="0"/><Vertex X="12361" Y="22306" Z="0"/><Vertex X="12441" Y="22306" Z="0"/><Vertex X="12441" Y="22266" Z="0"/><Vertex X="12559" Y="22266" Z="0"/><Vertex X="12599" Y="22266" Z="0"/><Vertex X="12599" Y="22187" Z="0"/><Vertex X="12678" Y="22187" Z="0"/><Vertex X="12758" Y="22108" Z="0"/><Vertex X="12797" Y="22108" Z="0"/><Vertex X="12797" Y="22068" Z="0"/><Vertex X="12916" Y="22068" Z="0"/><Vertex X="12916" Y="21989" Z="0"/><Vertex X="12995" Y="21989" Z="0"/><Vertex X="12995" Y="21910" Z="0"/><Vertex X="13035" Y="21910" Z="0"/><Vertex X="13035" Y="21870" Z="0"/><Vertex X="13114" Y="21870" Z="0"/><Vertex X="13114" Y="21791" Z="0"/><Vertex X="13193" Y="21791" Z="0"/><Vertex X="13193" Y="21712" Z="0"/><Vertex X="13233" Y="21712" Z="0"/><Vertex X="13233" Y="21593" Z="0"/><Vertex X="13352" Y="21593" Z="0"/><Vertex X="13352" Y="21474" Z="0"/><Vertex X="13431" Y="21474" Z="0"/><Vertex X="13431" Y="21434" Z="0"/><Vertex X="13510" Y="21434" Z="0"/><Vertex X="13510" Y="21355" Z="0"/><Vertex X="13590" Y="21276" Z="0"/><Vertex X="13590" Y="21236" Z="0"/><Vertex X="13629" Y="21236" Z="0"/><Vertex X="13708" Y="21118" Z="0"/><Vertex X="13788" Y="21118" Z="0"/><Vertex X="13788" Y="20999" Z="0"/><Vertex X="13867" Y="20999" Z="0"/><Vertex X="13867" Y="20959" Z="0"/><Vertex X="13946" Y="20880" Z="0"/><Vertex X="13946" Y="20801" Z="0"/><Vertex X="14025" Y="20721" Z="0"/><Vertex X="14105" Y="20682" Z="0"/><Vertex X="14184" Y="20602" Z="0"/><Vertex X="14224" Y="20523" Z="0"/><Vertex X="14342" Y="20444" Z="0"/><Vertex X="14422" Y="20365" Z="0"/><Vertex X="14501" Y="20365" Z="0"/><Vertex X="14501" Y="20325" Z="0"/><Vertex X="14540" Y="20325" Z="0"/><Vertex X="14540" Y="20246" Z="0"/><Vertex X="14620" Y="20246" Z="0"/><Vertex X="14620" Y="20206" Z="0"/><Vertex X="14699" Y="20206" Z="0"/><Vertex X="14778" Y="20127" Z="0"/><Vertex X="14857" Y="20127" Z="0"/><Vertex X="14857" Y="20008" Z="0"/><Vertex X="14897" Y="20008" Z="0"/><Vertex X="14897" Y="19969" Z="0"/><Vertex X="14976" Y="19969" Z="0"/><Vertex X="14976" Y="19889" Z="0"/><Vertex X="15056" Y="19889" Z="0"/><Vertex X="15095" Y="19810" Z="0"/><Vertex X="15174" Y="19810" Z="0"/><Vertex X="15174" Y="19770" Z="0"/><Vertex X="15254" Y="19770" Z="0"/><Vertex X="15254" Y="19691" Z="0"/><Vertex X="15293" Y="19691" Z="0"/><Vertex X="15372" Y="19612" Z="0"/><Vertex X="15491" Y="19612" Z="0"/><Vertex X="15491" Y="19572" Z="0"/><Vertex X="15531" Y="19572" Z="0"/><Vertex X="15610" Y="19493" Z="0"/><Vertex X="15689" Y="19493" Z="0"/><Vertex X="15689" Y="19414" Z="0"/><Vertex X="15729" Y="19414" Z="0"/><Vertex X="15808" Y="19335" Z="0"/><Vertex X="15888" Y="19335" Z="0"/><Vertex X="15888" Y="19295" Z="0"/><Vertex X="15967" Y="19295" Z="0"/><Vertex X="16086" Y="19216" Z="0"/><Vertex X="16165" Y="19216" Z="0"/><Vertex X="16205" Y="19216" Z="0"/><Vertex X="16323" Y="19137" Z="0"/><Vertex X="16442" Y="19137" Z="0"/><Vertex X="16561" Y="19057" Z="0"/><Vertex X="16640" Y="19057" Z="0"/><Vertex X="16759" Y="18978" Z="0"/><Vertex X="16878" Y="18978" Z="0"/><Vertex X="16997" Y="18899" Z="0"/><Vertex X="17076" Y="18899" Z="0"/><Vertex X="17195" Y="18859" Z="0"/><Vertex X="17274" Y="18859" Z="0"/><Vertex X="17314" Y="18859" Z="0"/><Vertex X="17314" Y="18780" Z="0"/><Vertex X="17393" Y="18780" Z="0"/><Vertex X="17512" Y="18780" Z="0"/><Vertex X="17512" Y="18701" Z="0"/><Vertex X="17552" Y="18701" Z="0"/><Vertex X="17631" Y="18661" Z="0"/><Vertex X="17670" Y="18661" Z="0"/><Vertex X="17670" Y="18582" Z="0"/><Vertex X="17750" Y="18582" Z="0"/><Vertex X="17750" Y="18503" Z="0"/><Vertex X="17829" Y="18503" Z="0"/><Vertex X="17829" Y="18463" Z="0"/><Vertex X="17869" Y="18463" Z="0"/><Vertex X="17869" Y="18384" Z="0"/><Vertex X="17948" Y="18304" Z="0"/><Vertex X="18027" Y="18304" Z="0"/><Vertex X="18027" Y="18265" Z="0"/><Vertex X="18067" Y="18186" Z="0"/><Vertex X="18146" Y="18106" Z="0"/><Vertex X="18146" Y="18067" Z="0"/><Vertex X="18225" Y="18067" Z="0"/><Vertex X="18304" Y="17948" Z="0"/><Vertex X="18304" Y="17869" Z="0"/><Vertex X="18344" Y="17869" Z="0"/><Vertex X="18344" Y="17829" Z="0"/><Vertex X="18423" Y="17829" Z="0"/><Vertex X="18423" Y="17750" Z="0"/><Vertex X="18463" Y="17750" Z="0"/><Vertex X="18463" Y="17671" Z="0"/><Vertex X="18542" Y="17671" Z="0"/><Vertex X="18542" Y="17631" Z="0"/><Vertex X="18621" Y="17631" Z="0"/><Vertex X="18661" Y="17552" Z="0"/><Vertex X="18661" Y="17472" Z="0"/><Vertex X="18740" Y="17472" Z="0"/><Vertex X="18740" Y="17433" Z="0"/><Vertex X="18819" Y="17433" Z="0"/><Vertex X="18819" Y="17354" Z="0"/><Vertex X="18859" Y="17354" Z="0"/><Vertex X="18859" Y="17314" Z="0"/><Vertex X="18938" Y="17314" Z="0"/><Vertex X="19018" Y="17235" Z="0"/><Vertex X="19057" Y="17155" Z="0"/><Vertex X="19136" Y="17155" Z="0"/><Vertex X="19136" Y="17116" Z="0"/><Vertex X="19216" Y="17116" Z="0"/><Vertex X="19216" Y="17037" Z="0"/><Vertex X="19255" Y="17037" Z="0"/><Vertex X="19255" Y="16957" Z="0"/><Vertex X="19335" Y="16957" Z="0"/><Vertex X="19335" Y="16918" Z="0"/><Vertex X="19335" Y="16839" Z="0"/><Vertex X="19335" Y="16799" Z="0"/><Vertex X="19335" Y="16720" Z="0"/><Vertex X="19335" Y="16640" Z="0"/><Vertex X="19335" Y="16601" Z="0"/><Vertex X="19335" Y="16482" Z="0"/><Vertex X="19295" Y="16403" Z="0"/><Vertex X="19295" Y="16363" Z="0"/><Vertex X="19216" Y="16363" Z="0"/><Vertex X="19216" Y="16284" Z="0"/><Vertex X="19176" Y="16284" Z="0"/><Vertex X="19176" Y="16205" Z="0"/><Vertex X="19097" Y="16205" Z="0"/><Vertex X="19097" Y="16165" Z="0"/><Vertex X="19057" Y="16165" Z="0"/><Vertex X="18978" Y="16086" Z="0"/><Vertex X="18899" Y="16086" Z="0"/><Vertex X="18899" Y="16046" Z="0"/><Vertex X="18859" Y="16046" Z="0"/><Vertex X="18780" Y="16046" Z="0"/><Vertex X="18780" Y="15967" Z="0"/><Vertex X="18701" Y="15967" Z="0"/><Vertex X="18621" Y="15888" Z="0"/><Vertex X="18502" Y="15808" Z="0"/><Vertex X="18384" Y="15729" Z="0"/><Vertex X="18265" Y="15729" Z="0"/><Vertex X="18265" Y="15690" Z="0"/><Vertex X="18186" Y="15690" Z="0"/><Vertex X="18106" Y="15610" Z="0"/><Vertex X="17987" Y="15610" Z="0"/><Vertex X="17948" Y="15610" Z="0"/><Vertex X="17869" Y="15610" Z="0"/><Vertex X="17789" Y="15610" Z="0"/><Vertex X="17750" Y="15610" Z="0"/><Vertex X="17670" Y="15610" Z="0"/><Vertex X="17591" Y="15610" Z="0"/><Vertex X="17512" Y="15610" Z="0"/><Vertex X="17433" Y="15610" Z="0"/><Vertex X="17393" Y="15610" Z="0"/><Vertex X="17314" Y="15610" Z="0"/><Vertex X="17274" Y="15610" Z="0"/><Vertex X="17116" Y="15650" Z="0"/><Vertex X="16997" Y="15650" Z="0"/><Vertex X="16918" Y="15650" Z="0"/><Vertex X="16878" Y="15650" Z="0"/><Vertex X="16799" Y="15650" Z="0"/><Vertex X="16759" Y="15650" Z="0"/><Vertex X="16680" Y="15650" Z="0"/><Vertex X="16601" Y="15650" Z="0"/><Vertex X="16561" Y="15650" Z="0"/><Vertex X="16482" Y="15650" Z="0"/><Vertex X="16482" Y="15729" Z="0"/><Vertex X="16442" Y="15729" Z="0"/><Vertex X="16363" Y="15769" Z="0"/><Vertex X="16284" Y="15848" Z="0"/><Vertex X="16205" Y="15967" Z="0"/><Vertex X="16205" Y="16086" Z="0"/><Vertex X="16125" Y="16125" Z="0"/><Vertex X="16125" Y="16244" Z="0"/><Vertex X="16125" Y="16323" Z="0"/><Vertex X="16086" Y="16323" Z="0"/><Vertex X="16086" Y="16363" Z="0"/><Vertex X="16086" Y="16442" Z="0"/><Vertex X="16006" Y="16442" Z="0"/><Vertex X="16006" Y="16482" Z="0"/><Vertex X="16006" Y="16561" Z="0"/><Vertex X="15967" Y="16561" Z="0"/><Vertex X="15967" Y="16640" Z="0"/><Vertex X="15888" Y="16680" Z="0"/><Vertex X="15888" Y="16759" Z="0"/><Vertex X="15808" Y="16759" Z="0"/><Vertex X="15808" Y="16839" Z="0"/><Vertex X="15729" Y="16918" Z="0"/><Vertex X="15729" Y="17037" Z="0"/><Vertex X="15650" Y="17155" Z="0"/><Vertex X="15571" Y="17155" Z="0"/><Vertex X="15571" Y="17195" Z="0"/><Vertex X="15491" Y="17274" Z="0"/><Vertex X="15412" Y="17354" Z="0"/><Vertex X="15372" Y="17433" Z="0"/><Vertex X="15293" Y="17433" Z="0"/><Vertex X="15293" Y="17472" Z="0"/><Vertex X="15174" Y="17472" Z="0"/><Vertex X="15174" Y="17552" Z="0"/><Vertex X="15135" Y="17552" Z="0"/><Vertex X="15056" Y="17552" Z="0"/><Vertex X="15056" Y="17591" Z="0"/><Vertex X="15016" Y="17591" Z="0"/><Vertex X="14937" Y="17671" Z="0"/><Vertex X="14857" Y="17671" Z="0"/><Vertex X="14857" Y="17750" Z="0"/><Vertex X="14818" Y="17750" Z="0"/><Vertex X="14818" Y="17789" Z="0"/><Vertex X="14739" Y="17789" Z="0"/><Vertex X="14659" Y="17789" Z="0"/><Vertex X="14659" Y="17869" Z="0"/><Vertex X="14620" Y="17869" Z="0"/><Vertex X="14540" Y="17869" Z="0"/><Vertex X="14501" Y="17869" Z="0"/><Vertex X="14501" Y="17948" Z="0"/><Vertex X="14422" Y="17948" Z="0"/><Vertex X="14342" Y="17948" Z="0"/><Vertex X="14263" Y="17948" Z="0"/><Vertex X="14144" Y="17948" Z="0"/><Vertex X="14144" Y="17988" Z="0"/><Vertex X="14025" Y="17988" Z="0"/><Vertex X="13946" Y="17988" Z="0"/><Vertex X="13867" Y="18067" Z="0"/><Vertex X="13788" Y="18067" Z="0"/><Vertex X="13708" Y="18146" Z="0"/><Vertex X="13629" Y="18146" Z="0"/><Vertex X="13629" Y="18186" Z="0"/><Vertex X="13550" Y="18186" Z="0"/><Vertex X="13550" Y="18265" Z="0"/><Vertex X="13510" Y="18265" Z="0"/><Vertex X="13510" Y="18344" Z="0"/><Vertex X="13391" Y="18344" Z="0"/><Vertex X="13391" Y="18384" Z="0"/><Vertex X="13352" Y="18384" Z="0"/><Vertex X="13273" Y="18463" Z="0"/><Vertex X="13193" Y="18463" Z="0"/><Vertex X="13193" Y="18582" Z="0"/><Vertex X="13075" Y="18582" Z="0"/><Vertex X="13075" Y="18661" Z="0"/><Vertex X="13035" Y="18661" Z="0"/><Vertex X="13035" Y="18740" Z="0"/><Vertex X="12956" Y="18740" Z="0"/><Vertex X="12876" Y="18859" Z="0"/><Vertex X="12837" Y="18938" Z="0"/><Vertex X="12837" Y="18978" Z="0"/><Vertex X="12758" Y="18978" Z="0"/><Vertex X="12758" Y="19057" Z="0"/><Vertex X="12678" Y="19057" Z="0"/><Vertex X="12678" Y="19097" Z="0"/><Vertex X="12639" Y="19097" Z="0"/><Vertex X="12639" Y="19176" Z="0"/><Vertex X="12559" Y="19176" Z="0"/><Vertex X="12559" Y="19255" Z="0"/><Vertex X="12520" Y="19255" Z="0"/><Vertex X="12441" Y="19295" Z="0"/><Vertex X="12361" Y="19374" Z="0"/><Vertex X="12282" Y="19453" Z="0"/><Vertex X="12243" Y="19453" Z="0"/><Vertex X="12243" Y="19533" Z="0"/><Vertex X="12163" Y="19533" Z="0"/><Vertex X="12084" Y="19572" Z="0"/><Vertex X="12044" Y="19572" Z="0"/><Vertex X="12044" Y="19652" Z="0"/><Vertex X="11965" Y="19652" Z="0"/><Vertex X="11886" Y="19731" Z="0"/><Vertex X="11846" Y="19731" Z="0"/><Vertex X="11846" Y="19770" Z="0"/><Vertex X="11767" Y="19770" Z="0"/><Vertex X="11688" Y="19850" Z="0"/><Vertex X="11609" Y="19850" Z="0"/><Vertex X="11609" Y="19929" Z="0"/><Vertex X="11529" Y="19929" Z="0"/><Vertex X="11529" Y="19969" Z="0"/><Vertex X="11410" Y="19969" Z="0"/><Vertex X="11371" Y="19969" Z="0"/><Vertex X="11371" Y="20048" Z="0"/><Vertex X="11292" Y="20048" Z="0"/><Vertex X="11212" Y="20127" Z="0"/><Vertex X="11173" Y="20167" Z="0"/><Vertex X="11094" Y="20167" Z="0"/><Vertex X="11014" Y="20246" Z="0"/><Vertex X="10975" Y="20246" Z="0"/><Vertex X="10975" Y="20325" Z="0"/><Vertex X="10895" Y="20325" Z="0"/><Vertex X="10816" Y="20325" Z="0"/><Vertex X="10816" Y="20365" Z="0"/><Vertex X="10777" Y="20365" Z="0"/><Vertex X="10697" Y="20365" Z="0"/><Vertex X="10618" Y="20444" Z="0"/><Vertex X="10578" Y="20444" Z="0"/><Vertex X="10499" Y="20444" Z="0"/><Vertex X="10499" Y="20523" Z="0"/><Vertex X="10460" Y="20523" Z="0"/><Vertex X="10380" Y="20523" Z="0"/><Vertex X="10380" Y="20563" Z="0"/><Vertex X="10301" Y="20563" Z="0"/><Vertex X="10262" Y="20563" Z="0"/><Vertex X="10182" Y="20642" Z="0"/><Vertex X="10063" Y="20642" Z="0"/><Vertex X="10063" Y="20721" Z="0"/><Vertex X="10024" Y="20721" Z="0"/><Vertex X="9945" Y="20801" Z="0"/><Vertex X="9865" Y="20801" Z="0"/><Vertex X="9826" Y="20840" Z="0"/><Vertex X="9667" Y="20840" Z="0"/><Vertex X="9588" Y="20919" Z="0"/><Vertex X="9469" Y="20919" Z="0"/><Vertex X="9390" Y="20999" Z="0"/><Vertex X="9311" Y="20999" Z="0"/><Vertex X="9231" Y="21078" Z="0"/><Vertex X="9192" Y="21078" Z="0"/><Vertex X="9192" Y="21118" Z="0"/><Vertex X="9073" Y="21118" Z="0"/><Vertex X="8994" Y="21197" Z="0"/><Vertex X="8954" Y="21197" Z="0"/><Vertex X="8875" Y="21276" Z="0"/><Vertex X="8756" Y="21276" Z="0"/><Vertex X="8637" Y="21355" Z="0"/><Vertex X="8558" Y="21355" Z="0"/><Vertex X="8479" Y="21355" Z="0"/><Vertex X="8479" Y="21395" Z="0"/><Vertex X="8439" Y="21395" Z="0"/><Vertex X="8360" Y="21395" Z="0"/><Vertex X="8360" Y="21474" Z="0"/><Vertex X="8280" Y="21474" Z="0"/><Vertex X="8280" Y="21553" Z="0"/><Vertex X="8201" Y="21553" Z="0"/><Vertex X="8201" Y="21593" Z="0"/><Vertex X="8122" Y="21593" Z="0"/><Vertex X="8043" Y="21672" Z="0"/><Vertex X="8003" Y="21672" Z="0"/><Vertex X="7924" Y="21751" Z="0"/><Vertex X="7845" Y="21751" Z="0"/><Vertex X="7765" Y="21870" Z="0"/><Vertex X="7726" Y="21870" Z="0"/><Vertex X="7647" Y="21870" Z="0"/><Vertex X="7567" Y="21910" Z="0"/><Vertex X="7448" Y="21910" Z="0"/><Vertex X="7369" Y="21989" Z="0"/><Vertex X="7290" Y="21989" Z="0"/><Vertex X="7211" Y="21989" Z="0"/><Vertex X="7132" Y="22068" Z="0"/><Vertex X="7092" Y="22068" Z="0"/><Vertex X="7013" Y="22148" Z="0"/><Vertex X="6894" Y="22227" Z="0"/><Vertex X="6854" Y="22227" Z="0"/><Vertex X="6775" Y="22266" Z="0"/><Vertex X="6696" Y="22266" Z="0"/><Vertex X="6656" Y="22266" Z="0"/><Vertex X="6577" Y="22346" Z="0"/><Vertex X="6498" Y="22346" Z="0"/><Vertex X="6458" Y="22346" Z="0"/><Vertex X="6458" Y="22425" Z="0"/><Vertex X="6379" Y="22425" Z="0"/><Vertex X="6299" Y="22425" Z="0"/><Vertex X="6260" Y="22465" Z="0"/><Vertex X="6181" Y="22465" Z="0"/><Vertex X="6101" Y="22544" Z="0"/><Vertex X="6062" Y="22544" Z="0"/><Vertex X="6062" Y="22623" Z="0"/><Vertex X="5983" Y="22623" Z="0"/><Vertex X="5983" Y="22663" Z="0"/><Vertex X="5943" Y="22663" Z="0"/><Vertex X="5864" Y="22663" Z="0"/><Vertex X="5864" Y="22742" Z="0"/><Vertex X="5784" Y="22742" Z="0"/><Vertex X="5705" Y="22742" Z="0"/><Vertex X="5626" Y="22821" Z="0"/><Vertex X="5507" Y="22821" Z="0"/><Vertex X="5467" Y="22821" Z="0"/><Vertex X="5467" Y="22861" Z="0"/><Vertex X="5388" Y="22861" Z="0"/><Vertex X="5388" Y="22940" Z="0"/><Vertex X="5309" Y="22940" Z="0"/><Vertex X="5269" Y="22940" Z="0"/><Vertex X="5269" Y="23019" Z="0"/><Vertex X="5190" Y="23019" Z="0"/><Vertex X="5151" Y="23019" Z="0"/><Vertex X="5151" Y="23059" Z="0"/><Vertex X="5071" Y="23059" Z="0"/><Vertex X="4992" Y="23059" Z="0"/><Vertex X="4952" Y="23138" Z="0"/><Vertex X="4952" Y="23099" Z="0"/><Vertex X="4952" Y="23138" Z="0"/></Vertices></Region><Region Id="6" Type="0" Zoom="0.025240" Selected="0" ImageLocation="" ImageFocus="-1" Length="39991.2" Area="42817763.5" LengthMicrons="19731.6" AreaMicrons="10423709.1" Text="" NegativeROA="0" InputRegionId="0" Analyze="1" DisplayId="6"><Attributes></Attributes><Vertices><Vertex X="12441" Y="28764" Z="0"/><Vertex X="12361" Y="28764" Z="0"/><Vertex X="12361" Y="28843" Z="0"/><Vertex X="12243" Y="28843" Z="0"/><Vertex X="12163" Y="28923" Z="0"/><Vertex X="12124" Y="28962" Z="0"/><Vertex X="12044" Y="29081" Z="0"/><Vertex X="11965" Y="29200" Z="0"/><Vertex X="11886" Y="29279" Z="0"/><Vertex X="11807" Y="29358" Z="0"/><Vertex X="11727" Y="29398" Z="0"/><Vertex X="11727" Y="29477" Z="0"/><Vertex X="11688" Y="29477" Z="0"/><Vertex X="11688" Y="29596" Z="0"/><Vertex X="11609" Y="29675" Z="0"/><Vertex X="11609" Y="29794" Z="0"/><Vertex X="11529" Y="29794" Z="0"/><Vertex X="11529" Y="29913" Z="0"/><Vertex X="11490" Y="29992" Z="0"/><Vertex X="11490" Y="30032" Z="0"/><Vertex X="11410" Y="30032" Z="0"/><Vertex X="11410" Y="30111" Z="0"/><Vertex X="11331" Y="30230" Z="0"/><Vertex X="11252" Y="30309" Z="0"/><Vertex X="11173" Y="30428" Z="0"/><Vertex X="11133" Y="30507" Z="0"/><Vertex X="11054" Y="30587" Z="0"/><Vertex X="11054" Y="30626" Z="0"/><Vertex X="10975" Y="30626" Z="0"/><Vertex X="10975" Y="30745" Z="0"/><Vertex X="10895" Y="30864" Z="0"/><Vertex X="10895" Y="30943" Z="0"/><Vertex X="10856" Y="30943" Z="0"/><Vertex X="10856" Y="31062" Z="0"/><Vertex X="10856" Y="31181" Z="0"/><Vertex X="10777" Y="31181" Z="0"/><Vertex X="10777" Y="31221" Z="0"/><Vertex X="10697" Y="31300" Z="0"/><Vertex X="10658" Y="31379" Z="0"/><Vertex X="10658" Y="31458" Z="0"/><Vertex X="10539" Y="31458" Z="0"/><Vertex X="10539" Y="31498" Z="0"/><Vertex X="10460" Y="31577" Z="0"/><Vertex X="10380" Y="31656" Z="0"/><Vertex X="10341" Y="31696" Z="0"/><Vertex X="10341" Y="31775" Z="0"/><Vertex X="10262" Y="31775" Z="0"/><Vertex X="10262" Y="31855" Z="0"/><Vertex X="10182" Y="31855" Z="0"/><Vertex X="10182" Y="31894" Z="0"/><Vertex X="10143" Y="31894" Z="0"/><Vertex X="10143" Y="31973" Z="0"/><Vertex X="10063" Y="31973" Z="0"/><Vertex X="10063" Y="32013" Z="0"/><Vertex X="9984" Y="32092" Z="0"/><Vertex X="9984" Y="32172" Z="0"/><Vertex X="9945" Y="32251" Z="0"/><Vertex X="9945" Y="32290" Z="0"/><Vertex X="9865" Y="32290" Z="0"/><Vertex X="9865" Y="32370" Z="0"/><Vertex X="9786" Y="32488" Z="0"/><Vertex X="9707" Y="32568" Z="0"/><Vertex X="9667" Y="32647" Z="0"/><Vertex X="9667" Y="32726" Z="0"/><Vertex X="9588" Y="32726" Z="0"/><Vertex X="9588" Y="32766" Z="0"/><Vertex X="9588" Y="32885" Z="0"/><Vertex X="9588" Y="32964" Z="0"/><Vertex X="9588" Y="33004" Z="0"/><Vertex X="9588" Y="33083" Z="0"/><Vertex X="9588" Y="33122" Z="0"/><Vertex X="9628" Y="33202" Z="0"/><Vertex X="9628" Y="33281" Z="0"/><Vertex X="9707" Y="33439" Z="0"/><Vertex X="9707" Y="33479" Z="0"/><Vertex X="9746" Y="33558" Z="0"/><Vertex X="9826" Y="33717" Z="0"/><Vertex X="9905" Y="33836" Z="0"/><Vertex X="9905" Y="33915" Z="0"/><Vertex X="10024" Y="33954" Z="0"/><Vertex X="10103" Y="34073" Z="0"/><Vertex X="10222" Y="34153" Z="0"/><Vertex X="10341" Y="34232" Z="0"/><Vertex X="10420" Y="34232" Z="0"/><Vertex X="10539" Y="34232" Z="0"/><Vertex X="10618" Y="34232" Z="0"/><Vertex X="10658" Y="34232" Z="0"/><Vertex X="10737" Y="34232" Z="0"/><Vertex X="10777" Y="34232" Z="0"/><Vertex X="10856" Y="34232" Z="0"/><Vertex X="10935" Y="34232" Z="0"/><Vertex X="10975" Y="34232" Z="0"/><Vertex X="11054" Y="34232" Z="0"/><Vertex X="11094" Y="34232" Z="0"/><Vertex X="11173" Y="34192" Z="0"/><Vertex X="11252" Y="34192" Z="0"/><Vertex X="11331" Y="34073" Z="0"/><Vertex X="11371" Y="34073" Z="0"/><Vertex X="11450" Y="33994" Z="0"/><Vertex X="11529" Y="33994" Z="0"/><Vertex X="11529" Y="33875" Z="0"/><Vertex X="11609" Y="33875" Z="0"/><Vertex X="11609" Y="33796" Z="0"/><Vertex X="11727" Y="33796" Z="0"/><Vertex X="11727" Y="33756" Z="0"/><Vertex X="11846" Y="33756" Z="0"/><Vertex X="11846" Y="33637" Z="0"/><Vertex X="11926" Y="33558" Z="0"/><Vertex X="11926" Y="33519" Z="0"/><Vertex X="12044" Y="33400" Z="0"/><Vertex X="12044" Y="33320" Z="0"/><Vertex X="12163" Y="33241" Z="0"/><Vertex X="12243" Y="33122" Z="0"/><Vertex X="12243" Y="33083" Z="0"/><Vertex X="12322" Y="32964" Z="0"/><Vertex X="12322" Y="32885" Z="0"/><Vertex X="12401" Y="32805" Z="0"/><Vertex X="12401" Y="32687" Z="0"/><Vertex X="12441" Y="32687" Z="0"/><Vertex X="12441" Y="32568" Z="0"/><Vertex X="12520" Y="32488" Z="0"/><Vertex X="12520" Y="32409" Z="0"/><Vertex X="12599" Y="32409" Z="0"/><Vertex X="12599" Y="32330" Z="0"/><Vertex X="12639" Y="32330" Z="0"/><Vertex X="12639" Y="32290" Z="0"/><Vertex X="12718" Y="32290" Z="0"/><Vertex X="12718" Y="32211" Z="0"/><Vertex X="12837" Y="32211" Z="0"/><Vertex X="12837" Y="32172" Z="0"/><Vertex X="12876" Y="32172" Z="0"/><Vertex X="12876" Y="32092" Z="0"/><Vertex X="12956" Y="32092" Z="0"/><Vertex X="13035" Y="31973" Z="0"/><Vertex X="13114" Y="31894" Z="0"/><Vertex X="13154" Y="31855" Z="0"/><Vertex X="13233" Y="31775" Z="0"/><Vertex X="13352" Y="31696" Z="0"/><Vertex X="13431" Y="31696" Z="0"/><Vertex X="13431" Y="31617" Z="0"/><Vertex X="13471" Y="31617" Z="0"/><Vertex X="13590" Y="31538" Z="0"/><Vertex X="13708" Y="31538" Z="0"/><Vertex X="13748" Y="31498" Z="0"/><Vertex X="13867" Y="31498" Z="0"/><Vertex X="13867" Y="31419" Z="0"/><Vertex X="13986" Y="31419" Z="0"/><Vertex X="14025" Y="31419" Z="0"/><Vertex X="14144" Y="31339" Z="0"/><Vertex X="14224" Y="31339" Z="0"/><Vertex X="14342" Y="31339" Z="0"/><Vertex X="14422" Y="31260" Z="0"/><Vertex X="14501" Y="31260" Z="0"/><Vertex X="14540" Y="31260" Z="0"/><Vertex X="14620" Y="31221" Z="0"/><Vertex X="14699" Y="31221" Z="0"/><Vertex X="14857" Y="31141" Z="0"/><Vertex X="14897" Y="31141" Z="0"/><Vertex X="14976" Y="31141" Z="0"/><Vertex X="15056" Y="31062" Z="0"/><Vertex X="15095" Y="31062" Z="0"/><Vertex X="15174" Y="30983" Z="0"/><Vertex X="15254" Y="30983" Z="0"/><Vertex X="15333" Y="30904" Z="0"/><Vertex X="15412" Y="30824" Z="0"/><Vertex X="15491" Y="30824" Z="0"/><Vertex X="15610" Y="30785" Z="0"/><Vertex X="15729" Y="30706" Z="0"/><Vertex X="15808" Y="30706" Z="0"/><Vertex X="15808" Y="30626" Z="0"/><Vertex X="15927" Y="30626" Z="0"/><Vertex X="16046" Y="30547" Z="0"/><Vertex X="16086" Y="30547" Z="0"/><Vertex X="16205" Y="30468" Z="0"/><Vertex X="16323" Y="30389" Z="0"/><Vertex X="16403" Y="30389" Z="0"/><Vertex X="16403" Y="30349" Z="0"/><Vertex X="16521" Y="30349" Z="0"/><Vertex X="16521" Y="30270" Z="0"/><Vertex X="16680" Y="30270" Z="0"/><Vertex X="16759" Y="30230" Z="0"/><Vertex X="16918" Y="30151" Z="0"/><Vertex X="16997" Y="30151" Z="0"/><Vertex X="16997" Y="30072" Z="0"/><Vertex X="17116" Y="30072" Z="0"/><Vertex X="17195" Y="29992" Z="0"/><Vertex X="17274" Y="29913" Z="0"/><Vertex X="17314" Y="29874" Z="0"/><Vertex X="17433" Y="29794" Z="0"/><Vertex X="17512" Y="29794" Z="0"/><Vertex X="17591" Y="29715" Z="0"/><Vertex X="17631" Y="29715" Z="0"/><Vertex X="17631" Y="29636" Z="0"/><Vertex X="17750" Y="29636" Z="0"/><Vertex X="17829" Y="29596" Z="0"/><Vertex X="17869" Y="29596" Z="0"/><Vertex X="17948" Y="29517" Z="0"/><Vertex X="18067" Y="29517" Z="0"/><Vertex X="18186" Y="29438" Z="0"/><Vertex X="18265" Y="29438" Z="0"/><Vertex X="18344" Y="29438" Z="0"/><Vertex X="18344" Y="29358" Z="0"/><Vertex X="18423" Y="29358" Z="0"/><Vertex X="18542" Y="29358" Z="0"/><Vertex X="18542" Y="29319" Z="0"/><Vertex X="18661" Y="29319" Z="0"/><Vertex X="18740" Y="29319" Z="0"/><Vertex X="18740" Y="29240" Z="0"/><Vertex X="18859" Y="29240" Z="0"/><Vertex X="18978" Y="29240" Z="0"/><Vertex X="18978" Y="29160" Z="0"/><Vertex X="19057" Y="29160" Z="0"/><Vertex X="19136" Y="29160" Z="0"/><Vertex X="19216" Y="29121" Z="0"/><Vertex X="19255" Y="29121" Z="0"/><Vertex X="19335" Y="29121" Z="0"/><Vertex X="19414" Y="29121" Z="0"/><Vertex X="19414" Y="29042" Z="0"/><Vertex X="19533" Y="29042" Z="0"/><Vertex X="19691" Y="28962" Z="0"/><Vertex X="19770" Y="28962" Z="0"/><Vertex X="19850" Y="28962" Z="0"/><Vertex X="19889" Y="28883" Z="0"/><Vertex X="19968" Y="28883" Z="0"/><Vertex X="20048" Y="28883" Z="0"/><Vertex X="20048" Y="28843" Z="0"/><Vertex X="20127" Y="28843" Z="0"/><Vertex X="20206" Y="28843" Z="0"/><Vertex X="20285" Y="28843" Z="0"/><Vertex X="20365" Y="28843" Z="0"/><Vertex X="20365" Y="28764" Z="0"/><Vertex X="20483" Y="28764" Z="0"/><Vertex X="20563" Y="28764" Z="0"/><Vertex X="20682" Y="28685" Z="0"/><Vertex X="20800" Y="28685" Z="0"/><Vertex X="20800" Y="28645" Z="0"/><Vertex X="20919" Y="28645" Z="0"/><Vertex X="20959" Y="28645" Z="0"/><Vertex X="21078" Y="28566" Z="0"/><Vertex X="21197" Y="28566" Z="0"/><Vertex X="21236" Y="28566" Z="0"/><Vertex X="21236" Y="28487" Z="0"/><Vertex X="21316" Y="28487" Z="0"/><Vertex X="21395" Y="28408" Z="0"/><Vertex X="21434" Y="28408" Z="0"/><Vertex X="21553" Y="28408" Z="0"/><Vertex X="21553" Y="28368" Z="0"/><Vertex X="21672" Y="28368" Z="0"/><Vertex X="21712" Y="28368" Z="0"/><Vertex X="21791" Y="28368" Z="0"/><Vertex X="21831" Y="28368" Z="0"/><Vertex X="21910" Y="28368" Z="0"/><Vertex X="22029" Y="28289" Z="0"/><Vertex X="22108" Y="28289" Z="0"/><Vertex X="22187" Y="28289" Z="0"/><Vertex X="22306" Y="28289" Z="0"/><Vertex X="22346" Y="28289" Z="0"/><Vertex X="22464" Y="28289" Z="0"/><Vertex X="22583" Y="28289" Z="0"/><Vertex X="22583" Y="28210" Z="0"/><Vertex X="22663" Y="28210" Z="0"/><Vertex X="22781" Y="28210" Z="0"/><Vertex X="22861" Y="28170" Z="0"/><Vertex X="22940" Y="28170" Z="0"/><Vertex X="23019" Y="28170" Z="0"/><Vertex X="23098" Y="28170" Z="0"/><Vertex X="23138" Y="28091" Z="0"/><Vertex X="23217" Y="28091" Z="0"/><Vertex X="23297" Y="28091" Z="0"/><Vertex X="23376" Y="28091" Z="0"/><Vertex X="23455" Y="28091" Z="0"/><Vertex X="23495" Y="28091" Z="0"/><Vertex X="23574" Y="28091" Z="0"/><Vertex X="23693" Y="28011" Z="0"/><Vertex X="23732" Y="28011" Z="0"/><Vertex X="23812" Y="28011" Z="0"/><Vertex X="23891" Y="28011" Z="0"/><Vertex X="23930" Y="28011" Z="0"/><Vertex X="24010" Y="28011" Z="0"/><Vertex X="24049" Y="28011" Z="0"/><Vertex X="24129" Y="28011" Z="0"/><Vertex X="24208" Y="28011" Z="0"/><Vertex X="24208" Y="27932" Z="0"/><Vertex X="24247" Y="27932" Z="0"/><Vertex X="24327" Y="27893" Z="0"/><Vertex X="24327" Y="27813" Z="0"/><Vertex X="24406" Y="27813" Z="0"/><Vertex X="24406" Y="27734" Z="0"/><Vertex X="24406" Y="27694" Z="0"/><Vertex X="24406" Y="27615" Z="0"/><Vertex X="24406" Y="27496" Z="0"/><Vertex X="24406" Y="27457" Z="0"/><Vertex X="24366" Y="27457" Z="0"/><Vertex X="24366" Y="27377" Z="0"/><Vertex X="24287" Y="27338" Z="0"/><Vertex X="24247" Y="27259" Z="0"/><Vertex X="24129" Y="27179" Z="0"/><Vertex X="24010" Y="27100" Z="0"/><Vertex X="23891" Y="27100" Z="0"/><Vertex X="23891" Y="27021" Z="0"/><Vertex X="23812" Y="27021" Z="0"/><Vertex X="23732" Y="27021" Z="0"/><Vertex X="23653" Y="26981" Z="0"/><Vertex X="23613" Y="26981" Z="0"/><Vertex X="23415" Y="26902" Z="0"/><Vertex X="23297" Y="26823" Z="0"/><Vertex X="23257" Y="26823" Z="0"/><Vertex X="23178" Y="26744" Z="0"/><Vertex X="23098" Y="26744" Z="0"/><Vertex X="23059" Y="26744" Z="0"/><Vertex X="22900" Y="26664" Z="0"/><Vertex X="22861" Y="26664" Z="0"/><Vertex X="22781" Y="26664" Z="0"/><Vertex X="22702" Y="26625" Z="0"/><Vertex X="22663" Y="26625" Z="0"/><Vertex X="22583" Y="26625" Z="0"/><Vertex X="22544" Y="26625" Z="0"/><Vertex X="22464" Y="26545" Z="0"/><Vertex X="22346" Y="26545" Z="0"/><Vertex X="22266" Y="26545" Z="0"/><Vertex X="22187" Y="26466" Z="0"/><Vertex X="22148" Y="26466" Z="0"/><Vertex X="22068" Y="26466" Z="0"/><Vertex X="21989" Y="26466" Z="0"/><Vertex X="21949" Y="26387" Z="0"/><Vertex X="21751" Y="26387" Z="0"/><Vertex X="21712" Y="26387" Z="0"/><Vertex X="21632" Y="26387" Z="0"/><Vertex X="21553" Y="26308" Z="0"/><Vertex X="21514" Y="26308" Z="0"/><Vertex X="21395" Y="26308" Z="0"/><Vertex X="21236" Y="26268" Z="0"/><Vertex X="21197" Y="26268" Z="0"/><Vertex X="21117" Y="26268" Z="0"/><Vertex X="21038" Y="26268" Z="0"/><Vertex X="20999" Y="26268" Z="0"/><Vertex X="20919" Y="26268" Z="0"/><Vertex X="20880" Y="26268" Z="0"/><Vertex X="20800" Y="26268" Z="0"/><Vertex X="20721" Y="26268" Z="0"/><Vertex X="20682" Y="26268" Z="0"/><Vertex X="20563" Y="26268" Z="0"/><Vertex X="20483" Y="26268" Z="0"/><Vertex X="20404" Y="26268" Z="0"/><Vertex X="20365" Y="26268" Z="0"/><Vertex X="20285" Y="26268" Z="0"/><Vertex X="20246" Y="26268" Z="0"/><Vertex X="20167" Y="26268" Z="0"/><Vertex X="20048" Y="26268" Z="0"/><Vertex X="20008" Y="26268" Z="0"/><Vertex X="19929" Y="26268" Z="0"/><Vertex X="19850" Y="26189" Z="0"/><Vertex X="19810" Y="26189" Z="0"/><Vertex X="19691" Y="26189" Z="0"/><Vertex X="19612" Y="26189" Z="0"/><Vertex X="19533" Y="26189" Z="0"/><Vertex X="19414" Y="26189" Z="0"/><Vertex X="19335" Y="26189" Z="0"/><Vertex X="19255" Y="26189" Z="0"/><Vertex X="19216" Y="26189" Z="0"/><Vertex X="19136" Y="26189" Z="0"/><Vertex X="19018" Y="26189" Z="0"/><Vertex X="18938" Y="26189" Z="0"/><Vertex X="18899" Y="26228" Z="0"/><Vertex X="18819" Y="26228" Z="0"/><Vertex X="18740" Y="26228" Z="0"/><Vertex X="18621" Y="26268" Z="0"/><Vertex X="18542" Y="26268" Z="0"/><Vertex X="18463" Y="26268" Z="0"/><Vertex X="18463" Y="26347" Z="0"/><Vertex X="18344" Y="26347" Z="0"/><Vertex X="18225" Y="26347" Z="0"/><Vertex X="18186" Y="26347" Z="0"/><Vertex X="18186" Y="26387" Z="0"/><Vertex X="18067" Y="26387" Z="0"/><Vertex X="18027" Y="26387" Z="0"/><Vertex X="17948" Y="26387" Z="0"/><Vertex X="17789" Y="26466" Z="0"/><Vertex X="17710" Y="26466" Z="0"/><Vertex X="17670" Y="26466" Z="0"/><Vertex X="17591" Y="26466" Z="0"/><Vertex X="17512" Y="26545" Z="0"/><Vertex X="17433" Y="26545" Z="0"/><Vertex X="17353" Y="26545" Z="0"/><Vertex X="17235" Y="26545" Z="0"/><Vertex X="17195" Y="26545" Z="0"/><Vertex X="17037" Y="26625" Z="0"/><Vertex X="16997" Y="26625" Z="0"/><Vertex X="16838" Y="26704" Z="0"/><Vertex X="16759" Y="26704" Z="0"/><Vertex X="16720" Y="26704" Z="0"/><Vertex X="16640" Y="26783" Z="0"/><Vertex X="16561" Y="26783" Z="0"/><Vertex X="16403" Y="26862" Z="0"/><Vertex X="16323" Y="26862" Z="0"/><Vertex X="16284" Y="26862" Z="0"/><Vertex X="15927" Y="26981" Z="0"/><Vertex X="15729" Y="27061" Z="0"/><Vertex X="15689" Y="27061" Z="0"/><Vertex X="15610" Y="27061" Z="0"/><Vertex X="15531" Y="27140" Z="0"/><Vertex X="15412" Y="27140" Z="0"/><Vertex X="15333" Y="27219" Z="0"/><Vertex X="15293" Y="27219" Z="0"/><Vertex X="15214" Y="27219" Z="0"/><Vertex X="15174" Y="27219" Z="0"/><Vertex X="15095" Y="27259" Z="0"/><Vertex X="15016" Y="27259" Z="0"/><Vertex X="14897" Y="27338" Z="0"/><Vertex X="14818" Y="27338" Z="0"/><Vertex X="14778" Y="27338" Z="0"/><Vertex X="14699" Y="27417" Z="0"/><Vertex X="14620" Y="27417" Z="0"/><Vertex X="14540" Y="27417" Z="0"/><Vertex X="14461" Y="27496" Z="0"/><Vertex X="14342" Y="27496" Z="0"/><Vertex X="14342" Y="27536" Z="0"/><Vertex X="14224" Y="27536" Z="0"/><Vertex X="14144" Y="27615" Z="0"/><Vertex X="14025" Y="27615" Z="0"/><Vertex X="14025" Y="27694" Z="0"/><Vertex X="13907" Y="27694" Z="0"/><Vertex X="13827" Y="27774" Z="0"/><Vertex X="13748" Y="27774" Z="0"/><Vertex X="13748" Y="27813" Z="0"/><Vertex X="13669" Y="27813" Z="0"/><Vertex X="13629" Y="27893" Z="0"/><Vertex X="13550" Y="27893" Z="0"/><Vertex X="13550" Y="27972" Z="0"/><Vertex X="13471" Y="27972" Z="0"/><Vertex X="13431" Y="27972" Z="0"/><Vertex X="13431" Y="28011" Z="0"/><Vertex X="13352" Y="28011" Z="0"/><Vertex X="13312" Y="28011" Z="0"/><Vertex X="13233" Y="28091" Z="0"/><Vertex X="13154" Y="28091" Z="0"/><Vertex X="13114" Y="28091" Z="0"/><Vertex X="13114" Y="28170" Z="0"/><Vertex X="13035" Y="28170" Z="0"/><Vertex X="12956" Y="28210" Z="0"/><Vertex X="12916" Y="28210" Z="0"/><Vertex X="12916" Y="28289" Z="0"/><Vertex X="12837" Y="28289" Z="0"/><Vertex X="12837" Y="28368" Z="0"/><Vertex X="12718" Y="28408" Z="0"/><Vertex X="12639" Y="28487" Z="0"/><Vertex X="12599" Y="28487" Z="0"/><Vertex X="12599" Y="28566" Z="0"/><Vertex X="12520" Y="28645" Z="0"/><Vertex X="12520" Y="28685" Z="0"/><Vertex X="12441" Y="28685" Z="0"/><Vertex X="12441" Y="28764" Z="0"/></Vertices></Region></Regions><Plots></Plots></Annotation></Annotations>
