<Annotations MicronsPerPixel="0.493400">
	<Annotation Id="1" Name="" ReadOnly="0" NameReadOnly="0" LineColorReadOnly="0" Incremental="0" Type="4" LineColor="65535" Visible="1" Selected="1" MarkupImagePath="" MacroName=""><Attributes></Attributes><Regions><RegionAttributeHeaders></RegionAttributeHeaders><Region Id="1" Type="0" Zoom="0.039226" Selected="0" ImageLocation="" ImageFocus="-1" Length="13646.6" Area="8577819.0" LengthMicrons="6733.2" AreaMicrons="2088214.9" Text="" NegativeROA="0" InputRegionId="0" Analyze="1" DisplayId="1"><Attributes></Attributes><Vertices><Vertex X="17896" Y="2243" Z="0"/><Vertex X="17845" Y="2269" Z="0"/><Vertex X="17794" Y="2320" Z="0"/><Vertex X="17718" Y="2371" Z="0"/><Vertex X="17692" Y="2371" Z="0"/><Vertex X="17641" Y="2422" Z="0"/><Vertex X="17590" Y="2422" Z="0"/><Vertex X="17539" Y="2473" Z="0"/><Vertex X="17514" Y="2473" Z="0"/><Vertex X="17463" Y="2498" Z="0"/><Vertex X="17412" Y="2498" Z="0"/><Vertex X="17386" Y="2498" Z="0"/><Vertex X="17335" Y="2549" Z="0"/><Vertex X="17259" Y="2549" Z="0"/><Vertex X="17259" Y="2600" Z="0"/><Vertex X="17208" Y="2600" Z="0"/><Vertex X="17131" Y="2651" Z="0"/><Vertex X="17055" Y="2677" Z="0"/><Vertex X="17004" Y="2677" Z="0"/><Vertex X="17004" Y="2728" Z="0"/><Vertex X="16978" Y="2728" Z="0"/><Vertex X="16927" Y="2728" Z="0"/><Vertex X="16902" Y="2728" Z="0"/><Vertex X="16851" Y="2728" Z="0"/><Vertex X="16800" Y="2728" Z="0"/><Vertex X="16774" Y="2804" Z="0"/><Vertex X="16723" Y="2881" Z="0"/><Vertex X="16723" Y="2906" Z="0"/><Vertex X="16672" Y="2957" Z="0"/><Vertex X="16621" Y="3034" Z="0"/><Vertex X="16570" Y="3110" Z="0"/><Vertex X="16520" Y="3161" Z="0"/><Vertex X="16520" Y="3212" Z="0"/><Vertex X="16494" Y="3212" Z="0"/><Vertex X="16494" Y="3289" Z="0"/><Vertex X="16443" Y="3289" Z="0"/><Vertex X="16443" Y="3314" Z="0"/><Vertex X="16392" Y="3365" Z="0"/><Vertex X="16392" Y="3416" Z="0"/><Vertex X="16367" Y="3416" Z="0"/><Vertex X="16367" Y="3442" Z="0"/><Vertex X="16316" Y="3493" Z="0"/><Vertex X="16316" Y="3544" Z="0"/><Vertex X="16316" Y="3569" Z="0"/><Vertex X="16265" Y="3569" Z="0"/><Vertex X="16265" Y="3646" Z="0"/><Vertex X="16265" Y="3697" Z="0"/><Vertex X="16265" Y="3722" Z="0"/><Vertex X="16265" Y="3773" Z="0"/><Vertex X="16290" Y="3773" Z="0"/><Vertex X="16341" Y="3824" Z="0"/><Vertex X="16392" Y="3824" Z="0"/><Vertex X="16443" Y="3824" Z="0"/><Vertex X="16443" Y="3850" Z="0"/><Vertex X="16545" Y="3850" Z="0"/><Vertex X="16570" Y="3850" Z="0"/><Vertex X="16621" Y="3850" Z="0"/><Vertex X="16672" Y="3850" Z="0"/><Vertex X="16698" Y="3850" Z="0"/><Vertex X="16749" Y="3850" Z="0"/><Vertex X="16774" Y="3850" Z="0"/><Vertex X="16825" Y="3850" Z="0"/><Vertex X="16876" Y="3850" Z="0"/><Vertex X="16902" Y="3850" Z="0"/><Vertex X="16978" Y="3850" Z="0"/><Vertex X="17004" Y="3850" Z="0"/><Vertex X="17080" Y="3850" Z="0"/><Vertex X="17157" Y="3850" Z="0"/><Vertex X="17233" Y="3900" Z="0"/><Vertex X="17259" Y="3900" Z="0"/><Vertex X="17310" Y="3900" Z="0"/><Vertex X="17335" Y="3900" Z="0"/><Vertex X="17386" Y="3951" Z="0"/><Vertex X="17463" Y="3951" Z="0"/><Vertex X="17488" Y="3951" Z="0"/><Vertex X="17539" Y="3951" Z="0"/><Vertex X="17590" Y="3951" Z="0"/><Vertex X="17616" Y="3951" Z="0"/><Vertex X="17667" Y="3951" Z="0"/><Vertex X="17692" Y="3951" Z="0"/><Vertex X="17743" Y="3951" Z="0"/><Vertex X="17820" Y="3926" Z="0"/><Vertex X="17845" Y="3926" Z="0"/><Vertex X="17896" Y="3926" Z="0"/><Vertex X="17947" Y="3926" Z="0"/><Vertex X="17973" Y="3926" Z="0"/><Vertex X="18049" Y="3926" Z="0"/><Vertex X="18126" Y="3926" Z="0"/><Vertex X="18177" Y="3926" Z="0"/><Vertex X="18228" Y="3926" Z="0"/><Vertex X="18228" Y="3951" Z="0"/><Vertex X="18304" Y="3951" Z="0"/><Vertex X="18355" Y="3951" Z="0"/><Vertex X="18432" Y="3951" Z="0"/><Vertex X="18533" Y="3951" Z="0"/><Vertex X="18610" Y="3951" Z="0"/><Vertex X="18661" Y="3951" Z="0"/><Vertex X="18737" Y="3951" Z="0"/><Vertex X="18788" Y="3951" Z="0"/><Vertex X="18865" Y="3951" Z="0"/><Vertex X="18916" Y="3951" Z="0"/><Vertex X="18941" Y="3951" Z="0"/><Vertex X="18992" Y="3951" Z="0"/><Vertex X="19043" Y="3951" Z="0"/><Vertex X="19120" Y="3951" Z="0"/><Vertex X="19196" Y="3951" Z="0"/><Vertex X="19222" Y="3951" Z="0"/><Vertex X="19273" Y="3951" Z="0"/><Vertex X="19324" Y="3951" Z="0"/><Vertex X="19349" Y="3926" Z="0"/><Vertex X="19400" Y="3926" Z="0"/><Vertex X="19451" Y="3926" Z="0"/><Vertex X="19477" Y="3875" Z="0"/><Vertex X="19528" Y="3875" Z="0"/><Vertex X="19579" Y="3875" Z="0"/><Vertex X="19579" Y="3824" Z="0"/><Vertex X="19630" Y="3824" Z="0"/><Vertex X="19706" Y="3773" Z="0"/><Vertex X="19783" Y="3773" Z="0"/><Vertex X="19783" Y="3748" Z="0"/><Vertex X="19808" Y="3748" Z="0"/><Vertex X="19859" Y="3697" Z="0"/><Vertex X="19936" Y="3697" Z="0"/><Vertex X="20012" Y="3646" Z="0"/><Vertex X="20063" Y="3646" Z="0"/><Vertex X="20140" Y="3646" Z="0"/><Vertex X="20140" Y="3620" Z="0"/><Vertex X="20216" Y="3620" Z="0"/><Vertex X="20267" Y="3620" Z="0"/><Vertex X="20267" Y="3569" Z="0"/><Vertex X="20344" Y="3569" Z="0"/><Vertex X="20420" Y="3569" Z="0"/><Vertex X="20446" Y="3569" Z="0"/><Vertex X="20496" Y="3569" Z="0"/><Vertex X="20547" Y="3518" Z="0"/><Vertex X="20573" Y="3518" Z="0"/><Vertex X="20649" Y="3518" Z="0"/><Vertex X="20649" Y="3493" Z="0"/><Vertex X="20700" Y="3493" Z="0"/><Vertex X="20777" Y="3493" Z="0"/><Vertex X="20777" Y="3442" Z="0"/><Vertex X="20828" Y="3442" Z="0"/><Vertex X="20853" Y="3442" Z="0"/><Vertex X="20904" Y="3442" Z="0"/><Vertex X="20904" Y="3391" Z="0"/><Vertex X="20955" Y="3391" Z="0"/><Vertex X="20981" Y="3365" Z="0"/><Vertex X="21032" Y="3365" Z="0"/><Vertex X="21032" Y="3314" Z="0"/><Vertex X="21057" Y="3314" Z="0"/><Vertex X="21057" Y="3263" Z="0"/><Vertex X="21108" Y="3263" Z="0"/><Vertex X="21108" Y="3238" Z="0"/><Vertex X="21108" Y="3187" Z="0"/><Vertex X="21159" Y="3187" Z="0"/><Vertex X="21159" Y="3161" Z="0"/><Vertex X="21185" Y="3110" Z="0"/><Vertex X="21185" Y="3059" Z="0"/><Vertex X="21236" Y="3034" Z="0"/><Vertex X="21236" Y="2957" Z="0"/><Vertex X="21236" Y="2906" Z="0"/><Vertex X="21236" Y="2855" Z="0"/><Vertex X="21236" Y="2779" Z="0"/><Vertex X="21236" Y="2702" Z="0"/><Vertex X="21236" Y="2677" Z="0"/><Vertex X="21236" Y="2600" Z="0"/><Vertex X="21236" Y="2524" Z="0"/><Vertex X="21236" Y="2473" Z="0"/><Vertex X="21236" Y="2396" Z="0"/><Vertex X="21236" Y="2320" Z="0"/><Vertex X="21236" Y="2294" Z="0"/><Vertex X="21236" Y="2218" Z="0"/><Vertex X="21236" Y="2141" Z="0"/><Vertex X="21236" Y="2116" Z="0"/><Vertex X="21185" Y="2065" Z="0"/><Vertex X="21134" Y="2014" Z="0"/><Vertex X="21083" Y="1963" Z="0"/><Vertex X="21083" Y="1938" Z="0"/><Vertex X="21057" Y="1938" Z="0"/><Vertex X="21006" Y="1887" Z="0"/><Vertex X="20955" Y="1887" Z="0"/><Vertex X="20955" Y="1836" Z="0"/><Vertex X="20930" Y="1836" Z="0"/><Vertex X="20879" Y="1810" Z="0"/><Vertex X="20828" Y="1810" Z="0"/><Vertex X="20777" Y="1810" Z="0"/><Vertex X="20700" Y="1810" Z="0"/><Vertex X="20598" Y="1810" Z="0"/><Vertex X="20573" Y="1810" Z="0"/><Vertex X="20522" Y="1759" Z="0"/><Vertex X="20446" Y="1759" Z="0"/><Vertex X="20395" Y="1759" Z="0"/><Vertex X="20318" Y="1759" Z="0"/><Vertex X="20318" Y="1708" Z="0"/><Vertex X="20242" Y="1708" Z="0"/><Vertex X="20191" Y="1708" Z="0"/><Vertex X="20114" Y="1657" Z="0"/><Vertex X="20038" Y="1657" Z="0"/><Vertex X="20038" Y="1632" Z="0"/><Vertex X="19987" Y="1632" Z="0"/><Vertex X="19961" Y="1632" Z="0"/><Vertex X="19910" Y="1632" Z="0"/><Vertex X="19859" Y="1632" Z="0"/><Vertex X="19808" Y="1632" Z="0"/><Vertex X="19757" Y="1581" Z="0"/><Vertex X="19732" Y="1581" Z="0"/><Vertex X="19681" Y="1581" Z="0"/><Vertex X="19681" Y="1530" Z="0"/><Vertex X="19604" Y="1530" Z="0"/><Vertex X="19579" Y="1530" Z="0"/><Vertex X="19502" Y="1530" Z="0"/><Vertex X="19451" Y="1530" Z="0"/><Vertex X="19426" Y="1530" Z="0"/><Vertex X="19426" Y="1504" Z="0"/><Vertex X="19375" Y="1504" Z="0"/><Vertex X="19324" Y="1504" Z="0"/><Vertex X="19247" Y="1504" Z="0"/><Vertex X="19196" Y="1504" Z="0"/><Vertex X="19171" Y="1504" Z="0"/><Vertex X="19069" Y="1504" Z="0"/><Vertex X="19018" Y="1530" Z="0"/><Vertex X="18992" Y="1530" Z="0"/><Vertex X="18916" Y="1530" Z="0"/><Vertex X="18865" Y="1555" Z="0"/><Vertex X="18814" Y="1555" Z="0"/><Vertex X="18814" Y="1606" Z="0"/><Vertex X="18763" Y="1606" Z="0"/><Vertex X="18712" Y="1657" Z="0"/><Vertex X="18686" Y="1657" Z="0"/><Vertex X="18686" Y="1683" Z="0"/><Vertex X="18635" Y="1683" Z="0"/><Vertex X="18584" Y="1683" Z="0"/><Vertex X="18584" Y="1734" Z="0"/><Vertex X="18559" Y="1734" Z="0"/><Vertex X="18508" Y="1734" Z="0"/><Vertex X="18457" Y="1785" Z="0"/><Vertex X="18432" Y="1785" Z="0"/><Vertex X="18381" Y="1836" Z="0"/><Vertex X="18330" Y="1836" Z="0"/><Vertex X="18330" Y="1861" Z="0"/><Vertex X="18304" Y="1861" Z="0"/><Vertex X="18253" Y="1912" Z="0"/><Vertex X="18202" Y="1912" Z="0"/><Vertex X="18202" Y="1963" Z="0"/><Vertex X="18177" Y="1963" Z="0"/><Vertex X="18126" Y="1988" Z="0"/><Vertex X="18075" Y="1988" Z="0"/><Vertex X="18075" Y="2039" Z="0"/><Vertex X="18049" Y="2039" Z="0"/><Vertex X="18049" Y="2065" Z="0"/><Vertex X="17998" Y="2065" Z="0"/><Vertex X="17998" Y="2141" Z="0"/><Vertex X="17998" Y="2192" Z="0"/><Vertex X="17973" Y="2192" Z="0"/><Vertex X="17973" Y="2218" Z="0"/><Vertex X="17922" Y="2269" Z="0"/><Vertex X="17896" Y="2243" Z="0"/></Vertices></Region><Region Id="2" Type="0" Zoom="0.039226" Selected="0" ImageLocation="" ImageFocus="-1" Length="37853.7" Area="45138055.0" LengthMicrons="18677.0" AreaMicrons="10988569.1" Text="" NegativeROA="0" InputRegionId="0" Analyze="1" DisplayId="2"><Attributes></Attributes><Vertices><Vertex X="13869" Y="5863" Z="0"/><Vertex X="13869" Y="5889" Z="0"/><Vertex X="13792" Y="5889" Z="0"/><Vertex X="13792" Y="5940" Z="0"/><Vertex X="13716" Y="5940" Z="0"/><Vertex X="13716" Y="5965" Z="0"/><Vertex X="13665" Y="5965" Z="0"/><Vertex X="13665" Y="6042" Z="0"/><Vertex X="13588" Y="6042" Z="0"/><Vertex X="13537" Y="6093" Z="0"/><Vertex X="13537" Y="6144" Z="0"/><Vertex X="13512" Y="6144" Z="0"/><Vertex X="13512" Y="6220" Z="0"/><Vertex X="13461" Y="6220" Z="0"/><Vertex X="13461" Y="6297" Z="0"/><Vertex X="13410" Y="6297" Z="0"/><Vertex X="13410" Y="6348" Z="0"/><Vertex X="13384" Y="6348" Z="0"/><Vertex X="13384" Y="6424" Z="0"/><Vertex X="13333" Y="6475" Z="0"/><Vertex X="13282" Y="6475" Z="0"/><Vertex X="13282" Y="6501" Z="0"/><Vertex X="13257" Y="6501" Z="0"/><Vertex X="13206" Y="6552" Z="0"/><Vertex X="13155" Y="6603" Z="0"/><Vertex X="13129" Y="6654" Z="0"/><Vertex X="13078" Y="6679" Z="0"/><Vertex X="13027" Y="6756" Z="0"/><Vertex X="13027" Y="6832" Z="0"/><Vertex X="13027" Y="6909" Z="0"/><Vertex X="13027" Y="6960" Z="0"/><Vertex X="13027" Y="7011" Z="0"/><Vertex X="13027" Y="7113" Z="0"/><Vertex X="13027" Y="7164" Z="0"/><Vertex X="13027" Y="7215" Z="0"/><Vertex X="13027" Y="7240" Z="0"/><Vertex X="13027" Y="7291" Z="0"/><Vertex X="13027" Y="7342" Z="0"/><Vertex X="13027" Y="7368" Z="0"/><Vertex X="13027" Y="7419" Z="0"/><Vertex X="13027" Y="7444" Z="0"/><Vertex X="13027" Y="7495" Z="0"/><Vertex X="13027" Y="7546" Z="0"/><Vertex X="13027" Y="7572" Z="0"/><Vertex X="13027" Y="7648" Z="0"/><Vertex X="13027" Y="7699" Z="0"/><Vertex X="13027" Y="7725" Z="0"/><Vertex X="12976" Y="7776" Z="0"/><Vertex X="12976" Y="7826" Z="0"/><Vertex X="12976" Y="7852" Z="0"/><Vertex X="12976" Y="7903" Z="0"/><Vertex X="12976" Y="7928" Z="0"/><Vertex X="12976" Y="8005" Z="0"/><Vertex X="12976" Y="8081" Z="0"/><Vertex X="12976" Y="8107" Z="0"/><Vertex X="12925" Y="8158" Z="0"/><Vertex X="12925" Y="8209" Z="0"/><Vertex X="12925" Y="8234" Z="0"/><Vertex X="12925" Y="8285" Z="0"/><Vertex X="12925" Y="8311" Z="0"/><Vertex X="12925" Y="8362" Z="0"/><Vertex X="12925" Y="8413" Z="0"/><Vertex X="12925" Y="8438" Z="0"/><Vertex X="12951" Y="8438" Z="0"/><Vertex X="12951" Y="8489" Z="0"/><Vertex X="13002" Y="8540" Z="0"/><Vertex X="13027" Y="8566" Z="0"/><Vertex X="13078" Y="8566" Z="0"/><Vertex X="13078" Y="8617" Z="0"/><Vertex X="13129" Y="8617" Z="0"/><Vertex X="13155" Y="8617" Z="0"/><Vertex X="13206" Y="8617" Z="0"/><Vertex X="13206" Y="8668" Z="0"/><Vertex X="13282" Y="8668" Z="0"/><Vertex X="13333" Y="8668" Z="0"/><Vertex X="13384" Y="8668" Z="0"/><Vertex X="13410" Y="8668" Z="0"/><Vertex X="13461" Y="8668" Z="0"/><Vertex X="13512" Y="8668" Z="0"/><Vertex X="13537" Y="8668" Z="0"/><Vertex X="13588" Y="8668" Z="0"/><Vertex X="13639" Y="8668" Z="0"/><Vertex X="13690" Y="8668" Z="0"/><Vertex X="13741" Y="8668" Z="0"/><Vertex X="13767" Y="8668" Z="0"/><Vertex X="13869" Y="8668" Z="0"/><Vertex X="13920" Y="8693" Z="0"/><Vertex X="14022" Y="8693" Z="0"/><Vertex X="14073" Y="8693" Z="0"/><Vertex X="14149" Y="8744" Z="0"/><Vertex X="14226" Y="8744" Z="0"/><Vertex X="14277" Y="8744" Z="0"/><Vertex X="14353" Y="8744" Z="0"/><Vertex X="14353" Y="8795" Z="0"/><Vertex X="14404" Y="8795" Z="0"/><Vertex X="14430" Y="8795" Z="0"/><Vertex X="14506" Y="8795" Z="0"/><Vertex X="14506" Y="8821" Z="0"/><Vertex X="14583" Y="8821" Z="0"/><Vertex X="14633" Y="8821" Z="0"/><Vertex X="14710" Y="8821" Z="0"/><Vertex X="14812" Y="8821" Z="0"/><Vertex X="14837" Y="8821" Z="0"/><Vertex X="14888" Y="8821" Z="0"/><Vertex X="14914" Y="8821" Z="0"/><Vertex X="14965" Y="8821" Z="0"/><Vertex X="15016" Y="8821" Z="0"/><Vertex X="15041" Y="8821" Z="0"/><Vertex X="15092" Y="8821" Z="0"/><Vertex X="15118" Y="8821" Z="0"/><Vertex X="15169" Y="8821" Z="0"/><Vertex X="15245" Y="8821" Z="0"/><Vertex X="15271" Y="8821" Z="0"/><Vertex X="15347" Y="8821" Z="0"/><Vertex X="15449" Y="8821" Z="0"/><Vertex X="15475" Y="8821" Z="0"/><Vertex X="15526" Y="8821" Z="0"/><Vertex X="15602" Y="8821" Z="0"/><Vertex X="15653" Y="8821" Z="0"/><Vertex X="15704" Y="8821" Z="0"/><Vertex X="15781" Y="8821" Z="0"/><Vertex X="15832" Y="8821" Z="0"/><Vertex X="15883" Y="8821" Z="0"/><Vertex X="15908" Y="8821" Z="0"/><Vertex X="15959" Y="8770" Z="0"/><Vertex X="16010" Y="8770" Z="0"/><Vertex X="16087" Y="8719" Z="0"/><Vertex X="16112" Y="8719" Z="0"/><Vertex X="16163" Y="8719" Z="0"/><Vertex X="16189" Y="8719" Z="0"/><Vertex X="16240" Y="8719" Z="0"/><Vertex X="16291" Y="8719" Z="0"/><Vertex X="16316" Y="8719" Z="0"/><Vertex X="16367" Y="8719" Z="0"/><Vertex X="16418" Y="8719" Z="0"/><Vertex X="16495" Y="8719" Z="0"/><Vertex X="16571" Y="8719" Z="0"/><Vertex X="16622" Y="8719" Z="0"/><Vertex X="16698" Y="8719" Z="0"/><Vertex X="16775" Y="8719" Z="0"/><Vertex X="16826" Y="8719" Z="0"/><Vertex X="16902" Y="8719" Z="0"/><Vertex X="16979" Y="8719" Z="0"/><Vertex X="17004" Y="8719" Z="0"/><Vertex X="17055" Y="8719" Z="0"/><Vertex X="17132" Y="8719" Z="0"/><Vertex X="17183" Y="8719" Z="0"/><Vertex X="17259" Y="8668" Z="0"/><Vertex X="17336" Y="8668" Z="0"/><Vertex X="17361" Y="8668" Z="0"/><Vertex X="17412" Y="8668" Z="0"/><Vertex X="17463" Y="8668" Z="0"/><Vertex X="17489" Y="8668" Z="0"/><Vertex X="17540" Y="8668" Z="0"/><Vertex X="17565" Y="8668" Z="0"/><Vertex X="17616" Y="8668" Z="0"/><Vertex X="17667" Y="8668" Z="0"/><Vertex X="17693" Y="8668" Z="0"/><Vertex X="17744" Y="8668" Z="0"/><Vertex X="17769" Y="8668" Z="0"/><Vertex X="17820" Y="8668" Z="0"/><Vertex X="17871" Y="8668" Z="0"/><Vertex X="17922" Y="8668" Z="0"/><Vertex X="17973" Y="8668" Z="0"/><Vertex X="18050" Y="8617" Z="0"/><Vertex X="18075" Y="8617" Z="0"/><Vertex X="18126" Y="8617" Z="0"/><Vertex X="18177" Y="8591" Z="0"/><Vertex X="18203" Y="8591" Z="0"/><Vertex X="18279" Y="8591" Z="0"/><Vertex X="18330" Y="8591" Z="0"/><Vertex X="18356" Y="8591" Z="0"/><Vertex X="18432" Y="8591" Z="0"/><Vertex X="18483" Y="8591" Z="0"/><Vertex X="18534" Y="8591" Z="0"/><Vertex X="18610" Y="8591" Z="0"/><Vertex X="18661" Y="8591" Z="0"/><Vertex X="18763" Y="8591" Z="0"/><Vertex X="18840" Y="8591" Z="0"/><Vertex X="18916" Y="8591" Z="0"/><Vertex X="18967" Y="8591" Z="0"/><Vertex X="19069" Y="8591" Z="0"/><Vertex X="19120" Y="8591" Z="0"/><Vertex X="19146" Y="8591" Z="0"/><Vertex X="19197" Y="8591" Z="0"/><Vertex X="19222" Y="8591" Z="0"/><Vertex X="19273" Y="8591" Z="0"/><Vertex X="19324" Y="8591" Z="0"/><Vertex X="19350" Y="8591" Z="0"/><Vertex X="19401" Y="8591" Z="0"/><Vertex X="19426" Y="8591" Z="0"/><Vertex X="19477" Y="8591" Z="0"/><Vertex X="19528" Y="8591" Z="0"/><Vertex X="19554" Y="8591" Z="0"/><Vertex X="19605" Y="8591" Z="0"/><Vertex X="19630" Y="8591" Z="0"/><Vertex X="19707" Y="8591" Z="0"/><Vertex X="19783" Y="8591" Z="0"/><Vertex X="19809" Y="8591" Z="0"/><Vertex X="19885" Y="8540" Z="0"/><Vertex X="19936" Y="8540" Z="0"/><Vertex X="19962" Y="8540" Z="0"/><Vertex X="20013" Y="8540" Z="0"/><Vertex X="20089" Y="8540" Z="0"/><Vertex X="20115" Y="8540" Z="0"/><Vertex X="20166" Y="8540" Z="0"/><Vertex X="20217" Y="8489" Z="0"/><Vertex X="20242" Y="8489" Z="0"/><Vertex X="20319" Y="8489" Z="0"/><Vertex X="20344" Y="8489" Z="0"/><Vertex X="20421" Y="8489" Z="0"/><Vertex X="20497" Y="8489" Z="0"/><Vertex X="20573" Y="8438" Z="0"/><Vertex X="20624" Y="8438" Z="0"/><Vertex X="20675" Y="8438" Z="0"/><Vertex X="20701" Y="8438" Z="0"/><Vertex X="20752" Y="8438" Z="0"/><Vertex X="20803" Y="8387" Z="0"/><Vertex X="20828" Y="8387" Z="0"/><Vertex X="20879" Y="8387" Z="0"/><Vertex X="20981" Y="8387" Z="0"/><Vertex X="21007" Y="8387" Z="0"/><Vertex X="21058" Y="8387" Z="0"/><Vertex X="21109" Y="8387" Z="0"/><Vertex X="21134" Y="8362" Z="0"/><Vertex X="21185" Y="8362" Z="0"/><Vertex X="21211" Y="8362" Z="0"/><Vertex X="21262" Y="8362" Z="0"/><Vertex X="21313" Y="8362" Z="0"/><Vertex X="21338" Y="8362" Z="0"/><Vertex X="21440" Y="8362" Z="0"/><Vertex X="21491" Y="8362" Z="0"/><Vertex X="21517" Y="8362" Z="0"/><Vertex X="21568" Y="8362" Z="0"/><Vertex X="21593" Y="8362" Z="0"/><Vertex X="21644" Y="8362" Z="0"/><Vertex X="21695" Y="8362" Z="0"/><Vertex X="21721" Y="8362" Z="0"/><Vertex X="21772" Y="8362" Z="0"/><Vertex X="21797" Y="8362" Z="0"/><Vertex X="21848" Y="8311" Z="0"/><Vertex X="21899" Y="8311" Z="0"/><Vertex X="21925" Y="8311" Z="0"/><Vertex X="21976" Y="8311" Z="0"/><Vertex X="22027" Y="8311" Z="0"/><Vertex X="22052" Y="8260" Z="0"/><Vertex X="22103" Y="8260" Z="0"/><Vertex X="22154" Y="8260" Z="0"/><Vertex X="22180" Y="8260" Z="0"/><Vertex X="22231" Y="8209" Z="0"/><Vertex X="22282" Y="8209" Z="0"/><Vertex X="22307" Y="8209" Z="0"/><Vertex X="22358" Y="8158" Z="0"/><Vertex X="22409" Y="8158" Z="0"/><Vertex X="22434" Y="8158" Z="0"/><Vertex X="22511" Y="8132" Z="0"/><Vertex X="22562" Y="8132" Z="0"/><Vertex X="22587" Y="8132" Z="0"/><Vertex X="22638" Y="8132" Z="0"/><Vertex X="22689" Y="8081" Z="0"/><Vertex X="22740" Y="8081" Z="0"/><Vertex X="22791" Y="8081" Z="0"/><Vertex X="22842" Y="8030" Z="0"/><Vertex X="22868" Y="8030" Z="0"/><Vertex X="22919" Y="8030" Z="0"/><Vertex X="22944" Y="8030" Z="0"/><Vertex X="22995" Y="7979" Z="0"/><Vertex X="23097" Y="7979" Z="0"/><Vertex X="23123" Y="7979" Z="0"/><Vertex X="23123" Y="7954" Z="0"/><Vertex X="23199" Y="7954" Z="0"/><Vertex X="23276" Y="7954" Z="0"/><Vertex X="23276" Y="7903" Z="0"/><Vertex X="23327" Y="7903" Z="0"/><Vertex X="23403" Y="7903" Z="0"/><Vertex X="23403" Y="7852" Z="0"/><Vertex X="23480" Y="7852" Z="0"/><Vertex X="23505" Y="7852" Z="0"/><Vertex X="23556" Y="7852" Z="0"/><Vertex X="23607" Y="7852" Z="0"/><Vertex X="23633" Y="7826" Z="0"/><Vertex X="23684" Y="7826" Z="0"/><Vertex X="23735" Y="7826" Z="0"/><Vertex X="23760" Y="7826" Z="0"/><Vertex X="23811" Y="7826" Z="0"/><Vertex X="23837" Y="7826" Z="0"/><Vertex X="23888" Y="7826" Z="0"/><Vertex X="23939" Y="7826" Z="0"/><Vertex X="23964" Y="7826" Z="0"/><Vertex X="24015" Y="7776" Z="0"/><Vertex X="24066" Y="7776" Z="0"/><Vertex X="24092" Y="7776" Z="0"/><Vertex X="24143" Y="7776" Z="0"/><Vertex X="24168" Y="7776" Z="0"/><Vertex X="24219" Y="7776" Z="0"/><Vertex X="24270" Y="7725" Z="0"/><Vertex X="24296" Y="7725" Z="0"/><Vertex X="24346" Y="7725" Z="0"/><Vertex X="24423" Y="7725" Z="0"/><Vertex X="24448" Y="7725" Z="0"/><Vertex X="24499" Y="7725" Z="0"/><Vertex X="24550" Y="7674" Z="0"/><Vertex X="24601" Y="7674" Z="0"/><Vertex X="24678" Y="7674" Z="0"/><Vertex X="24729" Y="7648" Z="0"/><Vertex X="24754" Y="7648" Z="0"/><Vertex X="24805" Y="7648" Z="0"/><Vertex X="24805" Y="7597" Z="0"/><Vertex X="24882" Y="7597" Z="0"/><Vertex X="24907" Y="7597" Z="0"/><Vertex X="24958" Y="7546" Z="0"/><Vertex X="25009" Y="7546" Z="0"/><Vertex X="25035" Y="7546" Z="0"/><Vertex X="25086" Y="7495" Z="0"/><Vertex X="25137" Y="7495" Z="0"/><Vertex X="25162" Y="7495" Z="0"/><Vertex X="25264" Y="7495" Z="0"/><Vertex X="25315" Y="7470" Z="0"/><Vertex X="25366" Y="7470" Z="0"/><Vertex X="25443" Y="7419" Z="0"/><Vertex X="25519" Y="7419" Z="0"/><Vertex X="25519" Y="7368" Z="0"/><Vertex X="25596" Y="7368" Z="0"/><Vertex X="25647" Y="7368" Z="0"/><Vertex X="25647" Y="7342" Z="0"/><Vertex X="25723" Y="7342" Z="0"/><Vertex X="25800" Y="7342" Z="0"/><Vertex X="25825" Y="7291" Z="0"/><Vertex X="25876" Y="7291" Z="0"/><Vertex X="25876" Y="7240" Z="0"/><Vertex X="25902" Y="7240" Z="0"/><Vertex X="25953" Y="7189" Z="0"/><Vertex X="26029" Y="7189" Z="0"/><Vertex X="26106" Y="7164" Z="0"/><Vertex X="26157" Y="7164" Z="0"/><Vertex X="26208" Y="7164" Z="0"/><Vertex X="26284" Y="7164" Z="0"/><Vertex X="26284" Y="7113" Z="0"/><Vertex X="26335" Y="7113" Z="0"/><Vertex X="26411" Y="7062" Z="0"/><Vertex X="26488" Y="7011" Z="0"/><Vertex X="26564" Y="7011" Z="0"/><Vertex X="26564" Y="6985" Z="0"/><Vertex X="26615" Y="6985" Z="0"/><Vertex X="26615" Y="6934" Z="0"/><Vertex X="26692" Y="6934" Z="0"/><Vertex X="26692" Y="6883" Z="0"/><Vertex X="26743" Y="6883" Z="0"/><Vertex X="26743" Y="6858" Z="0"/><Vertex X="26794" Y="6858" Z="0"/><Vertex X="26794" Y="6807" Z="0"/><Vertex X="26870" Y="6807" Z="0"/><Vertex X="26870" Y="6781" Z="0"/><Vertex X="26947" Y="6781" Z="0"/><Vertex X="26972" Y="6730" Z="0"/><Vertex X="27023" Y="6730" Z="0"/><Vertex X="27023" Y="6679" Z="0"/><Vertex X="27074" Y="6679" Z="0"/><Vertex X="27100" Y="6628" Z="0"/><Vertex X="27151" Y="6603" Z="0"/><Vertex X="27202" Y="6552" Z="0"/><Vertex X="27253" Y="6501" Z="0"/><Vertex X="27278" Y="6450" Z="0"/><Vertex X="27278" Y="6424" Z="0"/><Vertex X="27329" Y="6424" Z="0"/><Vertex X="27329" Y="6373" Z="0"/><Vertex X="27380" Y="6373" Z="0"/><Vertex X="27380" Y="6297" Z="0"/><Vertex X="27406" Y="6297" Z="0"/><Vertex X="27406" Y="6271" Z="0"/><Vertex X="27457" Y="6271" Z="0"/><Vertex X="27508" Y="6220" Z="0"/><Vertex X="27533" Y="6220" Z="0"/><Vertex X="27584" Y="6169" Z="0"/><Vertex X="27635" Y="6169" Z="0"/><Vertex X="27635" Y="6144" Z="0"/><Vertex X="27686" Y="6144" Z="0"/><Vertex X="27763" Y="6093" Z="0"/><Vertex X="27814" Y="6093" Z="0"/><Vertex X="27865" Y="6093" Z="0"/><Vertex X="27865" Y="6042" Z="0"/><Vertex X="27916" Y="6042" Z="0"/><Vertex X="27967" Y="5991" Z="0"/><Vertex X="27992" Y="5991" Z="0"/><Vertex X="27992" Y="5965" Z="0"/><Vertex X="28043" Y="5965" Z="0"/><Vertex X="28094" Y="5889" Z="0"/><Vertex X="28145" Y="5889" Z="0"/><Vertex X="28145" Y="5838" Z="0"/><Vertex X="28196" Y="5838" Z="0"/><Vertex X="28196" Y="5813" Z="0"/><Vertex X="28272" Y="5813" Z="0"/><Vertex X="28272" Y="5736" Z="0"/><Vertex X="28298" Y="5736" Z="0"/><Vertex X="28298" Y="5711" Z="0"/><Vertex X="28349" Y="5660" Z="0"/><Vertex X="28349" Y="5583" Z="0"/><Vertex X="28400" Y="5532" Z="0"/><Vertex X="28400" Y="5507" Z="0"/><Vertex X="28400" Y="5456" Z="0"/><Vertex X="28400" Y="5430" Z="0"/><Vertex X="28451" Y="5430" Z="0"/><Vertex X="28451" Y="5379" Z="0"/><Vertex X="28451" Y="5328" Z="0"/><Vertex X="28451" Y="5303" Z="0"/><Vertex X="28451" Y="5252" Z="0"/><Vertex X="28451" Y="5175" Z="0"/><Vertex X="28451" Y="5150" Z="0"/><Vertex X="28451" Y="5073" Z="0"/><Vertex X="28451" Y="5048" Z="0"/><Vertex X="28451" Y="4997" Z="0"/><Vertex X="28425" Y="4997" Z="0"/><Vertex X="28425" Y="4946" Z="0"/><Vertex X="28374" Y="4946" Z="0"/><Vertex X="28374" Y="4920" Z="0"/><Vertex X="28349" Y="4920" Z="0"/><Vertex X="28349" Y="4869" Z="0"/><Vertex X="28298" Y="4869" Z="0"/><Vertex X="28298" Y="4844" Z="0"/><Vertex X="28272" Y="4844" Z="0"/><Vertex X="28272" Y="4793" Z="0"/><Vertex X="28221" Y="4793" Z="0"/><Vertex X="28221" Y="4742" Z="0"/><Vertex X="28171" Y="4742" Z="0"/><Vertex X="28145" Y="4742" Z="0"/><Vertex X="28094" Y="4742" Z="0"/><Vertex X="28043" Y="4716" Z="0"/><Vertex X="28018" Y="4716" Z="0"/><Vertex X="27941" Y="4716" Z="0"/><Vertex X="27865" Y="4716" Z="0"/><Vertex X="27814" Y="4716" Z="0"/><Vertex X="27737" Y="4716" Z="0"/><Vertex X="27661" Y="4716" Z="0"/><Vertex X="27610" Y="4716" Z="0"/><Vertex X="27533" Y="4716" Z="0"/><Vertex X="27457" Y="4716" Z="0"/><Vertex X="27406" Y="4716" Z="0"/><Vertex X="27329" Y="4716" Z="0"/><Vertex X="27253" Y="4716" Z="0"/><Vertex X="27227" Y="4716" Z="0"/><Vertex X="27176" Y="4716" Z="0"/><Vertex X="27100" Y="4716" Z="0"/><Vertex X="27049" Y="4716" Z="0"/><Vertex X="26972" Y="4716" Z="0"/><Vertex X="26947" Y="4716" Z="0"/><Vertex X="26896" Y="4716" Z="0"/><Vertex X="26845" Y="4716" Z="0"/><Vertex X="26819" Y="4716" Z="0"/><Vertex X="26768" Y="4716" Z="0"/><Vertex X="26743" Y="4716" Z="0"/><Vertex X="26692" Y="4716" Z="0"/><Vertex X="26641" Y="4767" Z="0"/><Vertex X="26615" Y="4767" Z="0"/><Vertex X="26564" Y="4767" Z="0"/><Vertex X="26513" Y="4767" Z="0"/><Vertex X="26488" Y="4767" Z="0"/><Vertex X="26437" Y="4767" Z="0"/><Vertex X="26411" Y="4767" Z="0"/><Vertex X="26360" Y="4767" Z="0"/><Vertex X="26309" Y="4767" Z="0"/><Vertex X="26259" Y="4818" Z="0"/><Vertex X="26182" Y="4818" Z="0"/><Vertex X="26131" Y="4818" Z="0"/><Vertex X="26106" Y="4818" Z="0"/><Vertex X="26055" Y="4869" Z="0"/><Vertex X="26004" Y="4869" Z="0"/><Vertex X="25978" Y="4869" Z="0"/><Vertex X="25978" Y="4895" Z="0"/><Vertex X="25927" Y="4895" Z="0"/><Vertex X="25902" Y="4895" Z="0"/><Vertex X="25851" Y="4895" Z="0"/><Vertex X="25800" Y="4895" Z="0"/><Vertex X="25774" Y="4895" Z="0"/><Vertex X="25723" Y="4895" Z="0"/><Vertex X="25698" Y="4895" Z="0"/><Vertex X="25647" Y="4895" Z="0"/><Vertex X="25596" Y="4895" Z="0"/><Vertex X="25570" Y="4895" Z="0"/><Vertex X="25519" Y="4895" Z="0"/><Vertex X="25494" Y="4895" Z="0"/><Vertex X="25443" Y="4895" Z="0"/><Vertex X="25392" Y="4895" Z="0"/><Vertex X="25366" Y="4895" Z="0"/><Vertex X="25315" Y="4895" Z="0"/><Vertex X="25290" Y="4895" Z="0"/><Vertex X="25239" Y="4895" Z="0"/><Vertex X="25188" Y="4844" Z="0"/><Vertex X="25162" Y="4844" Z="0"/><Vertex X="25111" Y="4793" Z="0"/><Vertex X="25060" Y="4793" Z="0"/><Vertex X="25060" Y="4716" Z="0"/><Vertex X="24984" Y="4716" Z="0"/><Vertex X="24933" Y="4691" Z="0"/><Vertex X="24856" Y="4640" Z="0"/><Vertex X="24780" Y="4589" Z="0"/><Vertex X="24729" Y="4589" Z="0"/><Vertex X="24703" Y="4538" Z="0"/><Vertex X="24627" Y="4538" Z="0"/><Vertex X="24627" Y="4487" Z="0"/><Vertex X="24550" Y="4487" Z="0"/><Vertex X="24499" Y="4487" Z="0"/><Vertex X="24448" Y="4487" Z="0"/><Vertex X="24397" Y="4487" Z="0"/><Vertex X="24372" Y="4487" Z="0"/><Vertex X="24296" Y="4487" Z="0"/><Vertex X="24245" Y="4487" Z="0"/><Vertex X="24168" Y="4487" Z="0"/><Vertex X="24092" Y="4487" Z="0"/><Vertex X="24041" Y="4487" Z="0"/><Vertex X="23939" Y="4487" Z="0"/><Vertex X="23888" Y="4487" Z="0"/><Vertex X="23837" Y="4487" Z="0"/><Vertex X="23786" Y="4487" Z="0"/><Vertex X="23709" Y="4487" Z="0"/><Vertex X="23709" Y="4512" Z="0"/><Vertex X="23658" Y="4512" Z="0"/><Vertex X="23607" Y="4512" Z="0"/><Vertex X="23556" Y="4512" Z="0"/><Vertex X="23556" Y="4563" Z="0"/><Vertex X="23531" Y="4563" Z="0"/><Vertex X="23480" Y="4563" Z="0"/><Vertex X="23429" Y="4563" Z="0"/><Vertex X="23429" Y="4589" Z="0"/><Vertex X="23378" Y="4589" Z="0"/><Vertex X="23301" Y="4589" Z="0"/><Vertex X="23250" Y="4589" Z="0"/><Vertex X="23174" Y="4589" Z="0"/><Vertex X="23123" Y="4589" Z="0"/><Vertex X="23072" Y="4589" Z="0"/><Vertex X="23072" Y="4640" Z="0"/><Vertex X="22995" Y="4640" Z="0"/><Vertex X="22919" Y="4640" Z="0"/><Vertex X="22919" Y="4665" Z="0"/><Vertex X="22868" Y="4665" Z="0"/><Vertex X="22791" Y="4716" Z="0"/><Vertex X="22715" Y="4716" Z="0"/><Vertex X="22715" Y="4767" Z="0"/><Vertex X="22689" Y="4767" Z="0"/><Vertex X="22613" Y="4818" Z="0"/><Vertex X="22536" Y="4818" Z="0"/><Vertex X="22536" Y="4844" Z="0"/><Vertex X="22460" Y="4844" Z="0"/><Vertex X="22409" Y="4895" Z="0"/><Vertex X="22358" Y="4895" Z="0"/><Vertex X="22307" Y="4895" Z="0"/><Vertex X="22307" Y="4946" Z="0"/><Vertex X="22282" Y="4946" Z="0"/><Vertex X="22231" Y="4946" Z="0"/><Vertex X="22154" Y="4997" Z="0"/><Vertex X="22129" Y="4997" Z="0"/><Vertex X="22078" Y="4997" Z="0"/><Vertex X="22052" Y="4997" Z="0"/><Vertex X="22052" Y="5022" Z="0"/><Vertex X="22001" Y="5022" Z="0"/><Vertex X="21925" Y="5022" Z="0"/><Vertex X="21899" Y="5022" Z="0"/><Vertex X="21848" Y="5022" Z="0"/><Vertex X="21848" Y="5073" Z="0"/><Vertex X="21823" Y="5073" Z="0"/><Vertex X="21772" Y="5073" Z="0"/><Vertex X="21721" Y="5073" Z="0"/><Vertex X="21695" Y="5073" Z="0"/><Vertex X="21644" Y="5073" Z="0"/><Vertex X="21568" Y="5124" Z="0"/><Vertex X="21517" Y="5124" Z="0"/><Vertex X="21440" Y="5124" Z="0"/><Vertex X="21364" Y="5124" Z="0"/><Vertex X="21313" Y="5124" Z="0"/><Vertex X="21236" Y="5175" Z="0"/><Vertex X="21134" Y="5175" Z="0"/><Vertex X="21109" Y="5175" Z="0"/><Vertex X="21058" Y="5175" Z="0"/><Vertex X="21007" Y="5175" Z="0"/><Vertex X="20981" Y="5175" Z="0"/><Vertex X="20930" Y="5175" Z="0"/><Vertex X="20905" Y="5175" Z="0"/><Vertex X="20854" Y="5175" Z="0"/><Vertex X="20803" Y="5175" Z="0"/><Vertex X="20777" Y="5175" Z="0"/><Vertex X="20726" Y="5175" Z="0"/><Vertex X="20650" Y="5175" Z="0"/><Vertex X="20599" Y="5175" Z="0"/><Vertex X="20599" Y="5201" Z="0"/><Vertex X="20522" Y="5201" Z="0"/><Vertex X="20446" Y="5201" Z="0"/><Vertex X="20395" Y="5201" Z="0"/><Vertex X="20344" Y="5201" Z="0"/><Vertex X="20319" Y="5201" Z="0"/><Vertex X="20268" Y="5201" Z="0"/><Vertex X="20217" Y="5201" Z="0"/><Vertex X="20217" Y="5252" Z="0"/><Vertex X="20191" Y="5252" Z="0"/><Vertex X="20140" Y="5252" Z="0"/><Vertex X="20115" Y="5252" Z="0"/><Vertex X="20064" Y="5252" Z="0"/><Vertex X="20013" Y="5252" Z="0"/><Vertex X="19962" Y="5252" Z="0"/><Vertex X="19885" Y="5252" Z="0"/><Vertex X="19834" Y="5252" Z="0"/><Vertex X="19758" Y="5252" Z="0"/><Vertex X="19656" Y="5303" Z="0"/><Vertex X="19605" Y="5303" Z="0"/><Vertex X="19579" Y="5303" Z="0"/><Vertex X="19528" Y="5303" Z="0"/><Vertex X="19477" Y="5303" Z="0"/><Vertex X="19452" Y="5303" Z="0"/><Vertex X="19401" Y="5303" Z="0"/><Vertex X="19375" Y="5303" Z="0"/><Vertex X="19324" Y="5303" Z="0"/><Vertex X="19273" Y="5303" Z="0"/><Vertex X="19248" Y="5303" Z="0"/><Vertex X="19197" Y="5303" Z="0"/><Vertex X="19171" Y="5303" Z="0"/><Vertex X="19095" Y="5303" Z="0"/><Vertex X="19018" Y="5303" Z="0"/><Vertex X="18942" Y="5354" Z="0"/><Vertex X="18916" Y="5354" Z="0"/><Vertex X="18840" Y="5354" Z="0"/><Vertex X="18763" Y="5354" Z="0"/><Vertex X="18738" Y="5354" Z="0"/><Vertex X="18661" Y="5354" Z="0"/><Vertex X="18636" Y="5354" Z="0"/><Vertex X="18585" Y="5354" Z="0"/><Vertex X="18534" Y="5354" Z="0"/><Vertex X="18508" Y="5354" Z="0"/><Vertex X="18458" Y="5354" Z="0"/><Vertex X="18432" Y="5354" Z="0"/><Vertex X="18381" Y="5354" Z="0"/><Vertex X="18330" Y="5354" Z="0"/><Vertex X="18305" Y="5354" Z="0"/><Vertex X="18254" Y="5354" Z="0"/><Vertex X="18228" Y="5354" Z="0"/><Vertex X="18177" Y="5354" Z="0"/><Vertex X="18126" Y="5354" Z="0"/><Vertex X="18075" Y="5354" Z="0"/><Vertex X="17999" Y="5354" Z="0"/><Vertex X="17922" Y="5354" Z="0"/><Vertex X="17897" Y="5354" Z="0"/><Vertex X="17820" Y="5354" Z="0"/><Vertex X="17744" Y="5354" Z="0"/><Vertex X="17693" Y="5354" Z="0"/><Vertex X="17616" Y="5354" Z="0"/><Vertex X="17616" Y="5379" Z="0"/><Vertex X="17565" Y="5379" Z="0"/><Vertex X="17540" Y="5379" Z="0"/><Vertex X="17463" Y="5379" Z="0"/><Vertex X="17412" Y="5379" Z="0"/><Vertex X="17310" Y="5379" Z="0"/><Vertex X="17208" Y="5379" Z="0"/><Vertex X="17157" Y="5379" Z="0"/><Vertex X="17132" Y="5379" Z="0"/><Vertex X="17081" Y="5379" Z="0"/><Vertex X="17055" Y="5379" Z="0"/><Vertex X="17004" Y="5379" Z="0"/><Vertex X="16928" Y="5379" Z="0"/><Vertex X="16902" Y="5379" Z="0"/><Vertex X="16826" Y="5379" Z="0"/><Vertex X="16800" Y="5379" Z="0"/><Vertex X="16724" Y="5379" Z="0"/><Vertex X="16647" Y="5379" Z="0"/><Vertex X="16596" Y="5379" Z="0"/><Vertex X="16545" Y="5379" Z="0"/><Vertex X="16495" Y="5379" Z="0"/><Vertex X="16469" Y="5379" Z="0"/><Vertex X="16418" Y="5379" Z="0"/><Vertex X="16367" Y="5379" Z="0"/><Vertex X="16342" Y="5379" Z="0"/><Vertex X="16265" Y="5379" Z="0"/><Vertex X="16214" Y="5379" Z="0"/><Vertex X="16189" Y="5379" Z="0"/><Vertex X="16138" Y="5379" Z="0"/><Vertex X="16087" Y="5379" Z="0"/><Vertex X="16036" Y="5379" Z="0"/><Vertex X="15985" Y="5379" Z="0"/><Vertex X="15959" Y="5379" Z="0"/><Vertex X="15908" Y="5379" Z="0"/><Vertex X="15857" Y="5379" Z="0"/><Vertex X="15806" Y="5379" Z="0"/><Vertex X="15755" Y="5430" Z="0"/><Vertex X="15679" Y="5430" Z="0"/><Vertex X="15653" Y="5430" Z="0"/><Vertex X="15577" Y="5430" Z="0"/><Vertex X="15577" Y="5481" Z="0"/><Vertex X="15526" Y="5481" Z="0"/><Vertex X="15449" Y="5481" Z="0"/><Vertex X="15373" Y="5481" Z="0"/><Vertex X="15322" Y="5481" Z="0"/><Vertex X="15322" Y="5507" Z="0"/><Vertex X="15271" Y="5507" Z="0"/><Vertex X="15220" Y="5507" Z="0"/><Vertex X="15169" Y="5507" Z="0"/><Vertex X="15169" Y="5558" Z="0"/><Vertex X="15118" Y="5558" Z="0"/><Vertex X="15067" Y="5558" Z="0"/><Vertex X="15041" Y="5558" Z="0"/><Vertex X="14990" Y="5558" Z="0"/><Vertex X="14990" Y="5583" Z="0"/><Vertex X="14965" Y="5583" Z="0"/><Vertex X="14888" Y="5583" Z="0"/><Vertex X="14837" Y="5583" Z="0"/><Vertex X="14837" Y="5634" Z="0"/><Vertex X="14786" Y="5634" Z="0"/><Vertex X="14735" Y="5634" Z="0"/><Vertex X="14710" Y="5634" Z="0"/><Vertex X="14659" Y="5685" Z="0"/><Vertex X="14608" Y="5685" Z="0"/><Vertex X="14583" Y="5685" Z="0"/><Vertex X="14532" Y="5711" Z="0"/><Vertex X="14481" Y="5711" Z="0"/><Vertex X="14455" Y="5711" Z="0"/><Vertex X="14455" Y="5762" Z="0"/><Vertex X="14404" Y="5762" Z="0"/><Vertex X="14328" Y="5762" Z="0"/><Vertex X="14277" Y="5762" Z="0"/><Vertex X="14200" Y="5762" Z="0"/><Vertex X="14124" Y="5762" Z="0"/><Vertex X="14098" Y="5762" Z="0"/><Vertex X="14047" Y="5762" Z="0"/><Vertex X="13996" Y="5762" Z="0"/><Vertex X="13971" Y="5762" Z="0"/><Vertex X="13920" Y="5762" Z="0"/><Vertex X="13894" Y="5762" Z="0"/><Vertex X="13843" Y="5762" Z="0"/><Vertex X="13869" Y="5863" Z="0"/></Vertices></Region><Region Id="3" Type="0" Zoom="0.039226" Selected="0" ImageLocation="" ImageFocus="-1" Length="20145.2" Area="18698372.0" LengthMicrons="9939.7" AreaMicrons="4551998.4" Text="" NegativeROA="0" InputRegionId="0" Analyze="1" DisplayId="3"><Attributes></Attributes><Vertices><Vertex X="5124" Y="10554" Z="0"/><Vertex X="5073" Y="10554" Z="0"/><Vertex X="5022" Y="10554" Z="0"/><Vertex X="4971" Y="10554" Z="0"/><Vertex X="4920" Y="10554" Z="0"/><Vertex X="4895" Y="10554" Z="0"/><Vertex X="4844" Y="10554" Z="0"/><Vertex X="4793" Y="10554" Z="0"/><Vertex X="4768" Y="10554" Z="0"/><Vertex X="4717" Y="10554" Z="0"/><Vertex X="4691" Y="10554" Z="0"/><Vertex X="4640" Y="10554" Z="0"/><Vertex X="4589" Y="10554" Z="0"/><Vertex X="4564" Y="10554" Z="0"/><Vertex X="4513" Y="10554" Z="0"/><Vertex X="4411" Y="10554" Z="0"/><Vertex X="4334" Y="10554" Z="0"/><Vertex X="4283" Y="10554" Z="0"/><Vertex X="4258" Y="10554" Z="0"/><Vertex X="4207" Y="10580" Z="0"/><Vertex X="4156" Y="10580" Z="0"/><Vertex X="4130" Y="10580" Z="0"/><Vertex X="4079" Y="10631" Z="0"/><Vertex X="4028" Y="10631" Z="0"/><Vertex X="4003" Y="10631" Z="0"/><Vertex X="4003" Y="10682" Z="0"/><Vertex X="3926" Y="10682" Z="0"/><Vertex X="3875" Y="10682" Z="0"/><Vertex X="3875" Y="10707" Z="0"/><Vertex X="3850" Y="10707" Z="0"/><Vertex X="3799" Y="10707" Z="0"/><Vertex X="3773" Y="10707" Z="0"/><Vertex X="3722" Y="10707" Z="0"/><Vertex X="3646" Y="10707" Z="0"/><Vertex X="3620" Y="10707" Z="0"/><Vertex X="3569" Y="10707" Z="0"/><Vertex X="3518" Y="10707" Z="0"/><Vertex X="3493" Y="10707" Z="0"/><Vertex X="3442" Y="10707" Z="0"/><Vertex X="3416" Y="10707" Z="0"/><Vertex X="3365" Y="10707" Z="0"/><Vertex X="3314" Y="10707" Z="0"/><Vertex X="3289" Y="10707" Z="0"/><Vertex X="3238" Y="10707" Z="0"/><Vertex X="3212" Y="10707" Z="0"/><Vertex X="3161" Y="10758" Z="0"/><Vertex X="3110" Y="10758" Z="0"/><Vertex X="3034" Y="10809" Z="0"/><Vertex X="3008" Y="10809" Z="0"/><Vertex X="2957" Y="10809" Z="0"/><Vertex X="2957" Y="10835" Z="0"/><Vertex X="2932" Y="10835" Z="0"/><Vertex X="2932" Y="10886" Z="0"/><Vertex X="2881" Y="10886" Z="0"/><Vertex X="2881" Y="10937" Z="0"/><Vertex X="2830" Y="10962" Z="0"/><Vertex X="2830" Y="11039" Z="0"/><Vertex X="2805" Y="11039" Z="0"/><Vertex X="2805" Y="11115" Z="0"/><Vertex X="2754" Y="11192" Z="0"/><Vertex X="2754" Y="11217" Z="0"/><Vertex X="2754" Y="11268" Z="0"/><Vertex X="2703" Y="11268" Z="0"/><Vertex X="2703" Y="11319" Z="0"/><Vertex X="2652" Y="11421" Z="0"/><Vertex X="2652" Y="11472" Z="0"/><Vertex X="2652" Y="11523" Z="0"/><Vertex X="2652" Y="11549" Z="0"/><Vertex X="2652" Y="11600" Z="0"/><Vertex X="2652" Y="11625" Z="0"/><Vertex X="2652" Y="11676" Z="0"/><Vertex X="2652" Y="11727" Z="0"/><Vertex X="2652" Y="11752" Z="0"/><Vertex X="2652" Y="11829" Z="0"/><Vertex X="2677" Y="11829" Z="0"/><Vertex X="2677" Y="11905" Z="0"/><Vertex X="2677" Y="11931" Z="0"/><Vertex X="2728" Y="12007" Z="0"/><Vertex X="2728" Y="12084" Z="0"/><Vertex X="2754" Y="12084" Z="0"/><Vertex X="2754" Y="12135" Z="0"/><Vertex X="2830" Y="12186" Z="0"/><Vertex X="2881" Y="12237" Z="0"/><Vertex X="2932" Y="12288" Z="0"/><Vertex X="2957" Y="12313" Z="0"/><Vertex X="3008" Y="12364" Z="0"/><Vertex X="3059" Y="12364" Z="0"/><Vertex X="3110" Y="12415" Z="0"/><Vertex X="3161" Y="12466" Z="0"/><Vertex X="3212" Y="12466" Z="0"/><Vertex X="3263" Y="12517" Z="0"/><Vertex X="3289" Y="12517" Z="0"/><Vertex X="3340" Y="12543" Z="0"/><Vertex X="3391" Y="12543" Z="0"/><Vertex X="3442" Y="12594" Z="0"/><Vertex X="3467" Y="12594" Z="0"/><Vertex X="3518" Y="12670" Z="0"/><Vertex X="3569" Y="12670" Z="0"/><Vertex X="3595" Y="12747" Z="0"/><Vertex X="3646" Y="12747" Z="0"/><Vertex X="3646" Y="12823" Z="0"/><Vertex X="3722" Y="12823" Z="0"/><Vertex X="3799" Y="12849" Z="0"/><Vertex X="3850" Y="12849" Z="0"/><Vertex X="3850" Y="12900" Z="0"/><Vertex X="3926" Y="12900" Z="0"/><Vertex X="4003" Y="12951" Z="0"/><Vertex X="4028" Y="13002" Z="0"/><Vertex X="4079" Y="13027" Z="0"/><Vertex X="4130" Y="13078" Z="0"/><Vertex X="4207" Y="13129" Z="0"/><Vertex X="4283" Y="13180" Z="0"/><Vertex X="4334" Y="13231" Z="0"/><Vertex X="4411" Y="13282" Z="0"/><Vertex X="4462" Y="13282" Z="0"/><Vertex X="4462" Y="13308" Z="0"/><Vertex X="4487" Y="13308" Z="0"/><Vertex X="4564" Y="13359" Z="0"/><Vertex X="4640" Y="13359" Z="0"/><Vertex X="4640" Y="13410" Z="0"/><Vertex X="4717" Y="13410" Z="0"/><Vertex X="4768" Y="13461" Z="0"/><Vertex X="4844" Y="13461" Z="0"/><Vertex X="4844" Y="13486" Z="0"/><Vertex X="4920" Y="13486" Z="0"/><Vertex X="4920" Y="13537" Z="0"/><Vertex X="4971" Y="13537" Z="0"/><Vertex X="5022" Y="13588" Z="0"/><Vertex X="5073" Y="13588" Z="0"/><Vertex X="5099" Y="13588" Z="0"/><Vertex X="5150" Y="13614" Z="0"/><Vertex X="5201" Y="13614" Z="0"/><Vertex X="5226" Y="13614" Z="0"/><Vertex X="5277" Y="13664" Z="0"/><Vertex X="5328" Y="13664" Z="0"/><Vertex X="5405" Y="13715" Z="0"/><Vertex X="5456" Y="13715" Z="0"/><Vertex X="5532" Y="13766" Z="0"/><Vertex X="5609" Y="13766" Z="0"/><Vertex X="5660" Y="13766" Z="0"/><Vertex X="5711" Y="13766" Z="0"/><Vertex X="5711" Y="13792" Z="0"/><Vertex X="5787" Y="13792" Z="0"/><Vertex X="5813" Y="13792" Z="0"/><Vertex X="5915" Y="13843" Z="0"/><Vertex X="5966" Y="13843" Z="0"/><Vertex X="5991" Y="13843" Z="0"/><Vertex X="6042" Y="13843" Z="0"/><Vertex X="6093" Y="13843" Z="0"/><Vertex X="6119" Y="13843" Z="0"/><Vertex X="6170" Y="13843" Z="0"/><Vertex X="6195" Y="13843" Z="0"/><Vertex X="6246" Y="13843" Z="0"/><Vertex X="6297" Y="13843" Z="0"/><Vertex X="6323" Y="13894" Z="0"/><Vertex X="6374" Y="13894" Z="0"/><Vertex X="6425" Y="13894" Z="0"/><Vertex X="6450" Y="13894" Z="0"/><Vertex X="6501" Y="13894" Z="0"/><Vertex X="6527" Y="13894" Z="0"/><Vertex X="6578" Y="13894" Z="0"/><Vertex X="6629" Y="13894" Z="0"/><Vertex X="6654" Y="13894" Z="0"/><Vertex X="6705" Y="13894" Z="0"/><Vertex X="6731" Y="13894" Z="0"/><Vertex X="8566" Y="13512" Z="0"/><Vertex X="8668" Y="13512" Z="0"/><Vertex X="8745" Y="13461" Z="0"/><Vertex X="8821" Y="13461" Z="0"/><Vertex X="8872" Y="13461" Z="0"/><Vertex X="8897" Y="13435" Z="0"/><Vertex X="8948" Y="13435" Z="0"/><Vertex X="8948" Y="13384" Z="0"/><Vertex X="8999" Y="13384" Z="0"/><Vertex X="8999" Y="13333" Z="0"/><Vertex X="9025" Y="13333" Z="0"/><Vertex X="9025" Y="13308" Z="0"/><Vertex X="9076" Y="13308" Z="0"/><Vertex X="9076" Y="13257" Z="0"/><Vertex X="9101" Y="13257" Z="0"/><Vertex X="9101" Y="13231" Z="0"/><Vertex X="9152" Y="13180" Z="0"/><Vertex X="9152" Y="13129" Z="0"/><Vertex X="9203" Y="13129" Z="0"/><Vertex X="9203" Y="13104" Z="0"/><Vertex X="9254" Y="13027" Z="0"/><Vertex X="9254" Y="12976" Z="0"/><Vertex X="9254" Y="12951" Z="0"/><Vertex X="9280" Y="12951" Z="0"/><Vertex X="9280" Y="12874" Z="0"/><Vertex X="9280" Y="12823" Z="0"/><Vertex X="9280" Y="12798" Z="0"/><Vertex X="9331" Y="12747" Z="0"/><Vertex X="9331" Y="12696" Z="0"/><Vertex X="9382" Y="12696" Z="0"/><Vertex X="9382" Y="12670" Z="0"/><Vertex X="9407" Y="12619" Z="0"/><Vertex X="9407" Y="12568" Z="0"/><Vertex X="9458" Y="12568" Z="0"/><Vertex X="9458" Y="12543" Z="0"/><Vertex X="9509" Y="12492" Z="0"/><Vertex X="9509" Y="12441" Z="0"/><Vertex X="9535" Y="12441" Z="0"/><Vertex X="9535" Y="12390" Z="0"/><Vertex X="9535" Y="12313" Z="0"/><Vertex X="9586" Y="12237" Z="0"/><Vertex X="9586" Y="12211" Z="0"/><Vertex X="9586" Y="12160" Z="0"/><Vertex X="9586" Y="12109" Z="0"/><Vertex X="9637" Y="12084" Z="0"/><Vertex X="9637" Y="12033" Z="0"/><Vertex X="9637" Y="11982" Z="0"/><Vertex X="9688" Y="11982" Z="0"/><Vertex X="9688" Y="11956" Z="0"/><Vertex X="9713" Y="11905" Z="0"/><Vertex X="9764" Y="11905" Z="0"/><Vertex X="9764" Y="11829" Z="0"/><Vertex X="9815" Y="11829" Z="0"/><Vertex X="9841" Y="11803" Z="0"/><Vertex X="9892" Y="11752" Z="0"/><Vertex X="9943" Y="11701" Z="0"/><Vertex X="9994" Y="11651" Z="0"/><Vertex X="10019" Y="11600" Z="0"/><Vertex X="10070" Y="11600" Z="0"/><Vertex X="10070" Y="11574" Z="0"/><Vertex X="10121" Y="11574" Z="0"/><Vertex X="10121" Y="11523" Z="0"/><Vertex X="10147" Y="11523" Z="0"/><Vertex X="10147" Y="11498" Z="0"/><Vertex X="10198" Y="11447" Z="0"/><Vertex X="10249" Y="11396" Z="0"/><Vertex X="10249" Y="11370" Z="0"/><Vertex X="10300" Y="11319" Z="0"/><Vertex X="10300" Y="11268" Z="0"/><Vertex X="10300" Y="11243" Z="0"/><Vertex X="10300" Y="11192" Z="0"/><Vertex X="10300" Y="11141" Z="0"/><Vertex X="10300" Y="11115" Z="0"/><Vertex X="10300" Y="11064" Z="0"/><Vertex X="10300" Y="11039" Z="0"/><Vertex X="10274" Y="11039" Z="0"/><Vertex X="10274" Y="10988" Z="0"/><Vertex X="10223" Y="10988" Z="0"/><Vertex X="10198" Y="10988" Z="0"/><Vertex X="10121" Y="10988" Z="0"/><Vertex X="10045" Y="10988" Z="0"/><Vertex X="10045" Y="10937" Z="0"/><Vertex X="9968" Y="10937" Z="0"/><Vertex X="9892" Y="10937" Z="0"/><Vertex X="9841" Y="10937" Z="0"/><Vertex X="9815" Y="10911" Z="0"/><Vertex X="9764" Y="10911" Z="0"/><Vertex X="9713" Y="10911" Z="0"/><Vertex X="9688" Y="10911" Z="0"/><Vertex X="9637" Y="10911" Z="0"/><Vertex X="9586" Y="10911" Z="0"/><Vertex X="9509" Y="10911" Z="0"/><Vertex X="9458" Y="10911" Z="0"/><Vertex X="9382" Y="10911" Z="0"/><Vertex X="9331" Y="10911" Z="0"/><Vertex X="9254" Y="10911" Z="0"/><Vertex X="9203" Y="10911" Z="0"/><Vertex X="9127" Y="10911" Z="0"/><Vertex X="9050" Y="10911" Z="0"/><Vertex X="8999" Y="10911" Z="0"/><Vertex X="8948" Y="10911" Z="0"/><Vertex X="8897" Y="10911" Z="0"/><Vertex X="8872" Y="10911" Z="0"/><Vertex X="8821" Y="10911" Z="0"/><Vertex X="8795" Y="10911" Z="0"/><Vertex X="8745" Y="10860" Z="0"/><Vertex X="8694" Y="10860" Z="0"/><Vertex X="8668" Y="10860" Z="0"/><Vertex X="8617" Y="10809" Z="0"/><Vertex X="8566" Y="10809" Z="0"/><Vertex X="8515" Y="10809" Z="0"/><Vertex X="8464" Y="10809" Z="0"/><Vertex X="8413" Y="10809" Z="0"/><Vertex X="8362" Y="10809" Z="0"/><Vertex X="8286" Y="10809" Z="0"/><Vertex X="8286" Y="10758" Z="0"/><Vertex X="8209" Y="10758" Z="0"/><Vertex X="8158" Y="10758" Z="0"/><Vertex X="8082" Y="10758" Z="0"/><Vertex X="8082" Y="10733" Z="0"/><Vertex X="8031" Y="10733" Z="0"/><Vertex X="8005" Y="10733" Z="0"/><Vertex X="7954" Y="10733" Z="0"/><Vertex X="7903" Y="10733" Z="0"/><Vertex X="7827" Y="10733" Z="0"/><Vertex X="7750" Y="10733" Z="0"/><Vertex X="7674" Y="10733" Z="0"/><Vertex X="7623" Y="10733" Z="0"/><Vertex X="7572" Y="10758" Z="0"/><Vertex X="7470" Y="10758" Z="0"/><Vertex X="7419" Y="10784" Z="0"/><Vertex X="7342" Y="10784" Z="0"/><Vertex X="7266" Y="10784" Z="0"/><Vertex X="7215" Y="10784" Z="0"/><Vertex X="7164" Y="10784" Z="0"/><Vertex X="7087" Y="10784" Z="0"/><Vertex X="7036" Y="10784" Z="0"/><Vertex X="6960" Y="10784" Z="0"/><Vertex X="6883" Y="10784" Z="0"/><Vertex X="6832" Y="10784" Z="0"/><Vertex X="6782" Y="10784" Z="0"/><Vertex X="6731" Y="10784" Z="0"/><Vertex X="6705" Y="10784" Z="0"/><Vertex X="6654" Y="10784" Z="0"/><Vertex X="6603" Y="10784" Z="0"/><Vertex X="6527" Y="10784" Z="0"/><Vertex X="6476" Y="10784" Z="0"/><Vertex X="6450" Y="10784" Z="0"/><Vertex X="6399" Y="10784" Z="0"/><Vertex X="6348" Y="10784" Z="0"/><Vertex X="6297" Y="10784" Z="0"/><Vertex X="6246" Y="10784" Z="0"/><Vertex X="6246" Y="10733" Z="0"/><Vertex X="6195" Y="10733" Z="0"/><Vertex X="6119" Y="10733" Z="0"/><Vertex X="6119" Y="10707" Z="0"/><Vertex X="6068" Y="10707" Z="0"/><Vertex X="5991" Y="10656" Z="0"/><Vertex X="5940" Y="10656" Z="0"/><Vertex X="5889" Y="10656" Z="0"/><Vertex X="5889" Y="10605" Z="0"/><Vertex X="5838" Y="10605" Z="0"/><Vertex X="5787" Y="10605" Z="0"/><Vertex X="5711" Y="10554" Z="0"/><Vertex X="5634" Y="10554" Z="0"/><Vertex X="5583" Y="10554" Z="0"/><Vertex X="5583" Y="10529" Z="0"/><Vertex X="5507" Y="10529" Z="0"/><Vertex X="5481" Y="10529" Z="0"/><Vertex X="5430" Y="10478" Z="0"/><Vertex X="5379" Y="10478" Z="0"/><Vertex X="5328" Y="10427" Z="0"/><Vertex X="5303" Y="10427" Z="0"/><Vertex X="5252" Y="10427" Z="0"/><Vertex X="5226" Y="10427" Z="0"/><Vertex X="5175" Y="10427" Z="0"/><Vertex X="5124" Y="10427" Z="0"/><Vertex X="5124" Y="10452" Z="0"/><Vertex X="5124" Y="10554" Z="0"/></Vertices></Region><Region Id="4" Type="0" Zoom="0.039226" Selected="0" ImageLocation="" ImageFocus="-1" Length="15436.4" Area="11006795.0" LengthMicrons="7616.3" AreaMicrons="2679533.4" Text="" NegativeROA="0" InputRegionId="0" Analyze="1" DisplayId="4"><Attributes></Attributes><Vertices><Vertex X="13767" Y="13384" Z="0"/><Vertex X="13741" Y="13435" Z="0"/><Vertex X="13690" Y="13435" Z="0"/><Vertex X="13639" Y="13460" Z="0"/><Vertex X="13614" Y="13460" Z="0"/><Vertex X="13563" Y="13511" Z="0"/><Vertex X="13486" Y="13562" Z="0"/><Vertex X="13410" Y="13639" Z="0"/><Vertex X="13410" Y="13664" Z="0"/><Vertex X="13385" Y="13664" Z="0"/><Vertex X="13385" Y="13741" Z="0"/><Vertex X="13334" Y="13741" Z="0"/><Vertex X="13334" Y="13792" Z="0"/><Vertex X="13283" Y="13792" Z="0"/><Vertex X="13283" Y="13817" Z="0"/><Vertex X="13232" Y="13817" Z="0"/><Vertex X="13155" Y="13894" Z="0"/><Vertex X="13104" Y="13894" Z="0"/><Vertex X="13104" Y="13945" Z="0"/><Vertex X="13002" Y="13945" Z="0"/><Vertex X="12977" Y="13945" Z="0"/><Vertex X="12926" Y="13996" Z="0"/><Vertex X="12875" Y="13996" Z="0"/><Vertex X="12849" Y="13996" Z="0"/><Vertex X="12798" Y="13996" Z="0"/><Vertex X="12747" Y="14021" Z="0"/><Vertex X="12722" Y="14021" Z="0"/><Vertex X="12671" Y="14021" Z="0"/><Vertex X="12645" Y="14072" Z="0"/><Vertex X="12594" Y="14072" Z="0"/><Vertex X="12543" Y="14123" Z="0"/><Vertex X="12467" Y="14174" Z="0"/><Vertex X="12416" Y="14225" Z="0"/><Vertex X="12339" Y="14225" Z="0"/><Vertex X="12339" Y="14251" Z="0"/><Vertex X="12288" Y="14251" Z="0"/><Vertex X="12237" Y="14302" Z="0"/><Vertex X="12186" Y="14302" Z="0"/><Vertex X="12186" Y="14353" Z="0"/><Vertex X="12110" Y="14353" Z="0"/><Vertex X="12033" Y="14404" Z="0"/><Vertex X="11982" Y="14404" Z="0"/><Vertex X="11906" Y="14404" Z="0"/><Vertex X="11829" Y="14404" Z="0"/><Vertex X="11778" Y="14429" Z="0"/><Vertex X="11702" Y="14429" Z="0"/><Vertex X="11651" Y="14480" Z="0"/><Vertex X="11600" Y="14480" Z="0"/><Vertex X="11600" Y="14531" Z="0"/><Vertex X="11574" Y="14531" Z="0"/><Vertex X="11523" Y="14582" Z="0"/><Vertex X="11473" Y="14608" Z="0"/><Vertex X="11473" Y="14659" Z="0"/><Vertex X="11447" Y="14710" Z="0"/><Vertex X="11447" Y="14735" Z="0"/><Vertex X="11447" Y="14786" Z="0"/><Vertex X="11447" Y="14837" Z="0"/><Vertex X="11396" Y="14837" Z="0"/><Vertex X="11396" Y="14863" Z="0"/><Vertex X="11396" Y="14914" Z="0"/><Vertex X="11345" Y="14914" Z="0"/><Vertex X="11345" Y="14939" Z="0"/><Vertex X="11345" Y="14990" Z="0"/><Vertex X="11320" Y="14990" Z="0"/><Vertex X="11320" Y="15041" Z="0"/><Vertex X="11320" Y="15092" Z="0"/><Vertex X="11320" Y="15143" Z="0"/><Vertex X="11320" Y="15169" Z="0"/><Vertex X="11320" Y="15220" Z="0"/><Vertex X="11320" Y="15271" Z="0"/><Vertex X="11345" Y="15296" Z="0"/><Vertex X="11371" Y="15373" Z="0"/><Vertex X="11447" Y="15423" Z="0"/><Vertex X="11498" Y="15423" Z="0"/><Vertex X="11498" Y="15474" Z="0"/><Vertex X="11549" Y="15474" Z="0"/><Vertex X="11651" Y="15525" Z="0"/><Vertex X="11702" Y="15525" Z="0"/><Vertex X="11753" Y="15525" Z="0"/><Vertex X="11778" Y="15551" Z="0"/><Vertex X="11829" Y="15551" Z="0"/><Vertex X="11880" Y="15551" Z="0"/><Vertex X="11906" Y="15551" Z="0"/><Vertex X="11957" Y="15551" Z="0"/><Vertex X="12008" Y="15602" Z="0"/><Vertex X="12033" Y="15602" Z="0"/><Vertex X="12084" Y="15602" Z="0"/><Vertex X="12110" Y="15602" Z="0"/><Vertex X="12161" Y="15602" Z="0"/><Vertex X="12212" Y="15602" Z="0"/><Vertex X="12237" Y="15602" Z="0"/><Vertex X="12288" Y="15602" Z="0"/><Vertex X="12314" Y="15602" Z="0"/><Vertex X="12365" Y="15602" Z="0"/><Vertex X="12416" Y="15602" Z="0"/><Vertex X="12467" Y="15602" Z="0"/><Vertex X="12518" Y="15602" Z="0"/><Vertex X="12543" Y="15602" Z="0"/><Vertex X="12594" Y="15602" Z="0"/><Vertex X="12671" Y="15602" Z="0"/><Vertex X="12722" Y="15602" Z="0"/><Vertex X="12798" Y="15602" Z="0"/><Vertex X="12875" Y="15602" Z="0"/><Vertex X="12926" Y="15602" Z="0"/><Vertex X="13002" Y="15576" Z="0"/><Vertex X="13079" Y="15576" Z="0"/><Vertex X="13155" Y="15576" Z="0"/><Vertex X="13181" Y="15576" Z="0"/><Vertex X="13232" Y="15576" Z="0"/><Vertex X="13257" Y="15576" Z="0"/><Vertex X="13308" Y="15551" Z="0"/><Vertex X="13359" Y="15551" Z="0"/><Vertex X="13385" Y="15551" Z="0"/><Vertex X="13461" Y="15551" Z="0"/><Vertex X="13537" Y="15551" Z="0"/><Vertex X="13563" Y="15551" Z="0"/><Vertex X="13614" Y="15500" Z="0"/><Vertex X="13665" Y="15500" Z="0"/><Vertex X="13690" Y="15500" Z="0"/><Vertex X="13767" Y="15500" Z="0"/><Vertex X="13818" Y="15500" Z="0"/><Vertex X="13869" Y="15500" Z="0"/><Vertex X="13945" Y="15500" Z="0"/><Vertex X="14047" Y="15500" Z="0"/><Vertex X="14124" Y="15500" Z="0"/><Vertex X="14175" Y="15500" Z="0"/><Vertex X="14226" Y="15500" Z="0"/><Vertex X="14251" Y="15500" Z="0"/><Vertex X="14328" Y="15449" Z="0"/><Vertex X="14379" Y="15449" Z="0"/><Vertex X="14404" Y="15449" Z="0"/><Vertex X="14455" Y="15449" Z="0"/><Vertex X="14481" Y="15449" Z="0"/><Vertex X="14532" Y="15449" Z="0"/><Vertex X="14583" Y="15449" Z="0"/><Vertex X="14608" Y="15398" Z="0"/><Vertex X="14659" Y="15398" Z="0"/><Vertex X="14710" Y="15398" Z="0"/><Vertex X="14736" Y="15398" Z="0"/><Vertex X="14787" Y="15398" Z="0"/><Vertex X="14812" Y="15398" Z="0"/><Vertex X="14863" Y="15398" Z="0"/><Vertex X="14914" Y="15347" Z="0"/><Vertex X="14940" Y="15347" Z="0"/><Vertex X="14991" Y="15347" Z="0"/><Vertex X="15067" Y="15347" Z="0"/><Vertex X="15118" Y="15347" Z="0"/><Vertex X="15195" Y="15347" Z="0"/><Vertex X="15246" Y="15347" Z="0"/><Vertex X="15322" Y="15347" Z="0"/><Vertex X="15398" Y="15347" Z="0"/><Vertex X="15475" Y="15347" Z="0"/><Vertex X="15526" Y="15347" Z="0"/><Vertex X="15577" Y="15347" Z="0"/><Vertex X="15602" Y="15347" Z="0"/><Vertex X="15653" Y="15347" Z="0"/><Vertex X="15704" Y="15347" Z="0"/><Vertex X="15730" Y="15347" Z="0"/><Vertex X="15781" Y="15347" Z="0"/><Vertex X="15806" Y="15347" Z="0"/><Vertex X="15857" Y="15347" Z="0"/><Vertex X="15934" Y="15347" Z="0"/><Vertex X="15985" Y="15347" Z="0"/><Vertex X="16061" Y="15347" Z="0"/><Vertex X="16138" Y="15347" Z="0"/><Vertex X="16189" Y="15347" Z="0"/><Vertex X="16265" Y="15347" Z="0"/><Vertex X="16342" Y="15347" Z="0"/><Vertex X="16393" Y="15347" Z="0"/><Vertex X="16469" Y="15347" Z="0"/><Vertex X="16546" Y="15347" Z="0"/><Vertex X="16597" Y="15347" Z="0"/><Vertex X="16648" Y="15347" Z="0"/><Vertex X="16699" Y="15347" Z="0"/><Vertex X="16724" Y="15347" Z="0"/><Vertex X="16775" Y="15347" Z="0"/><Vertex X="16775" Y="15322" Z="0"/><Vertex X="16801" Y="15322" Z="0"/><Vertex X="16852" Y="15322" Z="0"/><Vertex X="16903" Y="15271" Z="0"/><Vertex X="16954" Y="15220" Z="0"/><Vertex X="16954" Y="15194" Z="0"/><Vertex X="16979" Y="15143" Z="0"/><Vertex X="16979" Y="15067" Z="0"/><Vertex X="16979" Y="15041" Z="0"/><Vertex X="16979" Y="14990" Z="0"/><Vertex X="16979" Y="14939" Z="0"/><Vertex X="16979" Y="14888" Z="0"/><Vertex X="16979" Y="14812" Z="0"/><Vertex X="16979" Y="14735" Z="0"/><Vertex X="16979" Y="14659" Z="0"/><Vertex X="16979" Y="14582" Z="0"/><Vertex X="16954" Y="14506" Z="0"/><Vertex X="16954" Y="14429" Z="0"/><Vertex X="16954" Y="14404" Z="0"/><Vertex X="16928" Y="14353" Z="0"/><Vertex X="16928" Y="14302" Z="0"/><Vertex X="16928" Y="14251" Z="0"/><Vertex X="16928" Y="14174" Z="0"/><Vertex X="16928" Y="14149" Z="0"/><Vertex X="16928" Y="14072" Z="0"/><Vertex X="16928" Y="13996" Z="0"/><Vertex X="16928" Y="13945" Z="0"/><Vertex X="16928" Y="13894" Z="0"/><Vertex X="16928" Y="13817" Z="0"/><Vertex X="16928" Y="13766" Z="0"/><Vertex X="16877" Y="13766" Z="0"/><Vertex X="16877" Y="13690" Z="0"/><Vertex X="16877" Y="13639" Z="0"/><Vertex X="16877" Y="13613" Z="0"/><Vertex X="16877" Y="13562" Z="0"/><Vertex X="16826" Y="13511" Z="0"/><Vertex X="16801" Y="13486" Z="0"/><Vertex X="16750" Y="13486" Z="0"/><Vertex X="16750" Y="13435" Z="0"/><Vertex X="16699" Y="13435" Z="0"/><Vertex X="16673" Y="13435" Z="0"/><Vertex X="16673" Y="13384" Z="0"/><Vertex X="16622" Y="13384" Z="0"/><Vertex X="16597" Y="13384" Z="0"/><Vertex X="16597" Y="13359" Z="0"/><Vertex X="16546" Y="13359" Z="0"/><Vertex X="16495" Y="13308" Z="0"/><Vertex X="16444" Y="13257" Z="0"/><Vertex X="16393" Y="13206" Z="0"/><Vertex X="16342" Y="13180" Z="0"/><Vertex X="16291" Y="13129" Z="0"/><Vertex X="16240" Y="13078" Z="0"/><Vertex X="16189" Y="13027" Z="0"/><Vertex X="16163" Y="12976" Z="0"/><Vertex X="16112" Y="12976" Z="0"/><Vertex X="16112" Y="12951" Z="0"/><Vertex X="16061" Y="12951" Z="0"/><Vertex X="16061" Y="12900" Z="0"/><Vertex X="16036" Y="12900" Z="0"/><Vertex X="15985" Y="12900" Z="0"/><Vertex X="15908" Y="12849" Z="0"/><Vertex X="15857" Y="12849" Z="0"/><Vertex X="15806" Y="12849" Z="0"/><Vertex X="15755" Y="12849" Z="0"/><Vertex X="15755" Y="12823" Z="0"/><Vertex X="15679" Y="12823" Z="0"/><Vertex X="15602" Y="12823" Z="0"/><Vertex X="15551" Y="12823" Z="0"/><Vertex X="15500" Y="12823" Z="0"/><Vertex X="15424" Y="12823" Z="0"/><Vertex X="15373" Y="12823" Z="0"/><Vertex X="15322" Y="12823" Z="0"/><Vertex X="15271" Y="12823" Z="0"/><Vertex X="15220" Y="12849" Z="0"/><Vertex X="15144" Y="12849" Z="0"/><Vertex X="15093" Y="12849" Z="0"/><Vertex X="15067" Y="12849" Z="0"/><Vertex X="15067" Y="12874" Z="0"/><Vertex X="14991" Y="12874" Z="0"/><Vertex X="14914" Y="12874" Z="0"/><Vertex X="14863" Y="12874" Z="0"/><Vertex X="14787" Y="12874" Z="0"/><Vertex X="14710" Y="12874" Z="0"/><Vertex X="14659" Y="12925" Z="0"/><Vertex X="14583" Y="12925" Z="0"/><Vertex X="14506" Y="12925" Z="0"/><Vertex X="14430" Y="12976" Z="0"/><Vertex X="14379" Y="12976" Z="0"/><Vertex X="14302" Y="13027" Z="0"/><Vertex X="14251" Y="13027" Z="0"/><Vertex X="14200" Y="13027" Z="0"/><Vertex X="14149" Y="13027" Z="0"/><Vertex X="14149" Y="13053" Z="0"/><Vertex X="14098" Y="13053" Z="0"/><Vertex X="14073" Y="13053" Z="0"/><Vertex X="14022" Y="13053" Z="0"/><Vertex X="14022" Y="13104" Z="0"/><Vertex X="13996" Y="13104" Z="0"/><Vertex X="13945" Y="13155" Z="0"/><Vertex X="13894" Y="13155" Z="0"/><Vertex X="13894" Y="13180" Z="0"/><Vertex X="13869" Y="13180" Z="0"/><Vertex X="13818" Y="13231" Z="0"/><Vertex X="13767" Y="13231" Z="0"/><Vertex X="13767" Y="13282" Z="0"/><Vertex X="13741" Y="13333" Z="0"/><Vertex X="13767" Y="13384" Z="0"/></Vertices></Region><Region Id="5" Type="0" Zoom="0.039226" Selected="0" ImageLocation="" ImageFocus="-1" Length="22447.3" Area="20082047.5" LengthMicrons="11075.5" AreaMicrons="4888845.3" Text="" NegativeROA="0" InputRegionId="0" Analyze="1" DisplayId="5"><Attributes></Attributes><Vertices><Vertex X="20268" Y="12976" Z="0"/><Vertex X="20191" Y="12976" Z="0"/><Vertex X="20140" Y="12976" Z="0"/><Vertex X="20064" Y="12976" Z="0"/><Vertex X="20013" Y="12976" Z="0"/><Vertex X="19987" Y="12976" Z="0"/><Vertex X="19936" Y="12976" Z="0"/><Vertex X="19911" Y="12976" Z="0"/><Vertex X="19834" Y="13002" Z="0"/><Vertex X="19783" Y="13002" Z="0"/><Vertex X="19707" Y="13053" Z="0"/><Vertex X="19656" Y="13053" Z="0"/><Vertex X="19579" Y="13104" Z="0"/><Vertex X="19528" Y="13104" Z="0"/><Vertex X="19477" Y="13180" Z="0"/><Vertex X="19426" Y="13257" Z="0"/><Vertex X="19350" Y="13333" Z="0"/><Vertex X="19299" Y="13384" Z="0"/><Vertex X="19299" Y="13460" Z="0"/><Vertex X="19299" Y="13562" Z="0"/><Vertex X="19248" Y="13562" Z="0"/><Vertex X="19248" Y="13613" Z="0"/><Vertex X="19248" Y="13664" Z="0"/><Vertex X="19248" Y="13741" Z="0"/><Vertex X="19248" Y="13766" Z="0"/><Vertex X="19248" Y="13817" Z="0"/><Vertex X="19248" Y="13894" Z="0"/><Vertex X="19273" Y="13945" Z="0"/><Vertex X="19273" Y="14021" Z="0"/><Vertex X="19324" Y="14072" Z="0"/><Vertex X="19324" Y="14123" Z="0"/><Vertex X="19324" Y="14174" Z="0"/><Vertex X="19375" Y="14174" Z="0"/><Vertex X="19375" Y="14225" Z="0"/><Vertex X="19401" Y="14251" Z="0"/><Vertex X="19401" Y="14302" Z="0"/><Vertex X="19452" Y="14302" Z="0"/><Vertex X="19452" Y="14353" Z="0"/><Vertex X="19503" Y="14378" Z="0"/><Vertex X="19528" Y="14378" Z="0"/><Vertex X="19528" Y="14429" Z="0"/><Vertex X="19605" Y="14429" Z="0"/><Vertex X="19656" Y="14429" Z="0"/><Vertex X="19681" Y="14480" Z="0"/><Vertex X="19758" Y="14480" Z="0"/><Vertex X="19809" Y="14531" Z="0"/><Vertex X="19860" Y="14531" Z="0"/><Vertex X="19936" Y="14557" Z="0"/><Vertex X="19987" Y="14557" Z="0"/><Vertex X="19987" Y="14608" Z="0"/><Vertex X="20013" Y="14608" Z="0"/><Vertex X="20013" Y="14659" Z="0"/><Vertex X="20064" Y="14684" Z="0"/><Vertex X="20115" Y="14735" Z="0"/><Vertex X="20217" Y="14786" Z="0"/><Vertex X="20268" Y="14786" Z="0"/><Vertex X="20293" Y="14863" Z="0"/><Vertex X="20344" Y="14863" Z="0"/><Vertex X="20395" Y="14914" Z="0"/><Vertex X="20472" Y="14965" Z="0"/><Vertex X="20497" Y="14990" Z="0"/><Vertex X="20497" Y="15041" Z="0"/><Vertex X="20548" Y="15041" Z="0"/><Vertex X="20548" Y="15092" Z="0"/><Vertex X="20548" Y="15118" Z="0"/><Vertex X="20599" Y="15169" Z="0"/><Vertex X="20599" Y="15220" Z="0"/><Vertex X="20599" Y="15245" Z="0"/><Vertex X="20625" Y="15245" Z="0"/><Vertex X="20625" Y="15296" Z="0"/><Vertex X="20676" Y="15347" Z="0"/><Vertex X="20727" Y="15347" Z="0"/><Vertex X="20727" Y="15373" Z="0"/><Vertex X="20752" Y="15373" Z="0"/><Vertex X="20829" Y="15373" Z="0"/><Vertex X="20829" Y="15423" Z="0"/><Vertex X="20905" Y="15423" Z="0"/><Vertex X="20956" Y="15423" Z="0"/><Vertex X="21033" Y="15423" Z="0"/><Vertex X="21109" Y="15423" Z="0"/><Vertex X="21160" Y="15474" Z="0"/><Vertex X="21186" Y="15474" Z="0"/><Vertex X="21236" Y="15474" Z="0"/><Vertex X="21262" Y="15474" Z="0"/><Vertex X="21313" Y="15474" Z="0"/><Vertex X="21338" Y="15474" Z="0"/><Vertex X="21389" Y="15474" Z="0"/><Vertex X="21440" Y="15474" Z="0"/><Vertex X="21466" Y="15474" Z="0"/><Vertex X="21517" Y="15474" Z="0"/><Vertex X="21542" Y="15474" Z="0"/><Vertex X="21593" Y="15449" Z="0"/><Vertex X="21670" Y="15449" Z="0"/><Vertex X="21746" Y="15449" Z="0"/><Vertex X="21797" Y="15449" Z="0"/><Vertex X="21874" Y="15449" Z="0"/><Vertex X="21925" Y="15449" Z="0"/><Vertex X="21976" Y="15398" Z="0"/><Vertex X="22027" Y="15398" Z="0"/><Vertex X="22078" Y="15398" Z="0"/><Vertex X="22103" Y="15398" Z="0"/><Vertex X="22154" Y="15398" Z="0"/><Vertex X="22180" Y="15398" Z="0"/><Vertex X="22256" Y="15347" Z="0"/><Vertex X="22333" Y="15347" Z="0"/><Vertex X="22358" Y="15347" Z="0"/><Vertex X="22409" Y="15347" Z="0"/><Vertex X="22409" Y="15296" Z="0"/><Vertex X="22511" Y="15296" Z="0"/><Vertex X="22613" Y="15296" Z="0"/><Vertex X="22613" Y="15271" Z="0"/><Vertex X="22690" Y="15271" Z="0"/><Vertex X="22741" Y="15271" Z="0"/><Vertex X="22766" Y="15271" Z="0"/><Vertex X="22817" Y="15271" Z="0"/><Vertex X="22868" Y="15271" Z="0"/><Vertex X="22894" Y="15220" Z="0"/><Vertex X="22945" Y="15220" Z="0"/><Vertex X="22996" Y="15220" Z="0"/><Vertex X="23021" Y="15220" Z="0"/><Vertex X="23072" Y="15169" Z="0"/><Vertex X="23123" Y="15169" Z="0"/><Vertex X="23149" Y="15169" Z="0"/><Vertex X="23199" Y="15169" Z="0"/><Vertex X="23225" Y="15169" Z="0"/><Vertex X="23276" Y="15143" Z="0"/><Vertex X="23327" Y="15143" Z="0"/><Vertex X="23352" Y="15143" Z="0"/><Vertex X="23403" Y="15143" Z="0"/><Vertex X="23454" Y="15143" Z="0"/><Vertex X="23480" Y="15143" Z="0"/><Vertex X="23531" Y="15092" Z="0"/><Vertex X="23582" Y="15092" Z="0"/><Vertex X="23607" Y="15092" Z="0"/><Vertex X="23658" Y="15092" Z="0"/><Vertex X="23709" Y="15092" Z="0"/><Vertex X="23811" Y="15092" Z="0"/><Vertex X="23862" Y="15092" Z="0"/><Vertex X="23888" Y="15092" Z="0"/><Vertex X="23939" Y="15092" Z="0"/><Vertex X="23990" Y="15092" Z="0"/><Vertex X="24041" Y="15092" Z="0"/><Vertex X="24092" Y="15092" Z="0"/><Vertex X="24117" Y="15092" Z="0"/><Vertex X="24219" Y="15092" Z="0"/><Vertex X="24270" Y="15092" Z="0"/><Vertex X="24296" Y="15092" Z="0"/><Vertex X="24347" Y="15092" Z="0"/><Vertex X="24398" Y="15092" Z="0"/><Vertex X="24423" Y="15092" Z="0"/><Vertex X="24474" Y="15092" Z="0"/><Vertex X="24500" Y="15092" Z="0"/><Vertex X="24551" Y="15092" Z="0"/><Vertex X="24602" Y="15092" Z="0"/><Vertex X="24627" Y="15092" Z="0"/><Vertex X="24678" Y="15041" Z="0"/><Vertex X="24729" Y="15041" Z="0"/><Vertex X="24755" Y="15041" Z="0"/><Vertex X="24806" Y="15041" Z="0"/><Vertex X="24831" Y="15041" Z="0"/><Vertex X="24882" Y="15041" Z="0"/><Vertex X="24933" Y="14990" Z="0"/><Vertex X="24959" Y="14990" Z="0"/><Vertex X="25010" Y="14990" Z="0"/><Vertex X="25061" Y="14990" Z="0"/><Vertex X="25086" Y="14990" Z="0"/><Vertex X="25137" Y="14990" Z="0"/><Vertex X="25162" Y="14990" Z="0"/><Vertex X="25239" Y="14990" Z="0"/><Vertex X="25239" Y="14965" Z="0"/><Vertex X="25315" Y="14965" Z="0"/><Vertex X="25341" Y="14965" Z="0"/><Vertex X="25392" Y="14965" Z="0"/><Vertex X="25417" Y="14965" Z="0"/><Vertex X="25468" Y="14965" Z="0"/><Vertex X="25519" Y="14965" Z="0"/><Vertex X="25545" Y="14914" Z="0"/><Vertex X="25596" Y="14914" Z="0"/><Vertex X="25647" Y="14914" Z="0"/><Vertex X="25672" Y="14914" Z="0"/><Vertex X="25723" Y="14863" Z="0"/><Vertex X="25774" Y="14863" Z="0"/><Vertex X="25825" Y="14863" Z="0"/><Vertex X="25876" Y="14812" Z="0"/><Vertex X="25927" Y="14812" Z="0"/><Vertex X="25953" Y="14812" Z="0"/><Vertex X="26004" Y="14761" Z="0"/><Vertex X="26055" Y="14761" Z="0"/><Vertex X="26080" Y="14761" Z="0"/><Vertex X="26131" Y="14735" Z="0"/><Vertex X="26208" Y="14735" Z="0"/><Vertex X="26208" Y="14684" Z="0"/><Vertex X="26259" Y="14684" Z="0"/><Vertex X="26310" Y="14633" Z="0"/><Vertex X="26361" Y="14633" Z="0"/><Vertex X="26361" Y="14582" Z="0"/><Vertex X="26386" Y="14582" Z="0"/><Vertex X="26437" Y="14531" Z="0"/><Vertex X="26514" Y="14531" Z="0"/><Vertex X="26514" Y="14480" Z="0"/><Vertex X="26565" Y="14480" Z="0"/><Vertex X="26641" Y="14429" Z="0"/><Vertex X="26718" Y="14429" Z="0"/><Vertex X="26718" Y="14404" Z="0"/><Vertex X="26769" Y="14404" Z="0"/><Vertex X="26794" Y="14353" Z="0"/><Vertex X="26845" Y="14353" Z="0"/><Vertex X="26922" Y="14302" Z="0"/><Vertex X="26973" Y="14302" Z="0"/><Vertex X="27024" Y="14251" Z="0"/><Vertex X="27074" Y="14251" Z="0"/><Vertex X="27125" Y="14225" Z="0"/><Vertex X="27151" Y="14225" Z="0"/><Vertex X="27151" Y="14174" Z="0"/><Vertex X="27227" Y="14174" Z="0"/><Vertex X="27253" Y="14174" Z="0"/><Vertex X="27304" Y="14174" Z="0"/><Vertex X="27355" Y="14123" Z="0"/><Vertex X="27406" Y="14123" Z="0"/><Vertex X="27457" Y="14123" Z="0"/><Vertex X="27457" Y="14098" Z="0"/><Vertex X="27533" Y="14098" Z="0"/><Vertex X="27559" Y="14098" Z="0"/><Vertex X="27610" Y="14047" Z="0"/><Vertex X="27661" Y="14047" Z="0"/><Vertex X="27712" Y="13996" Z="0"/><Vertex X="27737" Y="13945" Z="0"/><Vertex X="27788" Y="13894" Z="0"/><Vertex X="27839" Y="13868" Z="0"/><Vertex X="27890" Y="13817" Z="0"/><Vertex X="27941" Y="13741" Z="0"/><Vertex X="27941" Y="13664" Z="0"/><Vertex X="27967" Y="13664" Z="0"/><Vertex X="27967" Y="13613" Z="0"/><Vertex X="28018" Y="13537" Z="0"/><Vertex X="28018" Y="13486" Z="0"/><Vertex X="28069" Y="13486" Z="0"/><Vertex X="28069" Y="13435" Z="0"/><Vertex X="28094" Y="13435" Z="0"/><Vertex X="28094" Y="13359" Z="0"/><Vertex X="28145" Y="13282" Z="0"/><Vertex X="28145" Y="13231" Z="0"/><Vertex X="28196" Y="13231" Z="0"/><Vertex X="28196" Y="13155" Z="0"/><Vertex X="28196" Y="13104" Z="0"/><Vertex X="28222" Y="13078" Z="0"/><Vertex X="28222" Y="13027" Z="0"/><Vertex X="28222" Y="12976" Z="0"/><Vertex X="28222" Y="12951" Z="0"/><Vertex X="28222" Y="12900" Z="0"/><Vertex X="28222" Y="12823" Z="0"/><Vertex X="28171" Y="12798" Z="0"/><Vertex X="28120" Y="12747" Z="0"/><Vertex X="28069" Y="12696" Z="0"/><Vertex X="28018" Y="12645" Z="0"/><Vertex X="27941" Y="12645" Z="0"/><Vertex X="27941" Y="12619" Z="0"/><Vertex X="27890" Y="12619" Z="0"/><Vertex X="27865" Y="12568" Z="0"/><Vertex X="27814" Y="12568" Z="0"/><Vertex X="27814" Y="12517" Z="0"/><Vertex X="27763" Y="12517" Z="0"/><Vertex X="27763" Y="12492" Z="0"/><Vertex X="27737" Y="12492" Z="0"/><Vertex X="27737" Y="12415" Z="0"/><Vertex X="27686" Y="12364" Z="0"/><Vertex X="27610" Y="12313" Z="0"/><Vertex X="27559" Y="12313" Z="0"/><Vertex X="27457" Y="12313" Z="0"/><Vertex X="27406" Y="12313" Z="0"/><Vertex X="27329" Y="12313" Z="0"/><Vertex X="27278" Y="12313" Z="0"/><Vertex X="27227" Y="12313" Z="0"/><Vertex X="27176" Y="12313" Z="0"/><Vertex X="27125" Y="12313" Z="0"/><Vertex X="27049" Y="12313" Z="0"/><Vertex X="27024" Y="12339" Z="0"/><Vertex X="26947" Y="12339" Z="0"/><Vertex X="26871" Y="12339" Z="0"/><Vertex X="26871" Y="12390" Z="0"/><Vertex X="26820" Y="12390" Z="0"/><Vertex X="26743" Y="12390" Z="0"/><Vertex X="26667" Y="12390" Z="0"/><Vertex X="26616" Y="12390" Z="0"/><Vertex X="26539" Y="12441" Z="0"/><Vertex X="26463" Y="12441" Z="0"/><Vertex X="26386" Y="12441" Z="0"/><Vertex X="26335" Y="12441" Z="0"/><Vertex X="26284" Y="12441" Z="0"/><Vertex X="26208" Y="12441" Z="0"/><Vertex X="26182" Y="12466" Z="0"/><Vertex X="26106" Y="12466" Z="0"/><Vertex X="26029" Y="12466" Z="0"/><Vertex X="25978" Y="12466" Z="0"/><Vertex X="25978" Y="12517" Z="0"/><Vertex X="25902" Y="12517" Z="0"/><Vertex X="25851" Y="12517" Z="0"/><Vertex X="25825" Y="12517" Z="0"/><Vertex X="25774" Y="12517" Z="0"/><Vertex X="25774" Y="12568" Z="0"/><Vertex X="25723" Y="12568" Z="0"/><Vertex X="25647" Y="12568" Z="0"/><Vertex X="25596" Y="12594" Z="0"/><Vertex X="25519" Y="12594" Z="0"/><Vertex X="25468" Y="12594" Z="0"/><Vertex X="25392" Y="12594" Z="0"/><Vertex X="25315" Y="12645" Z="0"/><Vertex X="25264" Y="12645" Z="0"/><Vertex X="25213" Y="12645" Z="0"/><Vertex X="25137" Y="12645" Z="0"/><Vertex X="25086" Y="12645" Z="0"/><Vertex X="25035" Y="12645" Z="0"/><Vertex X="24984" Y="12645" Z="0"/><Vertex X="24933" Y="12645" Z="0"/><Vertex X="24831" Y="12696" Z="0"/><Vertex X="24755" Y="12696" Z="0"/><Vertex X="24678" Y="12696" Z="0"/><Vertex X="24627" Y="12696" Z="0"/><Vertex X="24525" Y="12696" Z="0"/><Vertex X="24449" Y="12670" Z="0"/><Vertex X="24423" Y="12670" Z="0"/><Vertex X="24372" Y="12670" Z="0"/><Vertex X="24296" Y="12670" Z="0"/><Vertex X="24245" Y="12670" Z="0"/><Vertex X="24168" Y="12670" Z="0"/><Vertex X="24117" Y="12645" Z="0"/><Vertex X="24092" Y="12645" Z="0"/><Vertex X="24041" Y="12645" Z="0"/><Vertex X="23964" Y="12645" Z="0"/><Vertex X="23939" Y="12645" Z="0"/><Vertex X="23939" Y="12594" Z="0"/><Vertex X="23862" Y="12594" Z="0"/><Vertex X="23786" Y="12594" Z="0"/><Vertex X="23760" Y="12594" Z="0"/><Vertex X="23709" Y="12543" Z="0"/><Vertex X="23658" Y="12543" Z="0"/><Vertex X="23633" Y="12543" Z="0"/><Vertex X="23582" Y="12543" Z="0"/><Vertex X="23556" Y="12543" Z="0"/><Vertex X="23505" Y="12492" Z="0"/><Vertex X="23454" Y="12492" Z="0"/><Vertex X="23429" Y="12492" Z="0"/><Vertex X="23378" Y="12492" Z="0"/><Vertex X="23352" Y="12492" Z="0"/><Vertex X="23301" Y="12492" Z="0"/><Vertex X="23250" Y="12492" Z="0"/><Vertex X="23199" Y="12492" Z="0"/><Vertex X="23123" Y="12492" Z="0"/><Vertex X="23072" Y="12492" Z="0"/><Vertex X="23047" Y="12492" Z="0"/><Vertex X="22996" Y="12492" Z="0"/><Vertex X="22970" Y="12492" Z="0"/><Vertex X="22894" Y="12492" Z="0"/><Vertex X="22817" Y="12492" Z="0"/><Vertex X="22766" Y="12492" Z="0"/><Vertex X="22690" Y="12492" Z="0"/><Vertex X="22613" Y="12492" Z="0"/><Vertex X="22588" Y="12492" Z="0"/><Vertex X="22511" Y="12492" Z="0"/><Vertex X="22435" Y="12492" Z="0"/><Vertex X="22384" Y="12492" Z="0"/><Vertex X="22307" Y="12492" Z="0"/><Vertex X="22256" Y="12492" Z="0"/><Vertex X="22205" Y="12492" Z="0"/><Vertex X="22129" Y="12492" Z="0"/><Vertex X="22052" Y="12492" Z="0"/><Vertex X="22001" Y="12492" Z="0"/><Vertex X="21925" Y="12492" Z="0"/><Vertex X="21848" Y="12492" Z="0"/><Vertex X="21797" Y="12492" Z="0"/><Vertex X="21721" Y="12517" Z="0"/><Vertex X="21644" Y="12517" Z="0"/><Vertex X="21619" Y="12517" Z="0"/><Vertex X="21568" Y="12568" Z="0"/><Vertex X="21517" Y="12568" Z="0"/><Vertex X="21415" Y="12568" Z="0"/><Vertex X="21389" Y="12568" Z="0"/><Vertex X="21338" Y="12619" Z="0"/><Vertex X="21287" Y="12619" Z="0"/><Vertex X="21262" Y="12619" Z="0"/><Vertex X="21211" Y="12619" Z="0"/><Vertex X="21186" Y="12670" Z="0"/><Vertex X="21135" Y="12670" Z="0"/><Vertex X="21033" Y="12670" Z="0"/><Vertex X="20982" Y="12696" Z="0"/><Vertex X="20956" Y="12696" Z="0"/><Vertex X="20905" Y="12696" Z="0"/><Vertex X="20880" Y="12696" Z="0"/><Vertex X="20829" Y="12747" Z="0"/><Vertex X="20778" Y="12747" Z="0"/><Vertex X="20752" Y="12747" Z="0"/><Vertex X="20701" Y="12798" Z="0"/><Vertex X="20650" Y="12798" Z="0"/><Vertex X="20625" Y="12798" Z="0"/><Vertex X="20548" Y="12849" Z="0"/><Vertex X="20497" Y="12849" Z="0"/><Vertex X="20446" Y="12900" Z="0"/><Vertex X="20421" Y="12900" Z="0"/><Vertex X="20421" Y="12925" Z="0"/><Vertex X="20370" Y="12925" Z="0"/><Vertex X="20319" Y="12976" Z="0"/><Vertex X="20293" Y="12976" Z="0"/><Vertex X="20242" Y="12976" Z="0"/><Vertex X="20268" Y="12976" Z="0"/></Vertices></Region><Region Id="6" Type="0" Zoom="0.039226" Selected="0" ImageLocation="" ImageFocus="-1" Length="7805.5" Area="3013156.0" LengthMicrons="3851.2" AreaMicrons="733533.4" Text="" NegativeROA="0" InputRegionId="0" Analyze="1" DisplayId="6"><Attributes></Attributes><Vertices><Vertex X="10376" Y="8795" Z="0"/><Vertex X="10376" Y="8744" Z="0"/><Vertex X="10427" Y="8744" Z="0"/><Vertex X="10427" Y="8693" Z="0"/><Vertex X="10427" Y="8668" Z="0"/><Vertex X="10478" Y="8668" Z="0"/><Vertex X="10478" Y="8617" Z="0"/><Vertex X="10478" Y="8591" Z="0"/><Vertex X="10478" Y="8540" Z="0"/><Vertex X="10503" Y="8540" Z="0"/><Vertex X="10503" Y="8464" Z="0"/><Vertex X="10503" Y="8438" Z="0"/><Vertex X="10554" Y="8438" Z="0"/><Vertex X="10554" Y="8387" Z="0"/><Vertex X="10605" Y="8311" Z="0"/><Vertex X="10605" Y="8285" Z="0"/><Vertex X="10631" Y="8285" Z="0"/><Vertex X="10631" Y="8234" Z="0"/><Vertex X="10682" Y="8234" Z="0"/><Vertex X="10682" Y="8209" Z="0"/><Vertex X="10733" Y="8158" Z="0"/><Vertex X="10733" Y="8107" Z="0"/><Vertex X="10758" Y="8107" Z="0"/><Vertex X="10758" Y="8081" Z="0"/><Vertex X="10809" Y="8030" Z="0"/><Vertex X="10809" Y="7979" Z="0"/><Vertex X="10860" Y="7928" Z="0"/><Vertex X="10860" Y="7877" Z="0"/><Vertex X="10886" Y="7801" Z="0"/><Vertex X="10886" Y="7724" Z="0"/><Vertex X="10886" Y="7648" Z="0"/><Vertex X="10886" Y="7546" Z="0"/><Vertex X="10886" Y="7495" Z="0"/><Vertex X="10886" Y="7444" Z="0"/><Vertex X="10886" Y="7367" Z="0"/><Vertex X="10886" Y="7316" Z="0"/><Vertex X="10886" Y="7291" Z="0"/><Vertex X="10886" Y="7240" Z="0"/><Vertex X="10835" Y="7240" Z="0"/><Vertex X="10835" Y="7214" Z="0"/><Vertex X="10784" Y="7214" Z="0"/><Vertex X="10758" Y="7214" Z="0"/><Vertex X="10707" Y="7214" Z="0"/><Vertex X="10682" Y="7214" Z="0"/><Vertex X="10631" Y="7214" Z="0"/><Vertex X="10580" Y="7214" Z="0"/><Vertex X="10529" Y="7214" Z="0"/><Vertex X="10478" Y="7214" Z="0"/><Vertex X="10452" Y="7214" Z="0"/><Vertex X="10401" Y="7214" Z="0"/><Vertex X="10350" Y="7265" Z="0"/><Vertex X="10325" Y="7265" Z="0"/><Vertex X="10248" Y="7265" Z="0"/><Vertex X="10197" Y="7316" Z="0"/><Vertex X="10172" Y="7316" Z="0"/><Vertex X="10121" Y="7316" Z="0"/><Vertex X="10070" Y="7316" Z="0"/><Vertex X="10044" Y="7316" Z="0"/><Vertex X="9968" Y="7367" Z="0"/><Vertex X="9891" Y="7367" Z="0"/><Vertex X="9840" Y="7367" Z="0"/><Vertex X="9764" Y="7367" Z="0"/><Vertex X="9687" Y="7367" Z="0"/><Vertex X="9662" Y="7367" Z="0"/><Vertex X="9611" Y="7367" Z="0"/><Vertex X="9560" Y="7367" Z="0"/><Vertex X="9534" Y="7367" Z="0"/><Vertex X="9483" Y="7418" Z="0"/><Vertex X="9432" Y="7393" Z="0"/><Vertex X="9381" Y="7393" Z="0"/><Vertex X="9356" Y="7393" Z="0"/><Vertex X="9305" Y="7393" Z="0"/><Vertex X="9254" Y="7393" Z="0"/><Vertex X="9203" Y="7393" Z="0"/><Vertex X="9127" Y="7342" Z="0"/><Vertex X="9101" Y="7342" Z="0"/><Vertex X="9050" Y="7342" Z="0"/><Vertex X="8999" Y="7342" Z="0"/><Vertex X="8974" Y="7316" Z="0"/><Vertex X="8923" Y="7316" Z="0"/><Vertex X="8846" Y="7316" Z="0"/><Vertex X="8821" Y="7316" Z="0"/><Vertex X="8770" Y="7316" Z="0"/><Vertex X="8693" Y="7316" Z="0"/><Vertex X="8668" Y="7367" Z="0"/><Vertex X="8591" Y="7418" Z="0"/><Vertex X="8540" Y="7418" Z="0"/><Vertex X="8540" Y="7469" Z="0"/><Vertex X="8464" Y="7469" Z="0"/><Vertex X="8464" Y="7495" Z="0"/><Vertex X="8438" Y="7495" Z="0"/><Vertex X="8438" Y="7546" Z="0"/><Vertex X="8438" Y="7571" Z="0"/><Vertex X="8387" Y="7571" Z="0"/><Vertex X="8387" Y="7648" Z="0"/><Vertex X="8387" Y="7724" Z="0"/><Vertex X="8413" Y="7775" Z="0"/><Vertex X="8413" Y="7801" Z="0"/><Vertex X="8489" Y="7852" Z="0"/><Vertex X="8515" Y="7852" Z="0"/><Vertex X="8566" Y="7928" Z="0"/><Vertex X="8617" Y="7979" Z="0"/><Vertex X="8668" Y="8005" Z="0"/><Vertex X="8719" Y="8056" Z="0"/><Vertex X="8744" Y="8107" Z="0"/><Vertex X="8795" Y="8158" Z="0"/><Vertex X="8846" Y="8209" Z="0"/><Vertex X="8897" Y="8234" Z="0"/><Vertex X="8948" Y="8285" Z="0"/><Vertex X="8974" Y="8336" Z="0"/><Vertex X="8974" Y="8362" Z="0"/><Vertex X="9050" Y="8413" Z="0"/><Vertex X="9127" Y="8489" Z="0"/><Vertex X="9178" Y="8566" Z="0"/><Vertex X="9178" Y="8642" Z="0"/><Vertex X="9229" Y="8642" Z="0"/><Vertex X="9229" Y="8693" Z="0"/><Vertex X="9254" Y="8770" Z="0"/><Vertex X="9305" Y="8770" Z="0"/><Vertex X="9305" Y="8821" Z="0"/><Vertex X="9356" Y="8821" Z="0"/><Vertex X="9381" Y="8821" Z="0"/><Vertex X="10197" Y="9050" Z="0"/><Vertex X="10223" Y="8999" Z="0"/><Vertex X="10223" Y="8948" Z="0"/><Vertex X="10274" Y="8948" Z="0"/><Vertex X="10274" Y="8897" Z="0"/><Vertex X="10299" Y="8897" Z="0"/><Vertex X="10299" Y="8872" Z="0"/><Vertex X="10350" Y="8872" Z="0"/><Vertex X="10350" Y="8821" Z="0"/><Vertex X="10376" Y="8821" Z="0"/><Vertex X="10376" Y="8795" Z="0"/></Vertices></Region><Region Id="7" Type="0" Zoom="0.039226" Selected="0" ImageLocation="" ImageFocus="-1" Length="14650.1" Area="9014952.0" LengthMicrons="7228.4" AreaMicrons="2194632.1" Text="" NegativeROA="0" InputRegionId="0" Analyze="1" DisplayId="7"><Attributes></Attributes><Vertices><Vertex X="14481" Y="15832" Z="0"/><Vertex X="14379" Y="15883" Z="0"/><Vertex X="14328" Y="15883" Z="0"/><Vertex X="14277" Y="15959" Z="0"/><Vertex X="14251" Y="15959" Z="0"/><Vertex X="14200" Y="16010" Z="0"/><Vertex X="14149" Y="16010" Z="0"/><Vertex X="14098" Y="16061" Z="0"/><Vertex X="14022" Y="16138" Z="0"/><Vertex X="14022" Y="16189" Z="0"/><Vertex X="13971" Y="16240" Z="0"/><Vertex X="13971" Y="16265" Z="0"/><Vertex X="13920" Y="16265" Z="0"/><Vertex X="13920" Y="16342" Z="0"/><Vertex X="13920" Y="16418" Z="0"/><Vertex X="13869" Y="16418" Z="0"/><Vertex X="13869" Y="16444" Z="0"/><Vertex X="13869" Y="16495" Z="0"/><Vertex X="13843" Y="16495" Z="0"/><Vertex X="13843" Y="16520" Z="0"/><Vertex X="13792" Y="16571" Z="0"/><Vertex X="13741" Y="16622" Z="0"/><Vertex X="13716" Y="16673" Z="0"/><Vertex X="13639" Y="16673" Z="0"/><Vertex X="13639" Y="16698" Z="0"/><Vertex X="13563" Y="16698" Z="0"/><Vertex X="13512" Y="16749" Z="0"/><Vertex X="13486" Y="16749" Z="0"/><Vertex X="13486" Y="16800" Z="0"/><Vertex X="13435" Y="16800" Z="0"/><Vertex X="13435" Y="16851" Z="0"/><Vertex X="13435" Y="16902" Z="0"/><Vertex X="13384" Y="16953" Z="0"/><Vertex X="13384" Y="16979" Z="0"/><Vertex X="13384" Y="17030" Z="0"/><Vertex X="13384" Y="17081" Z="0"/><Vertex X="13410" Y="17106" Z="0"/><Vertex X="13461" Y="17183" Z="0"/><Vertex X="13537" Y="17259" Z="0"/><Vertex X="13614" Y="17336" Z="0"/><Vertex X="13639" Y="17336" Z="0"/><Vertex X="13690" Y="17412" Z="0"/><Vertex X="13741" Y="17412" Z="0"/><Vertex X="13792" Y="17463" Z="0"/><Vertex X="13818" Y="17463" Z="0"/><Vertex X="13869" Y="17489" Z="0"/><Vertex X="13945" Y="17489" Z="0"/><Vertex X="13996" Y="17540" Z="0"/><Vertex X="14047" Y="17540" Z="0"/><Vertex X="14098" Y="17616" Z="0"/><Vertex X="14149" Y="17616" Z="0"/><Vertex X="14175" Y="17667" Z="0"/><Vertex X="14226" Y="17667" Z="0"/><Vertex X="14277" Y="17693" Z="0"/><Vertex X="14302" Y="17693" Z="0"/><Vertex X="14379" Y="17744" Z="0"/><Vertex X="14455" Y="17744" Z="0"/><Vertex X="14532" Y="17744" Z="0"/><Vertex X="14583" Y="17744" Z="0"/><Vertex X="14634" Y="17744" Z="0"/><Vertex X="14685" Y="17795" Z="0"/><Vertex X="14710" Y="17795" Z="0"/><Vertex X="14761" Y="17795" Z="0"/><Vertex X="14786" Y="17795" Z="0"/><Vertex X="14837" Y="17795" Z="0"/><Vertex X="14888" Y="17795" Z="0"/><Vertex X="14914" Y="17795" Z="0"/><Vertex X="14965" Y="17795" Z="0"/><Vertex X="15016" Y="17795" Z="0"/><Vertex X="15016" Y="17846" Z="0"/><Vertex X="15067" Y="17846" Z="0"/><Vertex X="15067" Y="17871" Z="0"/><Vertex X="15143" Y="17871" Z="0"/><Vertex X="15143" Y="17922" Z="0"/><Vertex X="15194" Y="17922" Z="0"/><Vertex X="15245" Y="17973" Z="0"/><Vertex X="15347" Y="17973" Z="0"/><Vertex X="15398" Y="17999" Z="0"/><Vertex X="15424" Y="17999" Z="0"/><Vertex X="15500" Y="17999" Z="0"/><Vertex X="15551" Y="17999" Z="0"/><Vertex X="15577" Y="17999" Z="0"/><Vertex X="15628" Y="18050" Z="0"/><Vertex X="15679" Y="18050" Z="0"/><Vertex X="15730" Y="18050" Z="0"/><Vertex X="15806" Y="18101" Z="0"/><Vertex X="15883" Y="18101" Z="0"/><Vertex X="15908" Y="18101" Z="0"/><Vertex X="15908" Y="18152" Z="0"/><Vertex X="15985" Y="18152" Z="0"/><Vertex X="16036" Y="18152" Z="0"/><Vertex X="16061" Y="18152" Z="0"/><Vertex X="16112" Y="18152" Z="0"/><Vertex X="16138" Y="18152" Z="0"/><Vertex X="16189" Y="18177" Z="0"/><Vertex X="16240" Y="18177" Z="0"/><Vertex X="16265" Y="18177" Z="0"/><Vertex X="16316" Y="18177" Z="0"/><Vertex X="16367" Y="18177" Z="0"/><Vertex X="16393" Y="18177" Z="0"/><Vertex X="16444" Y="18177" Z="0"/><Vertex X="16469" Y="18177" Z="0"/><Vertex X="16520" Y="18177" Z="0"/><Vertex X="16571" Y="18177" Z="0"/><Vertex X="16648" Y="18177" Z="0"/><Vertex X="16698" Y="18177" Z="0"/><Vertex X="16724" Y="18177" Z="0"/><Vertex X="16800" Y="18177" Z="0"/><Vertex X="16851" Y="18177" Z="0"/><Vertex X="16902" Y="18177" Z="0"/><Vertex X="17004" Y="18177" Z="0"/><Vertex X="17055" Y="18177" Z="0"/><Vertex X="17081" Y="18177" Z="0"/><Vertex X="17132" Y="18177" Z="0"/><Vertex X="17183" Y="18177" Z="0"/><Vertex X="17234" Y="18177" Z="0"/><Vertex X="17310" Y="18177" Z="0"/><Vertex X="17387" Y="18177" Z="0"/><Vertex X="17438" Y="18177" Z="0"/><Vertex X="17489" Y="18126" Z="0"/><Vertex X="17540" Y="18126" Z="0"/><Vertex X="17616" Y="18075" Z="0"/><Vertex X="17642" Y="18075" Z="0"/><Vertex X="17718" Y="18024" Z="0"/><Vertex X="17769" Y="18024" Z="0"/><Vertex X="17846" Y="18024" Z="0"/><Vertex X="17846" Y="17999" Z="0"/><Vertex X="17922" Y="17999" Z="0"/><Vertex X="17973" Y="17999" Z="0"/><Vertex X="17999" Y="17999" Z="0"/><Vertex X="18050" Y="17948" Z="0"/><Vertex X="18126" Y="17948" Z="0"/><Vertex X="18152" Y="17948" Z="0"/><Vertex X="18152" Y="17897" Z="0"/><Vertex X="18228" Y="17897" Z="0"/><Vertex X="18305" Y="17897" Z="0"/><Vertex X="18305" Y="17871" Z="0"/><Vertex X="18356" Y="17871" Z="0"/><Vertex X="18407" Y="17871" Z="0"/><Vertex X="18432" Y="17871" Z="0"/><Vertex X="18432" Y="17820" Z="0"/><Vertex X="18509" Y="17820" Z="0"/><Vertex X="18585" Y="17820" Z="0"/><Vertex X="18611" Y="17820" Z="0"/><Vertex X="18661" Y="17820" Z="0"/><Vertex X="18712" Y="17769" Z="0"/><Vertex X="18763" Y="17769" Z="0"/><Vertex X="18840" Y="17718" Z="0"/><Vertex X="18916" Y="17718" Z="0"/><Vertex X="18993" Y="17667" Z="0"/><Vertex X="19018" Y="17667" Z="0"/><Vertex X="19018" Y="17642" Z="0"/><Vertex X="19069" Y="17642" Z="0"/><Vertex X="19120" Y="17591" Z="0"/><Vertex X="19146" Y="17540" Z="0"/><Vertex X="19146" Y="17514" Z="0"/><Vertex X="19197" Y="17514" Z="0"/><Vertex X="19197" Y="17463" Z="0"/><Vertex X="19248" Y="17387" Z="0"/><Vertex X="19248" Y="17336" Z="0"/><Vertex X="19248" Y="17259" Z="0"/><Vertex X="19248" Y="17208" Z="0"/><Vertex X="19248" Y="17183" Z="0"/><Vertex X="19222" Y="17183" Z="0"/><Vertex X="19197" Y="17132" Z="0"/><Vertex X="19146" Y="17132" Z="0"/><Vertex X="19146" Y="17081" Z="0"/><Vertex X="19095" Y="17081" Z="0"/><Vertex X="19044" Y="17030" Z="0"/><Vertex X="18942" Y="17030" Z="0"/><Vertex X="18942" Y="17004" Z="0"/><Vertex X="18840" Y="17004" Z="0"/><Vertex X="18763" Y="16953" Z="0"/><Vertex X="18738" Y="16953" Z="0"/><Vertex X="18636" Y="16902" Z="0"/><Vertex X="18585" Y="16902" Z="0"/><Vertex X="18534" Y="16902" Z="0"/><Vertex X="18509" Y="16851" Z="0"/><Vertex X="18458" Y="16851" Z="0"/><Vertex X="18432" Y="16851" Z="0"/><Vertex X="18381" Y="16800" Z="0"/><Vertex X="18330" Y="16800" Z="0"/><Vertex X="18279" Y="16775" Z="0"/><Vertex X="18254" Y="16775" Z="0"/><Vertex X="18177" Y="16724" Z="0"/><Vertex X="18126" Y="16724" Z="0"/><Vertex X="18101" Y="16724" Z="0"/><Vertex X="18024" Y="16673" Z="0"/><Vertex X="17948" Y="16673" Z="0"/><Vertex X="17897" Y="16673" Z="0"/><Vertex X="17820" Y="16622" Z="0"/><Vertex X="17769" Y="16622" Z="0"/><Vertex X="17718" Y="16622" Z="0"/><Vertex X="17667" Y="16571" Z="0"/><Vertex X="17616" Y="16571" Z="0"/><Vertex X="17591" Y="16571" Z="0"/><Vertex X="17514" Y="16520" Z="0"/><Vertex X="17463" Y="16520" Z="0"/><Vertex X="17438" Y="16520" Z="0"/><Vertex X="17387" Y="16495" Z="0"/><Vertex X="17336" Y="16495" Z="0"/><Vertex X="17310" Y="16495" Z="0"/><Vertex X="17259" Y="16444" Z="0"/><Vertex X="17208" Y="16444" Z="0"/><Vertex X="17183" Y="16444" Z="0"/><Vertex X="17132" Y="16393" Z="0"/><Vertex X="17081" Y="16393" Z="0"/><Vertex X="17055" Y="16393" Z="0"/><Vertex X="17004" Y="16342" Z="0"/><Vertex X="16953" Y="16342" Z="0"/><Vertex X="16902" Y="16291" Z="0"/><Vertex X="16877" Y="16291" Z="0"/><Vertex X="16800" Y="16291" Z="0"/><Vertex X="16749" Y="16240" Z="0"/><Vertex X="16724" Y="16240" Z="0"/><Vertex X="16673" Y="16240" Z="0"/><Vertex X="16622" Y="16189" Z="0"/><Vertex X="16597" Y="16189" Z="0"/><Vertex X="16546" Y="16189" Z="0"/><Vertex X="16495" Y="16138" Z="0"/><Vertex X="16469" Y="16138" Z="0"/><Vertex X="16418" Y="16138" Z="0"/><Vertex X="16367" Y="16087" Z="0"/><Vertex X="16316" Y="16087" Z="0"/><Vertex X="16240" Y="16087" Z="0"/><Vertex X="16163" Y="16087" Z="0"/><Vertex X="16138" Y="16087" Z="0"/><Vertex X="16087" Y="16061" Z="0"/><Vertex X="16036" Y="16061" Z="0"/><Vertex X="16010" Y="16061" Z="0"/><Vertex X="15959" Y="16061" Z="0"/><Vertex X="15883" Y="16010" Z="0"/><Vertex X="15857" Y="16010" Z="0"/><Vertex X="15781" Y="16010" Z="0"/><Vertex X="15781" Y="15959" Z="0"/><Vertex X="15679" Y="15959" Z="0"/><Vertex X="15653" Y="15959" Z="0"/><Vertex X="15602" Y="15908" Z="0"/><Vertex X="15551" Y="15908" Z="0"/><Vertex X="15526" Y="15908" Z="0"/><Vertex X="15424" Y="15908" Z="0"/><Vertex X="15424" Y="15883" Z="0"/><Vertex X="15322" Y="15883" Z="0"/><Vertex X="15245" Y="15883" Z="0"/><Vertex X="15194" Y="15883" Z="0"/><Vertex X="15143" Y="15883" Z="0"/><Vertex X="15118" Y="15883" Z="0"/><Vertex X="15067" Y="15883" Z="0"/><Vertex X="15041" Y="15883" Z="0"/><Vertex X="14990" Y="15883" Z="0"/><Vertex X="14914" Y="15883" Z="0"/><Vertex X="14888" Y="15883" Z="0"/><Vertex X="14837" Y="15883" Z="0"/><Vertex X="14837" Y="15832" Z="0"/><Vertex X="14786" Y="15832" Z="0"/><Vertex X="14761" Y="15832" Z="0"/><Vertex X="14685" Y="15832" Z="0"/><Vertex X="14634" Y="15832" Z="0"/><Vertex X="14634" Y="15806" Z="0"/><Vertex X="14583" Y="15806" Z="0"/><Vertex X="14532" Y="15806" Z="0"/><Vertex X="14506" Y="15806" Z="0"/><Vertex X="14455" Y="15806" Z="0"/><Vertex X="14430" Y="15806" Z="0"/><Vertex X="14481" Y="15832" Z="0"/></Vertices></Region></Regions><Plots></Plots></Annotation></Annotations>
