<Annotations MicronsPerPixel="0.493400">
	<Annotation Id="1" Name="" ReadOnly="0" NameReadOnly="0" LineColorReadOnly="0" Incremental="0" Type="4" LineColor="16776960" Visible="1" Selected="1" MarkupImagePath="" MacroName=""><Attributes></Attributes><Regions><RegionAttributeHeaders></RegionAttributeHeaders><Region Id="1" Type="0" Zoom="0.039812" Selected="0" ImageLocation="" ImageFocus="-1" Length="46301.1" Area="48543887.5" LengthMicrons="22845.0" AreaMicrons="11817697.1" Text="" NegativeROA="0" InputRegionId="0" Analyze="1" DisplayId="1"><Attributes></Attributes><Vertices><Vertex X="5450" Y="5049" Z="0"/><Vertex X="5450" Y="4999" Z="0"/><Vertex X="5400" Y="4999" Z="0"/><Vertex X="5375" Y="4999" Z="0"/><Vertex X="5325" Y="4999" Z="0"/><Vertex X="5249" Y="5024" Z="0"/><Vertex X="5224" Y="5024" Z="0"/><Vertex X="5174" Y="5074" Z="0"/><Vertex X="5124" Y="5074" Z="0"/><Vertex X="5074" Y="5124" Z="0"/><Vertex X="5048" Y="5124" Z="0"/><Vertex X="4998" Y="5174" Z="0"/><Vertex X="4948" Y="5174" Z="0"/><Vertex X="4923" Y="5225" Z="0"/><Vertex X="4873" Y="5225" Z="0"/><Vertex X="4873" Y="5300" Z="0"/><Vertex X="4797" Y="5300" Z="0"/><Vertex X="4797" Y="5375" Z="0"/><Vertex X="4747" Y="5426" Z="0"/><Vertex X="4747" Y="5501" Z="0"/><Vertex X="4747" Y="5551" Z="0"/><Vertex X="4747" Y="5576" Z="0"/><Vertex X="4722" Y="5652" Z="0"/><Vertex X="4722" Y="5702" Z="0"/><Vertex X="4722" Y="5752" Z="0"/><Vertex X="4722" Y="5802" Z="0"/><Vertex X="4722" Y="5853" Z="0"/><Vertex X="4672" Y="5853" Z="0"/><Vertex X="4672" Y="5878" Z="0"/><Vertex X="4621" Y="5928" Z="0"/><Vertex X="4571" Y="5978" Z="0"/><Vertex X="4546" Y="5978" Z="0"/><Vertex X="4546" Y="6003" Z="0"/><Vertex X="4496" Y="6003" Z="0"/><Vertex X="4446" Y="6053" Z="0"/><Vertex X="4420" Y="6053" Z="0"/><Vertex X="4420" Y="6104" Z="0"/><Vertex X="4370" Y="6104" Z="0"/><Vertex X="4370" Y="6154" Z="0"/><Vertex X="4320" Y="6154" Z="0"/><Vertex X="4320" Y="6229" Z="0"/><Vertex X="4245" Y="6229" Z="0"/><Vertex X="4245" Y="6330" Z="0"/><Vertex X="4169" Y="6330" Z="0"/><Vertex X="4169" Y="6380" Z="0"/><Vertex X="4094" Y="6430" Z="0"/><Vertex X="4069" Y="6506" Z="0"/><Vertex X="4069" Y="6556" Z="0"/><Vertex X="4019" Y="6556" Z="0"/><Vertex X="4019" Y="6581" Z="0"/><Vertex X="3943" Y="6656" Z="0"/><Vertex X="3943" Y="6732" Z="0"/><Vertex X="3918" Y="6732" Z="0"/><Vertex X="3918" Y="6807" Z="0"/><Vertex X="3868" Y="6907" Z="0"/><Vertex X="3868" Y="6933" Z="0"/><Vertex X="3818" Y="6933" Z="0"/><Vertex X="3818" Y="6983" Z="0"/><Vertex X="3767" Y="7033" Z="0"/><Vertex X="3742" Y="7033" Z="0"/><Vertex X="3692" Y="7058" Z="0"/><Vertex X="3642" Y="7058" Z="0"/><Vertex X="3592" Y="7058" Z="0"/><Vertex X="3541" Y="7058" Z="0"/><Vertex X="3491" Y="7058" Z="0"/><Vertex X="3491" Y="7108" Z="0"/><Vertex X="3466" Y="7108" Z="0"/><Vertex X="3466" Y="7159" Z="0"/><Vertex X="3416" Y="7159" Z="0"/><Vertex X="3416" Y="7184" Z="0"/><Vertex X="3366" Y="7234" Z="0"/><Vertex X="3366" Y="7284" Z="0"/><Vertex X="3366" Y="7309" Z="0"/><Vertex X="3366" Y="7360" Z="0"/><Vertex X="3391" Y="7360" Z="0"/><Vertex X="3391" Y="7385" Z="0"/><Vertex X="3441" Y="7435" Z="0"/><Vertex X="3466" Y="7485" Z="0"/><Vertex X="3516" Y="7535" Z="0"/><Vertex X="3566" Y="7535" Z="0"/><Vertex X="3617" Y="7561" Z="0"/><Vertex X="3642" Y="7561" Z="0"/><Vertex X="3717" Y="7611" Z="0"/><Vertex X="3793" Y="7611" Z="0"/><Vertex X="3868" Y="7661" Z="0"/><Vertex X="3893" Y="7661" Z="0"/><Vertex X="3943" Y="7661" Z="0"/><Vertex X="3968" Y="7661" Z="0"/><Vertex X="4019" Y="7661" Z="0"/><Vertex X="4069" Y="7711" Z="0"/><Vertex X="4094" Y="7711" Z="0"/><Vertex X="4144" Y="7711" Z="0"/><Vertex X="4194" Y="7711" Z="0"/><Vertex X="4220" Y="7711" Z="0"/><Vertex X="4270" Y="7711" Z="0"/><Vertex X="4295" Y="7711" Z="0"/><Vertex X="4370" Y="7711" Z="0"/><Vertex X="4446" Y="7761" Z="0"/><Vertex X="4471" Y="7761" Z="0"/><Vertex X="4546" Y="7761" Z="0"/><Vertex X="4621" Y="7761" Z="0"/><Vertex X="4722" Y="7736" Z="0"/><Vertex X="4747" Y="7736" Z="0"/><Vertex X="4797" Y="7736" Z="0"/><Vertex X="4847" Y="7686" Z="0"/><Vertex X="4898" Y="7686" Z="0"/><Vertex X="4948" Y="7686" Z="0"/><Vertex X="4998" Y="7611" Z="0"/><Vertex X="5023" Y="7611" Z="0"/><Vertex X="5074" Y="7611" Z="0"/><Vertex X="5124" Y="7611" Z="0"/><Vertex X="5149" Y="7611" Z="0"/><Vertex X="5149" Y="7586" Z="0"/><Vertex X="5249" Y="7586" Z="0"/><Vertex X="5300" Y="7586" Z="0"/><Vertex X="5325" Y="7586" Z="0"/><Vertex X="5375" Y="7586" Z="0"/><Vertex X="5400" Y="7586" Z="0"/><Vertex X="5450" Y="7586" Z="0"/><Vertex X="5501" Y="7535" Z="0"/><Vertex X="5526" Y="7535" Z="0"/><Vertex X="5576" Y="7535" Z="0"/><Vertex X="5626" Y="7535" Z="0"/><Vertex X="5651" Y="7485" Z="0"/><Vertex X="5701" Y="7485" Z="0"/><Vertex X="5752" Y="7485" Z="0"/><Vertex X="5777" Y="7410" Z="0"/><Vertex X="5827" Y="7410" Z="0"/><Vertex X="5877" Y="7360" Z="0"/><Vertex X="5902" Y="7360" Z="0"/><Vertex X="5953" Y="7360" Z="0"/><Vertex X="6028" Y="7334" Z="0"/><Vertex X="6078" Y="7334" Z="0"/><Vertex X="6128" Y="7334" Z="0"/><Vertex X="6179" Y="7334" Z="0"/><Vertex X="6229" Y="7334" Z="0"/><Vertex X="6279" Y="7334" Z="0"/><Vertex X="6355" Y="7334" Z="0"/><Vertex X="6405" Y="7334" Z="0"/><Vertex X="6480" Y="7334" Z="0"/><Vertex X="6530" Y="7334" Z="0"/><Vertex X="6555" Y="7334" Z="0"/><Vertex X="6606" Y="7334" Z="0"/><Vertex X="6631" Y="7334" Z="0"/><Vertex X="6681" Y="7334" Z="0"/><Vertex X="6731" Y="7284" Z="0"/><Vertex X="6756" Y="7284" Z="0"/><Vertex X="6807" Y="7284" Z="0"/><Vertex X="6832" Y="7284" Z="0"/><Vertex X="6882" Y="7284" Z="0"/><Vertex X="6932" Y="7284" Z="0"/><Vertex X="6982" Y="7284" Z="0"/><Vertex X="7058" Y="7284" Z="0"/><Vertex X="7133" Y="7284" Z="0"/><Vertex X="7158" Y="7284" Z="0"/><Vertex X="7209" Y="7284" Z="0"/><Vertex X="7309" Y="7284" Z="0"/><Vertex X="7334" Y="7284" Z="0"/><Vertex X="7384" Y="7284" Z="0"/><Vertex X="7409" Y="7284" Z="0"/><Vertex X="7460" Y="7284" Z="0"/><Vertex X="7510" Y="7284" Z="0"/><Vertex X="7535" Y="7284" Z="0"/><Vertex X="7585" Y="7284" Z="0"/><Vertex X="7610" Y="7284" Z="0"/><Vertex X="7661" Y="7284" Z="0"/><Vertex X="7711" Y="7284" Z="0"/><Vertex X="7736" Y="7234" Z="0"/><Vertex X="7811" Y="7234" Z="0"/><Vertex X="7887" Y="7234" Z="0"/><Vertex X="7937" Y="7234" Z="0"/><Vertex X="7987" Y="7234" Z="0"/><Vertex X="8037" Y="7234" Z="0"/><Vertex X="8063" Y="7184" Z="0"/><Vertex X="8113" Y="7184" Z="0"/><Vertex X="8163" Y="7184" Z="0"/><Vertex X="8188" Y="7184" Z="0"/><Vertex X="8238" Y="7159" Z="0"/><Vertex X="8289" Y="7159" Z="0"/><Vertex X="8314" Y="7159" Z="0"/><Vertex X="8364" Y="7108" Z="0"/><Vertex X="8414" Y="7108" Z="0"/><Vertex X="8439" Y="7108" Z="0"/><Vertex X="8490" Y="7058" Z="0"/><Vertex X="8540" Y="7058" Z="0"/><Vertex X="8565" Y="7058" Z="0"/><Vertex X="8640" Y="7058" Z="0"/><Vertex X="8640" Y="7008" Z="0"/><Vertex X="8665" Y="7008" Z="0"/><Vertex X="8716" Y="7008" Z="0"/><Vertex X="8766" Y="7008" Z="0"/><Vertex X="8791" Y="7008" Z="0"/><Vertex X="8791" Y="7033" Z="0"/><Vertex X="8866" Y="7033" Z="0"/><Vertex X="8891" Y="7033" Z="0"/><Vertex X="8967" Y="7033" Z="0"/><Vertex X="9017" Y="7083" Z="0"/><Vertex X="9092" Y="7083" Z="0"/><Vertex X="9143" Y="7083" Z="0"/><Vertex X="9193" Y="7083" Z="0"/><Vertex X="9268" Y="7083" Z="0"/><Vertex X="9293" Y="7083" Z="0"/><Vertex X="9344" Y="7083" Z="0"/><Vertex X="9419" Y="7083" Z="0"/><Vertex X="9494" Y="7083" Z="0"/><Vertex X="9545" Y="7083" Z="0"/><Vertex X="9595" Y="7083" Z="0"/><Vertex X="9670" Y="7083" Z="0"/><Vertex X="9720" Y="7083" Z="0"/><Vertex X="9771" Y="7083" Z="0"/><Vertex X="9821" Y="7083" Z="0"/><Vertex X="9821" Y="7108" Z="0"/><Vertex X="9896" Y="7108" Z="0"/><Vertex X="9921" Y="7108" Z="0"/><Vertex X="9972" Y="7108" Z="0"/><Vertex X="9997" Y="7108" Z="0"/><Vertex X="10047" Y="7108" Z="0"/><Vertex X="10097" Y="7108" Z="0"/><Vertex X="10122" Y="7108" Z="0"/><Vertex X="10172" Y="7108" Z="0"/><Vertex X="10198" Y="7108" Z="0"/><Vertex X="10248" Y="7108" Z="0"/><Vertex X="10298" Y="7108" Z="0"/><Vertex X="10323" Y="7108" Z="0"/><Vertex X="10373" Y="7108" Z="0"/><Vertex X="10399" Y="7108" Z="0"/><Vertex X="10449" Y="7108" Z="0"/><Vertex X="10499" Y="7108" Z="0"/><Vertex X="10524" Y="7108" Z="0"/><Vertex X="10574" Y="7108" Z="0"/><Vertex X="10650" Y="7108" Z="0"/><Vertex X="10700" Y="7108" Z="0"/><Vertex X="10700" Y="7058" Z="0"/><Vertex X="10775" Y="7058" Z="0"/><Vertex X="10826" Y="7058" Z="0"/><Vertex X="10851" Y="7058" Z="0"/><Vertex X="10851" Y="6983" Z="0"/><Vertex X="10951" Y="6983" Z="0"/><Vertex X="11026" Y="6933" Z="0"/><Vertex X="11077" Y="6933" Z="0"/><Vertex X="11077" Y="6882" Z="0"/><Vertex X="11152" Y="6882" Z="0"/><Vertex X="11152" Y="6832" Z="0"/><Vertex X="11227" Y="6832" Z="0"/><Vertex X="11227" Y="6807" Z="0"/><Vertex X="11253" Y="6807" Z="0"/><Vertex X="11328" Y="6757" Z="0"/><Vertex X="11403" Y="6757" Z="0"/><Vertex X="11403" Y="6707" Z="0"/><Vertex X="11479" Y="6707" Z="0"/><Vertex X="11504" Y="6707" Z="0"/><Vertex X="11504" Y="6656" Z="0"/><Vertex X="11579" Y="6656" Z="0"/><Vertex X="11629" Y="6656" Z="0"/><Vertex X="11629" Y="6631" Z="0"/><Vertex X="11680" Y="6631" Z="0"/><Vertex X="11730" Y="6631" Z="0"/><Vertex X="11730" Y="6581" Z="0"/><Vertex X="11755" Y="6581" Z="0"/><Vertex X="11830" Y="6531" Z="0"/><Vertex X="11906" Y="6531" Z="0"/><Vertex X="11906" Y="6506" Z="0"/><Vertex X="11956" Y="6506" Z="0"/><Vertex X="12006" Y="6455" Z="0"/><Vertex X="12056" Y="6455" Z="0"/><Vertex X="12107" Y="6405" Z="0"/><Vertex X="12157" Y="6405" Z="0"/><Vertex X="12207" Y="6405" Z="0"/><Vertex X="12232" Y="6405" Z="0"/><Vertex X="12307" Y="6405" Z="0"/><Vertex X="12383" Y="6405" Z="0"/><Vertex X="12433" Y="6405" Z="0"/><Vertex X="12483" Y="6430" Z="0"/><Vertex X="12534" Y="6430" Z="0"/><Vertex X="12559" Y="6430" Z="0"/><Vertex X="12609" Y="6430" Z="0"/><Vertex X="12659" Y="6480" Z="0"/><Vertex X="12709" Y="6480" Z="0"/><Vertex X="12760" Y="6480" Z="0"/><Vertex X="12835" Y="6480" Z="0"/><Vertex X="12885" Y="6480" Z="0"/><Vertex X="12885" Y="6506" Z="0"/><Vertex X="12935" Y="6506" Z="0"/><Vertex X="12986" Y="6506" Z="0"/><Vertex X="13036" Y="6506" Z="0"/><Vertex X="13036" Y="6556" Z="0"/><Vertex X="13111" Y="6556" Z="0"/><Vertex X="13187" Y="6556" Z="0"/><Vertex X="13187" Y="6606" Z="0"/><Vertex X="13237" Y="6606" Z="0"/><Vertex X="13312" Y="6606" Z="0"/><Vertex X="13362" Y="6606" Z="0"/><Vertex X="13388" Y="6606" Z="0"/><Vertex X="13463" Y="6606" Z="0"/><Vertex X="13513" Y="6606" Z="0"/><Vertex X="13589" Y="6606" Z="0"/><Vertex X="13664" Y="6606" Z="0"/><Vertex X="13714" Y="6606" Z="0"/><Vertex X="13764" Y="6606" Z="0"/><Vertex X="13815" Y="6606" Z="0"/><Vertex X="13815" Y="6581" Z="0"/><Vertex X="13840" Y="6581" Z="0"/><Vertex X="13840" Y="6531" Z="0"/><Vertex X="13890" Y="6531" Z="0"/><Vertex X="13890" Y="6480" Z="0"/><Vertex X="13890" Y="6405" Z="0"/><Vertex X="13915" Y="6405" Z="0"/><Vertex X="13915" Y="6330" Z="0"/><Vertex X="13915" Y="6305" Z="0"/><Vertex X="13915" Y="6254" Z="0"/><Vertex X="13915" Y="6229" Z="0"/><Vertex X="13915" Y="6179" Z="0"/><Vertex X="13915" Y="6129" Z="0"/><Vertex X="13915" Y="6104" Z="0"/><Vertex X="13915" Y="6053" Z="0"/><Vertex X="13915" Y="5978" Z="0"/><Vertex X="13915" Y="5928" Z="0"/><Vertex X="13865" Y="5878" Z="0"/><Vertex X="13865" Y="5802" Z="0"/><Vertex X="13865" Y="5777" Z="0"/><Vertex X="13865" Y="5727" Z="0"/><Vertex X="13865" Y="5677" Z="0"/><Vertex X="13865" Y="5652" Z="0"/><Vertex X="13865" Y="5601" Z="0"/><Vertex X="13915" Y="5526" Z="0"/><Vertex X="13965" Y="5501" Z="0"/><Vertex X="14016" Y="5451" Z="0"/><Vertex X="14066" Y="5400" Z="0"/><Vertex X="14091" Y="5400" Z="0"/><Vertex X="14141" Y="5350" Z="0"/><Vertex X="14191" Y="5350" Z="0"/><Vertex X="14191" Y="5325" Z="0"/><Vertex X="14216" Y="5325" Z="0"/><Vertex X="14267" Y="5275" Z="0"/><Vertex X="14342" Y="5275" Z="0"/><Vertex X="14342" Y="5225" Z="0"/><Vertex X="14392" Y="5225" Z="0"/><Vertex X="14443" Y="5199" Z="0"/><Vertex X="14493" Y="5199" Z="0"/><Vertex X="14493" Y="5149" Z="0"/><Vertex X="14543" Y="5149" Z="0"/><Vertex X="14593" Y="5099" Z="0"/><Vertex X="14669" Y="5049" Z="0"/><Vertex X="14719" Y="5024" Z="0"/><Vertex X="14744" Y="5024" Z="0"/><Vertex X="14744" Y="4948" Z="0"/><Vertex X="14794" Y="4948" Z="0"/><Vertex X="14794" Y="4898" Z="0"/><Vertex X="14844" Y="4898" Z="0"/><Vertex X="14844" Y="4873" Z="0"/><Vertex X="14870" Y="4873" Z="0"/><Vertex X="14870" Y="4823" Z="0"/><Vertex X="14920" Y="4772" Z="0"/><Vertex X="14920" Y="4747" Z="0"/><Vertex X="14970" Y="4697" Z="0"/><Vertex X="15020" Y="4622" Z="0"/><Vertex X="15045" Y="4622" Z="0"/><Vertex X="15045" Y="4597" Z="0"/><Vertex X="15096" Y="4597" Z="0"/><Vertex X="15096" Y="4546" Z="0"/><Vertex X="15171" Y="4496" Z="0"/><Vertex X="15221" Y="4446" Z="0"/><Vertex X="15271" Y="4446" Z="0"/><Vertex X="15271" Y="4421" Z="0"/><Vertex X="15347" Y="4421" Z="0"/><Vertex X="15347" Y="4371" Z="0"/><Vertex X="15372" Y="4371" Z="0"/><Vertex X="15422" Y="4320" Z="0"/><Vertex X="15472" Y="4320" Z="0"/><Vertex X="15472" Y="4295" Z="0"/><Vertex X="15523" Y="4295" Z="0"/><Vertex X="15523" Y="4245" Z="0"/><Vertex X="15573" Y="4245" Z="0"/><Vertex X="15623" Y="4245" Z="0"/><Vertex X="15623" Y="4195" Z="0"/><Vertex X="15648" Y="4195" Z="0"/><Vertex X="15698" Y="4195" Z="0"/><Vertex X="15698" Y="4170" Z="0"/><Vertex X="15724" Y="4170" Z="0"/><Vertex X="15774" Y="4170" Z="0"/><Vertex X="15824" Y="4170" Z="0"/><Vertex X="15849" Y="4119" Z="0"/><Vertex X="15899" Y="4119" Z="0"/><Vertex X="15924" Y="4119" Z="0"/><Vertex X="15924" Y="4069" Z="0"/><Vertex X="15975" Y="4069" Z="0"/><Vertex X="16025" Y="4069" Z="0"/><Vertex X="16050" Y="4069" Z="0"/><Vertex X="16100" Y="4044" Z="0"/><Vertex X="16151" Y="4044" Z="0"/><Vertex X="16176" Y="4044" Z="0"/><Vertex X="16176" Y="3994" Z="0"/><Vertex X="16226" Y="3994" Z="0"/><Vertex X="16251" Y="3994" Z="0"/><Vertex X="16251" Y="3944" Z="0"/><Vertex X="16301" Y="3944" Z="0"/><Vertex X="16351" Y="3944" Z="0"/><Vertex X="16377" Y="3944" Z="0"/><Vertex X="16377" Y="3918" Z="0"/><Vertex X="16427" Y="3918" Z="0"/><Vertex X="16452" Y="3918" Z="0"/><Vertex X="16502" Y="3918" Z="0"/><Vertex X="16502" Y="3969" Z="0"/><Vertex X="16552" Y="3969" Z="0"/><Vertex X="16552" Y="4019" Z="0"/><Vertex X="16578" Y="4019" Z="0"/><Vertex X="16578" Y="4044" Z="0"/><Vertex X="16628" Y="4044" Z="0"/><Vertex X="16628" Y="4094" Z="0"/><Vertex X="16653" Y="4094" Z="0"/><Vertex X="16703" Y="4094" Z="0"/><Vertex X="16753" Y="4145" Z="0"/><Vertex X="16778" Y="4145" Z="0"/><Vertex X="16829" Y="4145" Z="0"/><Vertex X="16829" Y="4170" Z="0"/><Vertex X="16879" Y="4170" Z="0"/><Vertex X="16904" Y="4220" Z="0"/><Vertex X="16954" Y="4270" Z="0"/><Vertex X="17005" Y="4320" Z="0"/><Vertex X="17055" Y="4320" Z="0"/><Vertex X="17055" Y="4345" Z="0"/><Vertex X="17080" Y="4345" Z="0"/><Vertex X="17080" Y="4396" Z="0"/><Vertex X="17130" Y="4396" Z="0"/><Vertex X="17205" Y="4446" Z="0"/><Vertex X="17256" Y="4471" Z="0"/><Vertex X="17331" Y="4471" Z="0"/><Vertex X="17331" Y="4521" Z="0"/><Vertex X="17406" Y="4521" Z="0"/><Vertex X="17457" Y="4572" Z="0"/><Vertex X="17482" Y="4572" Z="0"/><Vertex X="17532" Y="4572" Z="0"/><Vertex X="17582" Y="4622" Z="0"/><Vertex X="17607" Y="4622" Z="0"/><Vertex X="17658" Y="4622" Z="0"/><Vertex X="17683" Y="4622" Z="0"/><Vertex X="17733" Y="4647" Z="0"/><Vertex X="17808" Y="4647" Z="0"/><Vertex X="17859" Y="4647" Z="0"/><Vertex X="17934" Y="4697" Z="0"/><Vertex X="18009" Y="4697" Z="0"/><Vertex X="18085" Y="4697" Z="0"/><Vertex X="18135" Y="4747" Z="0"/><Vertex X="18185" Y="4747" Z="0"/><Vertex X="18235" Y="4747" Z="0"/><Vertex X="18260" Y="4798" Z="0"/><Vertex X="18311" Y="4798" Z="0"/><Vertex X="18386" Y="4798" Z="0"/><Vertex X="18386" Y="4848" Z="0"/><Vertex X="18436" Y="4848" Z="0"/><Vertex X="18537" Y="4848" Z="0"/><Vertex X="18587" Y="4873" Z="0"/><Vertex X="18612" Y="4873" Z="0"/><Vertex X="18662" Y="4923" Z="0"/><Vertex X="18713" Y="4923" Z="0"/><Vertex X="18763" Y="4973" Z="0"/><Vertex X="18788" Y="4973" Z="0"/><Vertex X="18838" Y="4973" Z="0"/><Vertex X="18888" Y="5024" Z="0"/><Vertex X="18913" Y="5024" Z="0"/><Vertex X="18964" Y="5024" Z="0"/><Vertex X="18989" Y="5024" Z="0"/><Vertex X="19039" Y="5049" Z="0"/><Vertex X="19089" Y="5049" Z="0"/><Vertex X="19114" Y="5049" Z="0"/><Vertex X="19165" Y="5049" Z="0"/><Vertex X="19215" Y="5049" Z="0"/><Vertex X="19240" Y="5099" Z="0"/><Vertex X="19290" Y="5099" Z="0"/><Vertex X="19366" Y="5099" Z="0"/><Vertex X="19391" Y="5099" Z="0"/><Vertex X="19441" Y="5099" Z="0"/><Vertex X="19491" Y="5099" Z="0"/><Vertex X="19567" Y="5099" Z="0"/><Vertex X="19642" Y="5099" Z="0"/><Vertex X="19642" Y="5149" Z="0"/><Vertex X="19667" Y="5149" Z="0"/><Vertex X="19717" Y="5149" Z="0"/><Vertex X="19793" Y="5149" Z="0"/><Vertex X="19843" Y="5149" Z="0"/><Vertex X="19918" Y="5149" Z="0"/><Vertex X="19994" Y="5149" Z="0"/><Vertex X="20044" Y="5149" Z="0"/><Vertex X="20094" Y="5149" Z="0"/><Vertex X="20144" Y="5149" Z="0"/><Vertex X="20169" Y="5149" Z="0"/><Vertex X="20169" Y="5124" Z="0"/><Vertex X="20220" Y="5124" Z="0"/><Vertex X="20245" Y="5124" Z="0"/><Vertex X="20245" Y="5074" Z="0"/><Vertex X="20295" Y="5074" Z="0"/><Vertex X="20345" Y="5024" Z="0"/><Vertex X="20370" Y="4973" Z="0"/><Vertex X="20421" Y="4923" Z="0"/><Vertex X="20471" Y="4873" Z="0"/><Vertex X="20521" Y="4848" Z="0"/><Vertex X="20571" Y="4798" Z="0"/><Vertex X="20596" Y="4747" Z="0"/><Vertex X="20596" Y="4722" Z="0"/><Vertex X="20647" Y="4672" Z="0"/><Vertex X="20647" Y="4597" Z="0"/><Vertex X="20647" Y="4546" Z="0"/><Vertex X="20647" Y="4521" Z="0"/><Vertex X="20697" Y="4471" Z="0"/><Vertex X="20697" Y="4421" Z="0"/><Vertex X="20697" Y="4396" Z="0"/><Vertex X="20697" Y="4345" Z="0"/><Vertex X="20697" Y="4320" Z="0"/><Vertex X="20697" Y="4270" Z="0"/><Vertex X="20697" Y="4220" Z="0"/><Vertex X="20697" Y="4195" Z="0"/><Vertex X="20697" Y="4119" Z="0"/><Vertex X="20697" Y="4069" Z="0"/><Vertex X="20697" Y="4019" Z="0"/><Vertex X="20672" Y="4019" Z="0"/><Vertex X="20672" Y="3969" Z="0"/><Vertex X="20672" Y="3944" Z="0"/><Vertex X="20672" Y="3893" Z="0"/><Vertex X="20647" Y="3893" Z="0"/><Vertex X="20647" Y="3868" Z="0"/><Vertex X="20647" Y="3818" Z="0"/><Vertex X="20647" Y="3768" Z="0"/><Vertex X="20647" Y="3743" Z="0"/><Vertex X="20596" Y="3743" Z="0"/><Vertex X="20596" Y="3667" Z="0"/><Vertex X="20571" Y="3667" Z="0"/><Vertex X="20571" Y="3592" Z="0"/><Vertex X="20496" Y="3592" Z="0"/><Vertex X="20446" Y="3567" Z="0"/><Vertex X="20370" Y="3567" Z="0"/><Vertex X="20370" Y="3491" Z="0"/><Vertex X="20320" Y="3491" Z="0"/><Vertex X="20245" Y="3491" Z="0"/><Vertex X="20245" Y="3441" Z="0"/><Vertex X="20144" Y="3441" Z="0"/><Vertex X="20119" Y="3441" Z="0"/><Vertex X="20069" Y="3441" Z="0"/><Vertex X="20019" Y="3416" Z="0"/><Vertex X="19994" Y="3416" Z="0"/><Vertex X="19943" Y="3366" Z="0"/><Vertex X="19893" Y="3366" Z="0"/><Vertex X="19868" Y="3316" Z="0"/><Vertex X="19818" Y="3316" Z="0"/><Vertex X="19818" Y="3265" Z="0"/><Vertex X="19742" Y="3265" Z="0"/><Vertex X="19742" Y="3240" Z="0"/><Vertex X="19692" Y="3240" Z="0"/><Vertex X="19642" Y="3190" Z="0"/><Vertex X="19541" Y="3140" Z="0"/><Vertex X="19491" Y="3140" Z="0"/><Vertex X="19441" Y="3064" Z="0"/><Vertex X="19416" Y="3064" Z="0"/><Vertex X="19366" Y="3014" Z="0"/><Vertex X="19315" Y="3014" Z="0"/><Vertex X="19290" Y="2989" Z="0"/><Vertex X="19215" Y="2939" Z="0"/><Vertex X="19165" Y="2889" Z="0"/><Vertex X="19165" Y="2838" Z="0"/><Vertex X="19114" Y="2838" Z="0"/><Vertex X="19114" Y="2813" Z="0"/><Vertex X="19114" Y="2763" Z="0"/><Vertex X="19089" Y="2763" Z="0"/><Vertex X="19089" Y="2738" Z="0"/><Vertex X="19089" Y="2688" Z="0"/><Vertex X="19039" Y="2688" Z="0"/><Vertex X="19039" Y="2637" Z="0"/><Vertex X="19039" Y="2612" Z="0"/><Vertex X="19014" Y="2612" Z="0"/><Vertex X="19014" Y="2562" Z="0"/><Vertex X="19014" Y="2537" Z="0"/><Vertex X="18964" Y="2487" Z="0"/><Vertex X="18964" Y="2436" Z="0"/><Vertex X="18913" Y="2436" Z="0"/><Vertex X="18913" Y="2411" Z="0"/><Vertex X="18888" Y="2361" Z="0"/><Vertex X="18838" Y="2311" Z="0"/><Vertex X="18788" Y="2261" Z="0"/><Vertex X="18713" Y="2210" Z="0"/><Vertex X="18637" Y="2185" Z="0"/><Vertex X="18612" Y="2185" Z="0"/><Vertex X="18562" Y="2135" Z="0"/><Vertex X="18461" Y="2085" Z="0"/><Vertex X="18411" Y="2085" Z="0"/><Vertex X="18386" Y="2035" Z="0"/><Vertex X="18336" Y="2035" Z="0"/><Vertex X="18286" Y="1984" Z="0"/><Vertex X="18260" Y="1984" Z="0"/><Vertex X="18210" Y="1934" Z="0"/><Vertex X="18160" Y="1934" Z="0"/><Vertex X="18135" Y="1934" Z="0"/><Vertex X="18085" Y="1909" Z="0"/><Vertex X="17984" Y="1909" Z="0"/><Vertex X="17934" Y="1859" Z="0"/><Vertex X="17909" Y="1859" Z="0"/><Vertex X="17859" Y="1859" Z="0"/><Vertex X="17833" Y="1859" Z="0"/><Vertex X="17833" Y="1809" Z="0"/><Vertex X="17758" Y="1809" Z="0"/><Vertex X="17683" Y="1809" Z="0"/><Vertex X="17683" Y="1783" Z="0"/><Vertex X="17632" Y="1783" Z="0"/><Vertex X="17557" Y="1783" Z="0"/><Vertex X="17557" Y="1733" Z="0"/><Vertex X="17507" Y="1733" Z="0"/><Vertex X="17482" Y="1683" Z="0"/><Vertex X="17432" Y="1658" Z="0"/><Vertex X="17356" Y="1658" Z="0"/><Vertex X="17356" Y="1608" Z="0"/><Vertex X="17281" Y="1608" Z="0"/><Vertex X="17231" Y="1557" Z="0"/><Vertex X="17180" Y="1557" Z="0"/><Vertex X="17105" Y="1557" Z="0"/><Vertex X="17030" Y="1557" Z="0"/><Vertex X="16979" Y="1557" Z="0"/><Vertex X="16904" Y="1557" Z="0"/><Vertex X="16879" Y="1557" Z="0"/><Vertex X="16829" Y="1582" Z="0"/><Vertex X="16753" Y="1582" Z="0"/><Vertex X="16728" Y="1582" Z="0"/><Vertex X="16678" Y="1658" Z="0"/><Vertex X="16628" Y="1658" Z="0"/><Vertex X="16578" Y="1683" Z="0"/><Vertex X="16552" Y="1683" Z="0"/><Vertex X="16502" Y="1758" Z="0"/><Vertex X="16452" Y="1758" Z="0"/><Vertex X="16427" Y="1809" Z="0"/><Vertex X="16351" Y="1859" Z="0"/><Vertex X="16301" Y="1909" Z="0"/><Vertex X="16251" Y="1909" Z="0"/><Vertex X="16251" Y="1934" Z="0"/><Vertex X="16226" Y="1934" Z="0"/><Vertex X="16176" Y="1984" Z="0"/><Vertex X="16125" Y="1984" Z="0"/><Vertex X="16125" Y="2035" Z="0"/><Vertex X="16075" Y="2035" Z="0"/><Vertex X="16025" Y="2035" Z="0"/><Vertex X="15975" Y="2060" Z="0"/><Vertex X="15950" Y="2060" Z="0"/><Vertex X="15874" Y="2060" Z="0"/><Vertex X="15874" Y="2110" Z="0"/><Vertex X="15799" Y="2110" Z="0"/><Vertex X="15774" Y="2110" Z="0"/><Vertex X="15724" Y="2160" Z="0"/><Vertex X="15648" Y="2160" Z="0"/><Vertex X="15598" Y="2160" Z="0"/><Vertex X="15548" Y="2210" Z="0"/><Vertex X="15497" Y="2210" Z="0"/><Vertex X="15472" Y="2210" Z="0"/><Vertex X="15422" Y="2210" Z="0"/><Vertex X="15372" Y="2236" Z="0"/><Vertex X="15347" Y="2236" Z="0"/><Vertex X="15297" Y="2236" Z="0"/><Vertex X="15221" Y="2236" Z="0"/><Vertex X="15171" Y="2286" Z="0"/><Vertex X="15121" Y="2286" Z="0"/><Vertex X="15070" Y="2286" Z="0"/><Vertex X="15020" Y="2286" Z="0"/><Vertex X="14970" Y="2336" Z="0"/><Vertex X="14895" Y="2336" Z="0"/><Vertex X="14870" Y="2336" Z="0"/><Vertex X="14819" Y="2336" Z="0"/><Vertex X="14769" Y="2386" Z="0"/><Vertex X="14744" Y="2386" Z="0"/><Vertex X="14669" Y="2386" Z="0"/><Vertex X="14618" Y="2436" Z="0"/><Vertex X="14593" Y="2436" Z="0"/><Vertex X="14518" Y="2436" Z="0"/><Vertex X="14443" Y="2462" Z="0"/><Vertex X="14417" Y="2462" Z="0"/><Vertex X="14367" Y="2462" Z="0"/><Vertex X="14317" Y="2462" Z="0"/><Vertex X="14267" Y="2512" Z="0"/><Vertex X="14216" Y="2512" Z="0"/><Vertex X="14141" Y="2562" Z="0"/><Vertex X="14091" Y="2562" Z="0"/><Vertex X="14091" Y="2612" Z="0"/><Vertex X="14016" Y="2612" Z="0"/><Vertex X="13940" Y="2612" Z="0"/><Vertex X="13890" Y="2663" Z="0"/><Vertex X="13865" Y="2663" Z="0"/><Vertex X="13815" Y="2663" Z="0"/><Vertex X="13789" Y="2663" Z="0"/><Vertex X="13739" Y="2663" Z="0"/><Vertex X="13689" Y="2663" Z="0"/><Vertex X="13689" Y="2688" Z="0"/><Vertex X="13639" Y="2688" Z="0"/><Vertex X="13538" Y="2688" Z="0"/><Vertex X="13538" Y="2738" Z="0"/><Vertex X="13438" Y="2738" Z="0"/><Vertex X="13388" Y="2738" Z="0"/><Vertex X="13388" Y="2763" Z="0"/><Vertex X="13337" Y="2763" Z="0"/><Vertex X="13262" Y="2763" Z="0"/><Vertex X="13262" Y="2813" Z="0"/><Vertex X="13212" Y="2813" Z="0"/><Vertex X="13161" Y="2813" Z="0"/><Vertex X="13111" Y="2813" Z="0"/><Vertex X="13061" Y="2863" Z="0"/><Vertex X="13011" Y="2863" Z="0"/><Vertex X="12935" Y="2863" Z="0"/><Vertex X="12910" Y="2863" Z="0"/><Vertex X="12860" Y="2863" Z="0"/><Vertex X="12760" Y="2863" Z="0"/><Vertex X="12734" Y="2863" Z="0"/><Vertex X="12659" Y="2838" Z="0"/><Vertex X="12584" Y="2838" Z="0"/><Vertex X="12559" Y="2788" Z="0"/><Vertex X="12508" Y="2788" Z="0"/><Vertex X="12433" Y="2788" Z="0"/><Vertex X="12408" Y="2788" Z="0"/><Vertex X="12358" Y="2788" Z="0"/><Vertex X="12333" Y="2788" Z="0"/><Vertex X="12282" Y="2788" Z="0"/><Vertex X="12207" Y="2788" Z="0"/><Vertex X="12157" Y="2788" Z="0"/><Vertex X="12081" Y="2788" Z="0"/><Vertex X="12031" Y="2788" Z="0"/><Vertex X="12006" Y="2788" Z="0"/><Vertex X="11956" Y="2788" Z="0"/><Vertex X="11931" Y="2788" Z="0"/><Vertex X="11830" Y="2788" Z="0"/><Vertex X="11780" Y="2788" Z="0"/><Vertex X="11730" Y="2813" Z="0"/><Vertex X="11705" Y="2813" Z="0"/><Vertex X="11629" Y="2813" Z="0"/><Vertex X="11529" Y="2813" Z="0"/><Vertex X="11504" Y="2813" Z="0"/><Vertex X="11453" Y="2813" Z="0"/><Vertex X="11428" Y="2813" Z="0"/><Vertex X="11353" Y="2813" Z="0"/><Vertex X="11303" Y="2813" Z="0"/><Vertex X="11278" Y="2813" Z="0"/><Vertex X="11227" Y="2813" Z="0"/><Vertex X="11152" Y="2813" Z="0"/><Vertex X="11127" Y="2813" Z="0"/><Vertex X="11052" Y="2813" Z="0"/><Vertex X="11026" Y="2813" Z="0"/><Vertex X="10976" Y="2813" Z="0"/><Vertex X="10976" Y="2788" Z="0"/><Vertex X="10901" Y="2788" Z="0"/><Vertex X="10851" Y="2788" Z="0"/><Vertex X="10800" Y="2788" Z="0"/><Vertex X="10725" Y="2788" Z="0"/><Vertex X="10675" Y="2788" Z="0"/><Vertex X="10625" Y="2788" Z="0"/><Vertex X="10599" Y="2788" Z="0"/><Vertex X="10549" Y="2813" Z="0"/><Vertex X="10499" Y="2813" Z="0"/><Vertex X="10474" Y="2813" Z="0"/><Vertex X="10424" Y="2863" Z="0"/><Vertex X="10373" Y="2863" Z="0"/><Vertex X="10323" Y="2914" Z="0"/><Vertex X="10298" Y="2914" Z="0"/><Vertex X="10248" Y="2914" Z="0"/><Vertex X="10198" Y="2939" Z="0"/><Vertex X="10172" Y="2939" Z="0"/><Vertex X="10122" Y="2939" Z="0"/><Vertex X="10097" Y="2939" Z="0"/><Vertex X="10047" Y="2989" Z="0"/><Vertex X="9972" Y="2989" Z="0"/><Vertex X="9896" Y="2989" Z="0"/><Vertex X="9871" Y="3039" Z="0"/><Vertex X="9796" Y="3039" Z="0"/><Vertex X="9745" Y="3039" Z="0"/><Vertex X="9720" Y="3039" Z="0"/><Vertex X="9670" Y="3090" Z="0"/><Vertex X="9570" Y="3090" Z="0"/><Vertex X="9545" Y="3140" Z="0"/><Vertex X="9494" Y="3140" Z="0"/><Vertex X="9444" Y="3140" Z="0"/><Vertex X="9419" Y="3165" Z="0"/><Vertex X="9369" Y="3165" Z="0"/><Vertex X="9268" Y="3215" Z="0"/><Vertex X="9218" Y="3215" Z="0"/><Vertex X="9193" Y="3215" Z="0"/><Vertex X="9143" Y="3215" Z="0"/><Vertex X="9143" Y="3265" Z="0"/><Vertex X="9118" Y="3265" Z="0"/><Vertex X="9067" Y="3265" Z="0"/><Vertex X="9017" Y="3265" Z="0"/><Vertex X="8992" Y="3265" Z="0"/><Vertex X="8942" Y="3265" Z="0"/><Vertex X="8917" Y="3265" Z="0"/><Vertex X="8866" Y="3265" Z="0"/><Vertex X="8866" Y="3240" Z="0"/><Vertex X="8791" Y="3240" Z="0"/><Vertex X="8741" Y="3240" Z="0"/><Vertex X="8665" Y="3240" Z="0"/><Vertex X="8590" Y="3240" Z="0"/><Vertex X="8540" Y="3240" Z="0"/><Vertex X="8464" Y="3240" Z="0"/><Vertex X="8414" Y="3265" Z="0"/><Vertex X="8389" Y="3265" Z="0"/><Vertex X="8339" Y="3316" Z="0"/><Vertex X="8238" Y="3366" Z="0"/><Vertex X="8188" Y="3366" Z="0"/><Vertex X="8138" Y="3416" Z="0"/><Vertex X="8088" Y="3466" Z="0"/><Vertex X="8037" Y="3466" Z="0"/><Vertex X="8037" Y="3491" Z="0"/><Vertex X="7987" Y="3542" Z="0"/><Vertex X="7987" Y="3592" Z="0"/><Vertex X="7937" Y="3642" Z="0"/><Vertex X="7937" Y="3718" Z="0"/><Vertex X="7912" Y="3718" Z="0"/><Vertex X="7912" Y="3793" Z="0"/><Vertex X="7912" Y="3818" Z="0"/><Vertex X="7912" Y="3893" Z="0"/><Vertex X="7862" Y="3893" Z="0"/><Vertex X="7862" Y="3944" Z="0"/><Vertex X="7862" Y="3994" Z="0"/><Vertex X="7811" Y="4044" Z="0"/><Vertex X="7811" Y="4094" Z="0"/><Vertex X="7786" Y="4094" Z="0"/><Vertex X="7786" Y="4119" Z="0"/><Vertex X="7736" Y="4119" Z="0"/><Vertex X="7736" Y="4195" Z="0"/><Vertex X="7711" Y="4195" Z="0"/><Vertex X="7711" Y="4270" Z="0"/><Vertex X="7661" Y="4270" Z="0"/><Vertex X="7661" Y="4320" Z="0"/><Vertex X="7610" Y="4320" Z="0"/><Vertex X="7610" Y="4396" Z="0"/><Vertex X="7585" Y="4396" Z="0"/><Vertex X="7585" Y="4471" Z="0"/><Vertex X="7510" Y="4471" Z="0"/><Vertex X="7435" Y="4521" Z="0"/><Vertex X="7435" Y="4597" Z="0"/><Vertex X="7384" Y="4597" Z="0"/><Vertex X="7384" Y="4672" Z="0"/><Vertex X="7309" Y="4672" Z="0"/><Vertex X="7309" Y="4697" Z="0"/><Vertex X="7284" Y="4697" Z="0"/><Vertex X="7234" Y="4772" Z="0"/><Vertex X="7183" Y="4772" Z="0"/><Vertex X="7183" Y="4848" Z="0"/><Vertex X="7108" Y="4848" Z="0"/><Vertex X="7108" Y="4873" Z="0"/><Vertex X="7058" Y="4873" Z="0"/><Vertex X="7008" Y="4923" Z="0"/><Vertex X="6932" Y="4923" Z="0"/><Vertex X="6932" Y="4973" Z="0"/><Vertex X="6882" Y="4973" Z="0"/><Vertex X="6832" Y="4973" Z="0"/><Vertex X="6782" Y="4999" Z="0"/><Vertex X="6756" Y="4999" Z="0"/><Vertex X="6681" Y="4999" Z="0"/><Vertex X="6631" Y="4999" Z="0"/><Vertex X="6606" Y="5049" Z="0"/><Vertex X="6530" Y="5049" Z="0"/><Vertex X="6480" Y="5049" Z="0"/><Vertex X="6455" Y="5099" Z="0"/><Vertex X="6405" Y="5099" Z="0"/><Vertex X="6355" Y="5099" Z="0"/><Vertex X="6355" Y="5149" Z="0"/><Vertex X="6304" Y="5149" Z="0"/><Vertex X="6229" Y="5174" Z="0"/><Vertex X="6179" Y="5174" Z="0"/><Vertex X="6128" Y="5174" Z="0"/><Vertex X="6078" Y="5225" Z="0"/><Vertex X="6028" Y="5225" Z="0"/><Vertex X="6003" Y="5225" Z="0"/><Vertex X="5928" Y="5199" Z="0"/><Vertex X="5877" Y="5199" Z="0"/><Vertex X="5852" Y="5199" Z="0"/><Vertex X="5802" Y="5199" Z="0"/><Vertex X="5752" Y="5199" Z="0"/><Vertex X="5752" Y="5174" Z="0"/><Vertex X="5727" Y="5174" Z="0"/><Vertex X="5676" Y="5174" Z="0"/><Vertex X="5651" Y="5174" Z="0"/><Vertex X="5601" Y="5174" Z="0"/><Vertex X="5551" Y="5174" Z="0"/><Vertex X="5551" Y="5124" Z="0"/><Vertex X="5526" Y="5124" Z="0"/><Vertex X="5475" Y="5124" Z="0"/><Vertex X="5450" Y="5049" Z="0"/></Vertices></Region><Region Id="2" Type="0" Zoom="0.039812" Selected="0" ImageLocation="" ImageFocus="-1" Length="29926.6" Area="28856561.5" LengthMicrons="14765.8" AreaMicrons="7024944.3" Text="" NegativeROA="0" InputRegionId="0" Analyze="1" DisplayId="2"><Attributes></Attributes><Vertices><Vertex X="7912" Y="8364" Z="0"/><Vertex X="7862" Y="8364" Z="0"/><Vertex X="7787" Y="8314" Z="0"/><Vertex X="7711" Y="8314" Z="0"/><Vertex X="7661" Y="8314" Z="0"/><Vertex X="7586" Y="8264" Z="0"/><Vertex X="7510" Y="8264" Z="0"/><Vertex X="7435" Y="8264" Z="0"/><Vertex X="7385" Y="8264" Z="0"/><Vertex X="7310" Y="8264" Z="0"/><Vertex X="7234" Y="8213" Z="0"/><Vertex X="7184" Y="8213" Z="0"/><Vertex X="7134" Y="8213" Z="0"/><Vertex X="7083" Y="8213" Z="0"/><Vertex X="7058" Y="8213" Z="0"/><Vertex X="6983" Y="8213" Z="0"/><Vertex X="6883" Y="8213" Z="0"/><Vertex X="6832" Y="8239" Z="0"/><Vertex X="6782" Y="8239" Z="0"/><Vertex X="6707" Y="8239" Z="0"/><Vertex X="6656" Y="8239" Z="0"/><Vertex X="6656" Y="8289" Z="0"/><Vertex X="6581" Y="8289" Z="0"/><Vertex X="6506" Y="8289" Z="0"/><Vertex X="6456" Y="8289" Z="0"/><Vertex X="6405" Y="8289" Z="0"/><Vertex X="6380" Y="8289" Z="0"/><Vertex X="6330" Y="8339" Z="0"/><Vertex X="6280" Y="8339" Z="0"/><Vertex X="6255" Y="8339" Z="0"/><Vertex X="6179" Y="8339" Z="0"/><Vertex X="6104" Y="8339" Z="0"/><Vertex X="6079" Y="8339" Z="0"/><Vertex X="6079" Y="8364" Z="0"/><Vertex X="6003" Y="8364" Z="0"/><Vertex X="5928" Y="8414" Z="0"/><Vertex X="5903" Y="8414" Z="0"/><Vertex X="5903" Y="8490" Z="0"/><Vertex X="5828" Y="8490" Z="0"/><Vertex X="5828" Y="8565" Z="0"/><Vertex X="5777" Y="8565" Z="0"/><Vertex X="5777" Y="8590" Z="0"/><Vertex X="5727" Y="8640" Z="0"/><Vertex X="5727" Y="8666" Z="0"/><Vertex X="5702" Y="8666" Z="0"/><Vertex X="5702" Y="8741" Z="0"/><Vertex X="5702" Y="8791" Z="0"/><Vertex X="5702" Y="8816" Z="0"/><Vertex X="5702" Y="8867" Z="0"/><Vertex X="5652" Y="8867" Z="0"/><Vertex X="5652" Y="8942" Z="0"/><Vertex X="5652" Y="8992" Z="0"/><Vertex X="5652" Y="9042" Z="0"/><Vertex X="5652" Y="9143" Z="0"/><Vertex X="5652" Y="9168" Z="0"/><Vertex X="5652" Y="9218" Z="0"/><Vertex X="5652" Y="9243" Z="0"/><Vertex X="5677" Y="9294" Z="0"/><Vertex X="5677" Y="9344" Z="0"/><Vertex X="5677" Y="9369" Z="0"/><Vertex X="5727" Y="9419" Z="0"/><Vertex X="5727" Y="9469" Z="0"/><Vertex X="5727" Y="9495" Z="0"/><Vertex X="5777" Y="9545" Z="0"/><Vertex X="5802" Y="9620" Z="0"/><Vertex X="5853" Y="9695" Z="0"/><Vertex X="5903" Y="9771" Z="0"/><Vertex X="5953" Y="9796" Z="0"/><Vertex X="6029" Y="9846" Z="0"/><Vertex X="6104" Y="9896" Z="0"/><Vertex X="6154" Y="9947" Z="0"/><Vertex X="6229" Y="9997" Z="0"/><Vertex X="6305" Y="10072" Z="0"/><Vertex X="6380" Y="10148" Z="0"/><Vertex X="6430" Y="10148" Z="0"/><Vertex X="6430" Y="10198" Z="0"/><Vertex X="6481" Y="10198" Z="0"/><Vertex X="6481" Y="10273" Z="0"/><Vertex X="6556" Y="10273" Z="0"/><Vertex X="6556" Y="10349" Z="0"/><Vertex X="6606" Y="10349" Z="0"/><Vertex X="6606" Y="10399" Z="0"/><Vertex X="6631" Y="10399" Z="0"/><Vertex X="6631" Y="10474" Z="0"/><Vertex X="6631" Y="10549" Z="0"/><Vertex X="6631" Y="10600" Z="0"/><Vertex X="6631" Y="10650" Z="0"/><Vertex X="6631" Y="10700" Z="0"/><Vertex X="6631" Y="10725" Z="0"/><Vertex X="6631" Y="10776" Z="0"/><Vertex X="6631" Y="10801" Z="0"/><Vertex X="6631" Y="10851" Z="0"/><Vertex X="6581" Y="10851" Z="0"/><Vertex X="6581" Y="10901" Z="0"/><Vertex X="6581" Y="10926" Z="0"/><Vertex X="6581" Y="10976" Z="0"/><Vertex X="6606" Y="10976" Z="0"/><Vertex X="6631" Y="11002" Z="0"/><Vertex X="6732" Y="11002" Z="0"/><Vertex X="6782" Y="11002" Z="0"/><Vertex X="6832" Y="11002" Z="0"/><Vertex X="6908" Y="11002" Z="0"/><Vertex X="6983" Y="11002" Z="0"/><Vertex X="7033" Y="11002" Z="0"/><Vertex X="7109" Y="11002" Z="0"/><Vertex X="7184" Y="11002" Z="0"/><Vertex X="7234" Y="11002" Z="0"/><Vertex X="7310" Y="11002" Z="0"/><Vertex X="7385" Y="11002" Z="0"/><Vertex X="7435" Y="11002" Z="0"/><Vertex X="7510" Y="11002" Z="0"/><Vertex X="7561" Y="11002" Z="0"/><Vertex X="7586" Y="11002" Z="0"/><Vertex X="7636" Y="11002" Z="0"/><Vertex X="7686" Y="11002" Z="0"/><Vertex X="7711" Y="11002" Z="0"/><Vertex X="7762" Y="11002" Z="0"/><Vertex X="7787" Y="11002" Z="0"/><Vertex X="7837" Y="11002" Z="0"/><Vertex X="7887" Y="11002" Z="0"/><Vertex X="7912" Y="11002" Z="0"/><Vertex X="7963" Y="11002" Z="0"/><Vertex X="7988" Y="11002" Z="0"/><Vertex X="8088" Y="11002" Z="0"/><Vertex X="8164" Y="11002" Z="0"/><Vertex X="8214" Y="11002" Z="0"/><Vertex X="8264" Y="11002" Z="0"/><Vertex X="8339" Y="11002" Z="0"/><Vertex X="8390" Y="11002" Z="0"/><Vertex X="8440" Y="11002" Z="0"/><Vertex X="8490" Y="11002" Z="0"/><Vertex X="8490" Y="11052" Z="0"/><Vertex X="8540" Y="11052" Z="0"/><Vertex X="8540" Y="11077" Z="0"/><Vertex X="8616" Y="11077" Z="0"/><Vertex X="8616" Y="11127" Z="0"/><Vertex X="8691" Y="11127" Z="0"/><Vertex X="8691" Y="11177" Z="0"/><Vertex X="8741" Y="11177" Z="0"/><Vertex X="8741" Y="11203" Z="0"/><Vertex X="8817" Y="11203" Z="0"/><Vertex X="8867" Y="11203" Z="0"/><Vertex X="8867" Y="11253" Z="0"/><Vertex X="8917" Y="11253" Z="0"/><Vertex X="8992" Y="11253" Z="0"/><Vertex X="9068" Y="11253" Z="0"/><Vertex X="9118" Y="11253" Z="0"/><Vertex X="9193" Y="11253" Z="0"/><Vertex X="9269" Y="11253" Z="0"/><Vertex X="9319" Y="11303" Z="0"/><Vertex X="9394" Y="11303" Z="0"/><Vertex X="9470" Y="11303" Z="0"/><Vertex X="9545" Y="11303" Z="0"/><Vertex X="9545" Y="11328" Z="0"/><Vertex X="9646" Y="11328" Z="0"/><Vertex X="9696" Y="11328" Z="0"/><Vertex X="9721" Y="11328" Z="0"/><Vertex X="9771" Y="11328" Z="0"/><Vertex X="9846" Y="11328" Z="0"/><Vertex X="9872" Y="11328" Z="0"/><Vertex X="9922" Y="11328" Z="0"/><Vertex X="9947" Y="11328" Z="0"/><Vertex X="9997" Y="11328" Z="0"/><Vertex X="10047" Y="11328" Z="0"/><Vertex X="10073" Y="11328" Z="0"/><Vertex X="10123" Y="11328" Z="0"/><Vertex X="10148" Y="11328" Z="0"/><Vertex X="10198" Y="11328" Z="0"/><Vertex X="10248" Y="11328" Z="0"/><Vertex X="10273" Y="11328" Z="0"/><Vertex X="10324" Y="11378" Z="0"/><Vertex X="10399" Y="11378" Z="0"/><Vertex X="10399" Y="11429" Z="0"/><Vertex X="10449" Y="11429" Z="0"/><Vertex X="10525" Y="11479" Z="0"/><Vertex X="10575" Y="11479" Z="0"/><Vertex X="10575" Y="11504" Z="0"/><Vertex X="10600" Y="11504" Z="0"/><Vertex X="10650" Y="11554" Z="0"/><Vertex X="10700" Y="11554" Z="0"/><Vertex X="10700" Y="11604" Z="0"/><Vertex X="10726" Y="11604" Z="0"/><Vertex X="10776" Y="11630" Z="0"/><Vertex X="10826" Y="11630" Z="0"/><Vertex X="10826" Y="11680" Z="0"/><Vertex X="10851" Y="11680" Z="0"/><Vertex X="10851" Y="11705" Z="0"/><Vertex X="10901" Y="11705" Z="0"/><Vertex X="10901" Y="11755" Z="0"/><Vertex X="10952" Y="11755" Z="0"/><Vertex X="10977" Y="11805" Z="0"/><Vertex X="11027" Y="11805" Z="0"/><Vertex X="11027" Y="11830" Z="0"/><Vertex X="11052" Y="11830" Z="0"/><Vertex X="11102" Y="11881" Z="0"/><Vertex X="11153" Y="11881" Z="0"/><Vertex X="11153" Y="11931" Z="0"/><Vertex X="11178" Y="11931" Z="0"/><Vertex X="11228" Y="11931" Z="0"/><Vertex X="11228" Y="11956" Z="0"/><Vertex X="11278" Y="11956" Z="0"/><Vertex X="11303" Y="11956" Z="0"/><Vertex X="11354" Y="12006" Z="0"/><Vertex X="11429" Y="12006" Z="0"/><Vertex X="11454" Y="12006" Z="0"/><Vertex X="11504" Y="12006" Z="0"/><Vertex X="11580" Y="12006" Z="0"/><Vertex X="11605" Y="12006" Z="0"/><Vertex X="11655" Y="12006" Z="0"/><Vertex X="11680" Y="12006" Z="0"/><Vertex X="11730" Y="12006" Z="0"/><Vertex X="11781" Y="12006" Z="0"/><Vertex X="11806" Y="12006" Z="0"/><Vertex X="11881" Y="12006" Z="0"/><Vertex X="11981" Y="12006" Z="0"/><Vertex X="12057" Y="12006" Z="0"/><Vertex X="12107" Y="12006" Z="0"/><Vertex X="12157" Y="12006" Z="0"/><Vertex X="12182" Y="12006" Z="0"/><Vertex X="12233" Y="12006" Z="0"/><Vertex X="12283" Y="11981" Z="0"/><Vertex X="12308" Y="11981" Z="0"/><Vertex X="12358" Y="11981" Z="0"/><Vertex X="12358" Y="11956" Z="0"/><Vertex X="12408" Y="11956" Z="0"/><Vertex X="12509" Y="11956" Z="0"/><Vertex X="12559" Y="11906" Z="0"/><Vertex X="12584" Y="11906" Z="0"/><Vertex X="12685" Y="11906" Z="0"/><Vertex X="12735" Y="11906" Z="0"/><Vertex X="12810" Y="11856" Z="0"/><Vertex X="12861" Y="11856" Z="0"/><Vertex X="12936" Y="11856" Z="0"/><Vertex X="13011" Y="11856" Z="0"/><Vertex X="13062" Y="11856" Z="0"/><Vertex X="13137" Y="11856" Z="0"/><Vertex X="13212" Y="11856" Z="0"/><Vertex X="13237" Y="11856" Z="0"/><Vertex X="13338" Y="11856" Z="0"/><Vertex X="13388" Y="11856" Z="0"/><Vertex X="13413" Y="11856" Z="0"/><Vertex X="13514" Y="11856" Z="0"/><Vertex X="13564" Y="11856" Z="0"/><Vertex X="13614" Y="11856" Z="0"/><Vertex X="13689" Y="11856" Z="0"/><Vertex X="13765" Y="11856" Z="0"/><Vertex X="13765" Y="11881" Z="0"/><Vertex X="13815" Y="11881" Z="0"/><Vertex X="13865" Y="11881" Z="0"/><Vertex X="13941" Y="11931" Z="0"/><Vertex X="13991" Y="11931" Z="0"/><Vertex X="14066" Y="11981" Z="0"/><Vertex X="14142" Y="11981" Z="0"/><Vertex X="14192" Y="12006" Z="0"/><Vertex X="14242" Y="12006" Z="0"/><Vertex X="14292" Y="12006" Z="0"/><Vertex X="14343" Y="12057" Z="0"/><Vertex X="14368" Y="12057" Z="0"/><Vertex X="14418" Y="12057" Z="0"/><Vertex X="14493" Y="12107" Z="0"/><Vertex X="14543" Y="12107" Z="0"/><Vertex X="14619" Y="12107" Z="0"/><Vertex X="14669" Y="12107" Z="0"/><Vertex X="14694" Y="12157" Z="0"/><Vertex X="14744" Y="12157" Z="0"/><Vertex X="14845" Y="12157" Z="0"/><Vertex X="14895" Y="12157" Z="0"/><Vertex X="14971" Y="12157" Z="0"/><Vertex X="15046" Y="12157" Z="0"/><Vertex X="15071" Y="12157" Z="0"/><Vertex X="15146" Y="12157" Z="0"/><Vertex X="15222" Y="12157" Z="0"/><Vertex X="15272" Y="12157" Z="0"/><Vertex X="15347" Y="12157" Z="0"/><Vertex X="15423" Y="12157" Z="0"/><Vertex X="15473" Y="12157" Z="0"/><Vertex X="15548" Y="12157" Z="0"/><Vertex X="15624" Y="12207" Z="0"/><Vertex X="15674" Y="12207" Z="0"/><Vertex X="15724" Y="12207" Z="0"/><Vertex X="15799" Y="12207" Z="0"/><Vertex X="15825" Y="12207" Z="0"/><Vertex X="15875" Y="12207" Z="0"/><Vertex X="15975" Y="12207" Z="0"/><Vertex X="16000" Y="12207" Z="0"/><Vertex X="16051" Y="12207" Z="0"/><Vertex X="16076" Y="12207" Z="0"/><Vertex X="16126" Y="12207" Z="0"/><Vertex X="16176" Y="12207" Z="0"/><Vertex X="16226" Y="12207" Z="0"/><Vertex X="16302" Y="12207" Z="0"/><Vertex X="16352" Y="12207" Z="0"/><Vertex X="16402" Y="12207" Z="0"/><Vertex X="16478" Y="12207" Z="0"/><Vertex X="16553" Y="12207" Z="0"/><Vertex X="16578" Y="12207" Z="0"/><Vertex X="16653" Y="12207" Z="0"/><Vertex X="16729" Y="12207" Z="0"/><Vertex X="16779" Y="12207" Z="0"/><Vertex X="16854" Y="12182" Z="0"/><Vertex X="16930" Y="12182" Z="0"/><Vertex X="16980" Y="12182" Z="0"/><Vertex X="17055" Y="12182" Z="0"/><Vertex X="17131" Y="12182" Z="0"/><Vertex X="17181" Y="12182" Z="0"/><Vertex X="17256" Y="12182" Z="0"/><Vertex X="17332" Y="12182" Z="0"/><Vertex X="17407" Y="12182" Z="0"/><Vertex X="17482" Y="12182" Z="0"/><Vertex X="17533" Y="12182" Z="0"/><Vertex X="17558" Y="12182" Z="0"/><Vertex X="17608" Y="12132" Z="0"/><Vertex X="17658" Y="12132" Z="0"/><Vertex X="17658" Y="12057" Z="0"/><Vertex X="17683" Y="12057" Z="0"/><Vertex X="17683" Y="12006" Z="0"/><Vertex X="17733" Y="12006" Z="0"/><Vertex X="17733" Y="11956" Z="0"/><Vertex X="17733" Y="11906" Z="0"/><Vertex X="17733" Y="11881" Z="0"/><Vertex X="17733" Y="11830" Z="0"/><Vertex X="17733" Y="11805" Z="0"/><Vertex X="17733" Y="11755" Z="0"/><Vertex X="17733" Y="11705" Z="0"/><Vertex X="17683" Y="11705" Z="0"/><Vertex X="17633" Y="11680" Z="0"/><Vertex X="17608" Y="11680" Z="0"/><Vertex X="17533" Y="11630" Z="0"/><Vertex X="17457" Y="11630" Z="0"/><Vertex X="17407" Y="11579" Z="0"/><Vertex X="17332" Y="11579" Z="0"/><Vertex X="17281" Y="11529" Z="0"/><Vertex X="17206" Y="11529" Z="0"/><Vertex X="17181" Y="11529" Z="0"/><Vertex X="17131" Y="11454" Z="0"/><Vertex X="17055" Y="11454" Z="0"/><Vertex X="17030" Y="11429" Z="0"/><Vertex X="16980" Y="11429" Z="0"/><Vertex X="16930" Y="11378" Z="0"/><Vertex X="16905" Y="11378" Z="0"/><Vertex X="16854" Y="11378" Z="0"/><Vertex X="16804" Y="11303" Z="0"/><Vertex X="16754" Y="11303" Z="0"/><Vertex X="16704" Y="11253" Z="0"/><Vertex X="16653" Y="11203" Z="0"/><Vertex X="16578" Y="11152" Z="0"/><Vertex X="16503" Y="11127" Z="0"/><Vertex X="16427" Y="11077" Z="0"/><Vertex X="16377" Y="11027" Z="0"/><Vertex X="16327" Y="10951" Z="0"/><Vertex X="16277" Y="10901" Z="0"/><Vertex X="16277" Y="10876" Z="0"/><Vertex X="16226" Y="10876" Z="0"/><Vertex X="16226" Y="10826" Z="0"/><Vertex X="16201" Y="10776" Z="0"/><Vertex X="16201" Y="10725" Z="0"/><Vertex X="16151" Y="10725" Z="0"/><Vertex X="16151" Y="10650" Z="0"/><Vertex X="16101" Y="10575" Z="0"/><Vertex X="16101" Y="10549" Z="0"/><Vertex X="16101" Y="10499" Z="0"/><Vertex X="16076" Y="10499" Z="0"/><Vertex X="16076" Y="10424" Z="0"/><Vertex X="16025" Y="10424" Z="0"/><Vertex X="16025" Y="10374" Z="0"/><Vertex X="15950" Y="10323" Z="0"/><Vertex X="15875" Y="10273" Z="0"/><Vertex X="15850" Y="10223" Z="0"/><Vertex X="15799" Y="10223" Z="0"/><Vertex X="15799" Y="10173" Z="0"/><Vertex X="15749" Y="10173" Z="0"/><Vertex X="15724" Y="10148" Z="0"/><Vertex X="15649" Y="10148" Z="0"/><Vertex X="15598" Y="10072" Z="0"/><Vertex X="15548" Y="10072" Z="0"/><Vertex X="15498" Y="10022" Z="0"/><Vertex X="15448" Y="10022" Z="0"/><Vertex X="15448" Y="9972" Z="0"/><Vertex X="15372" Y="9972" Z="0"/><Vertex X="15297" Y="9922" Z="0"/><Vertex X="15247" Y="9871" Z="0"/><Vertex X="15197" Y="9871" Z="0"/><Vertex X="15146" Y="9821" Z="0"/><Vertex X="15121" Y="9821" Z="0"/><Vertex X="15121" Y="9771" Z="0"/><Vertex X="15046" Y="9771" Z="0"/><Vertex X="15046" Y="9746" Z="0"/><Vertex X="14971" Y="9746" Z="0"/><Vertex X="14920" Y="9695" Z="0"/><Vertex X="14845" Y="9695" Z="0"/><Vertex X="14845" Y="9620" Z="0"/><Vertex X="14770" Y="9620" Z="0"/><Vertex X="14719" Y="9570" Z="0"/><Vertex X="14669" Y="9545" Z="0"/><Vertex X="14619" Y="9545" Z="0"/><Vertex X="14569" Y="9495" Z="0"/><Vertex X="14543" Y="9495" Z="0"/><Vertex X="14543" Y="9444" Z="0"/><Vertex X="14468" Y="9444" Z="0"/><Vertex X="14418" Y="9394" Z="0"/><Vertex X="14393" Y="9394" Z="0"/><Vertex X="14343" Y="9369" Z="0"/><Vertex X="14267" Y="9319" Z="0"/><Vertex X="14217" Y="9319" Z="0"/><Vertex X="14192" Y="9268" Z="0"/><Vertex X="14142" Y="9268" Z="0"/><Vertex X="14091" Y="9268" Z="0"/><Vertex X="14066" Y="9218" Z="0"/><Vertex X="14016" Y="9218" Z="0"/><Vertex X="13966" Y="9218" Z="0"/><Vertex X="13941" Y="9218" Z="0"/><Vertex X="13890" Y="9168" Z="0"/><Vertex X="13790" Y="9168" Z="0"/><Vertex X="13740" Y="9168" Z="0"/><Vertex X="13664" Y="9168" Z="0"/><Vertex X="13664" Y="9143" Z="0"/><Vertex X="13589" Y="9143" Z="0"/><Vertex X="13539" Y="9143" Z="0"/><Vertex X="13489" Y="9143" Z="0"/><Vertex X="13413" Y="9143" Z="0"/><Vertex X="13413" Y="9093" Z="0"/><Vertex X="13363" Y="9093" Z="0"/><Vertex X="13288" Y="9093" Z="0"/><Vertex X="13212" Y="9042" Z="0"/><Vertex X="13162" Y="9042" Z="0"/><Vertex X="13112" Y="9017" Z="0"/><Vertex X="13062" Y="9017" Z="0"/><Vertex X="13011" Y="9017" Z="0"/><Vertex X="12961" Y="9017" Z="0"/><Vertex X="12886" Y="8967" Z="0"/><Vertex X="12861" Y="8967" Z="0"/><Vertex X="12810" Y="8967" Z="0"/><Vertex X="12760" Y="8967" Z="0"/><Vertex X="12760" Y="8917" Z="0"/><Vertex X="12710" Y="8917" Z="0"/><Vertex X="12635" Y="8917" Z="0"/><Vertex X="12559" Y="8867" Z="0"/><Vertex X="12534" Y="8867" Z="0"/><Vertex X="12484" Y="8867" Z="0"/><Vertex X="12434" Y="8867" Z="0"/><Vertex X="12408" Y="8816" Z="0"/><Vertex X="12358" Y="8816" Z="0"/><Vertex X="12308" Y="8816" Z="0"/><Vertex X="12283" Y="8791" Z="0"/><Vertex X="12233" Y="8791" Z="0"/><Vertex X="12182" Y="8791" Z="0"/><Vertex X="12157" Y="8741" Z="0"/><Vertex X="12107" Y="8741" Z="0"/><Vertex X="12057" Y="8741" Z="0"/><Vertex X="12007" Y="8741" Z="0"/><Vertex X="11931" Y="8691" Z="0"/><Vertex X="11856" Y="8691" Z="0"/><Vertex X="11781" Y="8691" Z="0"/><Vertex X="11680" Y="8691" Z="0"/><Vertex X="11580" Y="8691" Z="0"/><Vertex X="11479" Y="8691" Z="0"/><Vertex X="11404" Y="8691" Z="0"/><Vertex X="11328" Y="8691" Z="0"/><Vertex X="11278" Y="8691" Z="0"/><Vertex X="11253" Y="8691" Z="0"/><Vertex X="11203" Y="8691" Z="0"/><Vertex X="11127" Y="8691" Z="0"/><Vertex X="11077" Y="8691" Z="0"/><Vertex X="11027" Y="8691" Z="0"/><Vertex X="11002" Y="8691" Z="0"/><Vertex X="10952" Y="8691" Z="0"/><Vertex X="10876" Y="8691" Z="0"/><Vertex X="10851" Y="8691" Z="0"/><Vertex X="10801" Y="8691" Z="0"/><Vertex X="10776" Y="8691" Z="0"/><Vertex X="10726" Y="8691" Z="0"/><Vertex X="10675" Y="8691" Z="0"/><Vertex X="10650" Y="8691" Z="0"/><Vertex X="10600" Y="8691" Z="0"/><Vertex X="10575" Y="8691" Z="0"/><Vertex X="10525" Y="8691" Z="0"/><Vertex X="10474" Y="8691" Z="0"/><Vertex X="10449" Y="8691" Z="0"/><Vertex X="10399" Y="8691" Z="0"/><Vertex X="10374" Y="8691" Z="0"/><Vertex X="10324" Y="8691" Z="0"/><Vertex X="10273" Y="8691" Z="0"/><Vertex X="10248" Y="8640" Z="0"/><Vertex X="10198" Y="8640" Z="0"/><Vertex X="10148" Y="8640" Z="0"/><Vertex X="10123" Y="8640" Z="0"/><Vertex X="10073" Y="8590" Z="0"/><Vertex X="10022" Y="8590" Z="0"/><Vertex X="9997" Y="8590" Z="0"/><Vertex X="9947" Y="8590" Z="0"/><Vertex X="9922" Y="8590" Z="0"/><Vertex X="9872" Y="8590" Z="0"/><Vertex X="9821" Y="8590" Z="0"/><Vertex X="9771" Y="8590" Z="0"/><Vertex X="9721" Y="8565" Z="0"/><Vertex X="9671" Y="8565" Z="0"/><Vertex X="9646" Y="8565" Z="0"/><Vertex X="9595" Y="8565" Z="0"/><Vertex X="9570" Y="8565" Z="0"/><Vertex X="9520" Y="8565" Z="0"/><Vertex X="9470" Y="8565" Z="0"/><Vertex X="9445" Y="8565" Z="0"/><Vertex X="9394" Y="8565" Z="0"/><Vertex X="9369" Y="8565" Z="0"/><Vertex X="9319" Y="8565" Z="0"/><Vertex X="9269" Y="8565" Z="0"/><Vertex X="9244" Y="8565" Z="0"/><Vertex X="9168" Y="8565" Z="0"/><Vertex X="9118" Y="8565" Z="0"/><Vertex X="9093" Y="8515" Z="0"/><Vertex X="9043" Y="8515" Z="0"/><Vertex X="8992" Y="8515" Z="0"/><Vertex X="8967" Y="8515" Z="0"/><Vertex X="8917" Y="8515" Z="0"/><Vertex X="8892" Y="8515" Z="0"/><Vertex X="8842" Y="8515" Z="0"/><Vertex X="8791" Y="8515" Z="0"/><Vertex X="8766" Y="8515" Z="0"/><Vertex X="8691" Y="8515" Z="0"/><Vertex X="8666" Y="8515" Z="0"/><Vertex X="8591" Y="8465" Z="0"/><Vertex X="8540" Y="8465" Z="0"/><Vertex X="8490" Y="8465" Z="0"/><Vertex X="8415" Y="8465" Z="0"/><Vertex X="8339" Y="8465" Z="0"/><Vertex X="8339" Y="8414" Z="0"/><Vertex X="8289" Y="8414" Z="0"/><Vertex X="8214" Y="8414" Z="0"/><Vertex X="8138" Y="8389" Z="0"/><Vertex X="8063" Y="8389" Z="0"/><Vertex X="8038" Y="8389" Z="0"/><Vertex X="7988" Y="8389" Z="0"/><Vertex X="7937" Y="8389" Z="0"/><Vertex X="7912" Y="8364" Z="0"/></Vertices></Region><Region Id="3" Type="0" Zoom="0.039812" Selected="0" ImageLocation="" ImageFocus="-1" Length="7991.2" Area="3291721.0" LengthMicrons="3942.9" AreaMicrons="801348.3" Text="" NegativeROA="0" InputRegionId="0" Analyze="1" DisplayId="3"><Attributes></Attributes><Vertices><Vertex X="17482" Y="13413" Z="0"/><Vertex X="17432" Y="13413" Z="0"/><Vertex X="17407" Y="13413" Z="0"/><Vertex X="17357" Y="13438" Z="0"/><Vertex X="17306" Y="13438" Z="0"/><Vertex X="17256" Y="13463" Z="0"/><Vertex X="17206" Y="13463" Z="0"/><Vertex X="17206" Y="13513" Z="0"/><Vertex X="17156" Y="13564" Z="0"/><Vertex X="17156" Y="13589" Z="0"/><Vertex X="17156" Y="13639" Z="0"/><Vertex X="17131" Y="13639" Z="0"/><Vertex X="17131" Y="13714" Z="0"/><Vertex X="17131" Y="13765" Z="0"/><Vertex X="17131" Y="13840" Z="0"/><Vertex X="17131" Y="13915" Z="0"/><Vertex X="17131" Y="13965" Z="0"/><Vertex X="17131" Y="14016" Z="0"/><Vertex X="17131" Y="14066" Z="0"/><Vertex X="17080" Y="14091" Z="0"/><Vertex X="17080" Y="14141" Z="0"/><Vertex X="17030" Y="14192" Z="0"/><Vertex X="17030" Y="14217" Z="0"/><Vertex X="16980" Y="14217" Z="0"/><Vertex X="16980" Y="14267" Z="0"/><Vertex X="16955" Y="14267" Z="0"/><Vertex X="16955" Y="14317" Z="0"/><Vertex X="16955" Y="14342" Z="0"/><Vertex X="16955" Y="14392" Z="0"/><Vertex X="16955" Y="14418" Z="0"/><Vertex X="17030" Y="14418" Z="0"/><Vertex X="17030" Y="14468" Z="0"/><Vertex X="17131" Y="14468" Z="0"/><Vertex X="17181" Y="14543" Z="0"/><Vertex X="17206" Y="14543" Z="0"/><Vertex X="17256" Y="14619" Z="0"/><Vertex X="17306" Y="14619" Z="0"/><Vertex X="17357" Y="14669" Z="0"/><Vertex X="17382" Y="14669" Z="0"/><Vertex X="17432" Y="14719" Z="0"/><Vertex X="17482" Y="14719" Z="0"/><Vertex X="17507" Y="14769" Z="0"/><Vertex X="17558" Y="14769" Z="0"/><Vertex X="17608" Y="14769" Z="0"/><Vertex X="17633" Y="14769" Z="0"/><Vertex X="17683" Y="14769" Z="0"/><Vertex X="17708" Y="14769" Z="0"/><Vertex X="17759" Y="14769" Z="0"/><Vertex X="17834" Y="14769" Z="0"/><Vertex X="17884" Y="14769" Z="0"/><Vertex X="17934" Y="14744" Z="0"/><Vertex X="17985" Y="14744" Z="0"/><Vertex X="18010" Y="14744" Z="0"/><Vertex X="18060" Y="14744" Z="0"/><Vertex X="18110" Y="14744" Z="0"/><Vertex X="18160" Y="14744" Z="0"/><Vertex X="18160" Y="14769" Z="0"/><Vertex X="18236" Y="14769" Z="0"/><Vertex X="18311" Y="14769" Z="0"/><Vertex X="18311" Y="14794" Z="0"/><Vertex X="18361" Y="14794" Z="0"/><Vertex X="18437" Y="14794" Z="0"/><Vertex X="18487" Y="14794" Z="0"/><Vertex X="18512" Y="14794" Z="0"/><Vertex X="18587" Y="14794" Z="0"/><Vertex X="18638" Y="14794" Z="0"/><Vertex X="18713" Y="14794" Z="0"/><Vertex X="18788" Y="14769" Z="0"/><Vertex X="18839" Y="14769" Z="0"/><Vertex X="18889" Y="14769" Z="0"/><Vertex X="18964" Y="14769" Z="0"/><Vertex X="19014" Y="14744" Z="0"/><Vertex X="19065" Y="14744" Z="0"/><Vertex X="19140" Y="14694" Z="0"/><Vertex X="19190" Y="14694" Z="0"/><Vertex X="19215" Y="14694" Z="0"/><Vertex X="19266" Y="14644" Z="0"/><Vertex X="19316" Y="14644" Z="0"/><Vertex X="19341" Y="14593" Z="0"/><Vertex X="19416" Y="14518" Z="0"/><Vertex X="19492" Y="14468" Z="0"/><Vertex X="19542" Y="14418" Z="0"/><Vertex X="19592" Y="14418" Z="0"/><Vertex X="19592" Y="14367" Z="0"/><Vertex X="19617" Y="14367" Z="0"/><Vertex X="19617" Y="14292" Z="0"/><Vertex X="19668" Y="14292" Z="0"/><Vertex X="19668" Y="14267" Z="0"/><Vertex X="19718" Y="14192" Z="0"/><Vertex X="19718" Y="14116" Z="0"/><Vertex X="19743" Y="14091" Z="0"/><Vertex X="19743" Y="13991" Z="0"/><Vertex X="19743" Y="13940" Z="0"/><Vertex X="19743" Y="13890" Z="0"/><Vertex X="19743" Y="13840" Z="0"/><Vertex X="19743" Y="13765" Z="0"/><Vertex X="19693" Y="13689" Z="0"/><Vertex X="19617" Y="13639" Z="0"/><Vertex X="19567" Y="13639" Z="0"/><Vertex X="19517" Y="13589" Z="0"/><Vertex X="19492" Y="13589" Z="0"/><Vertex X="19441" Y="13589" Z="0"/><Vertex X="19391" Y="13538" Z="0"/><Vertex X="19316" Y="13538" Z="0"/><Vertex X="19266" Y="13538" Z="0"/><Vertex X="19241" Y="13538" Z="0"/><Vertex X="19190" Y="13488" Z="0"/><Vertex X="19140" Y="13488" Z="0"/><Vertex X="19115" Y="13488" Z="0"/><Vertex X="19065" Y="13488" Z="0"/><Vertex X="19014" Y="13488" Z="0"/><Vertex X="18989" Y="13438" Z="0"/><Vertex X="18939" Y="13438" Z="0"/><Vertex X="18889" Y="13438" Z="0"/><Vertex X="18864" Y="13413" Z="0"/><Vertex X="18814" Y="13413" Z="0"/><Vertex X="18763" Y="13413" Z="0"/><Vertex X="18763" Y="13363" Z="0"/><Vertex X="18713" Y="13363" Z="0"/><Vertex X="18638" Y="13363" Z="0"/><Vertex X="18638" Y="13312" Z="0"/><Vertex X="18562" Y="13312" Z="0"/><Vertex X="18487" Y="13312" Z="0"/><Vertex X="18437" Y="13312" Z="0"/><Vertex X="18387" Y="13312" Z="0"/><Vertex X="18361" Y="13312" Z="0"/><Vertex X="18311" Y="13312" Z="0"/><Vertex X="18286" Y="13312" Z="0"/><Vertex X="18236" Y="13338" Z="0"/><Vertex X="18186" Y="13338" Z="0"/><Vertex X="18160" Y="13338" Z="0"/><Vertex X="18110" Y="13338" Z="0"/><Vertex X="18110" Y="13388" Z="0"/><Vertex X="18035" Y="13388" Z="0"/><Vertex X="17985" Y="13388" Z="0"/><Vertex X="17934" Y="13388" Z="0"/><Vertex X="17909" Y="13388" Z="0"/><Vertex X="17859" Y="13388" Z="0"/><Vertex X="17809" Y="13388" Z="0"/><Vertex X="17784" Y="13388" Z="0"/><Vertex X="17708" Y="13388" Z="0"/><Vertex X="17708" Y="13413" Z="0"/><Vertex X="17658" Y="13413" Z="0"/><Vertex X="17608" Y="13413" Z="0"/><Vertex X="17608" Y="13463" Z="0"/><Vertex X="17533" Y="13463" Z="0"/><Vertex X="17507" Y="13463" Z="0"/><Vertex X="17507" Y="13513" Z="0"/><Vertex X="17482" Y="13413" Z="0"/></Vertices></Region><Region Id="4" Type="0" Zoom="0.039812" Selected="0" ImageLocation="" ImageFocus="-1" Length="26047.9" Area="22410615.0" LengthMicrons="12852.0" AreaMicrons="5455720.1" Text="" NegativeROA="0" InputRegionId="0" Analyze="1" DisplayId="4"><Attributes></Attributes><Vertices><Vertex X="9721" Y="16251" Z="0"/><Vertex X="9671" Y="16251" Z="0"/><Vertex X="9620" Y="16251" Z="0"/><Vertex X="9520" Y="16251" Z="0"/><Vertex X="9495" Y="16251" Z="0"/><Vertex X="9445" Y="16276" Z="0"/><Vertex X="9394" Y="16276" Z="0"/><Vertex X="9344" Y="16327" Z="0"/><Vertex X="9319" Y="16327" Z="0"/><Vertex X="9269" Y="16377" Z="0"/><Vertex X="9244" Y="16377" Z="0"/><Vertex X="9193" Y="16402" Z="0"/><Vertex X="9143" Y="16402" Z="0"/><Vertex X="9093" Y="16452" Z="0"/><Vertex X="9068" Y="16452" Z="0"/><Vertex X="9068" Y="16502" Z="0"/><Vertex X="8992" Y="16502" Z="0"/><Vertex X="8917" Y="16578" Z="0"/><Vertex X="8867" Y="16603" Z="0"/><Vertex X="8842" Y="16678" Z="0"/><Vertex X="8842" Y="16728" Z="0"/><Vertex X="8791" Y="16804" Z="0"/><Vertex X="8791" Y="16854" Z="0"/><Vertex X="8741" Y="16854" Z="0"/><Vertex X="8741" Y="16929" Z="0"/><Vertex X="8741" Y="16955" Z="0"/><Vertex X="8666" Y="16955" Z="0"/><Vertex X="8666" Y="17005" Z="0"/><Vertex X="8616" Y="17055" Z="0"/><Vertex X="8565" Y="17055" Z="0"/><Vertex X="8565" Y="17105" Z="0"/><Vertex X="8490" Y="17105" Z="0"/><Vertex X="8440" Y="17130" Z="0"/><Vertex X="8364" Y="17130" Z="0"/><Vertex X="8364" Y="17181" Z="0"/><Vertex X="8289" Y="17181" Z="0"/><Vertex X="8239" Y="17231" Z="0"/><Vertex X="8214" Y="17281" Z="0"/><Vertex X="8214" Y="17331" Z="0"/><Vertex X="8164" Y="17331" Z="0"/><Vertex X="8164" Y="17382" Z="0"/><Vertex X="8164" Y="17457" Z="0"/><Vertex X="8164" Y="17507" Z="0"/><Vertex X="8164" Y="17557" Z="0"/><Vertex X="8164" Y="17582" Z="0"/><Vertex X="8164" Y="17658" Z="0"/><Vertex X="8164" Y="17733" Z="0"/><Vertex X="8164" Y="17783" Z="0"/><Vertex X="8189" Y="17783" Z="0"/><Vertex X="8189" Y="17859" Z="0"/><Vertex X="8214" Y="17859" Z="0"/><Vertex X="8214" Y="17934" Z="0"/><Vertex X="8289" Y="17934" Z="0"/><Vertex X="8289" Y="17959" Z="0"/><Vertex X="8364" Y="17959" Z="0"/><Vertex X="8390" Y="18009" Z="0"/><Vertex X="8465" Y="18060" Z="0"/><Vertex X="8540" Y="18110" Z="0"/><Vertex X="8616" Y="18160" Z="0"/><Vertex X="8641" Y="18160" Z="0"/><Vertex X="8691" Y="18185" Z="0"/><Vertex X="8791" Y="18236" Z="0"/><Vertex X="8842" Y="18236" Z="0"/><Vertex X="8867" Y="18236" Z="0"/><Vertex X="8917" Y="18286" Z="0"/><Vertex X="8992" Y="18286" Z="0"/><Vertex X="9043" Y="18286" Z="0"/><Vertex X="9118" Y="18286" Z="0"/><Vertex X="9118" Y="18336" Z="0"/><Vertex X="9193" Y="18336" Z="0"/><Vertex X="9244" Y="18336" Z="0"/><Vertex X="9294" Y="18336" Z="0"/><Vertex X="9369" Y="18336" Z="0"/><Vertex X="9394" Y="18336" Z="0"/><Vertex X="9445" Y="18336" Z="0"/><Vertex X="9495" Y="18336" Z="0"/><Vertex X="9545" Y="18311" Z="0"/><Vertex X="9620" Y="18311" Z="0"/><Vertex X="9671" Y="18311" Z="0"/><Vertex X="9696" Y="18311" Z="0"/><Vertex X="9746" Y="18311" Z="0"/><Vertex X="9771" Y="18311" Z="0"/><Vertex X="9821" Y="18311" Z="0"/><Vertex X="9897" Y="18311" Z="0"/><Vertex X="9947" Y="18311" Z="0"/><Vertex X="10022" Y="18311" Z="0"/><Vertex X="10098" Y="18311" Z="0"/><Vertex X="10148" Y="18311" Z="0"/><Vertex X="10198" Y="18336" Z="0"/><Vertex X="10248" Y="18336" Z="0"/><Vertex X="10299" Y="18336" Z="0"/><Vertex X="10299" Y="18361" Z="0"/><Vertex X="10349" Y="18361" Z="0"/><Vertex X="10399" Y="18361" Z="0"/><Vertex X="10424" Y="18411" Z="0"/><Vertex X="10474" Y="18462" Z="0"/><Vertex X="10550" Y="18512" Z="0"/><Vertex X="10600" Y="18512" Z="0"/><Vertex X="10600" Y="18537" Z="0"/><Vertex X="10650" Y="18537" Z="0"/><Vertex X="10726" Y="18537" Z="0"/><Vertex X="10776" Y="18537" Z="0"/><Vertex X="10801" Y="18537" Z="0"/><Vertex X="10851" Y="18587" Z="0"/><Vertex X="10876" Y="18587" Z="0"/><Vertex X="10927" Y="18587" Z="0"/><Vertex X="10977" Y="18587" Z="0"/><Vertex X="11002" Y="18637" Z="0"/><Vertex X="11052" Y="18637" Z="0"/><Vertex X="11102" Y="18637" Z="0"/><Vertex X="11127" Y="18637" Z="0"/><Vertex X="11178" Y="18688" Z="0"/><Vertex X="11228" Y="18688" Z="0"/><Vertex X="11253" Y="18688" Z="0"/><Vertex X="11303" Y="18688" Z="0"/><Vertex X="11328" Y="18688" Z="0"/><Vertex X="11379" Y="18738" Z="0"/><Vertex X="11429" Y="18738" Z="0"/><Vertex X="11454" Y="18738" Z="0"/><Vertex X="11529" Y="18738" Z="0"/><Vertex X="11529" Y="18763" Z="0"/><Vertex X="11605" Y="18763" Z="0"/><Vertex X="11655" Y="18763" Z="0"/><Vertex X="11655" Y="18813" Z="0"/><Vertex X="11730" Y="18813" Z="0"/><Vertex X="11781" Y="18813" Z="0"/><Vertex X="11881" Y="18863" Z="0"/><Vertex X="11956" Y="18863" Z="0"/><Vertex X="12007" Y="18863" Z="0"/><Vertex X="12057" Y="18863" Z="0"/><Vertex X="12082" Y="18863" Z="0"/><Vertex X="12132" Y="18889" Z="0"/><Vertex X="12182" Y="18889" Z="0"/><Vertex X="12208" Y="18889" Z="0"/><Vertex X="12258" Y="18889" Z="0"/><Vertex X="12283" Y="18889" Z="0"/><Vertex X="12333" Y="18889" Z="0"/><Vertex X="12383" Y="18889" Z="0"/><Vertex X="12408" Y="18939" Z="0"/><Vertex X="12459" Y="18939" Z="0"/><Vertex X="12509" Y="18939" Z="0"/><Vertex X="12534" Y="18939" Z="0"/><Vertex X="12584" Y="18939" Z="0"/><Vertex X="12609" Y="18939" Z="0"/><Vertex X="12660" Y="18989" Z="0"/><Vertex X="12710" Y="18989" Z="0"/><Vertex X="12760" Y="18989" Z="0"/><Vertex X="12835" Y="19039" Z="0"/><Vertex X="12911" Y="19039" Z="0"/><Vertex X="12961" Y="19090" Z="0"/><Vertex X="13011" Y="19090" Z="0"/><Vertex X="13087" Y="19090" Z="0"/><Vertex X="13162" Y="19090" Z="0"/><Vertex X="13237" Y="19140" Z="0"/><Vertex X="13288" Y="19140" Z="0"/><Vertex X="13338" Y="19140" Z="0"/><Vertex X="13438" Y="19140" Z="0"/><Vertex X="13463" Y="19165" Z="0"/><Vertex X="13514" Y="19165" Z="0"/><Vertex X="13539" Y="19165" Z="0"/><Vertex X="13589" Y="19165" Z="0"/><Vertex X="13639" Y="19165" Z="0"/><Vertex X="13664" Y="19165" Z="0"/><Vertex X="13715" Y="19165" Z="0"/><Vertex X="13765" Y="19215" Z="0"/><Vertex X="13790" Y="19215" Z="0"/><Vertex X="13865" Y="19215" Z="0"/><Vertex X="13941" Y="19265" Z="0"/><Vertex X="13991" Y="19265" Z="0"/><Vertex X="14066" Y="19265" Z="0"/><Vertex X="14066" Y="19316" Z="0"/><Vertex X="14116" Y="19316" Z="0"/><Vertex X="14142" Y="19316" Z="0"/><Vertex X="14192" Y="19341" Z="0"/><Vertex X="14242" Y="19341" Z="0"/><Vertex X="14267" Y="19391" Z="0"/><Vertex X="14317" Y="19391" Z="0"/><Vertex X="14393" Y="19441" Z="0"/><Vertex X="14468" Y="19441" Z="0"/><Vertex X="14518" Y="19441" Z="0"/><Vertex X="14594" Y="19441" Z="0"/><Vertex X="14669" Y="19491" Z="0"/><Vertex X="14719" Y="19491" Z="0"/><Vertex X="14795" Y="19491" Z="0"/><Vertex X="14870" Y="19491" Z="0"/><Vertex X="14920" Y="19491" Z="0"/><Vertex X="14920" Y="19542" Z="0"/><Vertex X="14996" Y="19542" Z="0"/><Vertex X="15071" Y="19542" Z="0"/><Vertex X="15121" Y="19542" Z="0"/><Vertex X="15121" Y="19567" Z="0"/><Vertex X="15197" Y="19567" Z="0"/><Vertex X="15247" Y="19567" Z="0"/><Vertex X="15297" Y="19567" Z="0"/><Vertex X="15297" Y="19617" Z="0"/><Vertex X="15372" Y="19617" Z="0"/><Vertex X="15448" Y="19617" Z="0"/><Vertex X="15498" Y="19667" Z="0"/><Vertex X="15573" Y="19667" Z="0"/><Vertex X="15624" Y="19667" Z="0"/><Vertex X="15649" Y="19667" Z="0"/><Vertex X="15699" Y="19667" Z="0"/><Vertex X="15749" Y="19667" Z="0"/><Vertex X="15774" Y="19667" Z="0"/><Vertex X="15774" Y="19692" Z="0"/><Vertex X="15825" Y="19692" Z="0"/><Vertex X="15850" Y="19692" Z="0"/><Vertex X="15900" Y="19692" Z="0"/><Vertex X="15950" Y="19692" Z="0"/><Vertex X="15975" Y="19692" Z="0"/><Vertex X="16025" Y="19692" Z="0"/><Vertex X="16076" Y="19692" Z="0"/><Vertex X="16151" Y="19692" Z="0"/><Vertex X="16226" Y="19692" Z="0"/><Vertex X="16277" Y="19692" Z="0"/><Vertex X="16352" Y="19692" Z="0"/><Vertex X="16427" Y="19692" Z="0"/><Vertex X="16478" Y="19692" Z="0"/><Vertex X="16528" Y="19692" Z="0"/><Vertex X="16578" Y="19692" Z="0"/><Vertex X="16653" Y="19692" Z="0"/><Vertex X="16729" Y="19692" Z="0"/><Vertex X="16779" Y="19692" Z="0"/><Vertex X="16829" Y="19692" Z="0"/><Vertex X="16879" Y="19692" Z="0"/><Vertex X="16905" Y="19692" Z="0"/><Vertex X="16980" Y="19692" Z="0"/><Vertex X="17080" Y="19692" Z="0"/><Vertex X="17106" Y="19692" Z="0"/><Vertex X="17156" Y="19692" Z="0"/><Vertex X="17206" Y="19692" Z="0"/><Vertex X="17231" Y="19692" Z="0"/><Vertex X="17281" Y="19642" Z="0"/><Vertex X="17332" Y="19642" Z="0"/><Vertex X="17382" Y="19642" Z="0"/><Vertex X="17432" Y="19642" Z="0"/><Vertex X="17482" Y="19642" Z="0"/><Vertex X="17507" Y="19642" Z="0"/><Vertex X="17558" Y="19642" Z="0"/><Vertex X="17608" Y="19592" Z="0"/><Vertex X="17633" Y="19592" Z="0"/><Vertex X="17683" Y="19592" Z="0"/><Vertex X="17683" Y="19542" Z="0"/><Vertex X="17708" Y="19542" Z="0"/><Vertex X="17759" Y="19517" Z="0"/><Vertex X="17809" Y="19517" Z="0"/><Vertex X="17809" Y="19466" Z="0"/><Vertex X="17834" Y="19466" Z="0"/><Vertex X="17884" Y="19466" Z="0"/><Vertex X="17884" Y="19416" Z="0"/><Vertex X="17909" Y="19416" Z="0"/><Vertex X="17960" Y="19416" Z="0"/><Vertex X="17960" Y="19391" Z="0"/><Vertex X="18010" Y="19391" Z="0"/><Vertex X="18035" Y="19391" Z="0"/><Vertex X="18035" Y="19341" Z="0"/><Vertex X="18085" Y="19341" Z="0"/><Vertex X="18135" Y="19290" Z="0"/><Vertex X="18160" Y="19290" Z="0"/><Vertex X="18160" Y="19265" Z="0"/><Vertex X="18211" Y="19215" Z="0"/><Vertex X="18211" Y="19165" Z="0"/><Vertex X="18261" Y="19165" Z="0"/><Vertex X="18261" Y="19140" Z="0"/><Vertex X="18286" Y="19090" Z="0"/><Vertex X="18286" Y="19039" Z="0"/><Vertex X="18336" Y="19039" Z="0"/><Vertex X="18336" Y="19014" Z="0"/><Vertex X="18387" Y="19014" Z="0"/><Vertex X="18387" Y="18964" Z="0"/><Vertex X="18412" Y="18964" Z="0"/><Vertex X="18412" Y="18939" Z="0"/><Vertex X="18462" Y="18889" Z="0"/><Vertex X="18462" Y="18838" Z="0"/><Vertex X="18512" Y="18838" Z="0"/><Vertex X="18512" Y="18813" Z="0"/><Vertex X="18537" Y="18738" Z="0"/><Vertex X="18537" Y="18688" Z="0"/><Vertex X="18537" Y="18637" Z="0"/><Vertex X="18587" Y="18637" Z="0"/><Vertex X="18587" Y="18562" Z="0"/><Vertex X="18587" Y="18487" Z="0"/><Vertex X="18587" Y="18462" Z="0"/><Vertex X="18587" Y="18386" Z="0"/><Vertex X="18587" Y="18311" Z="0"/><Vertex X="18587" Y="18261" Z="0"/><Vertex X="18587" Y="18210" Z="0"/><Vertex X="18587" Y="18160" Z="0"/><Vertex X="18587" Y="18135" Z="0"/><Vertex X="18562" Y="18135" Z="0"/><Vertex X="18562" Y="18085" Z="0"/><Vertex X="18562" Y="18060" Z="0"/><Vertex X="18562" Y="18009" Z="0"/><Vertex X="18562" Y="17959" Z="0"/><Vertex X="18537" Y="17959" Z="0"/><Vertex X="18537" Y="17934" Z="0"/><Vertex X="18537" Y="17884" Z="0"/><Vertex X="18537" Y="17859" Z="0"/><Vertex X="18487" Y="17859" Z="0"/><Vertex X="18487" Y="17809" Z="0"/><Vertex X="18487" Y="17758" Z="0"/><Vertex X="18437" Y="17733" Z="0"/><Vertex X="18437" Y="17683" Z="0"/><Vertex X="18412" Y="17683" Z="0"/><Vertex X="18361" Y="17633" Z="0"/><Vertex X="18311" Y="17608" Z="0"/><Vertex X="18286" Y="17557" Z="0"/><Vertex X="18236" Y="17507" Z="0"/><Vertex X="18160" Y="17507" Z="0"/><Vertex X="18160" Y="17457" Z="0"/><Vertex X="18135" Y="17457" Z="0"/><Vertex X="18060" Y="17457" Z="0"/><Vertex X="18060" Y="17432" Z="0"/><Vertex X="18010" Y="17432" Z="0"/><Vertex X="17960" Y="17382" Z="0"/><Vertex X="17909" Y="17382" Z="0"/><Vertex X="17909" Y="17331" Z="0"/><Vertex X="17834" Y="17331" Z="0"/><Vertex X="17784" Y="17306" Z="0"/><Vertex X="17759" Y="17306" Z="0"/><Vertex X="17759" Y="17256" Z="0"/><Vertex X="17708" Y="17256" Z="0"/><Vertex X="17658" Y="17206" Z="0"/><Vertex X="17633" Y="17206" Z="0"/><Vertex X="17558" Y="17155" Z="0"/><Vertex X="17482" Y="17155" Z="0"/><Vertex X="17457" Y="17155" Z="0"/><Vertex X="17457" Y="17130" Z="0"/><Vertex X="17407" Y="17130" Z="0"/><Vertex X="17357" Y="17130" Z="0"/><Vertex X="17332" Y="17130" Z="0"/><Vertex X="17281" Y="17080" Z="0"/><Vertex X="17256" Y="17080" Z="0"/><Vertex X="17206" Y="17080" Z="0"/><Vertex X="17131" Y="17080" Z="0"/><Vertex X="17080" Y="17080" Z="0"/><Vertex X="17005" Y="17080" Z="0"/><Vertex X="16930" Y="17080" Z="0"/><Vertex X="16905" Y="17080" Z="0"/><Vertex X="16829" Y="17080" Z="0"/><Vertex X="16754" Y="17080" Z="0"/><Vertex X="16704" Y="17080" Z="0"/><Vertex X="16653" Y="17080" Z="0"/><Vertex X="16603" Y="17080" Z="0"/><Vertex X="16553" Y="17030" Z="0"/><Vertex X="16478" Y="17030" Z="0"/><Vertex X="16402" Y="17030" Z="0"/><Vertex X="16352" Y="17030" Z="0"/><Vertex X="16277" Y="17030" Z="0"/><Vertex X="16201" Y="17030" Z="0"/><Vertex X="16151" Y="17030" Z="0"/><Vertex X="16076" Y="17030" Z="0"/><Vertex X="16076" Y="17055" Z="0"/><Vertex X="16000" Y="17055" Z="0"/><Vertex X="15950" Y="17055" Z="0"/><Vertex X="15875" Y="17055" Z="0"/><Vertex X="15875" Y="17080" Z="0"/><Vertex X="15799" Y="17080" Z="0"/><Vertex X="15749" Y="17080" Z="0"/><Vertex X="15674" Y="17130" Z="0"/><Vertex X="15598" Y="17130" Z="0"/><Vertex X="15523" Y="17130" Z="0"/><Vertex X="15498" Y="17130" Z="0"/><Vertex X="15498" Y="17181" Z="0"/><Vertex X="15423" Y="17181" Z="0"/><Vertex X="15398" Y="17181" Z="0"/><Vertex X="15347" Y="17181" Z="0"/><Vertex X="15297" Y="17181" Z="0"/><Vertex X="15272" Y="17181" Z="0"/><Vertex X="15197" Y="17181" Z="0"/><Vertex X="15197" Y="17206" Z="0"/><Vertex X="15121" Y="17206" Z="0"/><Vertex X="15071" Y="17206" Z="0"/><Vertex X="15021" Y="17206" Z="0"/><Vertex X="14996" Y="17206" Z="0"/><Vertex X="14945" Y="17206" Z="0"/><Vertex X="14845" Y="17206" Z="0"/><Vertex X="14795" Y="17206" Z="0"/><Vertex X="14719" Y="17206" Z="0"/><Vertex X="14669" Y="17206" Z="0"/><Vertex X="14619" Y="17206" Z="0"/><Vertex X="14543" Y="17206" Z="0"/><Vertex X="14493" Y="17155" Z="0"/><Vertex X="14468" Y="17155" Z="0"/><Vertex X="14418" Y="17155" Z="0"/><Vertex X="14368" Y="17155" Z="0"/><Vertex X="14343" Y="17155" Z="0"/><Vertex X="14292" Y="17155" Z="0"/><Vertex X="14267" Y="17155" Z="0"/><Vertex X="14192" Y="17105" Z="0"/><Vertex X="14116" Y="17105" Z="0"/><Vertex X="14041" Y="17105" Z="0"/><Vertex X="14041" Y="17080" Z="0"/><Vertex X="13991" Y="17080" Z="0"/><Vertex X="13941" Y="17080" Z="0"/><Vertex X="13916" Y="17080" Z="0"/><Vertex X="13865" Y="17080" Z="0"/><Vertex X="13865" Y="17030" Z="0"/><Vertex X="13765" Y="17030" Z="0"/><Vertex X="13715" Y="17030" Z="0"/><Vertex X="13639" Y="16980" Z="0"/><Vertex X="13589" Y="16980" Z="0"/><Vertex X="13564" Y="16980" Z="0"/><Vertex X="13514" Y="16929" Z="0"/><Vertex X="13463" Y="16929" Z="0"/><Vertex X="13438" Y="16929" Z="0"/><Vertex X="13388" Y="16904" Z="0"/><Vertex X="13338" Y="16904" Z="0"/><Vertex X="13313" Y="16904" Z="0"/><Vertex X="13262" Y="16854" Z="0"/><Vertex X="13212" Y="16854" Z="0"/><Vertex X="13187" Y="16854" Z="0"/><Vertex X="13137" Y="16854" Z="0"/><Vertex X="13087" Y="16804" Z="0"/><Vertex X="13062" Y="16804" Z="0"/><Vertex X="12961" Y="16804" Z="0"/><Vertex X="12886" Y="16754" Z="0"/><Vertex X="12810" Y="16754" Z="0"/><Vertex X="12760" Y="16754" Z="0"/><Vertex X="12710" Y="16703" Z="0"/><Vertex X="12635" Y="16703" Z="0"/><Vertex X="12609" Y="16703" Z="0"/><Vertex X="12559" Y="16678" Z="0"/><Vertex X="12509" Y="16678" Z="0"/><Vertex X="12484" Y="16678" Z="0"/><Vertex X="12434" Y="16678" Z="0"/><Vertex X="12408" Y="16678" Z="0"/><Vertex X="12358" Y="16628" Z="0"/><Vertex X="12308" Y="16628" Z="0"/><Vertex X="12283" Y="16628" Z="0"/><Vertex X="12233" Y="16628" Z="0"/><Vertex X="12182" Y="16628" Z="0"/><Vertex X="12157" Y="16578" Z="0"/><Vertex X="12107" Y="16578" Z="0"/><Vertex X="12032" Y="16578" Z="0"/><Vertex X="12007" Y="16578" Z="0"/><Vertex X="11956" Y="16578" Z="0"/><Vertex X="11906" Y="16578" Z="0"/><Vertex X="11881" Y="16578" Z="0"/><Vertex X="11831" Y="16578" Z="0"/><Vertex X="11781" Y="16528" Z="0"/><Vertex X="11755" Y="16528" Z="0"/><Vertex X="11705" Y="16528" Z="0"/><Vertex X="11680" Y="16528" Z="0"/><Vertex X="11630" Y="16528" Z="0"/><Vertex X="11580" Y="16528" Z="0"/><Vertex X="11554" Y="16528" Z="0"/><Vertex X="11479" Y="16528" Z="0"/><Vertex X="11454" Y="16528" Z="0"/><Vertex X="11454" Y="16502" Z="0"/><Vertex X="11379" Y="16502" Z="0"/><Vertex X="11303" Y="16502" Z="0"/><Vertex X="11228" Y="16502" Z="0"/><Vertex X="11178" Y="16452" Z="0"/><Vertex X="11127" Y="16452" Z="0"/><Vertex X="11102" Y="16452" Z="0"/><Vertex X="11052" Y="16452" Z="0"/><Vertex X="11002" Y="16402" Z="0"/><Vertex X="10952" Y="16402" Z="0"/><Vertex X="10876" Y="16402" Z="0"/><Vertex X="10801" Y="16402" Z="0"/><Vertex X="10751" Y="16402" Z="0"/><Vertex X="10675" Y="16402" Z="0"/><Vertex X="10600" Y="16402" Z="0"/><Vertex X="10600" Y="16352" Z="0"/><Vertex X="10575" Y="16352" Z="0"/><Vertex X="10525" Y="16352" Z="0"/><Vertex X="10474" Y="16352" Z="0"/><Vertex X="10449" Y="16352" Z="0"/><Vertex X="10399" Y="16352" Z="0"/><Vertex X="10374" Y="16352" Z="0"/><Vertex X="10324" Y="16352" Z="0"/><Vertex X="10324" Y="16327" Z="0"/><Vertex X="10273" Y="16327" Z="0"/><Vertex X="10248" Y="16327" Z="0"/><Vertex X="10173" Y="16327" Z="0"/><Vertex X="10098" Y="16327" Z="0"/><Vertex X="10073" Y="16276" Z="0"/><Vertex X="10022" Y="16276" Z="0"/><Vertex X="9972" Y="16276" Z="0"/><Vertex X="9947" Y="16276" Z="0"/><Vertex X="9947" Y="16226" Z="0"/><Vertex X="9897" Y="16226" Z="0"/><Vertex X="9872" Y="16226" Z="0"/><Vertex X="9821" Y="16226" Z="0"/><Vertex X="9746" Y="16226" Z="0"/><Vertex X="9746" Y="16251" Z="0"/><Vertex X="9721" Y="16251" Z="0"/><Vertex X="9721" Y="16226" Z="0"/><Vertex X="9721" Y="16251" Z="0"/></Vertices></Region></Regions><Plots></Plots></Annotation></Annotations>
