<Annotations MicronsPerPixel="0.493400">
	<Annotation Id="1" Name="" ReadOnly="0" NameReadOnly="0" LineColorReadOnly="0" Incremental="0" Type="4" LineColor="16711935" Visible="1" Selected="1" MarkupImagePath="" MacroName=""><Attributes></Attributes><Regions><RegionAttributeHeaders></RegionAttributeHeaders><Region Id="1" Type="0" Zoom="0.034965" Selected="0" ImageLocation="" ImageFocus="-1" Length="30951.5" Area="28582220.0" LengthMicrons="15271.5" AreaMicrons="6958157.6" Text="" NegativeROA="0" InputRegionId="0" Analyze="1" DisplayId="1"><Attributes></Attributes><Vertices><Vertex X="24110" Y="3261" Z="0"/><Vertex X="24053" Y="3261" Z="0"/><Vertex X="24024" Y="3261" Z="0"/><Vertex X="23967" Y="3261" Z="0"/><Vertex X="23967" Y="3289" Z="0"/><Vertex X="23881" Y="3289" Z="0"/><Vertex X="23853" Y="3289" Z="0"/><Vertex X="23853" Y="3318" Z="0"/><Vertex X="23795" Y="3318" Z="0"/><Vertex X="23738" Y="3375" Z="0"/><Vertex X="23710" Y="3432" Z="0"/><Vertex X="23652" Y="3461" Z="0"/><Vertex X="23595" Y="3518" Z="0"/><Vertex X="23538" Y="3575" Z="0"/><Vertex X="23481" Y="3633" Z="0"/><Vertex X="23452" Y="3690" Z="0"/><Vertex X="23395" Y="3718" Z="0"/><Vertex X="23338" Y="3776" Z="0"/><Vertex X="23338" Y="3833" Z="0"/><Vertex X="23281" Y="3833" Z="0"/><Vertex X="23281" Y="3861" Z="0"/><Vertex X="23281" Y="3919" Z="0"/><Vertex X="23252" Y="3919" Z="0"/><Vertex X="23252" Y="4004" Z="0"/><Vertex X="23252" Y="4062" Z="0"/><Vertex X="23252" Y="4147" Z="0"/><Vertex X="23252" Y="4233" Z="0"/><Vertex X="23195" Y="4290" Z="0"/><Vertex X="23195" Y="4376" Z="0"/><Vertex X="23195" Y="4462" Z="0"/><Vertex X="23195" Y="4491" Z="0"/><Vertex X="23195" Y="4548" Z="0"/><Vertex X="23195" Y="4605" Z="0"/><Vertex X="23195" Y="4634" Z="0"/><Vertex X="23195" Y="4719" Z="0"/><Vertex X="23195" Y="4777" Z="0"/><Vertex X="23138" Y="4777" Z="0"/><Vertex X="23138" Y="4834" Z="0"/><Vertex X="23138" Y="4891" Z="0"/><Vertex X="23138" Y="4920" Z="0"/><Vertex X="23138" Y="5005" Z="0"/><Vertex X="23138" Y="5063" Z="0"/><Vertex X="23138" Y="5091" Z="0"/><Vertex X="23166" Y="5148" Z="0"/><Vertex X="23166" Y="5206" Z="0"/><Vertex X="23166" Y="5263" Z="0"/><Vertex X="23223" Y="5349" Z="0"/><Vertex X="23223" Y="5434" Z="0"/><Vertex X="23223" Y="5463" Z="0"/><Vertex X="23223" Y="5520" Z="0"/><Vertex X="23281" Y="5520" Z="0"/><Vertex X="23281" Y="5549" Z="0"/><Vertex X="23281" Y="5606" Z="0"/><Vertex X="23309" Y="5606" Z="0"/><Vertex X="23309" Y="5663" Z="0"/><Vertex X="23309" Y="5692" Z="0"/><Vertex X="23366" Y="5692" Z="0"/><Vertex X="23366" Y="5778" Z="0"/><Vertex X="23366" Y="5863" Z="0"/><Vertex X="23366" Y="5921" Z="0"/><Vertex X="23366" Y="6006" Z="0"/><Vertex X="23395" Y="6006" Z="0"/><Vertex X="23395" Y="6092" Z="0"/><Vertex X="23395" Y="6121" Z="0"/><Vertex X="23395" Y="6178" Z="0"/><Vertex X="23395" Y="6207" Z="0"/><Vertex X="23395" Y="6264" Z="0"/><Vertex X="23395" Y="6321" Z="0"/><Vertex X="23395" Y="6350" Z="0"/><Vertex X="23395" Y="6407" Z="0"/><Vertex X="23395" Y="6435" Z="0"/><Vertex X="23395" Y="6493" Z="0"/><Vertex X="23395" Y="6550" Z="0"/><Vertex X="23395" Y="6578" Z="0"/><Vertex X="23452" Y="6578" Z="0"/><Vertex X="23452" Y="6636" Z="0"/><Vertex X="23509" Y="6636" Z="0"/><Vertex X="23509" Y="6664" Z="0"/><Vertex X="23538" Y="6721" Z="0"/><Vertex X="23538" Y="6779" Z="0"/><Vertex X="23595" Y="6779" Z="0"/><Vertex X="23595" Y="6807" Z="0"/><Vertex X="23652" Y="6864" Z="0"/><Vertex X="23652" Y="6922" Z="0"/><Vertex X="23681" Y="6922" Z="0"/><Vertex X="23681" Y="6950" Z="0"/><Vertex X="23681" Y="7007" Z="0"/><Vertex X="23681" Y="7065" Z="0"/><Vertex X="23738" Y="7065" Z="0"/><Vertex X="23738" Y="7093" Z="0"/><Vertex X="23738" Y="7150" Z="0"/><Vertex X="23738" Y="7179" Z="0"/><Vertex X="23738" Y="7236" Z="0"/><Vertex X="23795" Y="7236" Z="0"/><Vertex X="23795" Y="7294" Z="0"/><Vertex X="23795" Y="7322" Z="0"/><Vertex X="23824" Y="7322" Z="0"/><Vertex X="23824" Y="7379" Z="0"/><Vertex X="23824" Y="7408" Z="0"/><Vertex X="23881" Y="7408" Z="0"/><Vertex X="23881" Y="7465" Z="0"/><Vertex X="23881" Y="7522" Z="0"/><Vertex X="23881" Y="7551" Z="0"/><Vertex X="23881" Y="7608" Z="0"/><Vertex X="23881" Y="7665" Z="0"/><Vertex X="23881" Y="7723" Z="0"/><Vertex X="23881" Y="7780" Z="0"/><Vertex X="23881" Y="7808" Z="0"/><Vertex X="23881" Y="7866" Z="0"/><Vertex X="23881" Y="7894" Z="0"/><Vertex X="23881" Y="7951" Z="0"/><Vertex X="23881" Y="8009" Z="0"/><Vertex X="23853" Y="8009" Z="0"/><Vertex X="23853" Y="8037" Z="0"/><Vertex X="23853" Y="8094" Z="0"/><Vertex X="23853" Y="8180" Z="0"/><Vertex X="23853" Y="8209" Z="0"/><Vertex X="23853" Y="8266" Z="0"/><Vertex X="23853" Y="8295" Z="0"/><Vertex X="23853" Y="8380" Z="0"/><Vertex X="23853" Y="8438" Z="0"/><Vertex X="23853" Y="8466" Z="0"/><Vertex X="23853" Y="8523" Z="0"/><Vertex X="23853" Y="8552" Z="0"/><Vertex X="23853" Y="8609" Z="0"/><Vertex X="23881" Y="8666" Z="0"/><Vertex X="23881" Y="8695" Z="0"/><Vertex X="23881" Y="8752" Z="0"/><Vertex X="23938" Y="8752" Z="0"/><Vertex X="23938" Y="8809" Z="0"/><Vertex X="23938" Y="8838" Z="0"/><Vertex X="23938" Y="8924" Z="0"/><Vertex X="23938" Y="8952" Z="0"/><Vertex X="23938" Y="9010" Z="0"/><Vertex X="23967" Y="9010" Z="0"/><Vertex X="23967" Y="9067" Z="0"/><Vertex X="23967" Y="9124" Z="0"/><Vertex X="23967" Y="9181" Z="0"/><Vertex X="23967" Y="9238" Z="0"/><Vertex X="24024" Y="9267" Z="0"/><Vertex X="24024" Y="9324" Z="0"/><Vertex X="24024" Y="9353" Z="0"/><Vertex X="24081" Y="9353" Z="0"/><Vertex X="24081" Y="9410" Z="0"/><Vertex X="24081" Y="9467" Z="0"/><Vertex X="24110" Y="9467" Z="0"/><Vertex X="24110" Y="9496" Z="0"/><Vertex X="24167" Y="9553" Z="0"/><Vertex X="24167" Y="9610" Z="0"/><Vertex X="24167" Y="9639" Z="0"/><Vertex X="24224" Y="9639" Z="0"/><Vertex X="24224" Y="9696" Z="0"/><Vertex X="24224" Y="9725" Z="0"/><Vertex X="24224" Y="9782" Z="0"/><Vertex X="24224" Y="9839" Z="0"/><Vertex X="24224" Y="9868" Z="0"/><Vertex X="24224" Y="9925" Z="0"/><Vertex X="24224" Y="9953" Z="0"/><Vertex X="24224" Y="10011" Z="0"/><Vertex X="24224" Y="10068" Z="0"/><Vertex X="24224" Y="10096" Z="0"/><Vertex X="24224" Y="10154" Z="0"/><Vertex X="24224" Y="10182" Z="0"/><Vertex X="24224" Y="10268" Z="0"/><Vertex X="24224" Y="10325" Z="0"/><Vertex X="24224" Y="10354" Z="0"/><Vertex X="24224" Y="10411" Z="0"/><Vertex X="24224" Y="10468" Z="0"/><Vertex X="24224" Y="10497" Z="0"/><Vertex X="24224" Y="10554" Z="0"/><Vertex X="24224" Y="10583" Z="0"/><Vertex X="24224" Y="10640" Z="0"/><Vertex X="24224" Y="10697" Z="0"/><Vertex X="24224" Y="10783" Z="0"/><Vertex X="24224" Y="10840" Z="0"/><Vertex X="24224" Y="10869" Z="0"/><Vertex X="24224" Y="10926" Z="0"/><Vertex X="24224" Y="10983" Z="0"/><Vertex X="24224" Y="11040" Z="0"/><Vertex X="24224" Y="11126" Z="0"/><Vertex X="24224" Y="11212" Z="0"/><Vertex X="24224" Y="11240" Z="0"/><Vertex X="24224" Y="11326" Z="0"/><Vertex X="24196" Y="11326" Z="0"/><Vertex X="24196" Y="11383" Z="0"/><Vertex X="24196" Y="11412" Z="0"/><Vertex X="24196" Y="11469" Z="0"/><Vertex X="24196" Y="11498" Z="0"/><Vertex X="24196" Y="11555" Z="0"/><Vertex X="24196" Y="11612" Z="0"/><Vertex X="24196" Y="11641" Z="0"/><Vertex X="24139" Y="11641" Z="0"/><Vertex X="24139" Y="11727" Z="0"/><Vertex X="24139" Y="11841" Z="0"/><Vertex X="24139" Y="11898" Z="0"/><Vertex X="24139" Y="11984" Z="0"/><Vertex X="24139" Y="12070" Z="0"/><Vertex X="24139" Y="12127" Z="0"/><Vertex X="24139" Y="12213" Z="0"/><Vertex X="24139" Y="12270" Z="0"/><Vertex X="24139" Y="12299" Z="0"/><Vertex X="24139" Y="12356" Z="0"/><Vertex X="24139" Y="12384" Z="0"/><Vertex X="24139" Y="12442" Z="0"/><Vertex X="24167" Y="12442" Z="0"/><Vertex X="24167" Y="12499" Z="0"/><Vertex X="24224" Y="12499" Z="0"/><Vertex X="24253" Y="12499" Z="0"/><Vertex X="24253" Y="12527" Z="0"/><Vertex X="24310" Y="12527" Z="0"/><Vertex X="24310" Y="12585" Z="0"/><Vertex X="24367" Y="12585" Z="0"/><Vertex X="24425" Y="12613" Z="0"/><Vertex X="24482" Y="12613" Z="0"/><Vertex X="24482" Y="12670" Z="0"/><Vertex X="24510" Y="12670" Z="0"/><Vertex X="24510" Y="12728" Z="0"/><Vertex X="24568" Y="12756" Z="0"/><Vertex X="24568" Y="12813" Z="0"/><Vertex X="24625" Y="12813" Z="0"/><Vertex X="24625" Y="12871" Z="0"/><Vertex X="24625" Y="12899" Z="0"/><Vertex X="24682" Y="12956" Z="0"/><Vertex X="24682" Y="13042" Z="0"/><Vertex X="24711" Y="13042" Z="0"/><Vertex X="24711" Y="13071" Z="0"/><Vertex X="24711" Y="13128" Z="0"/><Vertex X="24711" Y="13185" Z="0"/><Vertex X="24768" Y="13185" Z="0"/><Vertex X="24768" Y="13214" Z="0"/><Vertex X="24768" Y="13271" Z="0"/><Vertex X="24796" Y="13271" Z="0"/><Vertex X="24796" Y="13300" Z="0"/><Vertex X="24854" Y="13300" Z="0"/><Vertex X="24854" Y="13357" Z="0"/><Vertex X="24911" Y="13357" Z="0"/><Vertex X="24911" Y="13414" Z="0"/><Vertex X="24939" Y="13443" Z="0"/><Vertex X="24939" Y="13500" Z="0"/><Vertex X="24997" Y="13557" Z="0"/><Vertex X="24997" Y="13586" Z="0"/><Vertex X="25054" Y="13586" Z="0"/><Vertex X="25054" Y="13671" Z="0"/><Vertex X="25111" Y="13729" Z="0"/><Vertex X="25111" Y="13757" Z="0"/><Vertex X="25140" Y="13814" Z="0"/><Vertex X="25140" Y="13872" Z="0"/><Vertex X="25140" Y="13900" Z="0"/><Vertex X="25197" Y="13957" Z="0"/><Vertex X="25197" Y="14015" Z="0"/><Vertex X="25197" Y="14043" Z="0"/><Vertex X="25254" Y="14043" Z="0"/><Vertex X="25254" Y="14100" Z="0"/><Vertex X="25254" Y="14129" Z="0"/><Vertex X="25283" Y="14129" Z="0"/><Vertex X="25283" Y="14186" Z="0"/><Vertex X="25340" Y="14186" Z="0"/><Vertex X="25340" Y="14243" Z="0"/><Vertex X="25368" Y="14243" Z="0"/><Vertex X="25368" Y="14272" Z="0"/><Vertex X="25426" Y="14272" Z="0"/><Vertex X="25483" Y="14272" Z="0"/><Vertex X="25483" Y="14329" Z="0"/><Vertex X="25511" Y="14329" Z="0"/><Vertex X="25569" Y="14329" Z="0"/><Vertex X="25597" Y="14329" Z="0"/><Vertex X="25683" Y="14329" Z="0"/><Vertex X="25740" Y="14329" Z="0"/><Vertex X="25797" Y="14329" Z="0"/><Vertex X="25855" Y="14386" Z="0"/><Vertex X="25912" Y="14386" Z="0"/><Vertex X="25940" Y="14386" Z="0"/><Vertex X="25998" Y="14386" Z="0"/><Vertex X="26055" Y="14386" Z="0"/><Vertex X="26055" Y="14358" Z="0"/><Vertex X="26083" Y="14358" Z="0"/><Vertex X="26141" Y="14358" Z="0"/><Vertex X="26141" Y="14301" Z="0"/><Vertex X="26169" Y="14301" Z="0"/><Vertex X="26226" Y="14272" Z="0"/><Vertex X="26284" Y="14272" Z="0"/><Vertex X="26284" Y="14215" Z="0"/><Vertex X="26312" Y="14215" Z="0"/><Vertex X="26369" Y="14158" Z="0"/><Vertex X="26427" Y="14158" Z="0"/><Vertex X="26427" Y="14129" Z="0"/><Vertex X="26455" Y="14129" Z="0"/><Vertex X="26512" Y="14072" Z="0"/><Vertex X="26570" Y="14072" Z="0"/><Vertex X="26627" Y="14015" Z="0"/><Vertex X="26655" Y="14015" Z="0"/><Vertex X="26713" Y="14015" Z="0"/><Vertex X="26770" Y="14015" Z="0"/><Vertex X="26856" Y="14015" Z="0"/><Vertex X="26856" Y="13986" Z="0"/><Vertex X="26913" Y="13986" Z="0"/><Vertex X="26941" Y="13986" Z="0"/><Vertex X="26999" Y="13986" Z="0"/><Vertex X="27027" Y="13986" Z="0"/><Vertex X="27113" Y="13986" Z="0"/><Vertex X="27170" Y="13986" Z="0"/><Vertex X="27170" Y="13929" Z="0"/><Vertex X="27199" Y="13929" Z="0"/><Vertex X="27256" Y="13929" Z="0"/><Vertex X="27313" Y="13929" Z="0"/><Vertex X="27313" Y="13872" Z="0"/><Vertex X="27370" Y="13872" Z="0"/><Vertex X="27428" Y="13843" Z="0"/><Vertex X="27485" Y="13786" Z="0"/><Vertex X="27485" Y="13729" Z="0"/><Vertex X="27542" Y="13671" Z="0"/><Vertex X="27542" Y="13643" Z="0"/><Vertex X="27542" Y="13557" Z="0"/><Vertex X="27542" Y="13443" Z="0"/><Vertex X="27542" Y="13414" Z="0"/><Vertex X="27542" Y="13357" Z="0"/><Vertex X="27571" Y="13300" Z="0"/><Vertex X="27571" Y="13271" Z="0"/><Vertex X="27571" Y="13214" Z="0"/><Vertex X="27571" Y="13157" Z="0"/><Vertex X="27571" Y="13071" Z="0"/><Vertex X="27571" Y="13014" Z="0"/><Vertex X="27571" Y="12985" Z="0"/><Vertex X="27571" Y="12928" Z="0"/><Vertex X="27571" Y="12842" Z="0"/><Vertex X="27571" Y="12813" Z="0"/><Vertex X="27571" Y="12756" Z="0"/><Vertex X="27571" Y="12728" Z="0"/><Vertex X="27571" Y="12670" Z="0"/><Vertex X="27628" Y="12613" Z="0"/><Vertex X="27628" Y="12585" Z="0"/><Vertex X="27628" Y="12527" Z="0"/><Vertex X="27628" Y="12470" Z="0"/><Vertex X="27685" Y="12442" Z="0"/><Vertex X="27685" Y="12384" Z="0"/><Vertex X="27685" Y="12327" Z="0"/><Vertex X="27714" Y="12327" Z="0"/><Vertex X="27714" Y="12299" Z="0"/><Vertex X="27714" Y="12241" Z="0"/><Vertex X="27714" Y="12213" Z="0"/><Vertex X="27771" Y="12156" Z="0"/><Vertex X="27771" Y="12098" Z="0"/><Vertex X="27771" Y="12070" Z="0"/><Vertex X="27771" Y="12013" Z="0"/><Vertex X="27771" Y="11955" Z="0"/><Vertex X="27771" Y="11927" Z="0"/><Vertex X="27771" Y="11870" Z="0"/><Vertex X="27771" Y="11841" Z="0"/><Vertex X="27771" Y="11755" Z="0"/><Vertex X="27771" Y="11698" Z="0"/><Vertex X="27771" Y="11669" Z="0"/><Vertex X="27771" Y="11612" Z="0"/><Vertex X="27771" Y="11584" Z="0"/><Vertex X="27714" Y="11584" Z="0"/><Vertex X="27714" Y="11526" Z="0"/><Vertex X="27714" Y="11469" Z="0"/><Vertex X="27656" Y="11469" Z="0"/><Vertex X="27656" Y="11412" Z="0"/><Vertex X="27628" Y="11326" Z="0"/><Vertex X="27628" Y="11269" Z="0"/><Vertex X="27571" Y="11269" Z="0"/><Vertex X="27571" Y="11212" Z="0"/><Vertex X="27513" Y="11155" Z="0"/><Vertex X="27513" Y="11097" Z="0"/><Vertex X="27513" Y="11069" Z="0"/><Vertex X="27456" Y="11012" Z="0"/><Vertex X="27456" Y="10954" Z="0"/><Vertex X="27456" Y="10926" Z="0"/><Vertex X="27456" Y="10840" Z="0"/><Vertex X="27456" Y="10754" Z="0"/><Vertex X="27456" Y="10697" Z="0"/><Vertex X="27428" Y="10640" Z="0"/><Vertex X="27428" Y="10583" Z="0"/><Vertex X="27370" Y="10554" Z="0"/><Vertex X="27370" Y="10497" Z="0"/><Vertex X="27370" Y="10440" Z="0"/><Vertex X="27370" Y="10411" Z="0"/><Vertex X="27313" Y="10354" Z="0"/><Vertex X="27313" Y="10297" Z="0"/><Vertex X="27256" Y="10268" Z="0"/><Vertex X="27199" Y="10182" Z="0"/><Vertex X="27170" Y="10182" Z="0"/><Vertex X="27113" Y="10125" Z="0"/><Vertex X="27056" Y="10125" Z="0"/><Vertex X="27027" Y="10068" Z="0"/><Vertex X="26941" Y="10068" Z="0"/><Vertex X="26856" Y="10011" Z="0"/><Vertex X="26798" Y="10011" Z="0"/><Vertex X="26798" Y="9982" Z="0"/><Vertex X="26741" Y="9982" Z="0"/><Vertex X="26684" Y="9925" Z="0"/><Vertex X="26655" Y="9925" Z="0"/><Vertex X="26655" Y="9868" Z="0"/><Vertex X="26598" Y="9868" Z="0"/><Vertex X="26598" Y="9839" Z="0"/><Vertex X="26541" Y="9782" Z="0"/><Vertex X="26541" Y="9725" Z="0"/><Vertex X="26512" Y="9725" Z="0"/><Vertex X="26512" Y="9696" Z="0"/><Vertex X="26455" Y="9610" Z="0"/><Vertex X="26455" Y="9553" Z="0"/><Vertex X="26398" Y="9553" Z="0"/><Vertex X="26398" Y="9524" Z="0"/><Vertex X="26312" Y="9467" Z="0"/><Vertex X="26284" Y="9410" Z="0"/><Vertex X="26226" Y="9353" Z="0"/><Vertex X="26169" Y="9324" Z="0"/><Vertex X="26169" Y="9267" Z="0"/><Vertex X="26112" Y="9267" Z="0"/><Vertex X="26112" Y="9210" Z="0"/><Vertex X="26083" Y="9210" Z="0"/><Vertex X="26083" Y="9181" Z="0"/><Vertex X="26026" Y="9181" Z="0"/><Vertex X="26026" Y="9124" Z="0"/><Vertex X="25998" Y="9124" Z="0"/><Vertex X="25998" Y="9095" Z="0"/><Vertex X="25998" Y="9038" Z="0"/><Vertex X="25998" Y="8981" Z="0"/><Vertex X="25998" Y="8952" Z="0"/><Vertex X="25998" Y="8895" Z="0"/><Vertex X="25940" Y="8895" Z="0"/><Vertex X="25940" Y="8809" Z="0"/><Vertex X="25940" Y="8752" Z="0"/><Vertex X="25940" Y="8666" Z="0"/><Vertex X="25940" Y="8581" Z="0"/><Vertex X="25940" Y="8523" Z="0"/><Vertex X="25883" Y="8523" Z="0"/><Vertex X="25883" Y="8466" Z="0"/><Vertex X="25883" Y="8438" Z="0"/><Vertex X="25883" Y="8380" Z="0"/><Vertex X="25855" Y="8380" Z="0"/><Vertex X="25855" Y="8323" Z="0"/><Vertex X="25855" Y="8295" Z="0"/><Vertex X="25855" Y="8237" Z="0"/><Vertex X="25855" Y="8209" Z="0"/><Vertex X="25883" Y="8152" Z="0"/><Vertex X="25883" Y="8094" Z="0"/><Vertex X="25912" Y="8094" Z="0"/><Vertex X="25912" Y="8066" Z="0"/><Vertex X="25969" Y="8066" Z="0"/><Vertex X="25969" Y="8009" Z="0"/><Vertex X="25998" Y="8009" Z="0"/><Vertex X="25998" Y="7951" Z="0"/><Vertex X="26055" Y="7951" Z="0"/><Vertex X="26055" Y="7923" Z="0"/><Vertex X="26112" Y="7923" Z="0"/><Vertex X="26141" Y="7866" Z="0"/><Vertex X="26141" Y="7808" Z="0"/><Vertex X="26198" Y="7808" Z="0"/><Vertex X="26198" Y="7780" Z="0"/><Vertex X="26198" Y="7694" Z="0"/><Vertex X="26255" Y="7694" Z="0"/><Vertex X="26255" Y="7665" Z="0"/><Vertex X="26255" Y="7608" Z="0"/><Vertex X="26255" Y="7551" Z="0"/><Vertex X="26255" Y="7522" Z="0"/><Vertex X="26255" Y="7465" Z="0"/><Vertex X="26255" Y="7437" Z="0"/><Vertex X="26226" Y="7379" Z="0"/><Vertex X="26226" Y="7322" Z="0"/><Vertex X="26226" Y="7294" Z="0"/><Vertex X="26169" Y="7236" Z="0"/><Vertex X="26169" Y="7179" Z="0"/><Vertex X="26169" Y="7150" Z="0"/><Vertex X="26169" Y="7093" Z="0"/><Vertex X="26112" Y="7093" Z="0"/><Vertex X="26112" Y="7036" Z="0"/><Vertex X="26112" Y="7007" Z="0"/><Vertex X="26112" Y="6922" Z="0"/><Vertex X="26112" Y="6836" Z="0"/><Vertex X="26083" Y="6807" Z="0"/><Vertex X="26083" Y="6750" Z="0"/><Vertex X="26083" Y="6721" Z="0"/><Vertex X="26026" Y="6721" Z="0"/><Vertex X="26026" Y="6664" Z="0"/><Vertex X="26026" Y="6607" Z="0"/><Vertex X="25969" Y="6578" Z="0"/><Vertex X="25969" Y="6521" Z="0"/><Vertex X="25969" Y="6435" Z="0"/><Vertex X="25940" Y="6435" Z="0"/><Vertex X="25940" Y="6407" Z="0"/><Vertex X="25940" Y="6350" Z="0"/><Vertex X="25940" Y="6292" Z="0"/><Vertex X="25940" Y="6264" Z="0"/><Vertex X="25883" Y="6207" Z="0"/><Vertex X="25883" Y="6149" Z="0"/><Vertex X="25883" Y="6121" Z="0"/><Vertex X="25883" Y="6064" Z="0"/><Vertex X="25883" Y="6035" Z="0"/><Vertex X="25883" Y="5978" Z="0"/><Vertex X="25826" Y="5978" Z="0"/><Vertex X="25826" Y="5921" Z="0"/><Vertex X="25826" Y="5892" Z="0"/><Vertex X="25826" Y="5835" Z="0"/><Vertex X="25797" Y="5835" Z="0"/><Vertex X="25797" Y="5806" Z="0"/><Vertex X="25797" Y="5749" Z="0"/><Vertex X="25797" Y="5692" Z="0"/><Vertex X="25740" Y="5692" Z="0"/><Vertex X="25740" Y="5663" Z="0"/><Vertex X="25740" Y="5606" Z="0"/><Vertex X="25683" Y="5577" Z="0"/><Vertex X="25683" Y="5520" Z="0"/><Vertex X="25683" Y="5463" Z="0"/><Vertex X="25683" Y="5434" Z="0"/><Vertex X="25683" Y="5349" Z="0"/><Vertex X="25683" Y="5263" Z="0"/><Vertex X="25683" Y="5234" Z="0"/><Vertex X="25683" Y="5177" Z="0"/><Vertex X="25683" Y="5091" Z="0"/><Vertex X="25683" Y="5063" Z="0"/><Vertex X="25683" Y="5005" Z="0"/><Vertex X="25683" Y="4977" Z="0"/><Vertex X="25683" Y="4920" Z="0"/><Vertex X="25683" Y="4862" Z="0"/><Vertex X="25712" Y="4834" Z="0"/><Vertex X="25712" Y="4777" Z="0"/><Vertex X="25712" Y="4748" Z="0"/><Vertex X="25712" Y="4691" Z="0"/><Vertex X="25712" Y="4634" Z="0"/><Vertex X="25712" Y="4605" Z="0"/><Vertex X="25712" Y="4548" Z="0"/><Vertex X="25712" Y="4519" Z="0"/><Vertex X="25712" Y="4462" Z="0"/><Vertex X="25712" Y="4405" Z="0"/><Vertex X="25712" Y="4376" Z="0"/><Vertex X="25712" Y="4319" Z="0"/><Vertex X="25712" Y="4290" Z="0"/><Vertex X="25712" Y="4233" Z="0"/><Vertex X="25712" Y="4176" Z="0"/><Vertex X="25712" Y="4147" Z="0"/><Vertex X="25712" Y="4090" Z="0"/><Vertex X="25769" Y="4033" Z="0"/><Vertex X="25769" Y="4004" Z="0"/><Vertex X="25769" Y="3947" Z="0"/><Vertex X="25797" Y="3947" Z="0"/><Vertex X="25797" Y="3919" Z="0"/><Vertex X="25855" Y="3861" Z="0"/><Vertex X="25855" Y="3804" Z="0"/><Vertex X="25855" Y="3776" Z="0"/><Vertex X="25855" Y="3718" Z="0"/><Vertex X="25855" Y="3661" Z="0"/><Vertex X="25855" Y="3633" Z="0"/><Vertex X="25855" Y="3575" Z="0"/><Vertex X="25855" Y="3547" Z="0"/><Vertex X="25797" Y="3547" Z="0"/><Vertex X="25797" Y="3490" Z="0"/><Vertex X="25740" Y="3490" Z="0"/><Vertex X="25712" Y="3432" Z="0"/><Vertex X="25654" Y="3432" Z="0"/><Vertex X="25597" Y="3375" Z="0"/><Vertex X="25569" Y="3375" Z="0"/><Vertex X="25511" Y="3375" Z="0"/><Vertex X="25511" Y="3347" Z="0"/><Vertex X="25454" Y="3347" Z="0"/><Vertex X="25426" Y="3347" Z="0"/><Vertex X="25368" Y="3347" Z="0"/><Vertex X="25340" Y="3347" Z="0"/><Vertex X="25283" Y="3347" Z="0"/><Vertex X="25283" Y="3289" Z="0"/><Vertex X="25225" Y="3289" Z="0"/><Vertex X="25197" Y="3289" Z="0"/><Vertex X="25140" Y="3289" Z="0"/><Vertex X="25082" Y="3289" Z="0"/><Vertex X="25025" Y="3289" Z="0"/><Vertex X="24968" Y="3289" Z="0"/><Vertex X="24968" Y="3261" Z="0"/><Vertex X="24939" Y="3261" Z="0"/><Vertex X="24882" Y="3261" Z="0"/><Vertex X="24854" Y="3261" Z="0"/><Vertex X="24796" Y="3261" Z="0"/><Vertex X="24711" Y="3261" Z="0"/><Vertex X="24653" Y="3261" Z="0"/><Vertex X="24596" Y="3261" Z="0"/><Vertex X="24539" Y="3261" Z="0"/><Vertex X="24482" Y="3261" Z="0"/><Vertex X="24396" Y="3261" Z="0"/><Vertex X="24339" Y="3261" Z="0"/><Vertex X="24310" Y="3261" Z="0"/><Vertex X="24253" Y="3261" Z="0"/><Vertex X="24224" Y="3261" Z="0"/><Vertex X="24196" Y="3261" Z="0"/><Vertex X="24167" Y="3261" Z="0"/><Vertex X="24110" Y="3261" Z="0"/></Vertices></Region><Region Id="2" Type="0" Zoom="0.034965" Selected="0" ImageLocation="" ImageFocus="-1" Length="11746.4" Area="7445175.0" LengthMicrons="5795.7" AreaMicrons="1812480.0" Text="" NegativeROA="0" InputRegionId="0" Analyze="1" DisplayId="2"><Attributes></Attributes><Vertices><Vertex X="28600" Y="5520" Z="0"/><Vertex X="28657" Y="5520" Z="0"/><Vertex X="28686" Y="5520" Z="0"/><Vertex X="28743" Y="5520" Z="0"/><Vertex X="28772" Y="5520" Z="0"/><Vertex X="28772" Y="5492" Z="0"/><Vertex X="28829" Y="5492" Z="0"/><Vertex X="28886" Y="5434" Z="0"/><Vertex X="28915" Y="5434" Z="0"/><Vertex X="28972" Y="5377" Z="0"/><Vertex X="29058" Y="5377" Z="0"/><Vertex X="29144" Y="5377" Z="0"/><Vertex X="29201" Y="5377" Z="0"/><Vertex X="29287" Y="5377" Z="0"/><Vertex X="29372" Y="5377" Z="0"/><Vertex X="29430" Y="5377" Z="0"/><Vertex X="29487" Y="5377" Z="0"/><Vertex X="29515" Y="5377" Z="0"/><Vertex X="29573" Y="5377" Z="0"/><Vertex X="29630" Y="5377" Z="0"/><Vertex X="29630" Y="5320" Z="0"/><Vertex X="29687" Y="5320" Z="0"/><Vertex X="29773" Y="5320" Z="0"/><Vertex X="29773" Y="5291" Z="0"/><Vertex X="29830" Y="5291" Z="0"/><Vertex X="29887" Y="5291" Z="0"/><Vertex X="29887" Y="5234" Z="0"/><Vertex X="29944" Y="5234" Z="0"/><Vertex X="29973" Y="5234" Z="0"/><Vertex X="30030" Y="5234" Z="0"/><Vertex X="30087" Y="5234" Z="0"/><Vertex X="30087" Y="5206" Z="0"/><Vertex X="30116" Y="5206" Z="0"/><Vertex X="30202" Y="5148" Z="0"/><Vertex X="30288" Y="5091" Z="0"/><Vertex X="30345" Y="5034" Z="0"/><Vertex X="30373" Y="4977" Z="0"/><Vertex X="30431" Y="4920" Z="0"/><Vertex X="30488" Y="4862" Z="0"/><Vertex X="30488" Y="4805" Z="0"/><Vertex X="30545" Y="4805" Z="0"/><Vertex X="30545" Y="4777" Z="0"/><Vertex X="30574" Y="4719" Z="0"/><Vertex X="30574" Y="4634" Z="0"/><Vertex X="30602" Y="4634" Z="0"/><Vertex X="30602" Y="4548" Z="0"/><Vertex X="30602" Y="4491" Z="0"/><Vertex X="30602" Y="4433" Z="0"/><Vertex X="30602" Y="4376" Z="0"/><Vertex X="30602" Y="4290" Z="0"/><Vertex X="30602" Y="4233" Z="0"/><Vertex X="30602" Y="4205" Z="0"/><Vertex X="30602" Y="4147" Z="0"/><Vertex X="30545" Y="4147" Z="0"/><Vertex X="30545" Y="4090" Z="0"/><Vertex X="30516" Y="4090" Z="0"/><Vertex X="30516" Y="4062" Z="0"/><Vertex X="30459" Y="4062" Z="0"/><Vertex X="30459" Y="4004" Z="0"/><Vertex X="30431" Y="4004" Z="0"/><Vertex X="30431" Y="3976" Z="0"/><Vertex X="30373" Y="3976" Z="0"/><Vertex X="30316" Y="3919" Z="0"/><Vertex X="30259" Y="3919" Z="0"/><Vertex X="30202" Y="3861" Z="0"/><Vertex X="30145" Y="3861" Z="0"/><Vertex X="30116" Y="3861" Z="0"/><Vertex X="30116" Y="3804" Z="0"/><Vertex X="30059" Y="3804" Z="0"/><Vertex X="30059" Y="3776" Z="0"/><Vertex X="30002" Y="3776" Z="0"/><Vertex X="30002" Y="3718" Z="0"/><Vertex X="29973" Y="3718" Z="0"/><Vertex X="29973" Y="3690" Z="0"/><Vertex X="29916" Y="3690" Z="0"/><Vertex X="29916" Y="3633" Z="0"/><Vertex X="29859" Y="3575" Z="0"/><Vertex X="29830" Y="3547" Z="0"/><Vertex X="29830" Y="3490" Z="0"/><Vertex X="29773" Y="3490" Z="0"/><Vertex X="29773" Y="3432" Z="0"/><Vertex X="29716" Y="3404" Z="0"/><Vertex X="29658" Y="3347" Z="0"/><Vertex X="29630" Y="3289" Z="0"/><Vertex X="29630" Y="3232" Z="0"/><Vertex X="29573" Y="3232" Z="0"/><Vertex X="29573" Y="3204" Z="0"/><Vertex X="29515" Y="3204" Z="0"/><Vertex X="29515" Y="3146" Z="0"/><Vertex X="29487" Y="3089" Z="0"/><Vertex X="29487" Y="3061" Z="0"/><Vertex X="29430" Y="3061" Z="0"/><Vertex X="29430" Y="2975" Z="0"/><Vertex X="29430" Y="2889" Z="0"/><Vertex X="29401" Y="2889" Z="0"/><Vertex X="29401" Y="2832" Z="0"/><Vertex X="29401" Y="2775" Z="0"/><Vertex X="29401" Y="2746" Z="0"/><Vertex X="29401" Y="2660" Z="0"/><Vertex X="29344" Y="2660" Z="0"/><Vertex X="29344" Y="2574" Z="0"/><Vertex X="29287" Y="2517" Z="0"/><Vertex X="29287" Y="2460" Z="0"/><Vertex X="29258" Y="2460" Z="0"/><Vertex X="29258" Y="2403" Z="0"/><Vertex X="29258" Y="2374" Z="0"/><Vertex X="29201" Y="2288" Z="0"/><Vertex X="29201" Y="2231" Z="0"/><Vertex X="29144" Y="2231" Z="0"/><Vertex X="29086" Y="2174" Z="0"/><Vertex X="29058" Y="2174" Z="0"/><Vertex X="29001" Y="2174" Z="0"/><Vertex X="28943" Y="2174" Z="0"/><Vertex X="28915" Y="2174" Z="0"/><Vertex X="28858" Y="2174" Z="0"/><Vertex X="28829" Y="2174" Z="0"/><Vertex X="28772" Y="2174" Z="0"/><Vertex X="28715" Y="2174" Z="0"/><Vertex X="28657" Y="2174" Z="0"/><Vertex X="28600" Y="2174" Z="0"/><Vertex X="28572" Y="2174" Z="0"/><Vertex X="28514" Y="2174" Z="0"/><Vertex X="28486" Y="2174" Z="0"/><Vertex X="28486" Y="2174" Z="0"/><Vertex X="28457" Y="2174" Z="0"/><Vertex X="28371" Y="2174" Z="0"/><Vertex X="28257" Y="2174" Z="0"/><Vertex X="28228" Y="2174" Z="0"/><Vertex X="28171" Y="2174" Z="0"/><Vertex X="28085" Y="2203" Z="0"/><Vertex X="28057" Y="2203" Z="0"/><Vertex X="27971" Y="2203" Z="0"/><Vertex X="27885" Y="2260" Z="0"/><Vertex X="27857" Y="2260" Z="0"/><Vertex X="27771" Y="2317" Z="0"/><Vertex X="27714" Y="2317" Z="0"/><Vertex X="27656" Y="2346" Z="0"/><Vertex X="27628" Y="2431" Z="0"/><Vertex X="27628" Y="2489" Z="0"/><Vertex X="27571" Y="2489" Z="0"/><Vertex X="27571" Y="2574" Z="0"/><Vertex X="27571" Y="2632" Z="0"/><Vertex X="27571" Y="2689" Z="0"/><Vertex X="27513" Y="2717" Z="0"/><Vertex X="27513" Y="2775" Z="0"/><Vertex X="27513" Y="2832" Z="0"/><Vertex X="27513" Y="2860" Z="0"/><Vertex X="27513" Y="2918" Z="0"/><Vertex X="27513" Y="2946" Z="0"/><Vertex X="27513" Y="3061" Z="0"/><Vertex X="27456" Y="3118" Z="0"/><Vertex X="27456" Y="3204" Z="0"/><Vertex X="27456" Y="3261" Z="0"/><Vertex X="27456" Y="3347" Z="0"/><Vertex X="27456" Y="3404" Z="0"/><Vertex X="27428" Y="3461" Z="0"/><Vertex X="27428" Y="3518" Z="0"/><Vertex X="27428" Y="3575" Z="0"/><Vertex X="27370" Y="3575" Z="0"/><Vertex X="27370" Y="3604" Z="0"/><Vertex X="27370" Y="3661" Z="0"/><Vertex X="27313" Y="3661" Z="0"/><Vertex X="27313" Y="3690" Z="0"/><Vertex X="27313" Y="3747" Z="0"/><Vertex X="27285" Y="3747" Z="0"/><Vertex X="27285" Y="3804" Z="0"/><Vertex X="27285" Y="3833" Z="0"/><Vertex X="27285" Y="3919" Z="0"/><Vertex X="27285" Y="3947" Z="0"/><Vertex X="27285" Y="4033" Z="0"/><Vertex X="27285" Y="4090" Z="0"/><Vertex X="27313" Y="4176" Z="0"/><Vertex X="28371" Y="5234" Z="0"/><Vertex X="28457" Y="5349" Z="0"/><Vertex X="28457" Y="5406" Z="0"/><Vertex X="28457" Y="5463" Z="0"/><Vertex X="28514" Y="5492" Z="0"/><Vertex X="28543" Y="5520" Z="0"/><Vertex X="28600" Y="5520" Z="0"/></Vertices></Region><Region Id="3" Type="0" Zoom="0.034965" Selected="0" ImageLocation="" ImageFocus="-1" Length="12703.1" Area="5855427.5" LengthMicrons="6267.7" AreaMicrons="1425466.2" Text="" NegativeROA="0" InputRegionId="0" Analyze="1" DisplayId="3"><Attributes></Attributes><Vertices><Vertex X="20707" Y="9667" Z="0"/><Vertex X="20735" Y="9667" Z="0"/><Vertex X="20792" Y="9725" Z="0"/><Vertex X="20850" Y="9725" Z="0"/><Vertex X="20850" Y="9753" Z="0"/><Vertex X="20907" Y="9810" Z="0"/><Vertex X="20907" Y="9868" Z="0"/><Vertex X="20935" Y="9868" Z="0"/><Vertex X="20935" Y="9896" Z="0"/><Vertex X="20935" Y="9953" Z="0"/><Vertex X="20935" Y="10011" Z="0"/><Vertex X="20935" Y="10039" Z="0"/><Vertex X="20935" Y="10096" Z="0"/><Vertex X="20935" Y="10125" Z="0"/><Vertex X="20935" Y="10182" Z="0"/><Vertex X="20935" Y="10239" Z="0"/><Vertex X="20993" Y="10239" Z="0"/><Vertex X="20993" Y="10268" Z="0"/><Vertex X="21050" Y="10325" Z="0"/><Vertex X="21050" Y="10382" Z="0"/><Vertex X="21078" Y="10382" Z="0"/><Vertex X="21078" Y="10411" Z="0"/><Vertex X="21136" Y="10468" Z="0"/><Vertex X="21136" Y="10525" Z="0"/><Vertex X="21193" Y="10525" Z="0"/><Vertex X="21193" Y="10554" Z="0"/><Vertex X="21193" Y="10611" Z="0"/><Vertex X="21221" Y="10611" Z="0"/><Vertex X="21221" Y="10640" Z="0"/><Vertex X="21279" Y="10640" Z="0"/><Vertex X="21279" Y="10697" Z="0"/><Vertex X="21307" Y="10697" Z="0"/><Vertex X="21307" Y="10754" Z="0"/><Vertex X="21364" Y="10754" Z="0"/><Vertex X="21364" Y="10783" Z="0"/><Vertex X="21422" Y="10783" Z="0"/><Vertex X="21450" Y="10783" Z="0"/><Vertex X="21507" Y="10783" Z="0"/><Vertex X="21565" Y="10726" Z="0"/><Vertex X="21593" Y="10726" Z="0"/><Vertex X="21650" Y="10726" Z="0"/><Vertex X="21650" Y="10697" Z="0"/><Vertex X="21679" Y="10697" Z="0"/><Vertex X="21736" Y="10697" Z="0"/><Vertex X="21736" Y="10640" Z="0"/><Vertex X="21793" Y="10640" Z="0"/><Vertex X="21822" Y="10640" Z="0"/><Vertex X="21822" Y="10611" Z="0"/><Vertex X="21879" Y="10611" Z="0"/><Vertex X="21908" Y="10611" Z="0"/><Vertex X="21965" Y="10554" Z="0"/><Vertex X="22022" Y="10554" Z="0"/><Vertex X="22051" Y="10554" Z="0"/><Vertex X="22137" Y="10554" Z="0"/><Vertex X="22137" Y="10497" Z="0"/><Vertex X="22222" Y="10497" Z="0"/><Vertex X="22251" Y="10497" Z="0"/><Vertex X="22308" Y="10440" Z="0"/><Vertex X="22365" Y="10440" Z="0"/><Vertex X="22365" Y="10411" Z="0"/><Vertex X="22365" Y="10354" Z="0"/><Vertex X="22365" Y="10297" Z="0"/><Vertex X="22365" Y="10268" Z="0"/><Vertex X="22337" Y="10211" Z="0"/><Vertex X="22337" Y="10154" Z="0"/><Vertex X="22337" Y="10096" Z="0"/><Vertex X="22337" Y="10039" Z="0"/><Vertex X="22337" Y="10011" Z="0"/><Vertex X="22337" Y="9953" Z="0"/><Vertex X="22280" Y="9953" Z="0"/><Vertex X="22280" Y="9896" Z="0"/><Vertex X="22280" Y="9839" Z="0"/><Vertex X="22280" Y="9782" Z="0"/><Vertex X="22280" Y="9696" Z="0"/><Vertex X="22280" Y="9667" Z="0"/><Vertex X="22280" Y="9610" Z="0"/><Vertex X="22280" Y="9582" Z="0"/><Vertex X="22280" Y="9524" Z="0"/><Vertex X="22280" Y="9467" Z="0"/><Vertex X="22222" Y="9439" Z="0"/><Vertex X="22222" Y="9381" Z="0"/><Vertex X="22222" Y="9296" Z="0"/><Vertex X="22194" Y="9267" Z="0"/><Vertex X="22194" Y="9210" Z="0"/><Vertex X="22137" Y="9210" Z="0"/><Vertex X="22137" Y="9153" Z="0"/><Vertex X="22137" Y="9124" Z="0"/><Vertex X="22079" Y="9124" Z="0"/><Vertex X="22079" Y="9067" Z="0"/><Vertex X="22051" Y="9010" Z="0"/><Vertex X="22051" Y="8981" Z="0"/><Vertex X="22051" Y="8924" Z="0"/><Vertex X="21994" Y="8924" Z="0"/><Vertex X="21994" Y="8895" Z="0"/><Vertex X="21994" Y="8838" Z="0"/><Vertex X="21936" Y="8781" Z="0"/><Vertex X="21936" Y="8752" Z="0"/><Vertex X="21879" Y="8695" Z="0"/><Vertex X="21879" Y="8638" Z="0"/><Vertex X="21851" Y="8638" Z="0"/><Vertex X="21851" Y="8609" Z="0"/><Vertex X="21851" Y="8552" Z="0"/><Vertex X="21793" Y="8552" Z="0"/><Vertex X="21793" Y="8523" Z="0"/><Vertex X="21736" Y="8466" Z="0"/><Vertex X="21708" Y="8409" Z="0"/><Vertex X="21708" Y="8352" Z="0"/><Vertex X="21650" Y="8352" Z="0"/><Vertex X="21650" Y="8323" Z="0"/><Vertex X="21650" Y="8266" Z="0"/><Vertex X="21593" Y="8266" Z="0"/><Vertex X="21593" Y="8237" Z="0"/><Vertex X="21536" Y="8237" Z="0"/><Vertex X="21479" Y="8180" Z="0"/><Vertex X="21422" Y="8123" Z="0"/><Vertex X="21422" Y="8066" Z="0"/><Vertex X="21393" Y="8066" Z="0"/><Vertex X="21393" Y="8037" Z="0"/><Vertex X="21336" Y="8037" Z="0"/><Vertex X="21336" Y="7980" Z="0"/><Vertex X="21279" Y="7980" Z="0"/><Vertex X="21279" Y="7951" Z="0"/><Vertex X="21250" Y="7951" Z="0"/><Vertex X="21250" Y="7894" Z="0"/><Vertex X="21250" Y="7837" Z="0"/><Vertex X="21193" Y="7837" Z="0"/><Vertex X="21193" Y="7808" Z="0"/><Vertex X="21136" Y="7751" Z="0"/><Vertex X="21107" Y="7751" Z="0"/><Vertex X="21107" Y="7694" Z="0"/><Vertex X="21050" Y="7694" Z="0"/><Vertex X="21050" Y="7665" Z="0"/><Vertex X="21021" Y="7665" Z="0"/><Vertex X="21021" Y="7608" Z="0"/><Vertex X="20964" Y="7551" Z="0"/><Vertex X="20964" Y="7522" Z="0"/><Vertex X="20907" Y="7522" Z="0"/><Vertex X="20850" Y="7465" Z="0"/><Vertex X="20821" Y="7408" Z="0"/><Vertex X="20764" Y="7351" Z="0"/><Vertex X="20707" Y="7322" Z="0"/><Vertex X="20707" Y="7265" Z="0"/><Vertex X="20678" Y="7265" Z="0"/><Vertex X="20678" Y="7236" Z="0"/><Vertex X="20621" Y="7236" Z="0"/><Vertex X="20621" Y="7179" Z="0"/><Vertex X="20564" Y="7179" Z="0"/><Vertex X="20535" Y="7179" Z="0"/><Vertex X="20535" Y="7122" Z="0"/><Vertex X="20478" Y="7122" Z="0"/><Vertex X="20449" Y="7122" Z="0"/><Vertex X="20392" Y="7122" Z="0"/><Vertex X="20335" Y="7122" Z="0"/><Vertex X="20278" Y="7122" Z="0"/><Vertex X="20192" Y="7122" Z="0"/><Vertex X="20135" Y="7122" Z="0"/><Vertex X="20106" Y="7122" Z="0"/><Vertex X="20049" Y="7122" Z="0"/><Vertex X="20020" Y="7122" Z="0"/><Vertex X="19992" Y="7122" Z="0"/><Vertex X="19906" Y="7122" Z="0"/><Vertex X="19820" Y="7122" Z="0"/><Vertex X="19763" Y="7122" Z="0"/><Vertex X="19706" Y="7122" Z="0"/><Vertex X="19677" Y="7122" Z="0"/><Vertex X="19620" Y="7122" Z="0"/><Vertex X="19563" Y="7122" Z="0"/><Vertex X="19534" Y="7122" Z="0"/><Vertex X="19477" Y="7122" Z="0"/><Vertex X="19448" Y="7122" Z="0"/><Vertex X="19448" Y="7150" Z="0"/><Vertex X="19362" Y="7150" Z="0"/><Vertex X="19305" Y="7179" Z="0"/><Vertex X="19305" Y="7236" Z="0"/><Vertex X="19248" Y="7294" Z="0"/><Vertex X="19248" Y="7351" Z="0"/><Vertex X="19248" Y="7437" Z="0"/><Vertex X="19248" Y="7522" Z="0"/><Vertex X="19248" Y="7551" Z="0"/><Vertex X="19248" Y="7608" Z="0"/><Vertex X="19248" Y="7694" Z="0"/><Vertex X="19277" Y="7751" Z="0"/><Vertex X="19277" Y="7837" Z="0"/><Vertex X="19362" Y="7837" Z="0"/><Vertex X="19362" Y="7923" Z="0"/><Vertex X="19420" Y="7923" Z="0"/><Vertex X="19420" Y="7980" Z="0"/><Vertex X="19448" Y="7980" Z="0"/><Vertex X="19448" Y="8066" Z="0"/><Vertex X="19534" Y="8066" Z="0"/><Vertex X="19534" Y="8123" Z="0"/><Vertex X="19563" Y="8123" Z="0"/><Vertex X="19563" Y="8180" Z="0"/><Vertex X="19620" Y="8180" Z="0"/><Vertex X="19620" Y="8237" Z="0"/><Vertex X="19677" Y="8237" Z="0"/><Vertex X="19677" Y="8295" Z="0"/><Vertex X="19706" Y="8295" Z="0"/><Vertex X="19706" Y="8323" Z="0"/><Vertex X="19763" Y="8323" Z="0"/><Vertex X="19849" Y="8409" Z="0"/><Vertex X="20449" Y="9496" Z="0"/><Vertex X="20278" Y="9381" Z="0"/><Vertex X="20335" Y="9381" Z="0"/><Vertex X="20335" Y="9410" Z="0"/><Vertex X="20363" Y="9410" Z="0"/><Vertex X="20363" Y="9467" Z="0"/><Vertex X="20421" Y="9467" Z="0"/><Vertex X="20421" Y="9524" Z="0"/><Vertex X="20449" Y="9524" Z="0"/><Vertex X="20506" Y="9553" Z="0"/><Vertex X="20564" Y="9553" Z="0"/><Vertex X="20621" Y="9610" Z="0"/><Vertex X="20649" Y="9610" Z="0"/><Vertex X="20707" Y="9667" Z="0"/></Vertices></Region><Region Id="4" Type="0" Zoom="0.166367" Selected="0" ImageLocation="" ImageFocus="-1" Length="8037.6" Area="2326895.0" LengthMicrons="3965.8" AreaMicrons="566467.6" Text="" NegativeROA="0" InputRegionId="0" Analyze="1" DisplayId="4"><Attributes></Attributes><Vertices><Vertex X="9960" Y="15394" Z="0"/><Vertex X="9960" Y="15388" Z="0"/><Vertex X="9960" Y="15376" Z="0"/><Vertex X="9948" Y="15364" Z="0"/><Vertex X="9948" Y="15358" Z="0"/><Vertex X="9948" Y="15346" Z="0"/><Vertex X="9936" Y="15334" Z="0"/><Vertex X="9936" Y="15328" Z="0"/><Vertex X="9936" Y="15315" Z="0"/><Vertex X="9936" Y="15309" Z="0"/><Vertex X="9936" Y="15297" Z="0"/><Vertex X="9936" Y="15285" Z="0"/><Vertex X="9930" Y="15285" Z="0"/><Vertex X="9930" Y="15279" Z="0"/><Vertex X="9930" Y="15267" Z="0"/><Vertex X="9930" Y="15261" Z="0"/><Vertex X="9930" Y="15249" Z="0"/><Vertex X="9918" Y="15249" Z="0"/><Vertex X="9918" Y="15237" Z="0"/><Vertex X="9918" Y="15231" Z="0"/><Vertex X="9918" Y="15219" Z="0"/><Vertex X="9918" Y="15213" Z="0"/><Vertex X="9918" Y="15201" Z="0"/><Vertex X="9918" Y="15189" Z="0"/><Vertex X="9906" Y="15177" Z="0"/><Vertex X="9906" Y="15159" Z="0"/><Vertex X="9906" Y="15141" Z="0"/><Vertex X="9906" Y="15129" Z="0"/><Vertex X="9906" Y="15105" Z="0"/><Vertex X="9906" Y="15093" Z="0"/><Vertex X="9906" Y="15087" Z="0"/><Vertex X="9906" Y="15075" Z="0"/><Vertex X="9906" Y="15069" Z="0"/><Vertex X="9906" Y="15057" Z="0"/><Vertex X="9912" Y="15045" Z="0"/><Vertex X="9912" Y="15039" Z="0"/><Vertex X="9912" Y="15027" Z="0"/><Vertex X="9912" Y="15015" Z="0"/><Vertex X="9912" Y="15009" Z="0"/><Vertex X="9912" Y="14997" Z="0"/><Vertex X="9912" Y="14991" Z="0"/><Vertex X="9912" Y="14979" Z="0"/><Vertex X="9912" Y="14967" Z="0"/><Vertex X="9924" Y="14961" Z="0"/><Vertex X="9924" Y="14949" Z="0"/><Vertex X="9924" Y="14937" Z="0"/><Vertex X="9924" Y="14931" Z="0"/><Vertex X="9930" Y="14919" Z="0"/><Vertex X="9930" Y="14907" Z="0"/><Vertex X="9930" Y="14901" Z="0"/><Vertex X="9930" Y="14889" Z="0"/><Vertex X="9930" Y="14883" Z="0"/><Vertex X="9930" Y="14871" Z="0"/><Vertex X="9930" Y="14859" Z="0"/><Vertex X="9930" Y="14847" Z="0"/><Vertex X="9930" Y="14829" Z="0"/><Vertex X="9930" Y="14817" Z="0"/><Vertex X="9918" Y="14805" Z="0"/><Vertex X="9918" Y="14793" Z="0"/><Vertex X="9918" Y="14781" Z="0"/><Vertex X="9918" Y="14775" Z="0"/><Vertex X="9906" Y="14762" Z="0"/><Vertex X="9906" Y="14750" Z="0"/><Vertex X="9906" Y="14738" Z="0"/><Vertex X="9900" Y="14726" Z="0"/><Vertex X="9900" Y="14714" Z="0"/><Vertex X="9882" Y="14708" Z="0"/><Vertex X="9882" Y="14696" Z="0"/><Vertex X="9870" Y="14672" Z="0"/><Vertex X="9852" Y="14654" Z="0"/><Vertex X="9834" Y="14636" Z="0"/><Vertex X="9822" Y="14618" Z="0"/><Vertex X="9810" Y="14606" Z="0"/><Vertex X="9792" Y="14600" Z="0"/><Vertex X="9780" Y="14588" Z="0"/><Vertex X="9768" Y="14576" Z="0"/><Vertex X="9743" Y="14576" Z="0"/><Vertex X="9725" Y="14564" Z="0"/><Vertex X="9719" Y="14564" Z="0"/><Vertex X="9701" Y="14552" Z="0"/><Vertex X="9683" Y="14552" Z="0"/><Vertex X="9683" Y="14546" Z="0"/><Vertex X="9677" Y="14546" Z="0"/><Vertex X="9659" Y="14546" Z="0"/><Vertex X="9641" Y="14534" Z="0"/><Vertex X="9635" Y="14534" Z="0"/><Vertex X="9623" Y="14522" Z="0"/><Vertex X="9611" Y="14522" Z="0"/><Vertex X="9611" Y="14510" Z="0"/><Vertex X="9605" Y="14510" Z="0"/><Vertex X="9605" Y="14504" Z="0"/><Vertex X="9593" Y="14504" Z="0"/><Vertex X="9593" Y="14492" Z="0"/><Vertex X="9581" Y="14480" Z="0"/><Vertex X="9581" Y="14468" Z="0"/><Vertex X="9575" Y="14468" Z="0"/><Vertex X="9575" Y="14450" Z="0"/><Vertex X="9563" Y="14450" Z="0"/><Vertex X="9563" Y="14426" Z="0"/><Vertex X="9551" Y="14426" Z="0"/><Vertex X="9551" Y="14420" Z="0"/><Vertex X="9545" Y="14408" Z="0"/><Vertex X="9545" Y="14396" Z="0"/><Vertex X="9533" Y="14390" Z="0"/><Vertex X="9533" Y="14378" Z="0"/><Vertex X="9521" Y="14366" Z="0"/><Vertex X="9521" Y="14360" Z="0"/><Vertex X="9509" Y="14348" Z="0"/><Vertex X="9509" Y="14336" Z="0"/><Vertex X="9503" Y="14324" Z="0"/><Vertex X="9503" Y="14318" Z="0"/><Vertex X="9503" Y="14306" Z="0"/><Vertex X="9503" Y="14294" Z="0"/><Vertex X="9503" Y="14276" Z="0"/><Vertex X="9503" Y="14258" Z="0"/><Vertex X="9503" Y="14246" Z="0"/><Vertex X="9503" Y="14234" Z="0"/><Vertex X="9503" Y="14222" Z="0"/><Vertex X="9503" Y="14216" Z="0"/><Vertex X="9503" Y="14203" Z="0"/><Vertex X="9503" Y="14185" Z="0"/><Vertex X="9503" Y="14173" Z="0"/><Vertex X="9503" Y="14161" Z="0"/><Vertex X="9503" Y="14155" Z="0"/><Vertex X="9503" Y="14143" Z="0"/><Vertex X="9503" Y="14131" Z="0"/><Vertex X="9503" Y="14125" Z="0"/><Vertex X="9503" Y="14113" Z="0"/><Vertex X="9503" Y="14107" Z="0"/><Vertex X="9503" Y="14095" Z="0"/><Vertex X="9503" Y="14083" Z="0"/><Vertex X="9503" Y="14071" Z="0"/><Vertex X="9503" Y="14053" Z="0"/><Vertex X="9503" Y="14035" Z="0"/><Vertex X="9503" Y="14023" Z="0"/><Vertex X="9491" Y="14023" Z="0"/><Vertex X="9491" Y="14011" Z="0"/><Vertex X="9491" Y="14005" Z="0"/><Vertex X="9479" Y="14005" Z="0"/><Vertex X="9479" Y="13993" Z="0"/><Vertex X="9473" Y="13981" Z="0"/><Vertex X="9473" Y="13975" Z="0"/><Vertex X="9461" Y="13975" Z="0"/><Vertex X="9449" Y="13963" Z="0"/><Vertex X="9443" Y="13963" Z="0"/><Vertex X="9443" Y="13951" Z="0"/><Vertex X="9431" Y="13951" Z="0"/><Vertex X="9419" Y="13951" Z="0"/><Vertex X="9419" Y="13945" Z="0"/><Vertex X="9413" Y="13945" Z="0"/><Vertex X="9401" Y="13933" Z="0"/><Vertex X="9389" Y="13933" Z="0"/><Vertex X="9389" Y="13921" Z="0"/><Vertex X="9383" Y="13909" Z="0"/><Vertex X="9383" Y="13897" Z="0"/><Vertex X="9371" Y="13897" Z="0"/><Vertex X="9371" Y="13879" Z="0"/><Vertex X="9359" Y="13861" Z="0"/><Vertex X="9359" Y="13855" Z="0"/><Vertex X="9353" Y="13855" Z="0"/><Vertex X="9353" Y="13843" Z="0"/><Vertex X="9341" Y="13825" Z="0"/><Vertex X="9341" Y="13819" Z="0"/><Vertex X="9329" Y="13807" Z="0"/><Vertex X="9317" Y="13795" Z="0"/><Vertex X="9311" Y="13795" Z="0"/><Vertex X="9311" Y="13783" Z="0"/><Vertex X="9293" Y="13783" Z="0"/><Vertex X="9293" Y="13777" Z="0"/><Vertex X="9275" Y="13777" Z="0"/><Vertex X="9275" Y="13765" Z="0"/><Vertex X="9263" Y="13765" Z="0"/><Vertex X="9263" Y="13759" Z="0"/><Vertex X="9245" Y="13759" Z="0"/><Vertex X="9245" Y="13747" Z="0"/><Vertex X="9233" Y="13747" Z="0"/><Vertex X="9221" Y="13735" Z="0"/><Vertex X="9215" Y="13735" Z="0"/><Vertex X="9203" Y="13729" Z="0"/><Vertex X="9197" Y="13729" Z="0"/><Vertex X="9184" Y="13717" Z="0"/><Vertex X="9172" Y="13717" Z="0"/><Vertex X="9166" Y="13717" Z="0"/><Vertex X="9154" Y="13711" Z="0"/><Vertex X="9142" Y="13711" Z="0"/><Vertex X="9136" Y="13711" Z="0"/><Vertex X="9124" Y="13711" Z="0"/><Vertex X="9112" Y="13711" Z="0"/><Vertex X="9106" Y="13711" Z="0"/><Vertex X="9088" Y="13711" Z="0"/><Vertex X="9076" Y="13711" Z="0"/><Vertex X="9064" Y="13729" Z="0"/><Vertex X="9052" Y="13747" Z="0"/><Vertex X="9034" Y="13759" Z="0"/><Vertex X="9022" Y="13771" Z="0"/><Vertex X="9004" Y="13783" Z="0"/><Vertex X="8992" Y="13795" Z="0"/><Vertex X="8980" Y="13801" Z="0"/><Vertex X="8968" Y="13813" Z="0"/><Vertex X="8968" Y="13825" Z="0"/><Vertex X="8956" Y="13843" Z="0"/><Vertex X="8956" Y="13849" Z="0"/><Vertex X="8944" Y="13861" Z="0"/><Vertex X="8944" Y="13873" Z="0"/><Vertex X="8944" Y="13885" Z="0"/><Vertex X="8944" Y="13897" Z="0"/><Vertex X="8944" Y="13909" Z="0"/><Vertex X="8944" Y="13927" Z="0"/><Vertex X="8944" Y="13945" Z="0"/><Vertex X="8944" Y="13963" Z="0"/><Vertex X="8932" Y="13975" Z="0"/><Vertex X="8932" Y="13993" Z="0"/><Vertex X="8932" Y="14011" Z="0"/><Vertex X="8932" Y="14023" Z="0"/><Vertex X="8932" Y="14041" Z="0"/><Vertex X="8920" Y="14059" Z="0"/><Vertex X="8920" Y="14071" Z="0"/><Vertex X="8920" Y="14089" Z="0"/><Vertex X="8920" Y="14107" Z="0"/><Vertex X="8920" Y="14119" Z="0"/><Vertex X="8908" Y="14137" Z="0"/><Vertex X="8908" Y="14155" Z="0"/><Vertex X="8908" Y="14173" Z="0"/><Vertex X="8908" Y="14179" Z="0"/><Vertex X="8908" Y="14191" Z="0"/><Vertex X="8908" Y="14197" Z="0"/><Vertex X="8908" Y="14209" Z="0"/><Vertex X="8908" Y="14222" Z="0"/><Vertex X="8908" Y="14228" Z="0"/><Vertex X="8908" Y="14240" Z="0"/><Vertex X="8908" Y="14246" Z="0"/><Vertex X="8908" Y="14258" Z="0"/><Vertex X="8908" Y="14270" Z="0"/><Vertex X="8908" Y="14276" Z="0"/><Vertex X="8908" Y="14288" Z="0"/><Vertex X="8908" Y="14300" Z="0"/><Vertex X="8908" Y="14324" Z="0"/><Vertex X="8914" Y="14336" Z="0"/><Vertex X="8914" Y="14348" Z="0"/><Vertex X="8914" Y="14354" Z="0"/><Vertex X="8914" Y="14366" Z="0"/><Vertex X="8914" Y="14372" Z="0"/><Vertex X="8914" Y="14384" Z="0"/><Vertex X="8926" Y="14396" Z="0"/><Vertex X="8926" Y="14402" Z="0"/><Vertex X="8926" Y="14414" Z="0"/><Vertex X="8926" Y="14426" Z="0"/><Vertex X="8926" Y="14432" Z="0"/><Vertex X="8926" Y="14450" Z="0"/><Vertex X="8926" Y="14468" Z="0"/><Vertex X="8938" Y="14480" Z="0"/><Vertex X="8938" Y="14498" Z="0"/><Vertex X="8938" Y="14516" Z="0"/><Vertex X="8938" Y="14522" Z="0"/><Vertex X="8938" Y="14534" Z="0"/><Vertex X="8950" Y="14552" Z="0"/><Vertex X="8950" Y="14558" Z="0"/><Vertex X="8950" Y="14570" Z="0"/><Vertex X="8950" Y="14576" Z="0"/><Vertex X="8950" Y="14588" Z="0"/><Vertex X="8956" Y="14600" Z="0"/><Vertex X="8956" Y="14606" Z="0"/><Vertex X="8956" Y="14618" Z="0"/><Vertex X="8968" Y="14636" Z="0"/><Vertex X="8968" Y="14654" Z="0"/><Vertex X="8980" Y="14654" Z="0"/><Vertex X="8980" Y="14666" Z="0"/><Vertex X="8980" Y="14678" Z="0"/><Vertex X="8980" Y="14684" Z="0"/><Vertex X="8992" Y="14696" Z="0"/><Vertex X="8992" Y="14708" Z="0"/><Vertex X="8992" Y="14720" Z="0"/><Vertex X="8992" Y="14732" Z="0"/><Vertex X="8992" Y="14744" Z="0"/><Vertex X="8992" Y="14750" Z="0"/><Vertex X="8992" Y="14762" Z="0"/><Vertex X="8992" Y="14781" Z="0"/><Vertex X="8992" Y="14793" Z="0"/><Vertex X="8992" Y="14805" Z="0"/><Vertex X="8986" Y="14829" Z="0"/><Vertex X="8986" Y="14835" Z="0"/><Vertex X="8986" Y="14847" Z="0"/><Vertex X="8986" Y="14859" Z="0"/><Vertex X="8986" Y="14865" Z="0"/><Vertex X="8986" Y="14877" Z="0"/><Vertex X="8986" Y="14883" Z="0"/><Vertex X="8974" Y="14895" Z="0"/><Vertex X="8974" Y="14907" Z="0"/><Vertex X="8974" Y="14919" Z="0"/><Vertex X="8974" Y="14937" Z="0"/><Vertex X="8962" Y="14955" Z="0"/><Vertex X="8962" Y="14973" Z="0"/><Vertex X="8962" Y="14979" Z="0"/><Vertex X="8962" Y="14991" Z="0"/><Vertex X="8962" Y="14997" Z="0"/><Vertex X="8962" Y="15009" Z="0"/><Vertex X="8962" Y="15021" Z="0"/><Vertex X="8962" Y="15027" Z="0"/><Vertex X="8962" Y="15039" Z="0"/><Vertex X="8962" Y="15045" Z="0"/><Vertex X="8962" Y="15069" Z="0"/><Vertex X="8962" Y="15081" Z="0"/><Vertex X="8962" Y="15087" Z="0"/><Vertex X="8962" Y="15099" Z="0"/><Vertex X="8962" Y="15105" Z="0"/><Vertex X="8962" Y="15117" Z="0"/><Vertex X="8962" Y="15129" Z="0"/><Vertex X="8950" Y="15135" Z="0"/><Vertex X="8950" Y="15147" Z="0"/><Vertex X="8950" Y="15159" Z="0"/><Vertex X="8950" Y="15165" Z="0"/><Vertex X="8950" Y="15183" Z="0"/><Vertex X="8950" Y="15201" Z="0"/><Vertex X="8950" Y="15213" Z="0"/><Vertex X="8950" Y="15225" Z="0"/><Vertex X="8950" Y="15243" Z="0"/><Vertex X="8950" Y="15255" Z="0"/><Vertex X="8950" Y="15273" Z="0"/><Vertex X="8950" Y="15291" Z="0"/><Vertex X="8956" Y="15303" Z="0"/><Vertex X="8956" Y="15321" Z="0"/><Vertex X="8956" Y="15334" Z="0"/><Vertex X="8968" Y="15346" Z="0"/><Vertex X="8968" Y="15358" Z="0"/><Vertex X="8968" Y="15370" Z="0"/><Vertex X="8980" Y="15376" Z="0"/><Vertex X="8980" Y="15388" Z="0"/><Vertex X="8980" Y="15400" Z="0"/><Vertex X="8980" Y="15406" Z="0"/><Vertex X="8986" Y="15418" Z="0"/><Vertex X="8986" Y="15436" Z="0"/><Vertex X="8986" Y="15442" Z="0"/><Vertex X="8998" Y="15442" Z="0"/><Vertex X="8998" Y="15454" Z="0"/><Vertex X="9010" Y="15466" Z="0"/><Vertex X="9022" Y="15472" Z="0"/><Vertex X="9028" Y="15472" Z="0"/><Vertex X="9028" Y="15484" Z="0"/><Vertex X="9040" Y="15484" Z="0"/><Vertex X="9052" Y="15496" Z="0"/><Vertex X="9058" Y="15496" Z="0"/><Vertex X="9058" Y="15502" Z="0"/><Vertex X="9070" Y="15502" Z="0"/><Vertex X="9070" Y="15514" Z="0"/><Vertex X="9076" Y="15514" Z="0"/><Vertex X="9076" Y="15526" Z="0"/><Vertex X="9088" Y="15526" Z="0"/><Vertex X="9088" Y="15538" Z="0"/><Vertex X="9100" Y="15538" Z="0"/><Vertex X="9100" Y="15556" Z="0"/><Vertex X="9106" Y="15556" Z="0"/><Vertex X="9106" Y="15568" Z="0"/><Vertex X="9118" Y="15568" Z="0"/><Vertex X="9118" Y="15574" Z="0"/><Vertex X="9124" Y="15574" Z="0"/><Vertex X="9124" Y="15586" Z="0"/><Vertex X="9136" Y="15586" Z="0"/><Vertex X="9136" Y="15598" Z="0"/><Vertex X="9148" Y="15598" Z="0"/><Vertex X="9148" Y="15616" Z="0"/><Vertex X="9154" Y="15628" Z="0"/><Vertex X="9166" Y="15646" Z="0"/><Vertex X="9166" Y="15652" Z="0"/><Vertex X="9166" Y="15664" Z="0"/><Vertex X="9178" Y="15676" Z="0"/><Vertex X="9178" Y="15682" Z="0"/><Vertex X="9178" Y="15694" Z="0"/><Vertex X="9191" Y="15706" Z="0"/><Vertex X="9191" Y="15712" Z="0"/><Vertex X="9191" Y="15724" Z="0"/><Vertex X="9203" Y="15736" Z="0"/><Vertex X="9203" Y="15742" Z="0"/><Vertex X="9203" Y="15754" Z="0"/><Vertex X="9209" Y="15766" Z="0"/><Vertex X="9209" Y="15772" Z="0"/><Vertex X="9209" Y="15784" Z="0"/><Vertex X="9209" Y="15790" Z="0"/><Vertex X="9221" Y="15802" Z="0"/><Vertex X="9221" Y="15814" Z="0"/><Vertex X="9221" Y="15820" Z="0"/><Vertex X="9221" Y="15832" Z="0"/><Vertex X="9221" Y="15844" Z="0"/><Vertex X="9221" Y="15850" Z="0"/><Vertex X="9221" Y="15862" Z="0"/><Vertex X="9221" Y="15868" Z="0"/><Vertex X="9221" Y="15880" Z="0"/><Vertex X="9215" Y="15893" Z="0"/><Vertex X="9203" Y="15911" Z="0"/><Vertex X="9191" Y="15923" Z="0"/><Vertex X="9178" Y="15923" Z="0"/><Vertex X="9166" Y="15941" Z="0"/><Vertex X="9160" Y="15941" Z="0"/><Vertex X="9148" Y="15953" Z="0"/><Vertex X="9136" Y="15953" Z="0"/><Vertex X="9124" Y="15965" Z="0"/><Vertex X="9100" Y="15977" Z="0"/><Vertex X="9082" Y="15995" Z="0"/><Vertex X="9070" Y="16013" Z="0"/><Vertex X="9058" Y="16019" Z="0"/><Vertex X="9058" Y="16037" Z="0"/><Vertex X="9046" Y="16037" Z="0"/><Vertex X="9046" Y="16055" Z="0"/><Vertex X="9040" Y="16055" Z="0"/><Vertex X="9040" Y="16061" Z="0"/><Vertex X="9028" Y="16079" Z="0"/><Vertex X="9028" Y="16091" Z="0"/><Vertex X="9016" Y="16097" Z="0"/><Vertex X="9016" Y="16109" Z="0"/><Vertex X="9004" Y="16121" Z="0"/><Vertex X="9004" Y="16127" Z="0"/><Vertex X="8992" Y="16139" Z="0"/><Vertex X="8992" Y="16151" Z="0"/><Vertex X="8992" Y="16157" Z="0"/><Vertex X="8986" Y="16169" Z="0"/><Vertex X="8986" Y="16181" Z="0"/><Vertex X="8986" Y="16187" Z="0"/><Vertex X="8986" Y="16199" Z="0"/><Vertex X="8986" Y="16211" Z="0"/><Vertex X="8986" Y="16217" Z="0"/><Vertex X="8974" Y="16235" Z="0"/><Vertex X="8974" Y="16253" Z="0"/><Vertex X="8974" Y="16259" Z="0"/><Vertex X="8974" Y="16271" Z="0"/><Vertex X="8974" Y="16277" Z="0"/><Vertex X="8974" Y="16289" Z="0"/><Vertex X="8974" Y="16301" Z="0"/><Vertex X="8974" Y="16307" Z="0"/><Vertex X="8974" Y="16319" Z="0"/><Vertex X="8974" Y="16325" Z="0"/><Vertex X="8974" Y="16343" Z="0"/><Vertex X="8980" Y="16355" Z="0"/><Vertex X="8980" Y="16367" Z="0"/><Vertex X="8980" Y="16373" Z="0"/><Vertex X="8980" Y="16385" Z="0"/><Vertex X="8992" Y="16409" Z="0"/><Vertex X="8992" Y="16421" Z="0"/><Vertex X="8992" Y="16433" Z="0"/><Vertex X="8992" Y="16446" Z="0"/><Vertex X="8998" Y="16476" Z="0"/><Vertex X="8998" Y="16488" Z="0"/><Vertex X="8998" Y="16500" Z="0"/><Vertex X="8998" Y="16512" Z="0"/><Vertex X="8998" Y="16524" Z="0"/><Vertex X="8998" Y="16530" Z="0"/><Vertex X="8998" Y="16542" Z="0"/><Vertex X="8998" Y="16554" Z="0"/><Vertex X="8998" Y="16566" Z="0"/><Vertex X="8998" Y="16578" Z="0"/><Vertex X="8998" Y="16584" Z="0"/><Vertex X="9010" Y="16584" Z="0"/><Vertex X="9010" Y="16596" Z="0"/><Vertex X="9016" Y="16596" Z="0"/><Vertex X="9028" Y="16596" Z="0"/><Vertex X="9028" Y="16608" Z="0"/><Vertex X="9040" Y="16608" Z="0"/><Vertex X="9052" Y="16608" Z="0"/><Vertex X="9052" Y="16614" Z="0"/><Vertex X="9070" Y="16614" Z="0"/><Vertex X="9082" Y="16614" Z="0"/><Vertex X="9082" Y="16626" Z="0"/><Vertex X="9094" Y="16626" Z="0"/><Vertex X="9112" Y="16626" Z="0"/><Vertex X="9130" Y="16626" Z="0"/><Vertex X="9136" Y="16638" Z="0"/><Vertex X="9148" Y="16638" Z="0"/><Vertex X="9160" Y="16638" Z="0"/><Vertex X="9166" Y="16638" Z="0"/><Vertex X="9178" Y="16638" Z="0"/><Vertex X="9184" Y="16638" Z="0"/><Vertex X="9197" Y="16638" Z="0"/><Vertex X="9209" Y="16638" Z="0"/><Vertex X="9215" Y="16638" Z="0"/><Vertex X="9227" Y="16638" Z="0"/><Vertex X="9233" Y="16638" Z="0"/><Vertex X="9245" Y="16638" Z="0"/><Vertex X="9257" Y="16638" Z="0"/><Vertex X="9269" Y="16638" Z="0"/><Vertex X="9281" Y="16638" Z="0"/><Vertex X="9287" Y="16638" Z="0"/><Vertex X="9305" Y="16638" Z="0"/><Vertex X="9323" Y="16638" Z="0"/><Vertex X="9341" Y="16638" Z="0"/><Vertex X="9353" Y="16644" Z="0"/><Vertex X="9365" Y="16644" Z="0"/><Vertex X="9377" Y="16644" Z="0"/><Vertex X="9383" Y="16656" Z="0"/><Vertex X="9395" Y="16656" Z="0"/><Vertex X="9401" Y="16656" Z="0"/><Vertex X="9413" Y="16668" Z="0"/><Vertex X="9437" Y="16680" Z="0"/><Vertex X="9455" Y="16692" Z="0"/><Vertex X="9467" Y="16692" Z="0"/><Vertex X="9467" Y="16704" Z="0"/><Vertex X="9479" Y="16704" Z="0"/><Vertex X="9503" Y="16716" Z="0"/><Vertex X="9515" Y="16716" Z="0"/><Vertex X="9533" Y="16716" Z="0"/><Vertex X="9545" Y="16716" Z="0"/><Vertex X="9557" Y="16716" Z="0"/><Vertex X="9575" Y="16716" Z="0"/><Vertex X="9581" Y="16710" Z="0"/><Vertex X="9599" Y="16698" Z="0"/><Vertex X="9611" Y="16698" Z="0"/><Vertex X="9623" Y="16680" Z="0"/><Vertex X="9629" Y="16680" Z="0"/><Vertex X="9641" Y="16662" Z="0"/><Vertex X="9659" Y="16662" Z="0"/><Vertex X="9671" Y="16644" Z="0"/><Vertex X="9677" Y="16644" Z="0"/><Vertex X="9689" Y="16632" Z="0"/><Vertex X="9701" Y="16632" Z="0"/><Vertex X="9707" Y="16620" Z="0"/><Vertex X="9719" Y="16620" Z="0"/><Vertex X="9731" Y="16608" Z="0"/><Vertex X="9737" Y="16608" Z="0"/><Vertex X="9750" Y="16596" Z="0"/><Vertex X="9762" Y="16596" Z="0"/><Vertex X="9762" Y="16584" Z="0"/><Vertex X="9786" Y="16572" Z="0"/><Vertex X="9792" Y="16572" Z="0"/><Vertex X="9792" Y="16554" Z="0"/><Vertex X="9804" Y="16554" Z="0"/><Vertex X="9804" Y="16536" Z="0"/><Vertex X="9804" Y="16530" Z="0"/><Vertex X="9816" Y="16530" Z="0"/><Vertex X="9816" Y="16506" Z="0"/><Vertex X="9816" Y="16494" Z="0"/><Vertex X="9816" Y="16488" Z="0"/><Vertex X="9816" Y="16476" Z="0"/><Vertex X="9816" Y="16470" Z="0"/><Vertex X="9816" Y="16452" Z="0"/><Vertex X="9816" Y="16439" Z="0"/><Vertex X="9816" Y="16433" Z="0"/><Vertex X="9816" Y="16415" Z="0"/><Vertex X="9816" Y="16403" Z="0"/><Vertex X="9816" Y="16397" Z="0"/><Vertex X="9816" Y="16385" Z="0"/><Vertex X="9816" Y="16379" Z="0"/><Vertex X="9822" Y="16379" Z="0"/><Vertex X="9822" Y="16361" Z="0"/><Vertex X="9822" Y="16343" Z="0"/><Vertex X="9834" Y="16343" Z="0"/><Vertex X="9834" Y="16337" Z="0"/><Vertex X="9840" Y="16337" Z="0"/><Vertex X="9840" Y="16325" Z="0"/><Vertex X="9858" Y="16325" Z="0"/><Vertex X="9876" Y="16307" Z="0"/><Vertex X="9888" Y="16307" Z="0"/><Vertex X="9894" Y="16307" Z="0"/><Vertex X="9894" Y="16301" Z="0"/><Vertex X="9912" Y="16301" Z="0"/><Vertex X="9930" Y="16289" Z="0"/><Vertex X="9948" Y="16289" Z="0"/><Vertex X="9960" Y="16277" Z="0"/><Vertex X="9972" Y="16277" Z="0"/><Vertex X="9984" Y="16277" Z="0"/><Vertex X="9984" Y="16265" Z="0"/><Vertex X="9996" Y="16265" Z="0"/><Vertex X="10008" Y="16259" Z="0"/><Vertex X="10014" Y="16259" Z="0"/><Vertex X="10014" Y="16247" Z="0"/><Vertex X="10026" Y="16247" Z="0"/><Vertex X="10026" Y="16235" Z="0"/><Vertex X="10038" Y="16235" Z="0"/><Vertex X="10038" Y="16229" Z="0"/><Vertex X="9942" Y="15466" Z="0"/><Vertex X="9954" Y="15472" Z="0"/><Vertex X="9960" Y="15466" Z="0"/><Vertex X="9960" Y="15466" Z="0"/><Vertex X="9960" Y="15454" Z="0"/><Vertex X="9960" Y="15442" Z="0"/><Vertex X="9960" Y="15436" Z="0"/><Vertex X="9960" Y="15424" Z="0"/><Vertex X="9960" Y="15418" Z="0"/><Vertex X="9960" Y="15406" Z="0"/><Vertex X="9960" Y="15394" Z="0"/></Vertices></Region></Regions><Plots></Plots></Annotation></Annotations>
