<Annotations MicronsPerPixel="0.493400">
	<Annotation Id="1" Name="" ReadOnly="0" NameReadOnly="0" LineColorReadOnly="0" Incremental="0" Type="4" LineColor="65280" Visible="1" Selected="1" MarkupImagePath="" MacroName=""><Attributes></Attributes><Regions><RegionAttributeHeaders></RegionAttributeHeaders><Region Id="1" Type="0" Zoom="0.022696" Selected="0" ImageLocation="" ImageFocus="-1" Length="52095.6" Area="91362477.5" LengthMicrons="25704.0" AreaMicrons="22241607.4" Text="" NegativeROA="0" InputRegionId="0" Analyze="1" DisplayId="1"><Attributes></Attributes><Vertices><Vertex X="4053" Y="1718" Z="0"/><Vertex X="3965" Y="1718" Z="0"/><Vertex X="3921" Y="1718" Z="0"/><Vertex X="3833" Y="1718" Z="0"/><Vertex X="3745" Y="1762" Z="0"/><Vertex X="3701" Y="1851" Z="0"/><Vertex X="3569" Y="1895" Z="0"/><Vertex X="3481" Y="1895" Z="0"/><Vertex X="3393" Y="2027" Z="0"/><Vertex X="3348" Y="2027" Z="0"/><Vertex X="3260" Y="2115" Z="0"/><Vertex X="3172" Y="2115" Z="0"/><Vertex X="3084" Y="2203" Z="0"/><Vertex X="3040" Y="2203" Z="0"/><Vertex X="3040" Y="2247" Z="0"/><Vertex X="2908" Y="2247" Z="0"/><Vertex X="2820" Y="2379" Z="0"/><Vertex X="2776" Y="2379" Z="0"/><Vertex X="2776" Y="2467" Z="0"/><Vertex X="2688" Y="2556" Z="0"/><Vertex X="2688" Y="2600" Z="0"/><Vertex X="2599" Y="2600" Z="0"/><Vertex X="2599" Y="2688" Z="0"/><Vertex X="2511" Y="2776" Z="0"/><Vertex X="2423" Y="2820" Z="0"/><Vertex X="2335" Y="2908" Z="0"/><Vertex X="2247" Y="2908" Z="0"/><Vertex X="2247" Y="2996" Z="0"/><Vertex X="2159" Y="2996" Z="0"/><Vertex X="2159" Y="3040" Z="0"/><Vertex X="2071" Y="3040" Z="0"/><Vertex X="2027" Y="3040" Z="0"/><Vertex X="2027" Y="3128" Z="0"/><Vertex X="1939" Y="3216" Z="0"/><Vertex X="1939" Y="3261" Z="0"/><Vertex X="1939" Y="3349" Z="0"/><Vertex X="1850" Y="3349" Z="0"/><Vertex X="1850" Y="3437" Z="0"/><Vertex X="1850" Y="3481" Z="0"/><Vertex X="1762" Y="3569" Z="0"/><Vertex X="1762" Y="3657" Z="0"/><Vertex X="1718" Y="3701" Z="0"/><Vertex X="1718" Y="3789" Z="0"/><Vertex X="1630" Y="3921" Z="0"/><Vertex X="1630" Y="4010" Z="0"/><Vertex X="1542" Y="4010" Z="0"/><Vertex X="1542" Y="4142" Z="0"/><Vertex X="1454" Y="4230" Z="0"/><Vertex X="1454" Y="4318" Z="0"/><Vertex X="1454" Y="4406" Z="0"/><Vertex X="1454" Y="4538" Z="0"/><Vertex X="1454" Y="4670" Z="0"/><Vertex X="1454" Y="4715" Z="0"/><Vertex X="1454" Y="4803" Z="0"/><Vertex X="1410" Y="4803" Z="0"/><Vertex X="1410" Y="4847" Z="0"/><Vertex X="1410" Y="4935" Z="0"/><Vertex X="1410" Y="5023" Z="0"/><Vertex X="1410" Y="5067" Z="0"/><Vertex X="1410" Y="5155" Z="0"/><Vertex X="1410" Y="5243" Z="0"/><Vertex X="1410" Y="5375" Z="0"/><Vertex X="1410" Y="5464" Z="0"/><Vertex X="1410" Y="5508" Z="0"/><Vertex X="1410" Y="5596" Z="0"/><Vertex X="1410" Y="5640" Z="0"/><Vertex X="1454" Y="5728" Z="0"/><Vertex X="1454" Y="5860" Z="0"/><Vertex X="1454" Y="5992" Z="0"/><Vertex X="1498" Y="6080" Z="0"/><Vertex X="1498" Y="6213" Z="0"/><Vertex X="1498" Y="6345" Z="0"/><Vertex X="1410" Y="7711" Z="0"/><Vertex X="1410" Y="7799" Z="0"/><Vertex X="1410" Y="7887" Z="0"/><Vertex X="1410" Y="7931" Z="0"/><Vertex X="1410" Y="8019" Z="0"/><Vertex X="1410" Y="8063" Z="0"/><Vertex X="1454" Y="8063" Z="0"/><Vertex X="1454" Y="8151" Z="0"/><Vertex X="1454" Y="8239" Z="0"/><Vertex X="1542" Y="8239" Z="0"/><Vertex X="1542" Y="8283" Z="0"/><Vertex X="1542" Y="8372" Z="0"/><Vertex X="1586" Y="8372" Z="0"/><Vertex X="1586" Y="8416" Z="0"/><Vertex X="1586" Y="8504" Z="0"/><Vertex X="1586" Y="8592" Z="0"/><Vertex X="1674" Y="8636" Z="0"/><Vertex X="1674" Y="8768" Z="0"/><Vertex X="1674" Y="8900" Z="0"/><Vertex X="1674" Y="8944" Z="0"/><Vertex X="1762" Y="8944" Z="0"/><Vertex X="1762" Y="9077" Z="0"/><Vertex X="1762" Y="9209" Z="0"/><Vertex X="1850" Y="9297" Z="0"/><Vertex X="1850" Y="9429" Z="0"/><Vertex X="1850" Y="9561" Z="0"/><Vertex X="1850" Y="9605" Z="0"/><Vertex X="1850" Y="9693" Z="0"/><Vertex X="1850" Y="9782" Z="0"/><Vertex X="1894" Y="9782" Z="0"/><Vertex X="1894" Y="9826" Z="0"/><Vertex X="1894" Y="9914" Z="0"/><Vertex X="1894" Y="9958" Z="0"/><Vertex X="1894" Y="10090" Z="0"/><Vertex X="1894" Y="10178" Z="0"/><Vertex X="1894" Y="10222" Z="0"/><Vertex X="1894" Y="10310" Z="0"/><Vertex X="1983" Y="10310" Z="0"/><Vertex X="1983" Y="10354" Z="0"/><Vertex X="1983" Y="10442" Z="0"/><Vertex X="1983" Y="10531" Z="0"/><Vertex X="1983" Y="10575" Z="0"/><Vertex X="2071" Y="10707" Z="0"/><Vertex X="2071" Y="10795" Z="0"/><Vertex X="2071" Y="10839" Z="0"/><Vertex X="2071" Y="11015" Z="0"/><Vertex X="2071" Y="11103" Z="0"/><Vertex X="2115" Y="11147" Z="0"/><Vertex X="2115" Y="11236" Z="0"/><Vertex X="2115" Y="11324" Z="0"/><Vertex X="2115" Y="11368" Z="0"/><Vertex X="2115" Y="11456" Z="0"/><Vertex X="2203" Y="11544" Z="0"/><Vertex X="2203" Y="11588" Z="0"/><Vertex X="2203" Y="11676" Z="0"/><Vertex X="2203" Y="11720" Z="0"/><Vertex X="2203" Y="11808" Z="0"/><Vertex X="2291" Y="11897" Z="0"/><Vertex X="2291" Y="12029" Z="0"/><Vertex X="2291" Y="12117" Z="0"/><Vertex X="2291" Y="12205" Z="0"/><Vertex X="2291" Y="12249" Z="0"/><Vertex X="2291" Y="12425" Z="0"/><Vertex X="2291" Y="12513" Z="0"/><Vertex X="2291" Y="12601" Z="0"/><Vertex X="2291" Y="12734" Z="0"/><Vertex X="2291" Y="12866" Z="0"/><Vertex X="2291" Y="12954" Z="0"/><Vertex X="2291" Y="13086" Z="0"/><Vertex X="2291" Y="13218" Z="0"/><Vertex X="2291" Y="13262" Z="0"/><Vertex X="2291" Y="13351" Z="0"/><Vertex X="2291" Y="13395" Z="0"/><Vertex X="2291" Y="13483" Z="0"/><Vertex X="2247" Y="13483" Z="0"/><Vertex X="2247" Y="13571" Z="0"/><Vertex X="2247" Y="13659" Z="0"/><Vertex X="2247" Y="13791" Z="0"/><Vertex X="2247" Y="13923" Z="0"/><Vertex X="2247" Y="13967" Z="0"/><Vertex X="2247" Y="14100" Z="0"/><Vertex X="2247" Y="14144" Z="0"/><Vertex X="2247" Y="14232" Z="0"/><Vertex X="2247" Y="14320" Z="0"/><Vertex X="2247" Y="14408" Z="0"/><Vertex X="2247" Y="14540" Z="0"/><Vertex X="2247" Y="14628" Z="0"/><Vertex X="2291" Y="14628" Z="0"/><Vertex X="2291" Y="14716" Z="0"/><Vertex X="2291" Y="14849" Z="0"/><Vertex X="2291" Y="14937" Z="0"/><Vertex X="2291" Y="15025" Z="0"/><Vertex X="2291" Y="15157" Z="0"/><Vertex X="2379" Y="15245" Z="0"/><Vertex X="2379" Y="15289" Z="0"/><Vertex X="2379" Y="15377" Z="0"/><Vertex X="2423" Y="15465" Z="0"/><Vertex X="2423" Y="15510" Z="0"/><Vertex X="2423" Y="15642" Z="0"/><Vertex X="2511" Y="15642" Z="0"/><Vertex X="2511" Y="15774" Z="0"/><Vertex X="2511" Y="15862" Z="0"/><Vertex X="2599" Y="15994" Z="0"/><Vertex X="2599" Y="16126" Z="0"/><Vertex X="2599" Y="16214" Z="0"/><Vertex X="2688" Y="16303" Z="0"/><Vertex X="2688" Y="16391" Z="0"/><Vertex X="2688" Y="16479" Z="0"/><Vertex X="2732" Y="16479" Z="0"/><Vertex X="2732" Y="16567" Z="0"/><Vertex X="2732" Y="16655" Z="0"/><Vertex X="2732" Y="16699" Z="0"/><Vertex X="2820" Y="16699" Z="0"/><Vertex X="2820" Y="16831" Z="0"/><Vertex X="2908" Y="16964" Z="0"/><Vertex X="2908" Y="17008" Z="0"/><Vertex X="2996" Y="17140" Z="0"/><Vertex X="2996" Y="17228" Z="0"/><Vertex X="2996" Y="17316" Z="0"/><Vertex X="3040" Y="17404" Z="0"/><Vertex X="3040" Y="17580" Z="0"/><Vertex X="3040" Y="17669" Z="0"/><Vertex X="3040" Y="17713" Z="0"/><Vertex X="3128" Y="17801" Z="0"/><Vertex X="3128" Y="17845" Z="0"/><Vertex X="3128" Y="17933" Z="0"/><Vertex X="3128" Y="18021" Z="0"/><Vertex X="3216" Y="18197" Z="0"/><Vertex X="3216" Y="18285" Z="0"/><Vertex X="3216" Y="18373" Z="0"/><Vertex X="3216" Y="18506" Z="0"/><Vertex X="3304" Y="18506" Z="0"/><Vertex X="3304" Y="18550" Z="0"/><Vertex X="3304" Y="18638" Z="0"/><Vertex X="3304" Y="18682" Z="0"/><Vertex X="3304" Y="18770" Z="0"/><Vertex X="3304" Y="18902" Z="0"/><Vertex X="3304" Y="18946" Z="0"/><Vertex X="3260" Y="19034" Z="0"/><Vertex X="3260" Y="19167" Z="0"/><Vertex X="3260" Y="19255" Z="0"/><Vertex X="3172" Y="19387" Z="0"/><Vertex X="3172" Y="19519" Z="0"/><Vertex X="3172" Y="19563" Z="0"/><Vertex X="3172" Y="19651" Z="0"/><Vertex X="3172" Y="19783" Z="0"/><Vertex X="3084" Y="19916" Z="0"/><Vertex X="3084" Y="20004" Z="0"/><Vertex X="3084" Y="20136" Z="0"/><Vertex X="3084" Y="20180" Z="0"/><Vertex X="3084" Y="20312" Z="0"/><Vertex X="3084" Y="20444" Z="0"/><Vertex X="3084" Y="20488" Z="0"/><Vertex X="3128" Y="20488" Z="0"/><Vertex X="3128" Y="20621" Z="0"/><Vertex X="3216" Y="20621" Z="0"/><Vertex X="3216" Y="20709" Z="0"/><Vertex X="3260" Y="20797" Z="0"/><Vertex X="3260" Y="20885" Z="0"/><Vertex X="3348" Y="20885" Z="0"/><Vertex X="3348" Y="20973" Z="0"/><Vertex X="3437" Y="20973" Z="0"/><Vertex X="3437" Y="21017" Z="0"/><Vertex X="3481" Y="21017" Z="0"/><Vertex X="3481" Y="21105" Z="0"/><Vertex X="3569" Y="21105" Z="0"/><Vertex X="3569" Y="21149" Z="0"/><Vertex X="3657" Y="21149" Z="0"/><Vertex X="3657" Y="21237" Z="0"/><Vertex X="3789" Y="21237" Z="0"/><Vertex X="3789" Y="21326" Z="0"/><Vertex X="3921" Y="21326" Z="0"/><Vertex X="3921" Y="21370" Z="0"/><Vertex X="3965" Y="21370" Z="0"/><Vertex X="3965" Y="21458" Z="0"/><Vertex X="4053" Y="21458" Z="0"/><Vertex X="4053" Y="21502" Z="0"/><Vertex X="4142" Y="21502" Z="0"/><Vertex X="4142" Y="21590" Z="0"/><Vertex X="4186" Y="21590" Z="0"/><Vertex X="4274" Y="21678" Z="0"/><Vertex X="4362" Y="21678" Z="0"/><Vertex X="4406" Y="21678" Z="0"/><Vertex X="4494" Y="21678" Z="0"/><Vertex X="4494" Y="21722" Z="0"/><Vertex X="4582" Y="21722" Z="0"/><Vertex X="4714" Y="21810" Z="0"/><Vertex X="4802" Y="21810" Z="0"/><Vertex X="4802" Y="21898" Z="0"/><Vertex X="4847" Y="21898" Z="0"/><Vertex X="4935" Y="21987" Z="0"/><Vertex X="5023" Y="21987" Z="0"/><Vertex X="5067" Y="21987" Z="0"/><Vertex X="5199" Y="22075" Z="0"/><Vertex X="5287" Y="22075" Z="0"/><Vertex X="5331" Y="22075" Z="0"/><Vertex X="5331" Y="22119" Z="0"/><Vertex X="5419" Y="22119" Z="0"/><Vertex X="5507" Y="22207" Z="0"/><Vertex X="5507" Y="22295" Z="0"/><Vertex X="5596" Y="22295" Z="0"/><Vertex X="5596" Y="22339" Z="0"/><Vertex X="5684" Y="22339" Z="0"/><Vertex X="5684" Y="22427" Z="0"/><Vertex X="5772" Y="22427" Z="0"/><Vertex X="5772" Y="22471" Z="0"/><Vertex X="5816" Y="22471" Z="0"/><Vertex X="5904" Y="22471" Z="0"/><Vertex X="5904" Y="22559" Z="0"/><Vertex X="5948" Y="22559" Z="0"/><Vertex X="6036" Y="22559" Z="0"/><Vertex X="6168" Y="22559" Z="0"/><Vertex X="6257" Y="22559" Z="0"/><Vertex X="6389" Y="22559" Z="0"/><Vertex X="6477" Y="22559" Z="0"/><Vertex X="6565" Y="22559" Z="0"/><Vertex X="6565" Y="22515" Z="0"/><Vertex X="6697" Y="22515" Z="0"/><Vertex X="6697" Y="22471" Z="0"/><Vertex X="6829" Y="22471" Z="0"/><Vertex X="6829" Y="22383" Z="0"/><Vertex X="6917" Y="22383" Z="0"/><Vertex X="7006" Y="22251" Z="0"/><Vertex X="7094" Y="22207" Z="0"/><Vertex X="7094" Y="22075" Z="0"/><Vertex X="7182" Y="22075" Z="0"/><Vertex X="7182" Y="21942" Z="0"/><Vertex X="7226" Y="21942" Z="0"/><Vertex X="7226" Y="21854" Z="0"/><Vertex X="7226" Y="21766" Z="0"/><Vertex X="7314" Y="21634" Z="0"/><Vertex X="7314" Y="21546" Z="0"/><Vertex X="7314" Y="21414" Z="0"/><Vertex X="7270" Y="21282" Z="0"/><Vertex X="7270" Y="21193" Z="0"/><Vertex X="7270" Y="21149" Z="0"/><Vertex X="7270" Y="21061" Z="0"/><Vertex X="7270" Y="21017" Z="0"/><Vertex X="7270" Y="20929" Z="0"/><Vertex X="7270" Y="20841" Z="0"/><Vertex X="7270" Y="20797" Z="0"/><Vertex X="7270" Y="20709" Z="0"/><Vertex X="7270" Y="20621" Z="0"/><Vertex X="7314" Y="20488" Z="0"/><Vertex X="7314" Y="20400" Z="0"/><Vertex X="7402" Y="20268" Z="0"/><Vertex X="7490" Y="20180" Z="0"/><Vertex X="7490" Y="20092" Z="0"/><Vertex X="7490" Y="19960" Z="0"/><Vertex X="7490" Y="19872" Z="0"/><Vertex X="7490" Y="19783" Z="0"/><Vertex X="7534" Y="19783" Z="0"/><Vertex X="7534" Y="19651" Z="0"/><Vertex X="7534" Y="19563" Z="0"/><Vertex X="7534" Y="19431" Z="0"/><Vertex X="7534" Y="19255" Z="0"/><Vertex X="7534" Y="19211" Z="0"/><Vertex X="7534" Y="19123" Z="0"/><Vertex X="7534" Y="19034" Z="0"/><Vertex X="7534" Y="18990" Z="0"/><Vertex X="7534" Y="18902" Z="0"/><Vertex X="7622" Y="18814" Z="0"/><Vertex X="7622" Y="18770" Z="0"/><Vertex X="7622" Y="18594" Z="0"/><Vertex X="7711" Y="18462" Z="0"/><Vertex X="7711" Y="18373" Z="0"/><Vertex X="7711" Y="18285" Z="0"/><Vertex X="7711" Y="18197" Z="0"/><Vertex X="7711" Y="18153" Z="0"/><Vertex X="7711" Y="18065" Z="0"/><Vertex X="7711" Y="17977" Z="0"/><Vertex X="7711" Y="17889" Z="0"/><Vertex X="7711" Y="17801" Z="0"/><Vertex X="7711" Y="17757" Z="0"/><Vertex X="7711" Y="17669" Z="0"/><Vertex X="7711" Y="17624" Z="0"/><Vertex X="7711" Y="17492" Z="0"/><Vertex X="7711" Y="17360" Z="0"/><Vertex X="7711" Y="17272" Z="0"/><Vertex X="7799" Y="17272" Z="0"/><Vertex X="7799" Y="17140" Z="0"/><Vertex X="7799" Y="17008" Z="0"/><Vertex X="7799" Y="16964" Z="0"/><Vertex X="7799" Y="16875" Z="0"/><Vertex X="7799" Y="16787" Z="0"/><Vertex X="7799" Y="16743" Z="0"/><Vertex X="7755" Y="16655" Z="0"/><Vertex X="7755" Y="16523" Z="0"/><Vertex X="7755" Y="16479" Z="0"/><Vertex X="7666" Y="16391" Z="0"/><Vertex X="7666" Y="16303" Z="0"/><Vertex X="7578" Y="16259" Z="0"/><Vertex X="7578" Y="16170" Z="0"/><Vertex X="7578" Y="16082" Z="0"/><Vertex X="7490" Y="16038" Z="0"/><Vertex X="7490" Y="15950" Z="0"/><Vertex X="7402" Y="15862" Z="0"/><Vertex X="7402" Y="15818" Z="0"/><Vertex X="7314" Y="15730" Z="0"/><Vertex X="7314" Y="15642" Z="0"/><Vertex X="7314" Y="15598" Z="0"/><Vertex X="7226" Y="15510" Z="0"/><Vertex X="7226" Y="15421" Z="0"/><Vertex X="7226" Y="15377" Z="0"/><Vertex X="7226" Y="15289" Z="0"/><Vertex X="7226" Y="15201" Z="0"/><Vertex X="7138" Y="15157" Z="0"/><Vertex X="7138" Y="15069" Z="0"/><Vertex X="7138" Y="14981" Z="0"/><Vertex X="7138" Y="14937" Z="0"/><Vertex X="7138" Y="14849" Z="0"/><Vertex X="7094" Y="14760" Z="0"/><Vertex X="7094" Y="14716" Z="0"/><Vertex X="7094" Y="14628" Z="0"/><Vertex X="7094" Y="14540" Z="0"/><Vertex X="7094" Y="14452" Z="0"/><Vertex X="7006" Y="14452" Z="0"/><Vertex X="7006" Y="14276" Z="0"/><Vertex X="7006" Y="14144" Z="0"/><Vertex X="7006" Y="14056" Z="0"/><Vertex X="6917" Y="13967" Z="0"/><Vertex X="6917" Y="13923" Z="0"/><Vertex X="6917" Y="13835" Z="0"/><Vertex X="6917" Y="13747" Z="0"/><Vertex X="6917" Y="13703" Z="0"/><Vertex X="6917" Y="13571" Z="0"/><Vertex X="6873" Y="13571" Z="0"/><Vertex X="6873" Y="13439" Z="0"/><Vertex X="6873" Y="13351" Z="0"/><Vertex X="6873" Y="13218" Z="0"/><Vertex X="6785" Y="13218" Z="0"/><Vertex X="6785" Y="13086" Z="0"/><Vertex X="6785" Y="12954" Z="0"/><Vertex X="6785" Y="12866" Z="0"/><Vertex X="6785" Y="12778" Z="0"/><Vertex X="6785" Y="12690" Z="0"/><Vertex X="6785" Y="12557" Z="0"/><Vertex X="6697" Y="12425" Z="0"/><Vertex X="6697" Y="12337" Z="0"/><Vertex X="6697" Y="12205" Z="0"/><Vertex X="6697" Y="12073" Z="0"/><Vertex X="6697" Y="11985" Z="0"/><Vertex X="6697" Y="11897" Z="0"/><Vertex X="6697" Y="11808" Z="0"/><Vertex X="6697" Y="11764" Z="0"/><Vertex X="6697" Y="11632" Z="0"/><Vertex X="6697" Y="11588" Z="0"/><Vertex X="6697" Y="11500" Z="0"/><Vertex X="6697" Y="11412" Z="0"/><Vertex X="6697" Y="11368" Z="0"/><Vertex X="6697" Y="11280" Z="0"/><Vertex X="6697" Y="11236" Z="0"/><Vertex X="6697" Y="11147" Z="0"/><Vertex X="6697" Y="11059" Z="0"/><Vertex X="6609" Y="11015" Z="0"/><Vertex X="6609" Y="10927" Z="0"/><Vertex X="6609" Y="10839" Z="0"/><Vertex X="6565" Y="10839" Z="0"/><Vertex X="6565" Y="10795" Z="0"/><Vertex X="6565" Y="10707" Z="0"/><Vertex X="6565" Y="10663" Z="0"/><Vertex X="6565" Y="10575" Z="0"/><Vertex X="6565" Y="10487" Z="0"/><Vertex X="6565" Y="10442" Z="0"/><Vertex X="6565" Y="10354" Z="0"/><Vertex X="6565" Y="10266" Z="0"/><Vertex X="6565" Y="10178" Z="0"/><Vertex X="6609" Y="10090" Z="0"/><Vertex X="6609" Y="9958" Z="0"/><Vertex X="6609" Y="9870" Z="0"/><Vertex X="6609" Y="9693" Z="0"/><Vertex X="6697" Y="9517" Z="0"/><Vertex X="6697" Y="9429" Z="0"/><Vertex X="6697" Y="9385" Z="0"/><Vertex X="6697" Y="9297" Z="0"/><Vertex X="6697" Y="9253" Z="0"/><Vertex X="6697" Y="9165" Z="0"/><Vertex X="6697" Y="9077" Z="0"/><Vertex X="6697" Y="9033" Z="0"/><Vertex X="6697" Y="8944" Z="0"/><Vertex X="6697" Y="8856" Z="0"/><Vertex X="6741" Y="8856" Z="0"/><Vertex X="6741" Y="8724" Z="0"/><Vertex X="6741" Y="8636" Z="0"/><Vertex X="6741" Y="8548" Z="0"/><Vertex X="6741" Y="8416" Z="0"/><Vertex X="6829" Y="8283" Z="0"/><Vertex X="6829" Y="8195" Z="0"/><Vertex X="6829" Y="8107" Z="0"/><Vertex X="6829" Y="8019" Z="0"/><Vertex X="6829" Y="7975" Z="0"/><Vertex X="6829" Y="7887" Z="0"/><Vertex X="6829" Y="7843" Z="0"/><Vertex X="6829" Y="7755" Z="0"/><Vertex X="6829" Y="7623" Z="0"/><Vertex X="6829" Y="7534" Z="0"/><Vertex X="6829" Y="7446" Z="0"/><Vertex X="6829" Y="7314" Z="0"/><Vertex X="6829" Y="7226" Z="0"/><Vertex X="6917" Y="7226" Z="0"/><Vertex X="6917" Y="7138" Z="0"/><Vertex X="6917" Y="7006" Z="0"/><Vertex X="6917" Y="6962" Z="0"/><Vertex X="6917" Y="6829" Z="0"/><Vertex X="6917" Y="6785" Z="0"/><Vertex X="6917" Y="6653" Z="0"/><Vertex X="6917" Y="6565" Z="0"/><Vertex X="6917" Y="6521" Z="0"/><Vertex X="6917" Y="6433" Z="0"/><Vertex X="6917" Y="6345" Z="0"/><Vertex X="6917" Y="6301" Z="0"/><Vertex X="6917" Y="6213" Z="0"/><Vertex X="6917" Y="6169" Z="0"/><Vertex X="6917" Y="6080" Z="0"/><Vertex X="6917" Y="5992" Z="0"/><Vertex X="6917" Y="5948" Z="0"/><Vertex X="6917" Y="5860" Z="0"/><Vertex X="6873" Y="5728" Z="0"/><Vertex X="6873" Y="5684" Z="0"/><Vertex X="6873" Y="5552" Z="0"/><Vertex X="6785" Y="5420" Z="0"/><Vertex X="6785" Y="5375" Z="0"/><Vertex X="6785" Y="5287" Z="0"/><Vertex X="6697" Y="5287" Z="0"/><Vertex X="6697" Y="5243" Z="0"/><Vertex X="6697" Y="5155" Z="0"/><Vertex X="6653" Y="5155" Z="0"/><Vertex X="6653" Y="5067" Z="0"/><Vertex X="6565" Y="5023" Z="0"/><Vertex X="6565" Y="4935" Z="0"/><Vertex X="6477" Y="4847" Z="0"/><Vertex X="6477" Y="4803" Z="0"/><Vertex X="6433" Y="4803" Z="0"/><Vertex X="6433" Y="4715" Z="0"/><Vertex X="6345" Y="4715" Z="0"/><Vertex X="6345" Y="4626" Z="0"/><Vertex X="6257" Y="4626" Z="0"/><Vertex X="6257" Y="4582" Z="0"/><Vertex X="6212" Y="4494" Z="0"/><Vertex X="6212" Y="4406" Z="0"/><Vertex X="6212" Y="4362" Z="0"/><Vertex X="6124" Y="4362" Z="0"/><Vertex X="6124" Y="4274" Z="0"/><Vertex X="6124" Y="4230" Z="0"/><Vertex X="6036" Y="4230" Z="0"/><Vertex X="6036" Y="4142" Z="0"/><Vertex X="5992" Y="4054" Z="0"/><Vertex X="5992" Y="4010" Z="0"/><Vertex X="5904" Y="4010" Z="0"/><Vertex X="5904" Y="3921" Z="0"/><Vertex X="5904" Y="3833" Z="0"/><Vertex X="5816" Y="3833" Z="0"/><Vertex X="5816" Y="3789" Z="0"/><Vertex X="5772" Y="3701" Z="0"/><Vertex X="5772" Y="3613" Z="0"/><Vertex X="5684" Y="3613" Z="0"/><Vertex X="5684" Y="3569" Z="0"/><Vertex X="5596" Y="3481" Z="0"/><Vertex X="5596" Y="3349" Z="0"/><Vertex X="5552" Y="3349" Z="0"/><Vertex X="5552" Y="3305" Z="0"/><Vertex X="5463" Y="3305" Z="0"/><Vertex X="5463" Y="3216" Z="0"/><Vertex X="5463" Y="3172" Z="0"/><Vertex X="5331" Y="3172" Z="0"/><Vertex X="5331" Y="3084" Z="0"/><Vertex X="5243" Y="3084" Z="0"/><Vertex X="5243" Y="2952" Z="0"/><Vertex X="5155" Y="2952" Z="0"/><Vertex X="5155" Y="2908" Z="0"/><Vertex X="5067" Y="2908" Z="0"/><Vertex X="5067" Y="2820" Z="0"/><Vertex X="5023" Y="2820" Z="0"/><Vertex X="5023" Y="2776" Z="0"/><Vertex X="4935" Y="2688" Z="0"/><Vertex X="4847" Y="2556" Z="0"/><Vertex X="4847" Y="2467" Z="0"/><Vertex X="4802" Y="2467" Z="0"/><Vertex X="4802" Y="2423" Z="0"/><Vertex X="4714" Y="2423" Z="0"/><Vertex X="4714" Y="2335" Z="0"/><Vertex X="4626" Y="2335" Z="0"/><Vertex X="4626" Y="2291" Z="0"/><Vertex X="4582" Y="2291" Z="0"/><Vertex X="4582" Y="2203" Z="0"/><Vertex X="4494" Y="2203" Z="0"/><Vertex X="4406" Y="2115" Z="0"/><Vertex X="4406" Y="2071" Z="0"/><Vertex X="4362" Y="2071" Z="0"/><Vertex X="4362" Y="1983" Z="0"/><Vertex X="4362" Y="1895" Z="0"/><Vertex X="4274" Y="1895" Z="0"/><Vertex X="4274" Y="1851" Z="0"/><Vertex X="4230" Y="1851" Z="0"/><Vertex X="4053" Y="1718" Z="0"/></Vertices></Region><Region Id="2" Type="0" Zoom="0.022696" Selected="0" ImageLocation="" ImageFocus="-1" Length="57134.6" Area="91271377.5" LengthMicrons="28190.2" AreaMicrons="22219429.7" Text="" NegativeROA="0" InputRegionId="0" Analyze="1" DisplayId="2"><Attributes></Attributes><Vertices><Vertex X="12293" Y="4406" Z="0"/><Vertex X="12205" Y="4406" Z="0"/><Vertex X="12117" Y="4406" Z="0"/><Vertex X="12073" Y="4406" Z="0"/><Vertex X="11984" Y="4406" Z="0"/><Vertex X="11808" Y="4406" Z="0"/><Vertex X="11720" Y="4494" Z="0"/><Vertex X="11588" Y="4494" Z="0"/><Vertex X="11500" Y="4494" Z="0"/><Vertex X="11412" Y="4494" Z="0"/><Vertex X="11324" Y="4538" Z="0"/><Vertex X="11191" Y="4538" Z="0"/><Vertex X="11147" Y="4538" Z="0"/><Vertex X="11059" Y="4538" Z="0"/><Vertex X="10971" Y="4626" Z="0"/><Vertex X="10927" Y="4626" Z="0"/><Vertex X="10927" Y="4715" Z="0"/><Vertex X="10795" Y="4715" Z="0"/><Vertex X="10707" Y="4847" Z="0"/><Vertex X="10707" Y="4935" Z="0"/><Vertex X="10619" Y="5067" Z="0"/><Vertex X="10619" Y="5155" Z="0"/><Vertex X="10619" Y="5199" Z="0"/><Vertex X="10619" Y="5287" Z="0"/><Vertex X="10619" Y="5331" Z="0"/><Vertex X="10619" Y="5420" Z="0"/><Vertex X="10619" Y="5508" Z="0"/><Vertex X="10619" Y="5552" Z="0"/><Vertex X="10530" Y="5728" Z="0"/><Vertex X="10530" Y="5816" Z="0"/><Vertex X="10530" Y="5904" Z="0"/><Vertex X="10530" Y="5992" Z="0"/><Vertex X="10530" Y="6080" Z="0"/><Vertex X="10486" Y="6124" Z="0"/><Vertex X="10486" Y="6213" Z="0"/><Vertex X="10486" Y="6301" Z="0"/><Vertex X="10398" Y="6345" Z="0"/><Vertex X="10398" Y="6477" Z="0"/><Vertex X="10398" Y="6609" Z="0"/><Vertex X="10310" Y="6609" Z="0"/><Vertex X="10310" Y="6697" Z="0"/><Vertex X="10310" Y="6829" Z="0"/><Vertex X="10310" Y="7006" Z="0"/><Vertex X="10310" Y="7050" Z="0"/><Vertex X="10310" Y="7138" Z="0"/><Vertex X="10222" Y="7226" Z="0"/><Vertex X="10222" Y="7270" Z="0"/><Vertex X="10222" Y="7358" Z="0"/><Vertex X="10178" Y="7358" Z="0"/><Vertex X="10178" Y="7446" Z="0"/><Vertex X="10178" Y="7490" Z="0"/><Vertex X="10178" Y="7579" Z="0"/><Vertex X="10178" Y="7623" Z="0"/><Vertex X="10178" Y="7711" Z="0"/><Vertex X="10090" Y="7711" Z="0"/><Vertex X="10090" Y="7843" Z="0"/><Vertex X="10090" Y="7931" Z="0"/><Vertex X="10090" Y="8063" Z="0"/><Vertex X="10090" Y="8195" Z="0"/><Vertex X="10134" Y="8328" Z="0"/><Vertex X="10134" Y="8416" Z="0"/><Vertex X="10266" Y="8548" Z="0"/><Vertex X="10266" Y="8680" Z="0"/><Vertex X="10354" Y="8680" Z="0"/><Vertex X="10354" Y="8768" Z="0"/><Vertex X="10398" Y="8768" Z="0"/><Vertex X="10398" Y="8900" Z="0"/><Vertex X="10486" Y="8900" Z="0"/><Vertex X="10486" Y="9033" Z="0"/><Vertex X="10574" Y="9165" Z="0"/><Vertex X="10574" Y="9209" Z="0"/><Vertex X="10574" Y="9297" Z="0"/><Vertex X="10574" Y="9341" Z="0"/><Vertex X="10574" Y="9429" Z="0"/><Vertex X="10619" Y="9517" Z="0"/><Vertex X="10619" Y="9649" Z="0"/><Vertex X="10619" Y="9782" Z="0"/><Vertex X="10707" Y="9914" Z="0"/><Vertex X="10707" Y="10046" Z="0"/><Vertex X="10707" Y="10090" Z="0"/><Vertex X="10707" Y="10178" Z="0"/><Vertex X="10795" Y="10266" Z="0"/><Vertex X="10795" Y="10310" Z="0"/><Vertex X="10795" Y="10398" Z="0"/><Vertex X="10795" Y="10487" Z="0"/><Vertex X="10883" Y="10487" Z="0"/><Vertex X="10883" Y="10619" Z="0"/><Vertex X="10883" Y="10751" Z="0"/><Vertex X="10927" Y="10883" Z="0"/><Vertex X="10927" Y="10971" Z="0"/><Vertex X="11015" Y="11103" Z="0"/><Vertex X="11015" Y="11236" Z="0"/><Vertex X="11103" Y="11368" Z="0"/><Vertex X="11103" Y="11412" Z="0"/><Vertex X="11103" Y="11500" Z="0"/><Vertex X="11103" Y="11544" Z="0"/><Vertex X="11191" Y="11632" Z="0"/><Vertex X="11191" Y="11720" Z="0"/><Vertex X="11191" Y="11764" Z="0"/><Vertex X="11279" Y="11852" Z="0"/><Vertex X="11279" Y="11941" Z="0"/><Vertex X="11279" Y="12073" Z="0"/><Vertex X="11279" Y="12161" Z="0"/><Vertex X="11279" Y="12249" Z="0"/><Vertex X="11368" Y="12293" Z="0"/><Vertex X="11368" Y="12381" Z="0"/><Vertex X="11368" Y="12469" Z="0"/><Vertex X="11368" Y="12513" Z="0"/><Vertex X="11368" Y="12646" Z="0"/><Vertex X="11368" Y="12734" Z="0"/><Vertex X="11368" Y="12822" Z="0"/><Vertex X="11368" Y="12954" Z="0"/><Vertex X="11368" Y="12998" Z="0"/><Vertex X="11368" Y="13086" Z="0"/><Vertex X="11368" Y="13174" Z="0"/><Vertex X="11368" Y="13218" Z="0"/><Vertex X="11368" Y="13351" Z="0"/><Vertex X="11412" Y="13351" Z="0"/><Vertex X="11412" Y="13439" Z="0"/><Vertex X="11412" Y="13483" Z="0"/><Vertex X="11412" Y="13615" Z="0"/><Vertex X="11500" Y="13615" Z="0"/><Vertex X="11500" Y="13703" Z="0"/><Vertex X="11500" Y="13835" Z="0"/><Vertex X="11500" Y="13923" Z="0"/><Vertex X="11500" Y="14056" Z="0"/><Vertex X="11500" Y="14144" Z="0"/><Vertex X="11500" Y="14232" Z="0"/><Vertex X="11500" Y="14276" Z="0"/><Vertex X="11500" Y="14364" Z="0"/><Vertex X="11500" Y="14408" Z="0"/><Vertex X="11500" Y="14496" Z="0"/><Vertex X="11500" Y="14628" Z="0"/><Vertex X="11500" Y="14716" Z="0"/><Vertex X="11500" Y="14849" Z="0"/><Vertex X="11500" Y="14981" Z="0"/><Vertex X="11500" Y="15069" Z="0"/><Vertex X="11500" Y="15201" Z="0"/><Vertex X="11500" Y="15289" Z="0"/><Vertex X="11500" Y="15333" Z="0"/><Vertex X="11500" Y="15465" Z="0"/><Vertex X="11500" Y="15598" Z="0"/><Vertex X="11500" Y="15686" Z="0"/><Vertex X="11500" Y="15774" Z="0"/><Vertex X="11500" Y="15818" Z="0"/><Vertex X="11500" Y="15906" Z="0"/><Vertex X="11500" Y="15994" Z="0"/><Vertex X="11500" Y="16082" Z="0"/><Vertex X="11500" Y="16170" Z="0"/><Vertex X="11588" Y="16303" Z="0"/><Vertex X="11588" Y="16391" Z="0"/><Vertex X="11588" Y="16523" Z="0"/><Vertex X="11588" Y="16655" Z="0"/><Vertex X="11632" Y="16787" Z="0"/><Vertex X="11632" Y="16875" Z="0"/><Vertex X="11632" Y="16964" Z="0"/><Vertex X="11720" Y="17096" Z="0"/><Vertex X="11720" Y="17184" Z="0"/><Vertex X="11720" Y="17316" Z="0"/><Vertex X="11808" Y="17316" Z="0"/><Vertex X="11808" Y="17448" Z="0"/><Vertex X="11808" Y="17492" Z="0"/><Vertex X="11808" Y="17580" Z="0"/><Vertex X="11808" Y="17624" Z="0"/><Vertex X="11808" Y="17713" Z="0"/><Vertex X="11896" Y="17801" Z="0"/><Vertex X="11896" Y="17845" Z="0"/><Vertex X="11896" Y="17933" Z="0"/><Vertex X="11896" Y="18021" Z="0"/><Vertex X="11896" Y="18109" Z="0"/><Vertex X="11896" Y="18241" Z="0"/><Vertex X="11896" Y="18329" Z="0"/><Vertex X="11896" Y="18373" Z="0"/><Vertex X="11896" Y="18462" Z="0"/><Vertex X="11896" Y="18550" Z="0"/><Vertex X="11852" Y="18550" Z="0"/><Vertex X="11852" Y="18682" Z="0"/><Vertex X="11852" Y="18770" Z="0"/><Vertex X="11764" Y="18814" Z="0"/><Vertex X="11764" Y="18902" Z="0"/><Vertex X="11764" Y="18990" Z="0"/><Vertex X="11720" Y="18990" Z="0"/><Vertex X="11720" Y="19078" Z="0"/><Vertex X="11720" Y="19167" Z="0"/><Vertex X="11720" Y="19255" Z="0"/><Vertex X="11632" Y="19299" Z="0"/><Vertex X="11632" Y="19387" Z="0"/><Vertex X="11632" Y="19519" Z="0"/><Vertex X="11544" Y="19563" Z="0"/><Vertex X="11544" Y="19695" Z="0"/><Vertex X="11544" Y="19828" Z="0"/><Vertex X="11456" Y="19960" Z="0"/><Vertex X="11456" Y="20048" Z="0"/><Vertex X="11456" Y="20136" Z="0"/><Vertex X="11456" Y="20180" Z="0"/><Vertex X="11412" Y="20180" Z="0"/><Vertex X="11412" Y="20312" Z="0"/><Vertex X="11412" Y="20444" Z="0"/><Vertex X="11412" Y="20488" Z="0"/><Vertex X="11324" Y="20577" Z="0"/><Vertex X="11324" Y="20709" Z="0"/><Vertex X="11235" Y="20841" Z="0"/><Vertex X="11235" Y="20929" Z="0"/><Vertex X="11147" Y="20929" Z="0"/><Vertex X="11147" Y="21017" Z="0"/><Vertex X="11103" Y="21105" Z="0"/><Vertex X="11103" Y="21149" Z="0"/><Vertex X="11015" Y="21149" Z="0"/><Vertex X="11015" Y="21282" Z="0"/><Vertex X="11015" Y="21370" Z="0"/><Vertex X="10927" Y="21414" Z="0"/><Vertex X="10927" Y="21502" Z="0"/><Vertex X="10883" Y="21590" Z="0"/><Vertex X="10883" Y="21634" Z="0"/><Vertex X="10795" Y="21722" Z="0"/><Vertex X="10795" Y="21854" Z="0"/><Vertex X="10707" Y="21854" Z="0"/><Vertex X="10707" Y="21942" Z="0"/><Vertex X="10619" Y="22031" Z="0"/><Vertex X="10619" Y="22119" Z="0"/><Vertex X="10574" Y="22119" Z="0"/><Vertex X="10574" Y="22207" Z="0"/><Vertex X="10486" Y="22207" Z="0"/><Vertex X="10486" Y="22339" Z="0"/><Vertex X="10442" Y="22339" Z="0"/><Vertex X="10442" Y="22471" Z="0"/><Vertex X="10354" Y="22471" Z="0"/><Vertex X="10354" Y="22515" Z="0"/><Vertex X="10266" Y="22603" Z="0"/><Vertex X="10266" Y="22691" Z="0"/><Vertex X="10266" Y="22736" Z="0"/><Vertex X="10178" Y="22824" Z="0"/><Vertex X="10178" Y="22912" Z="0"/><Vertex X="10178" Y="23000" Z="0"/><Vertex X="10178" Y="23132" Z="0"/><Vertex X="10134" Y="23264" Z="0"/><Vertex X="10134" Y="23308" Z="0"/><Vertex X="10046" Y="23396" Z="0"/><Vertex X="10046" Y="23485" Z="0"/><Vertex X="9958" Y="23573" Z="0"/><Vertex X="9958" Y="23617" Z="0"/><Vertex X="9870" Y="23617" Z="0"/><Vertex X="9870" Y="23705" Z="0"/><Vertex X="9825" Y="23793" Z="0"/><Vertex X="9825" Y="23837" Z="0"/><Vertex X="9825" Y="23925" Z="0"/><Vertex X="9825" Y="23969" Z="0"/><Vertex X="9825" Y="24057" Z="0"/><Vertex X="9737" Y="24057" Z="0"/><Vertex X="9737" Y="24146" Z="0"/><Vertex X="9737" Y="24190" Z="0"/><Vertex X="9737" Y="24278" Z="0"/><Vertex X="9737" Y="24322" Z="0"/><Vertex X="9737" Y="24410" Z="0"/><Vertex X="9737" Y="24498" Z="0"/><Vertex X="9737" Y="24542" Z="0"/><Vertex X="9737" Y="24630" Z="0"/><Vertex X="9737" Y="24674" Z="0"/><Vertex X="9781" Y="24762" Z="0"/><Vertex X="9870" Y="24850" Z="0"/><Vertex X="9914" Y="24939" Z="0"/><Vertex X="9914" Y="24983" Z="0"/><Vertex X="10002" Y="24983" Z="0"/><Vertex X="10002" Y="25071" Z="0"/><Vertex X="10090" Y="25071" Z="0"/><Vertex X="10090" Y="25159" Z="0"/><Vertex X="10134" Y="25159" Z="0"/><Vertex X="10222" Y="25203" Z="0"/><Vertex X="10310" Y="25203" Z="0"/><Vertex X="10354" Y="25203" Z="0"/><Vertex X="10354" Y="25291" Z="0"/><Vertex X="10486" Y="25291" Z="0"/><Vertex X="10530" Y="25291" Z="0"/><Vertex X="10663" Y="25291" Z="0"/><Vertex X="10751" Y="25291" Z="0"/><Vertex X="10839" Y="25379" Z="0"/><Vertex X="10927" Y="25379" Z="0"/><Vertex X="11015" Y="25379" Z="0"/><Vertex X="11059" Y="25379" Z="0"/><Vertex X="11147" Y="25379" Z="0"/><Vertex X="11235" Y="25467" Z="0"/><Vertex X="11279" Y="25467" Z="0"/><Vertex X="11368" Y="25467" Z="0"/><Vertex X="11500" Y="25467" Z="0"/><Vertex X="11588" Y="25467" Z="0"/><Vertex X="11676" Y="25467" Z="0"/><Vertex X="11764" Y="25467" Z="0"/><Vertex X="11896" Y="25467" Z="0"/><Vertex X="12029" Y="25467" Z="0"/><Vertex X="12117" Y="25467" Z="0"/><Vertex X="12249" Y="25467" Z="0"/><Vertex X="12381" Y="25467" Z="0"/><Vertex X="12513" Y="25511" Z="0"/><Vertex X="12601" Y="25511" Z="0"/><Vertex X="12689" Y="25511" Z="0"/><Vertex X="12733" Y="25511" Z="0"/><Vertex X="12822" Y="25511" Z="0"/><Vertex X="12910" Y="25511" Z="0"/><Vertex X="12998" Y="25511" Z="0"/><Vertex X="13086" Y="25511" Z="0"/><Vertex X="13174" Y="25511" Z="0"/><Vertex X="13218" Y="25511" Z="0"/><Vertex X="13306" Y="25511" Z="0"/><Vertex X="13438" Y="25600" Z="0"/><Vertex X="13527" Y="25600" Z="0"/><Vertex X="13615" Y="25600" Z="0"/><Vertex X="13659" Y="25600" Z="0"/><Vertex X="13747" Y="25600" Z="0"/><Vertex X="13835" Y="25600" Z="0"/><Vertex X="13923" Y="25600" Z="0"/><Vertex X="14011" Y="25600" Z="0"/><Vertex X="14143" Y="25600" Z="0"/><Vertex X="14232" Y="25688" Z="0"/><Vertex X="14364" Y="25688" Z="0"/><Vertex X="14496" Y="25688" Z="0"/><Vertex X="14584" Y="25688" Z="0"/><Vertex X="14716" Y="25688" Z="0"/><Vertex X="14716" Y="25600" Z="0"/><Vertex X="14848" Y="25600" Z="0"/><Vertex X="14848" Y="25511" Z="0"/><Vertex X="14937" Y="25511" Z="0"/><Vertex X="14937" Y="25467" Z="0"/><Vertex X="15025" Y="25467" Z="0"/><Vertex X="15025" Y="25335" Z="0"/><Vertex X="15113" Y="25203" Z="0"/><Vertex X="15113" Y="25159" Z="0"/><Vertex X="15113" Y="25071" Z="0"/><Vertex X="15113" Y="25027" Z="0"/><Vertex X="15113" Y="24939" Z="0"/><Vertex X="15201" Y="24806" Z="0"/><Vertex X="15201" Y="24762" Z="0"/><Vertex X="15201" Y="24674" Z="0"/><Vertex X="15201" Y="24586" Z="0"/><Vertex X="15201" Y="24542" Z="0"/><Vertex X="15289" Y="24454" Z="0"/><Vertex X="15289" Y="24278" Z="0"/><Vertex X="15289" Y="24101" Z="0"/><Vertex X="15289" Y="24057" Z="0"/><Vertex X="15289" Y="23969" Z="0"/><Vertex X="15289" Y="23925" Z="0"/><Vertex X="15289" Y="23837" Z="0"/><Vertex X="15333" Y="23749" Z="0"/><Vertex X="15333" Y="23705" Z="0"/><Vertex X="15333" Y="23529" Z="0"/><Vertex X="15421" Y="23529" Z="0"/><Vertex X="15421" Y="23396" Z="0"/><Vertex X="15421" Y="23308" Z="0"/><Vertex X="15509" Y="23220" Z="0"/><Vertex X="15509" Y="23088" Z="0"/><Vertex X="15553" Y="23088" Z="0"/><Vertex X="15553" Y="22956" Z="0"/><Vertex X="15642" Y="22868" Z="0"/><Vertex X="15642" Y="22736" Z="0"/><Vertex X="15730" Y="22603" Z="0"/><Vertex X="15730" Y="22515" Z="0"/><Vertex X="15730" Y="22427" Z="0"/><Vertex X="15730" Y="22339" Z="0"/><Vertex X="15818" Y="22295" Z="0"/><Vertex X="15818" Y="22207" Z="0"/><Vertex X="15818" Y="22119" Z="0"/><Vertex X="15818" Y="22075" Z="0"/><Vertex X="15818" Y="21987" Z="0"/><Vertex X="15906" Y="21898" Z="0"/><Vertex X="15906" Y="21854" Z="0"/><Vertex X="15906" Y="21766" Z="0"/><Vertex X="15906" Y="21722" Z="0"/><Vertex X="15906" Y="21634" Z="0"/><Vertex X="15906" Y="21546" Z="0"/><Vertex X="15906" Y="21458" Z="0"/><Vertex X="15950" Y="21326" Z="0"/><Vertex X="15950" Y="21237" Z="0"/><Vertex X="15950" Y="21149" Z="0"/><Vertex X="15950" Y="21061" Z="0"/><Vertex X="15950" Y="20973" Z="0"/><Vertex X="15950" Y="20929" Z="0"/><Vertex X="15950" Y="20797" Z="0"/><Vertex X="16038" Y="20709" Z="0"/><Vertex X="16038" Y="20665" Z="0"/><Vertex X="16038" Y="20577" Z="0"/><Vertex X="16038" Y="20532" Z="0"/><Vertex X="16038" Y="20444" Z="0"/><Vertex X="16038" Y="20356" Z="0"/><Vertex X="16038" Y="20312" Z="0"/><Vertex X="16038" Y="20224" Z="0"/><Vertex X="16038" Y="20180" Z="0"/><Vertex X="16038" Y="20048" Z="0"/><Vertex X="16038" Y="19916" Z="0"/><Vertex X="16038" Y="19828" Z="0"/><Vertex X="16038" Y="19695" Z="0"/><Vertex X="16038" Y="19563" Z="0"/><Vertex X="16038" Y="19475" Z="0"/><Vertex X="16038" Y="19299" Z="0"/><Vertex X="16038" Y="19123" Z="0"/><Vertex X="16038" Y="18946" Z="0"/><Vertex X="16038" Y="18858" Z="0"/><Vertex X="16038" Y="18682" Z="0"/><Vertex X="16038" Y="18550" Z="0"/><Vertex X="16038" Y="18462" Z="0"/><Vertex X="16038" Y="18329" Z="0"/><Vertex X="15994" Y="18197" Z="0"/><Vertex X="15994" Y="18065" Z="0"/><Vertex X="15994" Y="17977" Z="0"/><Vertex X="15994" Y="17845" Z="0"/><Vertex X="15994" Y="17713" Z="0"/><Vertex X="15994" Y="17624" Z="0"/><Vertex X="15994" Y="17492" Z="0"/><Vertex X="15994" Y="17360" Z="0"/><Vertex X="15994" Y="17272" Z="0"/><Vertex X="15950" Y="17184" Z="0"/><Vertex X="15950" Y="17096" Z="0"/><Vertex X="15950" Y="17052" Z="0"/><Vertex X="15950" Y="16964" Z="0"/><Vertex X="15950" Y="16919" Z="0"/><Vertex X="15950" Y="16787" Z="0"/><Vertex X="15950" Y="16699" Z="0"/><Vertex X="15950" Y="16655" Z="0"/><Vertex X="15862" Y="16567" Z="0"/><Vertex X="15862" Y="16435" Z="0"/><Vertex X="15862" Y="16391" Z="0"/><Vertex X="15774" Y="16303" Z="0"/><Vertex X="15774" Y="16214" Z="0"/><Vertex X="15686" Y="16170" Z="0"/><Vertex X="15686" Y="16082" Z="0"/><Vertex X="15597" Y="15994" Z="0"/><Vertex X="15597" Y="15950" Z="0"/><Vertex X="15509" Y="15862" Z="0"/><Vertex X="15509" Y="15774" Z="0"/><Vertex X="15421" Y="15686" Z="0"/><Vertex X="15421" Y="15598" Z="0"/><Vertex X="15333" Y="15465" Z="0"/><Vertex X="15333" Y="15377" Z="0"/><Vertex X="15245" Y="15289" Z="0"/><Vertex X="15245" Y="15245" Z="0"/><Vertex X="15157" Y="15157" Z="0"/><Vertex X="15157" Y="15069" Z="0"/><Vertex X="15157" Y="15025" Z="0"/><Vertex X="15113" Y="14937" Z="0"/><Vertex X="15113" Y="14849" Z="0"/><Vertex X="15025" Y="14760" Z="0"/><Vertex X="15025" Y="14672" Z="0"/><Vertex X="15025" Y="14540" Z="0"/><Vertex X="14937" Y="14452" Z="0"/><Vertex X="14937" Y="14320" Z="0"/><Vertex X="14937" Y="14232" Z="0"/><Vertex X="14848" Y="14188" Z="0"/><Vertex X="14848" Y="14100" Z="0"/><Vertex X="14848" Y="14011" Z="0"/><Vertex X="14760" Y="13967" Z="0"/><Vertex X="14760" Y="13879" Z="0"/><Vertex X="14760" Y="13791" Z="0"/><Vertex X="14716" Y="13747" Z="0"/><Vertex X="14716" Y="13659" Z="0"/><Vertex X="14628" Y="13571" Z="0"/><Vertex X="14628" Y="13483" Z="0"/><Vertex X="14628" Y="13351" Z="0"/><Vertex X="14540" Y="13262" Z="0"/><Vertex X="14540" Y="13174" Z="0"/><Vertex X="14452" Y="13130" Z="0"/><Vertex X="14452" Y="13042" Z="0"/><Vertex X="14452" Y="12998" Z="0"/><Vertex X="14364" Y="12910" Z="0"/><Vertex X="14364" Y="12822" Z="0"/><Vertex X="14364" Y="12778" Z="0"/><Vertex X="14320" Y="12690" Z="0"/><Vertex X="14320" Y="12557" Z="0"/><Vertex X="14232" Y="12425" Z="0"/><Vertex X="14232" Y="12337" Z="0"/><Vertex X="14232" Y="12205" Z="0"/><Vertex X="14232" Y="12117" Z="0"/><Vertex X="14232" Y="12029" Z="0"/><Vertex X="14232" Y="11941" Z="0"/><Vertex X="14232" Y="11808" Z="0"/><Vertex X="14232" Y="11720" Z="0"/><Vertex X="14232" Y="11632" Z="0"/><Vertex X="14232" Y="11588" Z="0"/><Vertex X="14232" Y="11500" Z="0"/><Vertex X="14232" Y="11412" Z="0"/><Vertex X="14232" Y="11368" Z="0"/><Vertex X="14232" Y="11280" Z="0"/><Vertex X="14232" Y="11236" Z="0"/><Vertex X="14232" Y="11103" Z="0"/><Vertex X="14232" Y="11015" Z="0"/><Vertex X="14232" Y="10927" Z="0"/><Vertex X="14232" Y="10839" Z="0"/><Vertex X="14232" Y="10707" Z="0"/><Vertex X="14232" Y="10619" Z="0"/><Vertex X="14232" Y="10487" Z="0"/><Vertex X="14232" Y="10354" Z="0"/><Vertex X="14232" Y="10266" Z="0"/><Vertex X="14232" Y="10178" Z="0"/><Vertex X="14232" Y="10090" Z="0"/><Vertex X="14232" Y="10046" Z="0"/><Vertex X="14276" Y="9958" Z="0"/><Vertex X="14276" Y="9870" Z="0"/><Vertex X="14276" Y="9826" Z="0"/><Vertex X="14276" Y="9738" Z="0"/><Vertex X="14276" Y="9693" Z="0"/><Vertex X="14320" Y="9605" Z="0"/><Vertex X="14320" Y="9517" Z="0"/><Vertex X="14320" Y="9473" Z="0"/><Vertex X="14408" Y="9385" Z="0"/><Vertex X="14408" Y="9297" Z="0"/><Vertex X="14496" Y="9253" Z="0"/><Vertex X="14496" Y="9165" Z="0"/><Vertex X="14584" Y="9165" Z="0"/><Vertex X="14584" Y="9033" Z="0"/><Vertex X="14628" Y="8900" Z="0"/><Vertex X="14628" Y="8812" Z="0"/><Vertex X="14716" Y="8724" Z="0"/><Vertex X="14716" Y="8636" Z="0"/><Vertex X="14716" Y="8592" Z="0"/><Vertex X="14804" Y="8504" Z="0"/><Vertex X="14804" Y="8416" Z="0"/><Vertex X="14804" Y="8372" Z="0"/><Vertex X="14937" Y="8283" Z="0"/><Vertex X="14937" Y="8195" Z="0"/><Vertex X="14937" Y="8107" Z="0"/><Vertex X="14981" Y="8107" Z="0"/><Vertex X="14981" Y="7931" Z="0"/><Vertex X="14981" Y="7843" Z="0"/><Vertex X="14981" Y="7799" Z="0"/><Vertex X="14981" Y="7711" Z="0"/><Vertex X="14981" Y="7667" Z="0"/><Vertex X="14981" Y="7579" Z="0"/><Vertex X="15069" Y="7490" Z="0"/><Vertex X="15069" Y="7446" Z="0"/><Vertex X="15069" Y="7358" Z="0"/><Vertex X="15069" Y="7270" Z="0"/><Vertex X="15069" Y="7226" Z="0"/><Vertex X="15069" Y="7138" Z="0"/><Vertex X="15069" Y="7094" Z="0"/><Vertex X="15069" Y="7006" Z="0"/><Vertex X="15069" Y="6918" Z="0"/><Vertex X="15069" Y="6874" Z="0"/><Vertex X="15069" Y="6785" Z="0"/><Vertex X="15069" Y="6741" Z="0"/><Vertex X="15069" Y="6653" Z="0"/><Vertex X="15069" Y="6477" Z="0"/><Vertex X="15069" Y="6433" Z="0"/><Vertex X="15069" Y="6345" Z="0"/><Vertex X="15069" Y="6257" Z="0"/><Vertex X="15069" Y="6213" Z="0"/><Vertex X="15069" Y="6124" Z="0"/><Vertex X="15069" Y="6080" Z="0"/><Vertex X="15069" Y="5948" Z="0"/><Vertex X="15069" Y="5860" Z="0"/><Vertex X="15069" Y="5772" Z="0"/><Vertex X="15069" Y="5684" Z="0"/><Vertex X="15069" Y="5552" Z="0"/><Vertex X="15069" Y="5508" Z="0"/><Vertex X="15157" Y="5508" Z="0"/><Vertex X="15157" Y="5375" Z="0"/><Vertex X="15157" Y="5243" Z="0"/><Vertex X="15201" Y="5243" Z="0"/><Vertex X="15201" Y="5155" Z="0"/><Vertex X="15201" Y="5067" Z="0"/><Vertex X="15289" Y="4979" Z="0"/><Vertex X="15289" Y="4891" Z="0"/><Vertex X="15289" Y="4803" Z="0"/><Vertex X="15289" Y="4670" Z="0"/><Vertex X="15289" Y="4582" Z="0"/><Vertex X="15289" Y="4450" Z="0"/><Vertex X="15289" Y="4406" Z="0"/><Vertex X="15289" Y="4318" Z="0"/><Vertex X="15201" Y="4318" Z="0"/><Vertex X="15201" Y="4230" Z="0"/><Vertex X="15113" Y="4230" Z="0"/><Vertex X="15069" Y="4186" Z="0"/><Vertex X="14981" Y="4186" Z="0"/><Vertex X="14981" Y="4098" Z="0"/><Vertex X="14848" Y="4098" Z="0"/><Vertex X="14804" Y="4098" Z="0"/><Vertex X="14628" Y="4010" Z="0"/><Vertex X="14540" Y="4010" Z="0"/><Vertex X="14408" Y="4010" Z="0"/><Vertex X="14320" Y="4010" Z="0"/><Vertex X="14188" Y="4010" Z="0"/><Vertex X="14055" Y="4010" Z="0"/><Vertex X="14011" Y="4010" Z="0"/><Vertex X="13923" Y="4010" Z="0"/><Vertex X="13879" Y="4010" Z="0"/><Vertex X="13791" Y="4010" Z="0"/><Vertex X="13703" Y="4010" Z="0"/><Vertex X="13659" Y="4010" Z="0"/><Vertex X="13571" Y="4010" Z="0"/><Vertex X="13527" Y="4010" Z="0"/><Vertex X="13438" Y="4054" Z="0"/><Vertex X="13306" Y="4054" Z="0"/><Vertex X="13174" Y="4054" Z="0"/><Vertex X="13086" Y="4054" Z="0"/><Vertex X="12954" Y="4054" Z="0"/><Vertex X="12822" Y="4054" Z="0"/><Vertex X="12733" Y="4054" Z="0"/><Vertex X="12733" Y="4098" Z="0"/><Vertex X="12645" Y="4098" Z="0"/><Vertex X="12601" Y="4098" Z="0"/><Vertex X="12601" Y="4186" Z="0"/><Vertex X="12513" Y="4186" Z="0"/><Vertex X="12425" Y="4186" Z="0"/><Vertex X="12425" Y="4274" Z="0"/><Vertex X="12381" Y="4274" Z="0"/><Vertex X="12293" Y="4274" Z="0"/><Vertex X="12293" Y="4318" Z="0"/><Vertex X="12249" Y="4318" Z="0"/><Vertex X="12293" Y="4406" Z="0"/></Vertices></Region><Region Id="3" Type="0" Zoom="0.022696" Selected="0" ImageLocation="" ImageFocus="-1" Length="65210.6" Area="95912108.0" LengthMicrons="32174.9" AreaMicrons="23349185.7" Text="" NegativeROA="0" InputRegionId="0" Analyze="1" DisplayId="3"><Attributes></Attributes><Vertices><Vertex X="25379" Y="4362" Z="0"/><Vertex X="25291" Y="4362" Z="0"/><Vertex X="25247" Y="4362" Z="0"/><Vertex X="25247" Y="4274" Z="0"/><Vertex X="25159" Y="4274" Z="0"/><Vertex X="24982" Y="4274" Z="0"/><Vertex X="24938" Y="4274" Z="0"/><Vertex X="24850" Y="4230" Z="0"/><Vertex X="24762" Y="4230" Z="0"/><Vertex X="24674" Y="4230" Z="0"/><Vertex X="24542" Y="4142" Z="0"/><Vertex X="24410" Y="4142" Z="0"/><Vertex X="24233" Y="4054" Z="0"/><Vertex X="24101" Y="4054" Z="0"/><Vertex X="24013" Y="4054" Z="0"/><Vertex X="23881" Y="4054" Z="0"/><Vertex X="23749" Y="4054" Z="0"/><Vertex X="23661" Y="4054" Z="0"/><Vertex X="23528" Y="4054" Z="0"/><Vertex X="23396" Y="4054" Z="0"/><Vertex X="23308" Y="4054" Z="0"/><Vertex X="23220" Y="4098" Z="0"/><Vertex X="23088" Y="4142" Z="0"/><Vertex X="23044" Y="4142" Z="0"/><Vertex X="22956" Y="4318" Z="0"/><Vertex X="22868" Y="4406" Z="0"/><Vertex X="22779" Y="4494" Z="0"/><Vertex X="22691" Y="4626" Z="0"/><Vertex X="22603" Y="4759" Z="0"/><Vertex X="22603" Y="4847" Z="0"/><Vertex X="22471" Y="4935" Z="0"/><Vertex X="22471" Y="5023" Z="0"/><Vertex X="22427" Y="5067" Z="0"/><Vertex X="22427" Y="5155" Z="0"/><Vertex X="22339" Y="5155" Z="0"/><Vertex X="22339" Y="5287" Z="0"/><Vertex X="22295" Y="5287" Z="0"/><Vertex X="22295" Y="5375" Z="0"/><Vertex X="22163" Y="5375" Z="0"/><Vertex X="22030" Y="5464" Z="0"/><Vertex X="21898" Y="5464" Z="0"/><Vertex X="21898" Y="5552" Z="0"/><Vertex X="21810" Y="5552" Z="0"/><Vertex X="21722" Y="5640" Z="0"/><Vertex X="21634" Y="5640" Z="0"/><Vertex X="21546" Y="5728" Z="0"/><Vertex X="21502" Y="5816" Z="0"/><Vertex X="21414" Y="5904" Z="0"/><Vertex X="21414" Y="5992" Z="0"/><Vertex X="21281" Y="5992" Z="0"/><Vertex X="21281" Y="6080" Z="0"/><Vertex X="21237" Y="6080" Z="0"/><Vertex X="21237" Y="6169" Z="0"/><Vertex X="21237" Y="6213" Z="0"/><Vertex X="21237" Y="6345" Z="0"/><Vertex X="21237" Y="6433" Z="0"/><Vertex X="21237" Y="6521" Z="0"/><Vertex X="21149" Y="6521" Z="0"/><Vertex X="21149" Y="6609" Z="0"/><Vertex X="21149" Y="6697" Z="0"/><Vertex X="21149" Y="6785" Z="0"/><Vertex X="21149" Y="6918" Z="0"/><Vertex X="21149" Y="7050" Z="0"/><Vertex X="21149" Y="7138" Z="0"/><Vertex X="21149" Y="7270" Z="0"/><Vertex X="21149" Y="7402" Z="0"/><Vertex X="21193" Y="7402" Z="0"/><Vertex X="21193" Y="7490" Z="0"/><Vertex X="21237" Y="7623" Z="0"/><Vertex X="21237" Y="7755" Z="0"/><Vertex X="21325" Y="7887" Z="0"/><Vertex X="21325" Y="7975" Z="0"/><Vertex X="21325" Y="8107" Z="0"/><Vertex X="21414" Y="8195" Z="0"/><Vertex X="21414" Y="8283" Z="0"/><Vertex X="21414" Y="8372" Z="0"/><Vertex X="21414" Y="8504" Z="0"/><Vertex X="21414" Y="8548" Z="0"/><Vertex X="21414" Y="8636" Z="0"/><Vertex X="21414" Y="8680" Z="0"/><Vertex X="21414" Y="8768" Z="0"/><Vertex X="21414" Y="8900" Z="0"/><Vertex X="21414" Y="8988" Z="0"/><Vertex X="21414" Y="9121" Z="0"/><Vertex X="21502" Y="9121" Z="0"/><Vertex X="21502" Y="9253" Z="0"/><Vertex X="21502" Y="9341" Z="0"/><Vertex X="21502" Y="9473" Z="0"/><Vertex X="21502" Y="9605" Z="0"/><Vertex X="21502" Y="9693" Z="0"/><Vertex X="21502" Y="9826" Z="0"/><Vertex X="21502" Y="9914" Z="0"/><Vertex X="21502" Y="10002" Z="0"/><Vertex X="21502" Y="10134" Z="0"/><Vertex X="21502" Y="10266" Z="0"/><Vertex X="21502" Y="10354" Z="0"/><Vertex X="21502" Y="10487" Z="0"/><Vertex X="21590" Y="10575" Z="0"/><Vertex X="21590" Y="10619" Z="0"/><Vertex X="21590" Y="10707" Z="0"/><Vertex X="21634" Y="10795" Z="0"/><Vertex X="21634" Y="10839" Z="0"/><Vertex X="21634" Y="10927" Z="0"/><Vertex X="21722" Y="10927" Z="0"/><Vertex X="21722" Y="11103" Z="0"/><Vertex X="21810" Y="11192" Z="0"/><Vertex X="21810" Y="11236" Z="0"/><Vertex X="21854" Y="11324" Z="0"/><Vertex X="21854" Y="11456" Z="0"/><Vertex X="21942" Y="11500" Z="0"/><Vertex X="21942" Y="11588" Z="0"/><Vertex X="21942" Y="11676" Z="0"/><Vertex X="22030" Y="11720" Z="0"/><Vertex X="22030" Y="11808" Z="0"/><Vertex X="22030" Y="11897" Z="0"/><Vertex X="22030" Y="11941" Z="0"/><Vertex X="22119" Y="12029" Z="0"/><Vertex X="22119" Y="12073" Z="0"/><Vertex X="22119" Y="12161" Z="0"/><Vertex X="22119" Y="12249" Z="0"/><Vertex X="22119" Y="12337" Z="0"/><Vertex X="22119" Y="12469" Z="0"/><Vertex X="22119" Y="12557" Z="0"/><Vertex X="22119" Y="12601" Z="0"/><Vertex X="22119" Y="12690" Z="0"/><Vertex X="22119" Y="12734" Z="0"/><Vertex X="22119" Y="12822" Z="0"/><Vertex X="22119" Y="12954" Z="0"/><Vertex X="22119" Y="12998" Z="0"/><Vertex X="22119" Y="13086" Z="0"/><Vertex X="22119" Y="13218" Z="0"/><Vertex X="22119" Y="13262" Z="0"/><Vertex X="22119" Y="13351" Z="0"/><Vertex X="22119" Y="13395" Z="0"/><Vertex X="22119" Y="13483" Z="0"/><Vertex X="22119" Y="13571" Z="0"/><Vertex X="22119" Y="13615" Z="0"/><Vertex X="22119" Y="13703" Z="0"/><Vertex X="22074" Y="13835" Z="0"/><Vertex X="22074" Y="13923" Z="0"/><Vertex X="22074" Y="14011" Z="0"/><Vertex X="22074" Y="14056" Z="0"/><Vertex X="22074" Y="14144" Z="0"/><Vertex X="22074" Y="14320" Z="0"/><Vertex X="22074" Y="14364" Z="0"/><Vertex X="22074" Y="14496" Z="0"/><Vertex X="22074" Y="14584" Z="0"/><Vertex X="22074" Y="14628" Z="0"/><Vertex X="22074" Y="14716" Z="0"/><Vertex X="22074" Y="14760" Z="0"/><Vertex X="22119" Y="14849" Z="0"/><Vertex X="22119" Y="14937" Z="0"/><Vertex X="22119" Y="14981" Z="0"/><Vertex X="22119" Y="15069" Z="0"/><Vertex X="22119" Y="15157" Z="0"/><Vertex X="22119" Y="15201" Z="0"/><Vertex X="22119" Y="15289" Z="0"/><Vertex X="22119" Y="15377" Z="0"/><Vertex X="22119" Y="15465" Z="0"/><Vertex X="22119" Y="15598" Z="0"/><Vertex X="22119" Y="15642" Z="0"/><Vertex X="22119" Y="15774" Z="0"/><Vertex X="22119" Y="15862" Z="0"/><Vertex X="22119" Y="15906" Z="0"/><Vertex X="22074" Y="16038" Z="0"/><Vertex X="22074" Y="16126" Z="0"/><Vertex X="22074" Y="16170" Z="0"/><Vertex X="21986" Y="16170" Z="0"/><Vertex X="21986" Y="16303" Z="0"/><Vertex X="21986" Y="16391" Z="0"/><Vertex X="21986" Y="16479" Z="0"/><Vertex X="21986" Y="16611" Z="0"/><Vertex X="21942" Y="16611" Z="0"/><Vertex X="21942" Y="16743" Z="0"/><Vertex X="21942" Y="16875" Z="0"/><Vertex X="21854" Y="17008" Z="0"/><Vertex X="21854" Y="17140" Z="0"/><Vertex X="21854" Y="17228" Z="0"/><Vertex X="21854" Y="17360" Z="0"/><Vertex X="21766" Y="17360" Z="0"/><Vertex X="21766" Y="17492" Z="0"/><Vertex X="21766" Y="17580" Z="0"/><Vertex X="21678" Y="17669" Z="0"/><Vertex X="21678" Y="17801" Z="0"/><Vertex X="21634" Y="17889" Z="0"/><Vertex X="21634" Y="17933" Z="0"/><Vertex X="21634" Y="18021" Z="0"/><Vertex X="21546" Y="18021" Z="0"/><Vertex X="21546" Y="18065" Z="0"/><Vertex X="21546" Y="18153" Z="0"/><Vertex X="21458" Y="18285" Z="0"/><Vertex X="21458" Y="18418" Z="0"/><Vertex X="21369" Y="18506" Z="0"/><Vertex X="21369" Y="18594" Z="0"/><Vertex X="21281" Y="18682" Z="0"/><Vertex X="21281" Y="18770" Z="0"/><Vertex X="21237" Y="18770" Z="0"/><Vertex X="21237" Y="18858" Z="0"/><Vertex X="21237" Y="18990" Z="0"/><Vertex X="21149" Y="19078" Z="0"/><Vertex X="21149" Y="19211" Z="0"/><Vertex X="21149" Y="19299" Z="0"/><Vertex X="21061" Y="19343" Z="0"/><Vertex X="21061" Y="19475" Z="0"/><Vertex X="21061" Y="19607" Z="0"/><Vertex X="21017" Y="19607" Z="0"/><Vertex X="21017" Y="19695" Z="0"/><Vertex X="21017" Y="19783" Z="0"/><Vertex X="20929" Y="19783" Z="0"/><Vertex X="20929" Y="19872" Z="0"/><Vertex X="20929" Y="19960" Z="0"/><Vertex X="20929" Y="20048" Z="0"/><Vertex X="20929" Y="20180" Z="0"/><Vertex X="20929" Y="20268" Z="0"/><Vertex X="20841" Y="20400" Z="0"/><Vertex X="20841" Y="20532" Z="0"/><Vertex X="20841" Y="20621" Z="0"/><Vertex X="20841" Y="20753" Z="0"/><Vertex X="20841" Y="20841" Z="0"/><Vertex X="20841" Y="20885" Z="0"/><Vertex X="20841" Y="21017" Z="0"/><Vertex X="20841" Y="21149" Z="0"/><Vertex X="20841" Y="21237" Z="0"/><Vertex X="20841" Y="21326" Z="0"/><Vertex X="20841" Y="21458" Z="0"/><Vertex X="20841" Y="21546" Z="0"/><Vertex X="20841" Y="21678" Z="0"/><Vertex X="20841" Y="21766" Z="0"/><Vertex X="20841" Y="21810" Z="0"/><Vertex X="20753" Y="21898" Z="0"/><Vertex X="20753" Y="21987" Z="0"/><Vertex X="20753" Y="22031" Z="0"/><Vertex X="20753" Y="22119" Z="0"/><Vertex X="20753" Y="22207" Z="0"/><Vertex X="20753" Y="22339" Z="0"/><Vertex X="20753" Y="22427" Z="0"/><Vertex X="20753" Y="22559" Z="0"/><Vertex X="20753" Y="22647" Z="0"/><Vertex X="20753" Y="22736" Z="0"/><Vertex X="20753" Y="22780" Z="0"/><Vertex X="20753" Y="22868" Z="0"/><Vertex X="20753" Y="22912" Z="0"/><Vertex X="20753" Y="23000" Z="0"/><Vertex X="20753" Y="23088" Z="0"/><Vertex X="20753" Y="23132" Z="0"/><Vertex X="20709" Y="23220" Z="0"/><Vertex X="20709" Y="23308" Z="0"/><Vertex X="20709" Y="23352" Z="0"/><Vertex X="20709" Y="23441" Z="0"/><Vertex X="20709" Y="23485" Z="0"/><Vertex X="20709" Y="23573" Z="0"/><Vertex X="20709" Y="23705" Z="0"/><Vertex X="20620" Y="23705" Z="0"/><Vertex X="20620" Y="23749" Z="0"/><Vertex X="20620" Y="23837" Z="0"/><Vertex X="20620" Y="23881" Z="0"/><Vertex X="20620" Y="23969" Z="0"/><Vertex X="20620" Y="24057" Z="0"/><Vertex X="20620" Y="24101" Z="0"/><Vertex X="20620" Y="24190" Z="0"/><Vertex X="20620" Y="24234" Z="0"/><Vertex X="20620" Y="24322" Z="0"/><Vertex X="20620" Y="24410" Z="0"/><Vertex X="20620" Y="24454" Z="0"/><Vertex X="20664" Y="24542" Z="0"/><Vertex X="20664" Y="24630" Z="0"/><Vertex X="20664" Y="24674" Z="0"/><Vertex X="20709" Y="24674" Z="0"/><Vertex X="20709" Y="24762" Z="0"/><Vertex X="20709" Y="24806" Z="0"/><Vertex X="20797" Y="24806" Z="0"/><Vertex X="20797" Y="24895" Z="0"/><Vertex X="20797" Y="24983" Z="0"/><Vertex X="20885" Y="24983" Z="0"/><Vertex X="20885" Y="25027" Z="0"/><Vertex X="20929" Y="25027" Z="0"/><Vertex X="20929" Y="25115" Z="0"/><Vertex X="21017" Y="25203" Z="0"/><Vertex X="21017" Y="25247" Z="0"/><Vertex X="21105" Y="25247" Z="0"/><Vertex X="21149" Y="25335" Z="0"/><Vertex X="21149" Y="25423" Z="0"/><Vertex X="21281" Y="25423" Z="0"/><Vertex X="21281" Y="25467" Z="0"/><Vertex X="21369" Y="25467" Z="0"/><Vertex X="21369" Y="25555" Z="0"/><Vertex X="21414" Y="25555" Z="0"/><Vertex X="21502" Y="25644" Z="0"/><Vertex X="21590" Y="25644" Z="0"/><Vertex X="21634" Y="25688" Z="0"/><Vertex X="21766" Y="25688" Z="0"/><Vertex X="21854" Y="25688" Z="0"/><Vertex X="21898" Y="25688" Z="0"/><Vertex X="21986" Y="25688" Z="0"/><Vertex X="21986" Y="25776" Z="0"/><Vertex X="22030" Y="25776" Z="0"/><Vertex X="22119" Y="25776" Z="0"/><Vertex X="22207" Y="25776" Z="0"/><Vertex X="22295" Y="25864" Z="0"/><Vertex X="22427" Y="25864" Z="0"/><Vertex X="22559" Y="25864" Z="0"/><Vertex X="22691" Y="25952" Z="0"/><Vertex X="22779" Y="25952" Z="0"/><Vertex X="22912" Y="25952" Z="0"/><Vertex X="23044" Y="25952" Z="0"/><Vertex X="23088" Y="25952" Z="0"/><Vertex X="23176" Y="25996" Z="0"/><Vertex X="23176" Y="26084" Z="0"/><Vertex X="23264" Y="26084" Z="0"/><Vertex X="23308" Y="26172" Z="0"/><Vertex X="23308" Y="26216" Z="0"/><Vertex X="23396" Y="26216" Z="0"/><Vertex X="23396" Y="26304" Z="0"/><Vertex X="23484" Y="26304" Z="0"/><Vertex X="23484" Y="26393" Z="0"/><Vertex X="23484" Y="26437" Z="0"/><Vertex X="23528" Y="26437" Z="0"/><Vertex X="23528" Y="26525" Z="0"/><Vertex X="23528" Y="26569" Z="0"/><Vertex X="23528" Y="26657" Z="0"/><Vertex X="23528" Y="26745" Z="0"/><Vertex X="23528" Y="26789" Z="0"/><Vertex X="23484" Y="26877" Z="0"/><Vertex X="23440" Y="26877" Z="0"/><Vertex X="23352" Y="26877" Z="0"/><Vertex X="23264" Y="26965" Z="0"/><Vertex X="23220" Y="27054" Z="0"/><Vertex X="23088" Y="27098" Z="0"/><Vertex X="23000" Y="27186" Z="0"/><Vertex X="22912" Y="27274" Z="0"/><Vertex X="22868" Y="27274" Z="0"/><Vertex X="22868" Y="27362" Z="0"/><Vertex X="22735" Y="27362" Z="0"/><Vertex X="22735" Y="27406" Z="0"/><Vertex X="22647" Y="27406" Z="0"/><Vertex X="22647" Y="27494" Z="0"/><Vertex X="22603" Y="27494" Z="0"/><Vertex X="22515" Y="27582" Z="0"/><Vertex X="22427" Y="27582" Z="0"/><Vertex X="22427" Y="27626" Z="0"/><Vertex X="22383" Y="27626" Z="0"/><Vertex X="22339" Y="27670" Z="0"/><Vertex X="22251" Y="27670" Z="0"/><Vertex X="22251" Y="27759" Z="0"/><Vertex X="22163" Y="27759" Z="0"/><Vertex X="22074" Y="27759" Z="0"/><Vertex X="21986" Y="27847" Z="0"/><Vertex X="21854" Y="27935" Z="0"/><Vertex X="21722" Y="28067" Z="0"/><Vertex X="21678" Y="28067" Z="0"/><Vertex X="21678" Y="28155" Z="0"/><Vertex X="21590" Y="28155" Z="0"/><Vertex X="21590" Y="28287" Z="0"/><Vertex X="21590" Y="28463" Z="0"/><Vertex X="21590" Y="28508" Z="0"/><Vertex X="21590" Y="28596" Z="0"/><Vertex X="21590" Y="28640" Z="0"/><Vertex X="21590" Y="28728" Z="0"/><Vertex X="21590" Y="28816" Z="0"/><Vertex X="21590" Y="28904" Z="0"/><Vertex X="21590" Y="28992" Z="0"/><Vertex X="21678" Y="29080" Z="0"/><Vertex X="21766" Y="29213" Z="0"/><Vertex X="21898" Y="29257" Z="0"/><Vertex X="21986" Y="29345" Z="0"/><Vertex X="22119" Y="29433" Z="0"/><Vertex X="22207" Y="29433" Z="0"/><Vertex X="22339" Y="29521" Z="0"/><Vertex X="22427" Y="29521" Z="0"/><Vertex X="22515" Y="29609" Z="0"/><Vertex X="22647" Y="29609" Z="0"/><Vertex X="22691" Y="29609" Z="0"/><Vertex X="22779" Y="29609" Z="0"/><Vertex X="22779" Y="29653" Z="0"/><Vertex X="22912" Y="29653" Z="0"/><Vertex X="23000" Y="29653" Z="0"/><Vertex X="23132" Y="29653" Z="0"/><Vertex X="23220" Y="29653" Z="0"/><Vertex X="23264" Y="29653" Z="0"/><Vertex X="23352" Y="29653" Z="0"/><Vertex X="23396" Y="29653" Z="0"/><Vertex X="23484" Y="29741" Z="0"/><Vertex X="23573" Y="29741" Z="0"/><Vertex X="23573" Y="29829" Z="0"/><Vertex X="23617" Y="29829" Z="0"/><Vertex X="23705" Y="29829" Z="0"/><Vertex X="23705" Y="29873" Z="0"/><Vertex X="23793" Y="29873" Z="0"/><Vertex X="23837" Y="29873" Z="0"/><Vertex X="23925" Y="29962" Z="0"/><Vertex X="24013" Y="29962" Z="0"/><Vertex X="24057" Y="29962" Z="0"/><Vertex X="24145" Y="29962" Z="0"/><Vertex X="24145" Y="29829" Z="0"/><Vertex X="24189" Y="29829" Z="0"/><Vertex X="24189" Y="29697" Z="0"/><Vertex X="24278" Y="29609" Z="0"/><Vertex X="24278" Y="29521" Z="0"/><Vertex X="24366" Y="29521" Z="0"/><Vertex X="24366" Y="29389" Z="0"/><Vertex X="24454" Y="29257" Z="0"/><Vertex X="24454" Y="29213" Z="0"/><Vertex X="24454" Y="29124" Z="0"/><Vertex X="24454" Y="29080" Z="0"/><Vertex X="24454" Y="28992" Z="0"/><Vertex X="24454" Y="28860" Z="0"/><Vertex X="24410" Y="28860" Z="0"/><Vertex X="24410" Y="28816" Z="0"/><Vertex X="24322" Y="28728" Z="0"/><Vertex X="24322" Y="28640" Z="0"/><Vertex X="24278" Y="28640" Z="0"/><Vertex X="24278" Y="28596" Z="0"/><Vertex X="24278" Y="28508" Z="0"/><Vertex X="24278" Y="28375" Z="0"/><Vertex X="24278" Y="28287" Z="0"/><Vertex X="24278" Y="28155" Z="0"/><Vertex X="24278" Y="28067" Z="0"/><Vertex X="24278" Y="28023" Z="0"/><Vertex X="24278" Y="27935" Z="0"/><Vertex X="24278" Y="27847" Z="0"/><Vertex X="24366" Y="27847" Z="0"/><Vertex X="24454" Y="27803" Z="0"/><Vertex X="24542" Y="27803" Z="0"/><Vertex X="24718" Y="27714" Z="0"/><Vertex X="24806" Y="27714" Z="0"/><Vertex X="24894" Y="27714" Z="0"/><Vertex X="24938" Y="27714" Z="0"/><Vertex X="25027" Y="27714" Z="0"/><Vertex X="25203" Y="27714" Z="0"/><Vertex X="25247" Y="27714" Z="0"/><Vertex X="25335" Y="27714" Z="0"/><Vertex X="25379" Y="27714" Z="0"/><Vertex X="25467" Y="27714" Z="0"/><Vertex X="25555" Y="27714" Z="0"/><Vertex X="25643" Y="27626" Z="0"/><Vertex X="25643" Y="27538" Z="0"/><Vertex X="25643" Y="27406" Z="0"/><Vertex X="25643" Y="27362" Z="0"/><Vertex X="25643" Y="27274" Z="0"/><Vertex X="25687" Y="27230" Z="0"/><Vertex X="25687" Y="27142" Z="0"/><Vertex X="25687" Y="27054" Z="0"/><Vertex X="25687" Y="27009" Z="0"/><Vertex X="25687" Y="26921" Z="0"/><Vertex X="25687" Y="26789" Z="0"/><Vertex X="25687" Y="26745" Z="0"/><Vertex X="25687" Y="26657" Z="0"/><Vertex X="25687" Y="26613" Z="0"/><Vertex X="25687" Y="26481" Z="0"/><Vertex X="25687" Y="26349" Z="0"/><Vertex X="25687" Y="26304" Z="0"/><Vertex X="25687" Y="26172" Z="0"/><Vertex X="25687" Y="26040" Z="0"/><Vertex X="25687" Y="25996" Z="0"/><Vertex X="25687" Y="25908" Z="0"/><Vertex X="25687" Y="25864" Z="0"/><Vertex X="25687" Y="25776" Z="0"/><Vertex X="25643" Y="25644" Z="0"/><Vertex X="25643" Y="25511" Z="0"/><Vertex X="25643" Y="25423" Z="0"/><Vertex X="25643" Y="25291" Z="0"/><Vertex X="25643" Y="25159" Z="0"/><Vertex X="25643" Y="25071" Z="0"/><Vertex X="25643" Y="24983" Z="0"/><Vertex X="25643" Y="24939" Z="0"/><Vertex X="25643" Y="24850" Z="0"/><Vertex X="25643" Y="24762" Z="0"/><Vertex X="25643" Y="24718" Z="0"/><Vertex X="25643" Y="24630" Z="0"/><Vertex X="25643" Y="24586" Z="0"/><Vertex X="25643" Y="24454" Z="0"/><Vertex X="25643" Y="24322" Z="0"/><Vertex X="25643" Y="24234" Z="0"/><Vertex X="25643" Y="24146" Z="0"/><Vertex X="25643" Y="24057" Z="0"/><Vertex X="25599" Y="24057" Z="0"/><Vertex X="25599" Y="23969" Z="0"/><Vertex X="25599" Y="23881" Z="0"/><Vertex X="25599" Y="23705" Z="0"/><Vertex X="25599" Y="23661" Z="0"/><Vertex X="25599" Y="23573" Z="0"/><Vertex X="25599" Y="23529" Z="0"/><Vertex X="25599" Y="23441" Z="0"/><Vertex X="25599" Y="23352" Z="0"/><Vertex X="25599" Y="23264" Z="0"/><Vertex X="25599" Y="23132" Z="0"/><Vertex X="25599" Y="23000" Z="0"/><Vertex X="25643" Y="22956" Z="0"/><Vertex X="25643" Y="22824" Z="0"/><Vertex X="25687" Y="22736" Z="0"/><Vertex X="25687" Y="22691" Z="0"/><Vertex X="25687" Y="22603" Z="0"/><Vertex X="25776" Y="22603" Z="0"/><Vertex X="25776" Y="22471" Z="0"/><Vertex X="25776" Y="22383" Z="0"/><Vertex X="25776" Y="22251" Z="0"/><Vertex X="25776" Y="22119" Z="0"/><Vertex X="25864" Y="22119" Z="0"/><Vertex X="25864" Y="22031" Z="0"/><Vertex X="25864" Y="21942" Z="0"/><Vertex X="25864" Y="21854" Z="0"/><Vertex X="25864" Y="21810" Z="0"/><Vertex X="25864" Y="21678" Z="0"/><Vertex X="25864" Y="21546" Z="0"/><Vertex X="25864" Y="21458" Z="0"/><Vertex X="25864" Y="21370" Z="0"/><Vertex X="25864" Y="21326" Z="0"/><Vertex X="25864" Y="21237" Z="0"/><Vertex X="25864" Y="21105" Z="0"/><Vertex X="25864" Y="21061" Z="0"/><Vertex X="25864" Y="20973" Z="0"/><Vertex X="25864" Y="20841" Z="0"/><Vertex X="25864" Y="20709" Z="0"/><Vertex X="25864" Y="20532" Z="0"/><Vertex X="25864" Y="20444" Z="0"/><Vertex X="25864" Y="20400" Z="0"/><Vertex X="25864" Y="20312" Z="0"/><Vertex X="25864" Y="20268" Z="0"/><Vertex X="25864" Y="20136" Z="0"/><Vertex X="25864" Y="20048" Z="0"/><Vertex X="25864" Y="19960" Z="0"/><Vertex X="25864" Y="19872" Z="0"/><Vertex X="25864" Y="19783" Z="0"/><Vertex X="25864" Y="19739" Z="0"/><Vertex X="25864" Y="19651" Z="0"/><Vertex X="25864" Y="19607" Z="0"/><Vertex X="25864" Y="19519" Z="0"/><Vertex X="25864" Y="19431" Z="0"/><Vertex X="25864" Y="19387" Z="0"/><Vertex X="25864" Y="19299" Z="0"/><Vertex X="25864" Y="19255" Z="0"/><Vertex X="25864" Y="19167" Z="0"/><Vertex X="25864" Y="19078" Z="0"/><Vertex X="25864" Y="19034" Z="0"/><Vertex X="25864" Y="18946" Z="0"/><Vertex X="25864" Y="18902" Z="0"/><Vertex X="25864" Y="18814" Z="0"/><Vertex X="25864" Y="18682" Z="0"/><Vertex X="25820" Y="18638" Z="0"/><Vertex X="25820" Y="18550" Z="0"/><Vertex X="25820" Y="18462" Z="0"/><Vertex X="25820" Y="18418" Z="0"/><Vertex X="25820" Y="18329" Z="0"/><Vertex X="25732" Y="18329" Z="0"/><Vertex X="25732" Y="18241" Z="0"/><Vertex X="25732" Y="18109" Z="0"/><Vertex X="25732" Y="17977" Z="0"/><Vertex X="25732" Y="17889" Z="0"/><Vertex X="25732" Y="17757" Z="0"/><Vertex X="25732" Y="17624" Z="0"/><Vertex X="25732" Y="17580" Z="0"/><Vertex X="25643" Y="17492" Z="0"/><Vertex X="25643" Y="17404" Z="0"/><Vertex X="25643" Y="17360" Z="0"/><Vertex X="25643" Y="17228" Z="0"/><Vertex X="25643" Y="17096" Z="0"/><Vertex X="25643" Y="17008" Z="0"/><Vertex X="25643" Y="16875" Z="0"/><Vertex X="25643" Y="16743" Z="0"/><Vertex X="25599" Y="16655" Z="0"/><Vertex X="25599" Y="16523" Z="0"/><Vertex X="25599" Y="16391" Z="0"/><Vertex X="25599" Y="16303" Z="0"/><Vertex X="25511" Y="16259" Z="0"/><Vertex X="25511" Y="16170" Z="0"/><Vertex X="25511" Y="16082" Z="0"/><Vertex X="25511" Y="16038" Z="0"/><Vertex X="25511" Y="15950" Z="0"/><Vertex X="25511" Y="15906" Z="0"/><Vertex X="25423" Y="15818" Z="0"/><Vertex X="25423" Y="15730" Z="0"/><Vertex X="25423" Y="15686" Z="0"/><Vertex X="25423" Y="15598" Z="0"/><Vertex X="25423" Y="15510" Z="0"/><Vertex X="25335" Y="15465" Z="0"/><Vertex X="25335" Y="15377" Z="0"/><Vertex X="25335" Y="15201" Z="0"/><Vertex X="25335" Y="15113" Z="0"/><Vertex X="25335" Y="15025" Z="0"/><Vertex X="25335" Y="14893" Z="0"/><Vertex X="25335" Y="14805" Z="0"/><Vertex X="25335" Y="14716" Z="0"/><Vertex X="25335" Y="14672" Z="0"/><Vertex X="25335" Y="14584" Z="0"/><Vertex X="25379" Y="14496" Z="0"/><Vertex X="25379" Y="14452" Z="0"/><Vertex X="25379" Y="14364" Z="0"/><Vertex X="25379" Y="14276" Z="0"/><Vertex X="25379" Y="14188" Z="0"/><Vertex X="25379" Y="14100" Z="0"/><Vertex X="25379" Y="14056" Z="0"/><Vertex X="25379" Y="13967" Z="0"/><Vertex X="25379" Y="13879" Z="0"/><Vertex X="25379" Y="13791" Z="0"/><Vertex X="25379" Y="13703" Z="0"/><Vertex X="25379" Y="13571" Z="0"/><Vertex X="25379" Y="13483" Z="0"/><Vertex X="25379" Y="13351" Z="0"/><Vertex X="25379" Y="13218" Z="0"/><Vertex X="25379" Y="13130" Z="0"/><Vertex X="25379" Y="12954" Z="0"/><Vertex X="25379" Y="12822" Z="0"/><Vertex X="25379" Y="12778" Z="0"/><Vertex X="25379" Y="12646" Z="0"/><Vertex X="25379" Y="12513" Z="0"/><Vertex X="25379" Y="12425" Z="0"/><Vertex X="25379" Y="12293" Z="0"/><Vertex X="25335" Y="12161" Z="0"/><Vertex X="25335" Y="11985" Z="0"/><Vertex X="25335" Y="11897" Z="0"/><Vertex X="25335" Y="11764" Z="0"/><Vertex X="25291" Y="11764" Z="0"/><Vertex X="25291" Y="11632" Z="0"/><Vertex X="25291" Y="11500" Z="0"/><Vertex X="25203" Y="11368" Z="0"/><Vertex X="25203" Y="11280" Z="0"/><Vertex X="25203" Y="11236" Z="0"/><Vertex X="25115" Y="11059" Z="0"/><Vertex X="25115" Y="10971" Z="0"/><Vertex X="25115" Y="10927" Z="0"/><Vertex X="25115" Y="10839" Z="0"/><Vertex X="25115" Y="10707" Z="0"/><Vertex X="25027" Y="10619" Z="0"/><Vertex X="25027" Y="10575" Z="0"/><Vertex X="25027" Y="10398" Z="0"/><Vertex X="25027" Y="10354" Z="0"/><Vertex X="25027" Y="10266" Z="0"/><Vertex X="25027" Y="10178" Z="0"/><Vertex X="25027" Y="10134" Z="0"/><Vertex X="25027" Y="10002" Z="0"/><Vertex X="25027" Y="9914" Z="0"/><Vertex X="25027" Y="9782" Z="0"/><Vertex X="25027" Y="9738" Z="0"/><Vertex X="25027" Y="9649" Z="0"/><Vertex X="25027" Y="9561" Z="0"/><Vertex X="25027" Y="9517" Z="0"/><Vertex X="25027" Y="9429" Z="0"/><Vertex X="25027" Y="9385" Z="0"/><Vertex X="25027" Y="9297" Z="0"/><Vertex X="25027" Y="9209" Z="0"/><Vertex X="25027" Y="9077" Z="0"/><Vertex X="25027" Y="8988" Z="0"/><Vertex X="25027" Y="8856" Z="0"/><Vertex X="25027" Y="8768" Z="0"/><Vertex X="25071" Y="8768" Z="0"/><Vertex X="25071" Y="8724" Z="0"/><Vertex X="25071" Y="8636" Z="0"/><Vertex X="25071" Y="8592" Z="0"/><Vertex X="25071" Y="8504" Z="0"/><Vertex X="25071" Y="8372" Z="0"/><Vertex X="25115" Y="8239" Z="0"/><Vertex X="25115" Y="8151" Z="0"/><Vertex X="25115" Y="8063" Z="0"/><Vertex X="25115" Y="7931" Z="0"/><Vertex X="25115" Y="7843" Z="0"/><Vertex X="25115" Y="7799" Z="0"/><Vertex X="25115" Y="7711" Z="0"/><Vertex X="25115" Y="7667" Z="0"/><Vertex X="25115" Y="7579" Z="0"/><Vertex X="25115" Y="7490" Z="0"/><Vertex X="25115" Y="7446" Z="0"/><Vertex X="25115" Y="7358" Z="0"/><Vertex X="25115" Y="7314" Z="0"/><Vertex X="25115" Y="7226" Z="0"/><Vertex X="25115" Y="7138" Z="0"/><Vertex X="25115" Y="7094" Z="0"/><Vertex X="25115" Y="7006" Z="0"/><Vertex X="25203" Y="6829" Z="0"/><Vertex X="25203" Y="6653" Z="0"/><Vertex X="25203" Y="6609" Z="0"/><Vertex X="25203" Y="6477" Z="0"/><Vertex X="25203" Y="6389" Z="0"/><Vertex X="25203" Y="6301" Z="0"/><Vertex X="25203" Y="6213" Z="0"/><Vertex X="25203" Y="6169" Z="0"/><Vertex X="25203" Y="6080" Z="0"/><Vertex X="25203" Y="5948" Z="0"/><Vertex X="25291" Y="5904" Z="0"/><Vertex X="25291" Y="5816" Z="0"/><Vertex X="25291" Y="5728" Z="0"/><Vertex X="25291" Y="5684" Z="0"/><Vertex X="25291" Y="5596" Z="0"/><Vertex X="25379" Y="5464" Z="0"/><Vertex X="25379" Y="5420" Z="0"/><Vertex X="25379" Y="5331" Z="0"/><Vertex X="25379" Y="5287" Z="0"/><Vertex X="25467" Y="5287" Z="0"/><Vertex X="25467" Y="5199" Z="0"/><Vertex X="25467" Y="5111" Z="0"/><Vertex X="25467" Y="5067" Z="0"/><Vertex X="25467" Y="4979" Z="0"/><Vertex X="25467" Y="4935" Z="0"/><Vertex X="25467" Y="4847" Z="0"/><Vertex X="25467" Y="4759" Z="0"/><Vertex X="25467" Y="4715" Z="0"/><Vertex X="25467" Y="4626" Z="0"/><Vertex X="25467" Y="4582" Z="0"/><Vertex X="25467" Y="4494" Z="0"/><Vertex X="25423" Y="4494" Z="0"/><Vertex X="25379" Y="4362" Z="0"/></Vertices></Region><Region Id="4" Type="0" Zoom="0.022696" Selected="0" ImageLocation="" ImageFocus="-1" Length="9181.4" Area="3740557.0" LengthMicrons="4530.1" AreaMicrons="910614.5" Text="" NegativeROA="0" InputRegionId="0" Analyze="1" DisplayId="4"><Attributes></Attributes><Vertices><Vertex X="30446" Y="2423" Z="0"/><Vertex X="30358" Y="2423" Z="0"/><Vertex X="30226" Y="2423" Z="0"/><Vertex X="30050" Y="2467" Z="0"/><Vertex X="30005" Y="2467" Z="0"/><Vertex X="29917" Y="2511" Z="0"/><Vertex X="29829" Y="2511" Z="0"/><Vertex X="29829" Y="2600" Z="0"/><Vertex X="29741" Y="2600" Z="0"/><Vertex X="29653" Y="2688" Z="0"/><Vertex X="29521" Y="2820" Z="0"/><Vertex X="29521" Y="2864" Z="0"/><Vertex X="29477" Y="2864" Z="0"/><Vertex X="29477" Y="3040" Z="0"/><Vertex X="29477" Y="3128" Z="0"/><Vertex X="29389" Y="3172" Z="0"/><Vertex X="29389" Y="3261" Z="0"/><Vertex X="29389" Y="3349" Z="0"/><Vertex X="29389" Y="3393" Z="0"/><Vertex X="29389" Y="3481" Z="0"/><Vertex X="29389" Y="3525" Z="0"/><Vertex X="29389" Y="3701" Z="0"/><Vertex X="29389" Y="3789" Z="0"/><Vertex X="29300" Y="3789" Z="0"/><Vertex X="29300" Y="3966" Z="0"/><Vertex X="29300" Y="4010" Z="0"/><Vertex X="29212" Y="4142" Z="0"/><Vertex X="29212" Y="4274" Z="0"/><Vertex X="29168" Y="4274" Z="0"/><Vertex X="29168" Y="4362" Z="0"/><Vertex X="29168" Y="4494" Z="0"/><Vertex X="29168" Y="4626" Z="0"/><Vertex X="29168" Y="4715" Z="0"/><Vertex X="29168" Y="4803" Z="0"/><Vertex X="29168" Y="4847" Z="0"/><Vertex X="29168" Y="4935" Z="0"/><Vertex X="29168" Y="5023" Z="0"/><Vertex X="29168" Y="5067" Z="0"/><Vertex X="29256" Y="5155" Z="0"/><Vertex X="29345" Y="5243" Z="0"/><Vertex X="29389" Y="5243" Z="0"/><Vertex X="29389" Y="5287" Z="0"/><Vertex X="29477" Y="5287" Z="0"/><Vertex X="29565" Y="5287" Z="0"/><Vertex X="29609" Y="5287" Z="0"/><Vertex X="29741" Y="5287" Z="0"/><Vertex X="29873" Y="5287" Z="0"/><Vertex X="30005" Y="5199" Z="0"/><Vertex X="30050" Y="5199" Z="0"/><Vertex X="30050" Y="5111" Z="0"/><Vertex X="30138" Y="5111" Z="0"/><Vertex X="30138" Y="5067" Z="0"/><Vertex X="30226" Y="4979" Z="0"/><Vertex X="30226" Y="4891" Z="0"/><Vertex X="30226" Y="4847" Z="0"/><Vertex X="30314" Y="4847" Z="0"/><Vertex X="30314" Y="4715" Z="0"/><Vertex X="30402" Y="4626" Z="0"/><Vertex X="30402" Y="4538" Z="0"/><Vertex X="30490" Y="4538" Z="0"/><Vertex X="30490" Y="4450" Z="0"/><Vertex X="30490" Y="4318" Z="0"/><Vertex X="30534" Y="4230" Z="0"/><Vertex X="30534" Y="4186" Z="0"/><Vertex X="30534" Y="4098" Z="0"/><Vertex X="30622" Y="4098" Z="0"/><Vertex X="30622" Y="3966" Z="0"/><Vertex X="30622" Y="3921" Z="0"/><Vertex X="30710" Y="3921" Z="0"/><Vertex X="30710" Y="3789" Z="0"/><Vertex X="30754" Y="3657" Z="0"/><Vertex X="30754" Y="3569" Z="0"/><Vertex X="30843" Y="3481" Z="0"/><Vertex X="30843" Y="3393" Z="0"/><Vertex X="30975" Y="3393" Z="0"/><Vertex X="30975" Y="3305" Z="0"/><Vertex X="31107" Y="3305" Z="0"/><Vertex X="31107" Y="3216" Z="0"/><Vertex X="31151" Y="3216" Z="0"/><Vertex X="31239" Y="3128" Z="0"/><Vertex X="31239" Y="3084" Z="0"/><Vertex X="31239" Y="2996" Z="0"/><Vertex X="31239" Y="2952" Z="0"/><Vertex X="31239" Y="2820" Z="0"/><Vertex X="31239" Y="2688" Z="0"/><Vertex X="31239" Y="2600" Z="0"/><Vertex X="31195" Y="2600" Z="0"/><Vertex X="31151" Y="2600" Z="0"/><Vertex X="31019" Y="2600" Z="0"/><Vertex X="30931" Y="2600" Z="0"/><Vertex X="30887" Y="2600" Z="0"/><Vertex X="30754" Y="2600" Z="0"/><Vertex X="30666" Y="2600" Z="0"/><Vertex X="30578" Y="2600" Z="0"/><Vertex X="30446" Y="2600" Z="0"/><Vertex X="30402" Y="2600" Z="0"/><Vertex X="30446" Y="2423" Z="0"/></Vertices></Region><Region Id="5" Type="0" Zoom="0.022696" Selected="0" ImageLocation="" ImageFocus="-1" Length="79415.8" Area="140740492.5" LengthMicrons="39183.8" AreaMicrons="34262367.6" Text="" NegativeROA="0" InputRegionId="0" Analyze="1" DisplayId="5"><Attributes></Attributes><Vertices><Vertex X="36967" Y="705" Z="0"/><Vertex X="36879" Y="705" Z="0"/><Vertex X="36791" Y="705" Z="0"/><Vertex X="36659" Y="705" Z="0"/><Vertex X="36571" Y="749" Z="0"/><Vertex X="36527" Y="749" Z="0"/><Vertex X="36438" Y="749" Z="0"/><Vertex X="36218" Y="837" Z="0"/><Vertex X="36086" Y="925" Z="0"/><Vertex X="35954" Y="925" Z="0"/><Vertex X="35822" Y="1057" Z="0"/><Vertex X="35733" Y="1057" Z="0"/><Vertex X="35601" Y="1190" Z="0"/><Vertex X="35513" Y="1190" Z="0"/><Vertex X="35381" Y="1278" Z="0"/><Vertex X="35337" Y="1278" Z="0"/><Vertex X="35249" Y="1410" Z="0"/><Vertex X="35161" Y="1410" Z="0"/><Vertex X="35072" Y="1542" Z="0"/><Vertex X="35028" Y="1586" Z="0"/><Vertex X="35028" Y="1674" Z="0"/><Vertex X="34940" Y="1674" Z="0"/><Vertex X="34940" Y="1762" Z="0"/><Vertex X="34940" Y="1851" Z="0"/><Vertex X="34852" Y="1851" Z="0"/><Vertex X="34852" Y="1983" Z="0"/><Vertex X="34808" Y="2071" Z="0"/><Vertex X="34808" Y="2159" Z="0"/><Vertex X="34808" Y="2247" Z="0"/><Vertex X="34720" Y="2335" Z="0"/><Vertex X="34720" Y="2423" Z="0"/><Vertex X="34720" Y="2511" Z="0"/><Vertex X="34720" Y="2600" Z="0"/><Vertex X="34720" Y="2732" Z="0"/><Vertex X="34632" Y="2820" Z="0"/><Vertex X="34632" Y="2908" Z="0"/><Vertex X="34544" Y="3040" Z="0"/><Vertex X="34544" Y="3128" Z="0"/><Vertex X="34456" Y="3216" Z="0"/><Vertex X="34456" Y="3393" Z="0"/><Vertex X="34412" Y="3437" Z="0"/><Vertex X="34412" Y="3525" Z="0"/><Vertex X="34412" Y="3613" Z="0"/><Vertex X="34412" Y="3657" Z="0"/><Vertex X="34412" Y="3745" Z="0"/><Vertex X="34323" Y="3745" Z="0"/><Vertex X="34323" Y="3877" Z="0"/><Vertex X="34323" Y="3966" Z="0"/><Vertex X="34323" Y="4054" Z="0"/><Vertex X="34235" Y="4142" Z="0"/><Vertex X="34235" Y="4186" Z="0"/><Vertex X="34235" Y="4318" Z="0"/><Vertex X="34147" Y="4450" Z="0"/><Vertex X="34147" Y="4538" Z="0"/><Vertex X="34103" Y="4538" Z="0"/><Vertex X="34103" Y="4670" Z="0"/><Vertex X="34103" Y="4759" Z="0"/><Vertex X="34015" Y="4847" Z="0"/><Vertex X="34015" Y="4935" Z="0"/><Vertex X="34015" Y="5023" Z="0"/><Vertex X="34015" Y="5067" Z="0"/><Vertex X="34015" Y="5199" Z="0"/><Vertex X="34015" Y="5243" Z="0"/><Vertex X="34015" Y="5375" Z="0"/><Vertex X="34015" Y="5464" Z="0"/><Vertex X="34059" Y="5640" Z="0"/><Vertex X="34059" Y="5728" Z="0"/><Vertex X="34059" Y="5816" Z="0"/><Vertex X="34059" Y="5904" Z="0"/><Vertex X="34059" Y="5948" Z="0"/><Vertex X="34059" Y="6036" Z="0"/><Vertex X="34059" Y="6080" Z="0"/><Vertex X="34059" Y="6169" Z="0"/><Vertex X="34103" Y="6169" Z="0"/><Vertex X="34103" Y="6301" Z="0"/><Vertex X="34103" Y="6389" Z="0"/><Vertex X="34103" Y="6521" Z="0"/><Vertex X="34103" Y="6653" Z="0"/><Vertex X="34103" Y="6741" Z="0"/><Vertex X="34103" Y="6874" Z="0"/><Vertex X="34103" Y="7006" Z="0"/><Vertex X="34103" Y="7094" Z="0"/><Vertex X="34103" Y="7226" Z="0"/><Vertex X="34191" Y="7314" Z="0"/><Vertex X="34191" Y="7358" Z="0"/><Vertex X="34191" Y="7446" Z="0"/><Vertex X="34279" Y="7446" Z="0"/><Vertex X="34279" Y="7534" Z="0"/><Vertex X="34279" Y="7579" Z="0"/><Vertex X="34279" Y="7667" Z="0"/><Vertex X="34279" Y="7755" Z="0"/><Vertex X="34279" Y="7887" Z="0"/><Vertex X="34279" Y="8019" Z="0"/><Vertex X="34279" Y="8063" Z="0"/><Vertex X="34279" Y="8151" Z="0"/><Vertex X="34279" Y="8239" Z="0"/><Vertex X="34279" Y="8283" Z="0"/><Vertex X="34279" Y="8416" Z="0"/><Vertex X="34368" Y="8504" Z="0"/><Vertex X="34368" Y="8636" Z="0"/><Vertex X="34368" Y="8680" Z="0"/><Vertex X="34412" Y="8680" Z="0"/><Vertex X="34412" Y="8768" Z="0"/><Vertex X="34412" Y="8856" Z="0"/><Vertex X="34412" Y="8900" Z="0"/><Vertex X="34412" Y="8988" Z="0"/><Vertex X="34412" Y="9033" Z="0"/><Vertex X="34368" Y="9121" Z="0"/><Vertex X="34323" Y="9121" Z="0"/><Vertex X="34323" Y="9209" Z="0"/><Vertex X="34235" Y="9209" Z="0"/><Vertex X="34235" Y="9253" Z="0"/><Vertex X="34191" Y="9253" Z="0"/><Vertex X="34191" Y="9341" Z="0"/><Vertex X="34191" Y="9429" Z="0"/><Vertex X="34103" Y="9429" Z="0"/><Vertex X="34103" Y="9473" Z="0"/><Vertex X="34015" Y="9561" Z="0"/><Vertex X="34015" Y="9649" Z="0"/><Vertex X="33971" Y="9649" Z="0"/><Vertex X="33971" Y="9693" Z="0"/><Vertex X="33971" Y="9782" Z="0"/><Vertex X="33883" Y="9870" Z="0"/><Vertex X="33883" Y="9914" Z="0"/><Vertex X="33883" Y="10046" Z="0"/><Vertex X="33883" Y="10090" Z="0"/><Vertex X="33883" Y="10178" Z="0"/><Vertex X="33883" Y="10266" Z="0"/><Vertex X="33795" Y="10266" Z="0"/><Vertex X="33795" Y="10354" Z="0"/><Vertex X="33795" Y="10487" Z="0"/><Vertex X="33795" Y="10575" Z="0"/><Vertex X="33795" Y="10619" Z="0"/><Vertex X="33795" Y="10707" Z="0"/><Vertex X="33795" Y="10751" Z="0"/><Vertex X="33795" Y="10839" Z="0"/><Vertex X="33795" Y="10971" Z="0"/><Vertex X="33751" Y="10971" Z="0"/><Vertex X="33751" Y="11059" Z="0"/><Vertex X="33751" Y="11192" Z="0"/><Vertex X="33663" Y="11324" Z="0"/><Vertex X="33663" Y="11368" Z="0"/><Vertex X="33663" Y="11456" Z="0"/><Vertex X="33574" Y="11588" Z="0"/><Vertex X="33574" Y="11632" Z="0"/><Vertex X="33486" Y="11764" Z="0"/><Vertex X="33486" Y="11852" Z="0"/><Vertex X="33486" Y="11897" Z="0"/><Vertex X="33486" Y="11985" Z="0"/><Vertex X="33442" Y="11985" Z="0"/><Vertex X="33442" Y="12161" Z="0"/><Vertex X="33442" Y="12205" Z="0"/><Vertex X="33354" Y="12337" Z="0"/><Vertex X="33354" Y="12425" Z="0"/><Vertex X="33354" Y="12513" Z="0"/><Vertex X="33266" Y="12646" Z="0"/><Vertex X="33266" Y="12734" Z="0"/><Vertex X="33266" Y="12866" Z="0"/><Vertex X="33178" Y="12866" Z="0"/><Vertex X="33178" Y="12954" Z="0"/><Vertex X="33090" Y="13042" Z="0"/><Vertex X="33090" Y="13130" Z="0"/><Vertex X="33090" Y="13174" Z="0"/><Vertex X="33090" Y="13262" Z="0"/><Vertex X="33090" Y="13306" Z="0"/><Vertex X="33046" Y="13306" Z="0"/><Vertex X="33046" Y="13395" Z="0"/><Vertex X="33046" Y="13483" Z="0"/><Vertex X="33046" Y="13527" Z="0"/><Vertex X="33046" Y="13615" Z="0"/><Vertex X="33046" Y="13659" Z="0"/><Vertex X="33046" Y="13747" Z="0"/><Vertex X="33046" Y="13835" Z="0"/><Vertex X="33046" Y="13879" Z="0"/><Vertex X="33046" Y="14011" Z="0"/><Vertex X="33046" Y="14056" Z="0"/><Vertex X="33046" Y="14144" Z="0"/><Vertex X="33046" Y="14232" Z="0"/><Vertex X="33046" Y="14276" Z="0"/><Vertex X="33046" Y="14364" Z="0"/><Vertex X="33046" Y="14496" Z="0"/><Vertex X="33046" Y="14540" Z="0"/><Vertex X="33046" Y="14628" Z="0"/><Vertex X="33134" Y="14760" Z="0"/><Vertex X="33134" Y="14805" Z="0"/><Vertex X="33134" Y="14893" Z="0"/><Vertex X="33134" Y="14937" Z="0"/><Vertex X="33134" Y="15025" Z="0"/><Vertex X="33134" Y="15113" Z="0"/><Vertex X="33134" Y="15157" Z="0"/><Vertex X="33134" Y="15289" Z="0"/><Vertex X="33222" Y="15377" Z="0"/><Vertex X="33222" Y="15465" Z="0"/><Vertex X="33222" Y="15598" Z="0"/><Vertex X="33222" Y="15686" Z="0"/><Vertex X="33222" Y="15774" Z="0"/><Vertex X="33222" Y="15906" Z="0"/><Vertex X="33222" Y="16038" Z="0"/><Vertex X="33222" Y="16126" Z="0"/><Vertex X="33222" Y="16259" Z="0"/><Vertex X="33222" Y="16391" Z="0"/><Vertex X="33222" Y="16479" Z="0"/><Vertex X="33222" Y="16567" Z="0"/><Vertex X="33222" Y="16655" Z="0"/><Vertex X="33222" Y="16787" Z="0"/><Vertex X="33222" Y="16875" Z="0"/><Vertex X="33222" Y="16919" Z="0"/><Vertex X="33222" Y="17052" Z="0"/><Vertex X="33222" Y="17140" Z="0"/><Vertex X="33222" Y="17272" Z="0"/><Vertex X="33222" Y="17404" Z="0"/><Vertex X="33178" Y="17404" Z="0"/><Vertex X="33178" Y="17536" Z="0"/><Vertex X="33178" Y="17580" Z="0"/><Vertex X="33178" Y="17713" Z="0"/><Vertex X="33134" Y="17845" Z="0"/><Vertex X="33134" Y="17977" Z="0"/><Vertex X="33134" Y="18065" Z="0"/><Vertex X="33134" Y="18153" Z="0"/><Vertex X="33134" Y="18241" Z="0"/><Vertex X="33046" Y="18373" Z="0"/><Vertex X="33046" Y="18506" Z="0"/><Vertex X="33046" Y="18638" Z="0"/><Vertex X="33046" Y="18682" Z="0"/><Vertex X="33046" Y="18770" Z="0"/><Vertex X="33046" Y="18814" Z="0"/><Vertex X="33046" Y="18902" Z="0"/><Vertex X="33046" Y="18990" Z="0"/><Vertex X="33046" Y="19034" Z="0"/><Vertex X="33046" Y="19123" Z="0"/><Vertex X="32958" Y="19255" Z="0"/><Vertex X="32958" Y="19343" Z="0"/><Vertex X="32958" Y="19387" Z="0"/><Vertex X="32958" Y="19475" Z="0"/><Vertex X="32958" Y="19519" Z="0"/><Vertex X="32869" Y="19607" Z="0"/><Vertex X="32869" Y="19695" Z="0"/><Vertex X="32869" Y="19739" Z="0"/><Vertex X="32869" Y="19828" Z="0"/><Vertex X="32869" Y="19916" Z="0"/><Vertex X="32781" Y="19960" Z="0"/><Vertex X="32781" Y="20048" Z="0"/><Vertex X="32781" Y="20180" Z="0"/><Vertex X="32781" Y="20268" Z="0"/><Vertex X="32781" Y="20356" Z="0"/><Vertex X="32693" Y="20532" Z="0"/><Vertex X="32693" Y="20621" Z="0"/><Vertex X="32693" Y="20665" Z="0"/><Vertex X="32693" Y="20753" Z="0"/><Vertex X="32693" Y="20797" Z="0"/><Vertex X="32693" Y="20885" Z="0"/><Vertex X="32605" Y="21017" Z="0"/><Vertex X="32605" Y="21105" Z="0"/><Vertex X="32605" Y="21237" Z="0"/><Vertex X="32605" Y="21326" Z="0"/><Vertex X="32605" Y="21370" Z="0"/><Vertex X="32605" Y="21458" Z="0"/><Vertex X="32605" Y="21546" Z="0"/><Vertex X="32561" Y="21590" Z="0"/><Vertex X="32561" Y="21678" Z="0"/><Vertex X="32561" Y="21722" Z="0"/><Vertex X="32561" Y="21810" Z="0"/><Vertex X="32561" Y="21898" Z="0"/><Vertex X="32561" Y="21987" Z="0"/><Vertex X="32473" Y="22075" Z="0"/><Vertex X="32473" Y="22163" Z="0"/><Vertex X="32473" Y="22207" Z="0"/><Vertex X="32473" Y="22339" Z="0"/><Vertex X="32385" Y="22427" Z="0"/><Vertex X="32385" Y="22471" Z="0"/><Vertex X="32385" Y="22559" Z="0"/><Vertex X="32385" Y="22647" Z="0"/><Vertex X="32297" Y="22691" Z="0"/><Vertex X="32297" Y="22780" Z="0"/><Vertex X="32297" Y="22956" Z="0"/><Vertex X="32253" Y="22956" Z="0"/><Vertex X="32253" Y="23044" Z="0"/><Vertex X="32253" Y="23176" Z="0"/><Vertex X="32164" Y="23352" Z="0"/><Vertex X="32164" Y="23441" Z="0"/><Vertex X="32164" Y="23485" Z="0"/><Vertex X="32164" Y="23573" Z="0"/><Vertex X="32076" Y="23573" Z="0"/><Vertex X="32076" Y="23749" Z="0"/><Vertex X="32076" Y="23837" Z="0"/><Vertex X="32032" Y="23837" Z="0"/><Vertex X="32032" Y="23969" Z="0"/><Vertex X="32032" Y="24101" Z="0"/><Vertex X="32032" Y="24190" Z="0"/><Vertex X="31944" Y="24190" Z="0"/><Vertex X="31944" Y="24366" Z="0"/><Vertex X="31944" Y="24454" Z="0"/><Vertex X="31944" Y="24498" Z="0"/><Vertex X="31944" Y="24586" Z="0"/><Vertex X="31944" Y="24630" Z="0"/><Vertex X="31856" Y="24718" Z="0"/><Vertex X="31856" Y="24850" Z="0"/><Vertex X="31856" Y="24983" Z="0"/><Vertex X="31768" Y="25071" Z="0"/><Vertex X="31768" Y="25203" Z="0"/><Vertex X="31768" Y="25335" Z="0"/><Vertex X="31768" Y="25423" Z="0"/><Vertex X="31724" Y="25423" Z="0"/><Vertex X="31724" Y="25555" Z="0"/><Vertex X="31724" Y="25688" Z="0"/><Vertex X="31724" Y="25776" Z="0"/><Vertex X="31636" Y="25776" Z="0"/><Vertex X="31636" Y="25908" Z="0"/><Vertex X="31636" Y="25996" Z="0"/><Vertex X="31636" Y="26040" Z="0"/><Vertex X="31548" Y="26216" Z="0"/><Vertex X="31548" Y="26393" Z="0"/><Vertex X="31548" Y="26481" Z="0"/><Vertex X="31548" Y="26525" Z="0"/><Vertex X="31548" Y="26657" Z="0"/><Vertex X="31548" Y="26701" Z="0"/><Vertex X="31504" Y="26701" Z="0"/><Vertex X="31504" Y="26877" Z="0"/><Vertex X="31504" Y="27054" Z="0"/><Vertex X="31415" Y="27142" Z="0"/><Vertex X="31415" Y="27186" Z="0"/><Vertex X="31415" Y="27274" Z="0"/><Vertex X="31327" Y="27362" Z="0"/><Vertex X="31327" Y="27406" Z="0"/><Vertex X="31327" Y="27494" Z="0"/><Vertex X="31239" Y="27538" Z="0"/><Vertex X="31239" Y="27670" Z="0"/><Vertex X="31239" Y="27803" Z="0"/><Vertex X="31195" Y="27891" Z="0"/><Vertex X="31195" Y="27935" Z="0"/><Vertex X="31195" Y="28023" Z="0"/><Vertex X="31107" Y="28023" Z="0"/><Vertex X="31107" Y="28155" Z="0"/><Vertex X="31107" Y="28243" Z="0"/><Vertex X="31019" Y="28331" Z="0"/><Vertex X="31019" Y="28463" Z="0"/><Vertex X="30931" Y="28596" Z="0"/><Vertex X="30931" Y="28640" Z="0"/><Vertex X="30931" Y="28728" Z="0"/><Vertex X="30931" Y="28816" Z="0"/><Vertex X="30887" Y="28860" Z="0"/><Vertex X="30887" Y="28948" Z="0"/><Vertex X="30887" Y="29036" Z="0"/><Vertex X="30887" Y="29168" Z="0"/><Vertex X="30799" Y="29257" Z="0"/><Vertex X="30799" Y="29301" Z="0"/><Vertex X="30799" Y="29433" Z="0"/><Vertex X="30710" Y="29565" Z="0"/><Vertex X="30710" Y="29609" Z="0"/><Vertex X="30710" Y="29697" Z="0"/><Vertex X="30710" Y="29741" Z="0"/><Vertex X="30622" Y="29741" Z="0"/><Vertex X="30622" Y="29829" Z="0"/><Vertex X="30622" Y="29918" Z="0"/><Vertex X="30534" Y="30050" Z="0"/><Vertex X="30534" Y="30094" Z="0"/><Vertex X="30534" Y="30226" Z="0"/><Vertex X="30490" Y="30314" Z="0"/><Vertex X="30490" Y="30358" Z="0"/><Vertex X="30490" Y="30446" Z="0"/><Vertex X="30402" Y="30534" Z="0"/><Vertex X="30402" Y="30622" Z="0"/><Vertex X="30402" Y="30711" Z="0"/><Vertex X="30314" Y="30711" Z="0"/><Vertex X="30314" Y="30755" Z="0"/><Vertex X="30314" Y="30843" Z="0"/><Vertex X="30314" Y="30975" Z="0"/><Vertex X="30270" Y="31019" Z="0"/><Vertex X="30270" Y="31195" Z="0"/><Vertex X="30182" Y="31195" Z="0"/><Vertex X="30182" Y="31283" Z="0"/><Vertex X="30182" Y="31327" Z="0"/><Vertex X="30182" Y="31416" Z="0"/><Vertex X="30182" Y="31504" Z="0"/><Vertex X="30182" Y="31548" Z="0"/><Vertex X="30182" Y="31636" Z="0"/><Vertex X="30094" Y="31724" Z="0"/><Vertex X="30094" Y="31768" Z="0"/><Vertex X="30094" Y="31900" Z="0"/><Vertex X="30094" Y="31944" Z="0"/><Vertex X="30094" Y="32077" Z="0"/><Vertex X="30138" Y="32077" Z="0"/><Vertex X="30138" Y="32165" Z="0"/><Vertex X="30138" Y="32253" Z="0"/><Vertex X="30226" Y="32341" Z="0"/><Vertex X="30226" Y="32429" Z="0"/><Vertex X="30226" Y="32473" Z="0"/><Vertex X="30270" Y="32473" Z="0"/><Vertex X="30270" Y="32561" Z="0"/><Vertex X="30358" Y="32561" Z="0"/><Vertex X="30358" Y="32649" Z="0"/><Vertex X="30402" Y="32649" Z="0"/><Vertex X="30490" Y="32649" Z="0"/><Vertex X="30622" Y="32649" Z="0"/><Vertex X="30666" Y="32649" Z="0"/><Vertex X="30666" Y="32693" Z="0"/><Vertex X="30843" Y="32693" Z="0"/><Vertex X="30931" Y="32693" Z="0"/><Vertex X="30975" Y="32693" Z="0"/><Vertex X="31107" Y="32693" Z="0"/><Vertex X="31195" Y="32693" Z="0"/><Vertex X="31327" Y="32693" Z="0"/><Vertex X="31415" Y="32693" Z="0"/><Vertex X="31548" Y="32693" Z="0"/><Vertex X="31768" Y="32649" Z="0"/><Vertex X="31900" Y="32649" Z="0"/><Vertex X="32032" Y="32649" Z="0"/><Vertex X="32120" Y="32649" Z="0"/><Vertex X="32385" Y="32649" Z="0"/><Vertex X="32429" Y="32649" Z="0"/><Vertex X="32561" Y="32649" Z="0"/><Vertex X="32693" Y="32649" Z="0"/><Vertex X="32781" Y="32561" Z="0"/><Vertex X="32869" Y="32561" Z="0"/><Vertex X="33002" Y="32561" Z="0"/><Vertex X="33090" Y="32561" Z="0"/><Vertex X="33134" Y="32561" Z="0"/><Vertex X="33222" Y="32517" Z="0"/><Vertex X="33354" Y="32517" Z="0"/><Vertex X="33442" Y="32517" Z="0"/><Vertex X="33574" Y="32517" Z="0"/><Vertex X="33707" Y="32429" Z="0"/><Vertex X="33795" Y="32429" Z="0"/><Vertex X="33883" Y="32429" Z="0"/><Vertex X="34015" Y="32429" Z="0"/><Vertex X="34147" Y="32473" Z="0"/><Vertex X="34191" Y="32473" Z="0"/><Vertex X="34279" Y="32473" Z="0"/><Vertex X="34279" Y="32517" Z="0"/><Vertex X="34456" Y="32517" Z="0"/><Vertex X="34588" Y="32517" Z="0"/><Vertex X="34588" Y="32605" Z="0"/><Vertex X="34720" Y="32605" Z="0"/><Vertex X="34808" Y="32605" Z="0"/><Vertex X="34896" Y="32605" Z="0"/><Vertex X="34896" Y="32693" Z="0"/><Vertex X="35028" Y="32693" Z="0"/><Vertex X="35117" Y="32693" Z="0"/><Vertex X="35205" Y="32693" Z="0"/><Vertex X="35249" Y="32693" Z="0"/><Vertex X="35249" Y="32649" Z="0"/><Vertex X="35337" Y="32561" Z="0"/><Vertex X="35337" Y="32429" Z="0"/><Vertex X="35337" Y="32385" Z="0"/><Vertex X="35425" Y="32253" Z="0"/><Vertex X="35425" Y="32121" Z="0"/><Vertex X="35513" Y="32032" Z="0"/><Vertex X="35513" Y="31944" Z="0"/><Vertex X="35513" Y="31856" Z="0"/><Vertex X="35513" Y="31812" Z="0"/><Vertex X="35513" Y="31724" Z="0"/><Vertex X="35513" Y="31636" Z="0"/><Vertex X="35513" Y="31548" Z="0"/><Vertex X="35513" Y="31416" Z="0"/><Vertex X="35513" Y="31327" Z="0"/><Vertex X="35513" Y="31283" Z="0"/><Vertex X="35513" Y="31195" Z="0"/><Vertex X="35513" Y="31107" Z="0"/><Vertex X="35513" Y="30975" Z="0"/><Vertex X="35513" Y="30931" Z="0"/><Vertex X="35513" Y="30843" Z="0"/><Vertex X="35513" Y="30755" Z="0"/><Vertex X="35513" Y="30711" Z="0"/><Vertex X="35513" Y="30622" Z="0"/><Vertex X="35513" Y="30446" Z="0"/><Vertex X="35513" Y="30402" Z="0"/><Vertex X="35513" Y="30270" Z="0"/><Vertex X="35513" Y="30226" Z="0"/><Vertex X="35601" Y="30094" Z="0"/><Vertex X="35601" Y="30006" Z="0"/><Vertex X="35601" Y="29962" Z="0"/><Vertex X="35601" Y="29873" Z="0"/><Vertex X="35689" Y="29741" Z="0"/><Vertex X="35689" Y="29653" Z="0"/><Vertex X="35689" Y="29565" Z="0"/><Vertex X="35689" Y="29521" Z="0"/><Vertex X="35733" Y="29345" Z="0"/><Vertex X="35733" Y="29257" Z="0"/><Vertex X="35733" Y="29124" Z="0"/><Vertex X="35822" Y="28948" Z="0"/><Vertex X="35822" Y="28816" Z="0"/><Vertex X="35822" Y="28728" Z="0"/><Vertex X="35910" Y="28684" Z="0"/><Vertex X="35910" Y="28508" Z="0"/><Vertex X="35998" Y="28375" Z="0"/><Vertex X="35998" Y="28287" Z="0"/><Vertex X="35998" Y="28243" Z="0"/><Vertex X="36086" Y="28067" Z="0"/><Vertex X="36086" Y="28023" Z="0"/><Vertex X="36130" Y="27935" Z="0"/><Vertex X="36130" Y="27847" Z="0"/><Vertex X="36130" Y="27803" Z="0"/><Vertex X="36218" Y="27714" Z="0"/><Vertex X="36306" Y="27494" Z="0"/><Vertex X="36306" Y="27406" Z="0"/><Vertex X="36394" Y="27362" Z="0"/><Vertex X="36394" Y="27274" Z="0"/><Vertex X="36438" Y="27142" Z="0"/><Vertex X="36527" Y="27054" Z="0"/><Vertex X="36527" Y="26965" Z="0"/><Vertex X="36527" Y="26921" Z="0"/><Vertex X="36615" Y="26833" Z="0"/><Vertex X="36615" Y="26701" Z="0"/><Vertex X="36615" Y="26613" Z="0"/><Vertex X="36703" Y="26525" Z="0"/><Vertex X="36703" Y="26481" Z="0"/><Vertex X="36703" Y="26349" Z="0"/><Vertex X="36703" Y="26260" Z="0"/><Vertex X="36703" Y="26172" Z="0"/><Vertex X="36703" Y="26128" Z="0"/><Vertex X="36703" Y="25996" Z="0"/><Vertex X="36791" Y="25908" Z="0"/><Vertex X="36791" Y="25776" Z="0"/><Vertex X="36791" Y="25644" Z="0"/><Vertex X="36791" Y="25600" Z="0"/><Vertex X="36791" Y="25467" Z="0"/><Vertex X="36791" Y="25335" Z="0"/><Vertex X="36791" Y="25247" Z="0"/><Vertex X="36879" Y="25071" Z="0"/><Vertex X="36879" Y="24983" Z="0"/><Vertex X="36879" Y="24806" Z="0"/><Vertex X="36879" Y="24762" Z="0"/><Vertex X="36879" Y="24674" Z="0"/><Vertex X="36879" Y="24630" Z="0"/><Vertex X="36879" Y="24454" Z="0"/><Vertex X="36879" Y="24410" Z="0"/><Vertex X="36879" Y="24322" Z="0"/><Vertex X="36879" Y="24190" Z="0"/><Vertex X="36879" Y="24101" Z="0"/><Vertex X="36879" Y="24057" Z="0"/><Vertex X="36879" Y="23969" Z="0"/><Vertex X="36879" Y="23837" Z="0"/><Vertex X="36879" Y="23749" Z="0"/><Vertex X="36879" Y="23705" Z="0"/><Vertex X="36879" Y="23617" Z="0"/><Vertex X="36923" Y="23617" Z="0"/><Vertex X="36923" Y="23396" Z="0"/><Vertex X="36923" Y="23308" Z="0"/><Vertex X="36923" Y="23264" Z="0"/><Vertex X="36923" Y="23088" Z="0"/><Vertex X="36923" Y="23000" Z="0"/><Vertex X="36923" Y="22956" Z="0"/><Vertex X="36923" Y="22868" Z="0"/><Vertex X="37011" Y="22736" Z="0"/><Vertex X="37011" Y="22647" Z="0"/><Vertex X="37011" Y="22603" Z="0"/><Vertex X="37011" Y="22427" Z="0"/><Vertex X="37099" Y="22383" Z="0"/><Vertex X="37099" Y="22295" Z="0"/><Vertex X="37099" Y="22207" Z="0"/><Vertex X="37099" Y="22163" Z="0"/><Vertex X="37187" Y="21987" Z="0"/><Vertex X="37187" Y="21854" Z="0"/><Vertex X="37231" Y="21766" Z="0"/><Vertex X="37231" Y="21678" Z="0"/><Vertex X="37320" Y="21634" Z="0"/><Vertex X="37408" Y="21458" Z="0"/><Vertex X="37408" Y="21414" Z="0"/><Vertex X="37496" Y="21326" Z="0"/><Vertex X="37540" Y="21193" Z="0"/><Vertex X="37540" Y="21061" Z="0"/><Vertex X="37628" Y="21061" Z="0"/><Vertex X="37628" Y="20973" Z="0"/><Vertex X="37716" Y="20841" Z="0"/><Vertex X="37716" Y="20709" Z="0"/><Vertex X="37804" Y="20577" Z="0"/><Vertex X="37804" Y="20488" Z="0"/><Vertex X="37804" Y="20400" Z="0"/><Vertex X="37804" Y="20356" Z="0"/><Vertex X="37892" Y="20180" Z="0"/><Vertex X="37892" Y="20136" Z="0"/><Vertex X="37892" Y="20048" Z="0"/><Vertex X="37936" Y="19960" Z="0"/><Vertex X="37936" Y="19828" Z="0"/><Vertex X="37936" Y="19739" Z="0"/><Vertex X="37936" Y="19695" Z="0"/><Vertex X="37936" Y="19563" Z="0"/><Vertex X="37936" Y="19475" Z="0"/><Vertex X="37936" Y="19387" Z="0"/><Vertex X="37936" Y="19211" Z="0"/><Vertex X="37936" Y="19123" Z="0"/><Vertex X="37936" Y="19034" Z="0"/><Vertex X="37936" Y="18902" Z="0"/><Vertex X="37936" Y="18726" Z="0"/><Vertex X="37936" Y="18682" Z="0"/><Vertex X="37936" Y="18594" Z="0"/><Vertex X="37936" Y="18418" Z="0"/><Vertex X="37936" Y="18373" Z="0"/><Vertex X="37936" Y="18285" Z="0"/><Vertex X="37936" Y="18153" Z="0"/><Vertex X="37936" Y="18065" Z="0"/><Vertex X="37936" Y="17977" Z="0"/><Vertex X="37936" Y="17845" Z="0"/><Vertex X="37936" Y="17713" Z="0"/><Vertex X="37936" Y="17669" Z="0"/><Vertex X="38025" Y="17580" Z="0"/><Vertex X="38025" Y="17492" Z="0"/><Vertex X="38025" Y="17404" Z="0"/><Vertex X="38025" Y="17272" Z="0"/><Vertex X="38025" Y="17140" Z="0"/><Vertex X="38025" Y="17096" Z="0"/><Vertex X="38025" Y="16964" Z="0"/><Vertex X="38025" Y="16875" Z="0"/><Vertex X="38025" Y="16743" Z="0"/><Vertex X="38025" Y="16655" Z="0"/><Vertex X="38025" Y="16611" Z="0"/><Vertex X="38025" Y="16435" Z="0"/><Vertex X="38025" Y="16259" Z="0"/><Vertex X="37936" Y="16259" Z="0"/><Vertex X="37936" Y="16170" Z="0"/><Vertex X="37848" Y="16038" Z="0"/><Vertex X="37804" Y="16038" Z="0"/><Vertex X="37716" Y="15906" Z="0"/><Vertex X="37716" Y="15818" Z="0"/><Vertex X="37716" Y="15730" Z="0"/><Vertex X="37672" Y="15554" Z="0"/><Vertex X="37672" Y="15510" Z="0"/><Vertex X="37584" Y="15421" Z="0"/><Vertex X="37584" Y="15289" Z="0"/><Vertex X="37496" Y="15201" Z="0"/><Vertex X="37496" Y="15113" Z="0"/><Vertex X="37408" Y="14981" Z="0"/><Vertex X="37408" Y="14893" Z="0"/><Vertex X="37408" Y="14849" Z="0"/><Vertex X="37320" Y="14672" Z="0"/><Vertex X="37320" Y="14628" Z="0"/><Vertex X="37320" Y="14540" Z="0"/><Vertex X="37320" Y="14408" Z="0"/><Vertex X="37320" Y="14364" Z="0"/><Vertex X="37320" Y="14276" Z="0"/><Vertex X="37320" Y="14232" Z="0"/><Vertex X="37364" Y="14144" Z="0"/><Vertex X="37452" Y="14056" Z="0"/><Vertex X="37540" Y="14056" Z="0"/><Vertex X="37584" Y="14056" Z="0"/><Vertex X="37672" Y="14056" Z="0"/><Vertex X="37716" Y="14056" Z="0"/><Vertex X="37716" Y="13967" Z="0"/><Vertex X="37804" Y="13967" Z="0"/><Vertex X="37936" Y="13967" Z="0"/><Vertex X="38025" Y="13967" Z="0"/><Vertex X="38157" Y="13967" Z="0"/><Vertex X="38245" Y="13967" Z="0"/><Vertex X="38289" Y="13967" Z="0"/><Vertex X="38421" Y="13967" Z="0"/><Vertex X="38597" Y="13967" Z="0"/><Vertex X="38686" Y="13967" Z="0"/><Vertex X="38818" Y="13967" Z="0"/><Vertex X="38906" Y="13967" Z="0"/><Vertex X="38950" Y="13967" Z="0"/><Vertex X="39038" Y="13923" Z="0"/><Vertex X="39126" Y="13923" Z="0"/><Vertex X="39126" Y="13835" Z="0"/><Vertex X="39126" Y="13747" Z="0"/><Vertex X="39170" Y="13747" Z="0"/><Vertex X="39170" Y="13703" Z="0"/><Vertex X="39170" Y="13615" Z="0"/><Vertex X="39170" Y="13571" Z="0"/><Vertex X="39170" Y="13483" Z="0"/><Vertex X="39170" Y="13395" Z="0"/><Vertex X="39170" Y="13351" Z="0"/><Vertex X="39170" Y="13262" Z="0"/><Vertex X="39170" Y="13218" Z="0"/><Vertex X="39082" Y="13218" Z="0"/><Vertex X="39082" Y="13086" Z="0"/><Vertex X="39082" Y="12954" Z="0"/><Vertex X="38994" Y="12822" Z="0"/><Vertex X="38994" Y="12734" Z="0"/><Vertex X="38906" Y="12690" Z="0"/><Vertex X="38906" Y="12513" Z="0"/><Vertex X="38862" Y="12469" Z="0"/><Vertex X="38862" Y="12381" Z="0"/><Vertex X="38774" Y="12249" Z="0"/><Vertex X="38686" Y="12161" Z="0"/><Vertex X="38597" Y="11985" Z="0"/><Vertex X="38597" Y="11941" Z="0"/><Vertex X="38465" Y="11852" Z="0"/><Vertex X="38421" Y="11720" Z="0"/><Vertex X="38421" Y="11544" Z="0"/><Vertex X="38333" Y="11544" Z="0"/><Vertex X="38333" Y="11412" Z="0"/><Vertex X="38333" Y="11280" Z="0"/><Vertex X="38245" Y="11280" Z="0"/><Vertex X="38245" Y="11147" Z="0"/><Vertex X="38245" Y="11059" Z="0"/><Vertex X="38201" Y="10971" Z="0"/><Vertex X="38201" Y="10883" Z="0"/><Vertex X="38201" Y="10839" Z="0"/><Vertex X="38113" Y="10839" Z="0"/><Vertex X="38113" Y="10751" Z="0"/><Vertex X="38113" Y="10663" Z="0"/><Vertex X="38113" Y="10619" Z="0"/><Vertex X="38113" Y="10531" Z="0"/><Vertex X="38025" Y="10531" Z="0"/><Vertex X="38025" Y="10354" Z="0"/><Vertex X="38025" Y="10222" Z="0"/><Vertex X="37981" Y="10222" Z="0"/><Vertex X="37981" Y="10002" Z="0"/><Vertex X="37892" Y="9914" Z="0"/><Vertex X="37892" Y="9782" Z="0"/><Vertex X="37804" Y="9693" Z="0"/><Vertex X="37804" Y="9649" Z="0"/><Vertex X="37760" Y="9473" Z="0"/><Vertex X="37760" Y="9429" Z="0"/><Vertex X="37672" Y="9253" Z="0"/><Vertex X="37672" Y="9209" Z="0"/><Vertex X="37584" Y="9033" Z="0"/><Vertex X="37584" Y="8988" Z="0"/><Vertex X="37496" Y="8812" Z="0"/><Vertex X="37496" Y="8768" Z="0"/><Vertex X="37496" Y="8636" Z="0"/><Vertex X="37496" Y="8548" Z="0"/><Vertex X="37496" Y="8372" Z="0"/><Vertex X="37496" Y="8195" Z="0"/><Vertex X="37496" Y="8107" Z="0"/><Vertex X="37496" Y="7975" Z="0"/><Vertex X="37496" Y="7887" Z="0"/><Vertex X="37496" Y="7755" Z="0"/><Vertex X="37496" Y="7623" Z="0"/><Vertex X="37496" Y="7534" Z="0"/><Vertex X="37496" Y="7402" Z="0"/><Vertex X="37496" Y="7314" Z="0"/><Vertex X="37496" Y="7182" Z="0"/><Vertex X="37408" Y="7094" Z="0"/><Vertex X="37408" Y="6962" Z="0"/><Vertex X="37408" Y="6874" Z="0"/><Vertex X="37364" Y="6741" Z="0"/><Vertex X="37364" Y="6653" Z="0"/><Vertex X="37364" Y="6521" Z="0"/><Vertex X="37364" Y="6477" Z="0"/><Vertex X="37364" Y="6301" Z="0"/><Vertex X="37364" Y="6257" Z="0"/><Vertex X="37364" Y="6169" Z="0"/><Vertex X="37364" Y="6036" Z="0"/><Vertex X="37364" Y="5904" Z="0"/><Vertex X="37364" Y="5816" Z="0"/><Vertex X="37364" Y="5684" Z="0"/><Vertex X="37364" Y="5596" Z="0"/><Vertex X="37364" Y="5464" Z="0"/><Vertex X="37364" Y="5420" Z="0"/><Vertex X="37364" Y="5243" Z="0"/><Vertex X="37364" Y="5199" Z="0"/><Vertex X="37452" Y="5023" Z="0"/><Vertex X="37452" Y="4891" Z="0"/><Vertex X="37540" Y="4891" Z="0"/><Vertex X="37540" Y="4759" Z="0"/><Vertex X="37540" Y="4715" Z="0"/><Vertex X="37584" Y="4626" Z="0"/><Vertex X="37584" Y="4582" Z="0"/><Vertex X="37672" Y="4582" Z="0"/><Vertex X="37672" Y="4494" Z="0"/><Vertex X="37672" Y="4406" Z="0"/><Vertex X="37760" Y="4362" Z="0"/><Vertex X="37760" Y="4274" Z="0"/><Vertex X="37760" Y="4186" Z="0"/><Vertex X="37804" Y="4186" Z="0"/><Vertex X="37804" Y="3966" Z="0"/><Vertex X="37804" Y="3789" Z="0"/><Vertex X="37804" Y="3745" Z="0"/><Vertex X="37804" Y="3613" Z="0"/><Vertex X="37804" Y="3525" Z="0"/><Vertex X="37804" Y="3393" Z="0"/><Vertex X="37804" Y="3305" Z="0"/><Vertex X="37804" Y="3172" Z="0"/><Vertex X="37804" Y="3040" Z="0"/><Vertex X="37804" Y="2952" Z="0"/><Vertex X="37804" Y="2820" Z="0"/><Vertex X="37804" Y="2688" Z="0"/><Vertex X="37804" Y="2644" Z="0"/><Vertex X="37804" Y="2556" Z="0"/><Vertex X="37804" Y="2467" Z="0"/><Vertex X="37804" Y="2423" Z="0"/><Vertex X="37716" Y="2423" Z="0"/><Vertex X="37716" Y="2335" Z="0"/><Vertex X="37716" Y="2247" Z="0"/><Vertex X="37628" Y="2247" Z="0"/><Vertex X="37628" Y="2203" Z="0"/><Vertex X="37628" Y="2115" Z="0"/><Vertex X="37628" Y="2027" Z="0"/><Vertex X="37628" Y="1939" Z="0"/><Vertex X="37628" Y="1851" Z="0"/><Vertex X="37628" Y="1807" Z="0"/><Vertex X="37584" Y="1718" Z="0"/><Vertex X="37584" Y="1630" Z="0"/><Vertex X="37584" Y="1586" Z="0"/><Vertex X="37584" Y="1498" Z="0"/><Vertex X="37496" Y="1410" Z="0"/><Vertex X="37496" Y="1366" Z="0"/><Vertex X="37408" Y="1366" Z="0"/><Vertex X="37408" Y="1278" Z="0"/><Vertex X="37408" Y="1234" Z="0"/><Vertex X="37364" Y="1234" Z="0"/><Vertex X="37364" Y="1146" Z="0"/><Vertex X="37276" Y="1146" Z="0"/><Vertex X="37276" Y="1057" Z="0"/><Vertex X="37187" Y="1013" Z="0"/><Vertex X="37099" Y="925" Z="0"/><Vertex X="37055" Y="837" Z="0"/><Vertex X="37055" Y="749" Z="0"/><Vertex X="36967" Y="749" Z="0"/><Vertex X="36967" Y="705" Z="0"/><Vertex X="36967" Y="793" Z="0"/><Vertex X="36967" Y="705" Z="0"/></Vertices></Region></Regions><Plots></Plots></Annotation></Annotations>
