<Annotations MicronsPerPixel="0.493400">
	<Annotation Id="1" Name="" ReadOnly="0" NameReadOnly="0" LineColorReadOnly="0" Incremental="0" Type="4" LineColor="16776960" Visible="1" Selected="1" MarkupImagePath="" MacroName=""><Attributes></Attributes><Regions><RegionAttributeHeaders></RegionAttributeHeaders><Region Id="1" Type="0" Zoom="0.026183" Selected="0" ImageLocation="" ImageFocus="-1" Length="31481.2" Area="24461089.0" LengthMicrons="15532.8" AreaMicrons="5954894.8" Text="" NegativeROA="0" InputRegionId="0" Analyze="1" DisplayId="1"><Attributes></Attributes><Vertices><Vertex X="28835" Y="6339" Z="0"/><Vertex X="28835" Y="6301" Z="0"/><Vertex X="28797" Y="6301" Z="0"/><Vertex X="28721" Y="6301" Z="0"/><Vertex X="28682" Y="6301" Z="0"/><Vertex X="28606" Y="6339" Z="0"/><Vertex X="28530" Y="6339" Z="0"/><Vertex X="28530" Y="6378" Z="0"/><Vertex X="28530" Y="6454" Z="0"/><Vertex X="28491" Y="6454" Z="0"/><Vertex X="28491" Y="6492" Z="0"/><Vertex X="28491" Y="6569" Z="0"/><Vertex X="28491" Y="6683" Z="0"/><Vertex X="28491" Y="6721" Z="0"/><Vertex X="28415" Y="6798" Z="0"/><Vertex X="28415" Y="6874" Z="0"/><Vertex X="28415" Y="6912" Z="0"/><Vertex X="28415" Y="6989" Z="0"/><Vertex X="28415" Y="7103" Z="0"/><Vertex X="28415" Y="7141" Z="0"/><Vertex X="28415" Y="7218" Z="0"/><Vertex X="28415" Y="7256" Z="0"/><Vertex X="28339" Y="7256" Z="0"/><Vertex X="28339" Y="7332" Z="0"/><Vertex X="28339" Y="7409" Z="0"/><Vertex X="28339" Y="7447" Z="0"/><Vertex X="28339" Y="7523" Z="0"/><Vertex X="28300" Y="7523" Z="0"/><Vertex X="28300" Y="7562" Z="0"/><Vertex X="28300" Y="7638" Z="0"/><Vertex X="28300" Y="7714" Z="0"/><Vertex X="28224" Y="7714" Z="0"/><Vertex X="28224" Y="7753" Z="0"/><Vertex X="28186" Y="7753" Z="0"/><Vertex X="28186" Y="7829" Z="0"/><Vertex X="28110" Y="7829" Z="0"/><Vertex X="28033" Y="7867" Z="0"/><Vertex X="27957" Y="7867" Z="0"/><Vertex X="27880" Y="7867" Z="0"/><Vertex X="27804" Y="7867" Z="0"/><Vertex X="27766" Y="7867" Z="0"/><Vertex X="27689" Y="7867" Z="0"/><Vertex X="27613" Y="7867" Z="0"/><Vertex X="27537" Y="7867" Z="0"/><Vertex X="27460" Y="7867" Z="0"/><Vertex X="27422" Y="7867" Z="0"/><Vertex X="27307" Y="7867" Z="0"/><Vertex X="27269" Y="7867" Z="0"/><Vertex X="27155" Y="7867" Z="0"/><Vertex X="27040" Y="7867" Z="0"/><Vertex X="27002" Y="7867" Z="0"/><Vertex X="26887" Y="7867" Z="0"/><Vertex X="26811" Y="7867" Z="0"/><Vertex X="26735" Y="7867" Z="0"/><Vertex X="26620" Y="7867" Z="0"/><Vertex X="26544" Y="7867" Z="0"/><Vertex X="26505" Y="7867" Z="0"/><Vertex X="26429" Y="7867" Z="0"/><Vertex X="26391" Y="7867" Z="0"/><Vertex X="26314" Y="7867" Z="0"/><Vertex X="26238" Y="7867" Z="0"/><Vertex X="26200" Y="7867" Z="0"/><Vertex X="26200" Y="7943" Z="0"/><Vertex X="26200" Y="8020" Z="0"/><Vertex X="26200" Y="8058" Z="0"/><Vertex X="26200" Y="8134" Z="0"/><Vertex X="26200" Y="8173" Z="0"/><Vertex X="26238" Y="8249" Z="0"/><Vertex X="26276" Y="8325" Z="0"/><Vertex X="26353" Y="8402" Z="0"/><Vertex X="26429" Y="8478" Z="0"/><Vertex X="26505" Y="8516" Z="0"/><Vertex X="26544" Y="8593" Z="0"/><Vertex X="26620" Y="8669" Z="0"/><Vertex X="26696" Y="8746" Z="0"/><Vertex X="26773" Y="8822" Z="0"/><Vertex X="26849" Y="8822" Z="0"/><Vertex X="26849" Y="8860" Z="0"/><Vertex X="26964" Y="8860" Z="0"/><Vertex X="27040" Y="8936" Z="0"/><Vertex X="27078" Y="8936" Z="0"/><Vertex X="27078" Y="8975" Z="0"/><Vertex X="27155" Y="8975" Z="0"/><Vertex X="27155" Y="9051" Z="0"/><Vertex X="27231" Y="9127" Z="0"/><Vertex X="27231" Y="9166" Z="0"/><Vertex X="27269" Y="9166" Z="0"/><Vertex X="27269" Y="9242" Z="0"/><Vertex X="27346" Y="9242" Z="0"/><Vertex X="27346" Y="9318" Z="0"/><Vertex X="27422" Y="9357" Z="0"/><Vertex X="27422" Y="9433" Z="0"/><Vertex X="27460" Y="9433" Z="0"/><Vertex X="27460" Y="9509" Z="0"/><Vertex X="27460" Y="9548" Z="0"/><Vertex X="27460" Y="9624" Z="0"/><Vertex X="27537" Y="9624" Z="0"/><Vertex X="27537" Y="9662" Z="0"/><Vertex X="27537" Y="9738" Z="0"/><Vertex X="27537" Y="9815" Z="0"/><Vertex X="27613" Y="9853" Z="0"/><Vertex X="27613" Y="9968" Z="0"/><Vertex X="27651" Y="9968" Z="0"/><Vertex X="27651" Y="10044" Z="0"/><Vertex X="27651" Y="10082" Z="0"/><Vertex X="27728" Y="10082" Z="0"/><Vertex X="27728" Y="10197" Z="0"/><Vertex X="27728" Y="10235" Z="0"/><Vertex X="27804" Y="10311" Z="0"/><Vertex X="27804" Y="10388" Z="0"/><Vertex X="27804" Y="10426" Z="0"/><Vertex X="27842" Y="10502" Z="0"/><Vertex X="27842" Y="10579" Z="0"/><Vertex X="27842" Y="10655" Z="0"/><Vertex X="27842" Y="10731" Z="0"/><Vertex X="27919" Y="10731" Z="0"/><Vertex X="27919" Y="10808" Z="0"/><Vertex X="27919" Y="10884" Z="0"/><Vertex X="27995" Y="10999" Z="0"/><Vertex X="27995" Y="11113" Z="0"/><Vertex X="28033" Y="11113" Z="0"/><Vertex X="28033" Y="11152" Z="0"/><Vertex X="28110" Y="11228" Z="0"/><Vertex X="28110" Y="11304" Z="0"/><Vertex X="28186" Y="11304" Z="0"/><Vertex X="28186" Y="11343" Z="0"/><Vertex X="28186" Y="11419" Z="0"/><Vertex X="28224" Y="11419" Z="0"/><Vertex X="28224" Y="11495" Z="0"/><Vertex X="28224" Y="11534" Z="0"/><Vertex X="28300" Y="11534" Z="0"/><Vertex X="28300" Y="11610" Z="0"/><Vertex X="28300" Y="11648" Z="0"/><Vertex X="28377" Y="11648" Z="0"/><Vertex X="28377" Y="11724" Z="0"/><Vertex X="28377" Y="11801" Z="0"/><Vertex X="28415" Y="11801" Z="0"/><Vertex X="28415" Y="11877" Z="0"/><Vertex X="28415" Y="11954" Z="0"/><Vertex X="28491" Y="11954" Z="0"/><Vertex X="28491" Y="11992" Z="0"/><Vertex X="28491" Y="12068" Z="0"/><Vertex X="28530" Y="12068" Z="0"/><Vertex X="28530" Y="12145" Z="0"/><Vertex X="28530" Y="12183" Z="0"/><Vertex X="28606" Y="12183" Z="0"/><Vertex X="28606" Y="12259" Z="0"/><Vertex X="28606" Y="12297" Z="0"/><Vertex X="28682" Y="12297" Z="0"/><Vertex X="28682" Y="12374" Z="0"/><Vertex X="28682" Y="12450" Z="0"/><Vertex X="28721" Y="12450" Z="0"/><Vertex X="28721" Y="12488" Z="0"/><Vertex X="28797" Y="12565" Z="0"/><Vertex X="28797" Y="12641" Z="0"/><Vertex X="28873" Y="12679" Z="0"/><Vertex X="28873" Y="12756" Z="0"/><Vertex X="28950" Y="12832" Z="0"/><Vertex X="28950" Y="12870" Z="0"/><Vertex X="28950" Y="12985" Z="0"/><Vertex X="28988" Y="12985" Z="0"/><Vertex X="28988" Y="13099" Z="0"/><Vertex X="28988" Y="13138" Z="0"/><Vertex X="28988" Y="13214" Z="0"/><Vertex X="29064" Y="13214" Z="0"/><Vertex X="29064" Y="13252" Z="0"/><Vertex X="29064" Y="13329" Z="0"/><Vertex X="29064" Y="13405" Z="0"/><Vertex X="29103" Y="13405" Z="0"/><Vertex X="29103" Y="13443" Z="0"/><Vertex X="29103" Y="13520" Z="0"/><Vertex X="29179" Y="13520" Z="0"/><Vertex X="29179" Y="13634" Z="0"/><Vertex X="29179" Y="13672" Z="0"/><Vertex X="29179" Y="13749" Z="0"/><Vertex X="29179" Y="13787" Z="0"/><Vertex X="29255" Y="13863" Z="0"/><Vertex X="29255" Y="13940" Z="0"/><Vertex X="29255" Y="13978" Z="0"/><Vertex X="29255" Y="14054" Z="0"/><Vertex X="29255" Y="14131" Z="0"/><Vertex X="29255" Y="14169" Z="0"/><Vertex X="29255" Y="14245" Z="0"/><Vertex X="29255" Y="14283" Z="0"/><Vertex X="29255" Y="14360" Z="0"/><Vertex X="29255" Y="14436" Z="0"/><Vertex X="29255" Y="14474" Z="0"/><Vertex X="29332" Y="14551" Z="0"/><Vertex X="29332" Y="14627" Z="0"/><Vertex X="29332" Y="14665" Z="0"/><Vertex X="29370" Y="14665" Z="0"/><Vertex X="29370" Y="14742" Z="0"/><Vertex X="29370" Y="14818" Z="0"/><Vertex X="29446" Y="14818" Z="0"/><Vertex X="29446" Y="14933" Z="0"/><Vertex X="29446" Y="15047" Z="0"/><Vertex X="29446" Y="15085" Z="0"/><Vertex X="29484" Y="15085" Z="0"/><Vertex X="29484" Y="15162" Z="0"/><Vertex X="29484" Y="15238" Z="0"/><Vertex X="29484" Y="15276" Z="0"/><Vertex X="29484" Y="15353" Z="0"/><Vertex X="29484" Y="15391" Z="0"/><Vertex X="29484" Y="15467" Z="0"/><Vertex X="29484" Y="15544" Z="0"/><Vertex X="29484" Y="15620" Z="0"/><Vertex X="29561" Y="15620" Z="0"/><Vertex X="29561" Y="15696" Z="0"/><Vertex X="29561" Y="15773" Z="0"/><Vertex X="29561" Y="15849" Z="0"/><Vertex X="29561" Y="15926" Z="0"/><Vertex X="29561" Y="15964" Z="0"/><Vertex X="29637" Y="16040" Z="0"/><Vertex X="29637" Y="16117" Z="0"/><Vertex X="29675" Y="16117" Z="0"/><Vertex X="29675" Y="16155" Z="0"/><Vertex X="29752" Y="16155" Z="0"/><Vertex X="29828" Y="16231" Z="0"/><Vertex X="29866" Y="16308" Z="0"/><Vertex X="29943" Y="16384" Z="0"/><Vertex X="29943" Y="16422" Z="0"/><Vertex X="29943" Y="16499" Z="0"/><Vertex X="29943" Y="16537" Z="0"/><Vertex X="29943" Y="16613" Z="0"/><Vertex X="29943" Y="16689" Z="0"/><Vertex X="29943" Y="16728" Z="0"/><Vertex X="29943" Y="16804" Z="0"/><Vertex X="29943" Y="16842" Z="0"/><Vertex X="29866" Y="16957" Z="0"/><Vertex X="29866" Y="17033" Z="0"/><Vertex X="29866" Y="17071" Z="0"/><Vertex X="29866" Y="17148" Z="0"/><Vertex X="29866" Y="17224" Z="0"/><Vertex X="29866" Y="17262" Z="0"/><Vertex X="29943" Y="17262" Z="0"/><Vertex X="29943" Y="17339" Z="0"/><Vertex X="30019" Y="17339" Z="0"/><Vertex X="30019" Y="17377" Z="0"/><Vertex X="30057" Y="17377" Z="0"/><Vertex X="30057" Y="17453" Z="0"/><Vertex X="30134" Y="17453" Z="0"/><Vertex X="30172" Y="17453" Z="0"/><Vertex X="30172" Y="17530" Z="0"/><Vertex X="30248" Y="17530" Z="0"/><Vertex X="30248" Y="17568" Z="0"/><Vertex X="30325" Y="17568" Z="0"/><Vertex X="30325" Y="17644" Z="0"/><Vertex X="30363" Y="17644" Z="0"/><Vertex X="30363" Y="17682" Z="0"/><Vertex X="30439" Y="17759" Z="0"/><Vertex X="30516" Y="17759" Z="0"/><Vertex X="30516" Y="17835" Z="0"/><Vertex X="30554" Y="17835" Z="0"/><Vertex X="30630" Y="17835" Z="0"/><Vertex X="30668" Y="17835" Z="0"/><Vertex X="30745" Y="17835" Z="0"/><Vertex X="30821" Y="17835" Z="0"/><Vertex X="30821" Y="17797" Z="0"/><Vertex X="30859" Y="17797" Z="0"/><Vertex X="30859" Y="17759" Z="0"/><Vertex X="30936" Y="17682" Z="0"/><Vertex X="30936" Y="17606" Z="0"/><Vertex X="31012" Y="17606" Z="0"/><Vertex X="31012" Y="17568" Z="0"/><Vertex X="31012" Y="17492" Z="0"/><Vertex X="31050" Y="17415" Z="0"/><Vertex X="31050" Y="17339" Z="0"/><Vertex X="31050" Y="17262" Z="0"/><Vertex X="31127" Y="17262" Z="0"/><Vertex X="31127" Y="17186" Z="0"/><Vertex X="31127" Y="17148" Z="0"/><Vertex X="31127" Y="17071" Z="0"/><Vertex X="31127" Y="17033" Z="0"/><Vertex X="31127" Y="16957" Z="0"/><Vertex X="31127" Y="16880" Z="0"/><Vertex X="31127" Y="16842" Z="0"/><Vertex X="31127" Y="16766" Z="0"/><Vertex X="31127" Y="16728" Z="0"/><Vertex X="31203" Y="16613" Z="0"/><Vertex X="31203" Y="16537" Z="0"/><Vertex X="31203" Y="16499" Z="0"/><Vertex X="31241" Y="16422" Z="0"/><Vertex X="31241" Y="16346" Z="0"/><Vertex X="31241" Y="16308" Z="0"/><Vertex X="31318" Y="16193" Z="0"/><Vertex X="31318" Y="16078" Z="0"/><Vertex X="31318" Y="16040" Z="0"/><Vertex X="31318" Y="15926" Z="0"/><Vertex X="31318" Y="15811" Z="0"/><Vertex X="31318" Y="15735" Z="0"/><Vertex X="31318" Y="15620" Z="0"/><Vertex X="31318" Y="15506" Z="0"/><Vertex X="31318" Y="15391" Z="0"/><Vertex X="31318" Y="15238" Z="0"/><Vertex X="31394" Y="15162" Z="0"/><Vertex X="31394" Y="15124" Z="0"/><Vertex X="31394" Y="15009" Z="0"/><Vertex X="31394" Y="14933" Z="0"/><Vertex X="31394" Y="14856" Z="0"/><Vertex X="31394" Y="14780" Z="0"/><Vertex X="31394" Y="14703" Z="0"/><Vertex X="31432" Y="14703" Z="0"/><Vertex X="31432" Y="14665" Z="0"/><Vertex X="31432" Y="14589" Z="0"/><Vertex X="31432" Y="14551" Z="0"/><Vertex X="31432" Y="14436" Z="0"/><Vertex X="31432" Y="14360" Z="0"/><Vertex X="31432" Y="14283" Z="0"/><Vertex X="31432" Y="14207" Z="0"/><Vertex X="31432" Y="14092" Z="0"/><Vertex X="31432" Y="14054" Z="0"/><Vertex X="31432" Y="13978" Z="0"/><Vertex X="31432" Y="13940" Z="0"/><Vertex X="31432" Y="13863" Z="0"/><Vertex X="31432" Y="13787" Z="0"/><Vertex X="31432" Y="13749" Z="0"/><Vertex X="31432" Y="13672" Z="0"/><Vertex X="31356" Y="13596" Z="0"/><Vertex X="31356" Y="13558" Z="0"/><Vertex X="31356" Y="13481" Z="0"/><Vertex X="31356" Y="13443" Z="0"/><Vertex X="31279" Y="13367" Z="0"/><Vertex X="31279" Y="13290" Z="0"/><Vertex X="31279" Y="13252" Z="0"/><Vertex X="31241" Y="13176" Z="0"/><Vertex X="31241" Y="13099" Z="0"/><Vertex X="31241" Y="13061" Z="0"/><Vertex X="31241" Y="12985" Z="0"/><Vertex X="31241" Y="12947" Z="0"/><Vertex X="31241" Y="12870" Z="0"/><Vertex X="31165" Y="12870" Z="0"/><Vertex X="31165" Y="12756" Z="0"/><Vertex X="31165" Y="12679" Z="0"/><Vertex X="31165" Y="12641" Z="0"/><Vertex X="31165" Y="12565" Z="0"/><Vertex X="31165" Y="12488" Z="0"/><Vertex X="31165" Y="12450" Z="0"/><Vertex X="31165" Y="12374" Z="0"/><Vertex X="31165" Y="12336" Z="0"/><Vertex X="31088" Y="12259" Z="0"/><Vertex X="31088" Y="12183" Z="0"/><Vertex X="31088" Y="12145" Z="0"/><Vertex X="31088" Y="12068" Z="0"/><Vertex X="31088" Y="11992" Z="0"/><Vertex X="31050" Y="11992" Z="0"/><Vertex X="31050" Y="11954" Z="0"/><Vertex X="31050" Y="11877" Z="0"/><Vertex X="31050" Y="11839" Z="0"/><Vertex X="30974" Y="11839" Z="0"/><Vertex X="30974" Y="11763" Z="0"/><Vertex X="30974" Y="11686" Z="0"/><Vertex X="30898" Y="11648" Z="0"/><Vertex X="30898" Y="11572" Z="0"/><Vertex X="30898" Y="11495" Z="0"/><Vertex X="30859" Y="11495" Z="0"/><Vertex X="30859" Y="11457" Z="0"/><Vertex X="30859" Y="11381" Z="0"/><Vertex X="30859" Y="11343" Z="0"/><Vertex X="30783" Y="11266" Z="0"/><Vertex X="30783" Y="11190" Z="0"/><Vertex X="30783" Y="11113" Z="0"/><Vertex X="30783" Y="10999" Z="0"/><Vertex X="30783" Y="10922" Z="0"/><Vertex X="30707" Y="10922" Z="0"/><Vertex X="30707" Y="10846" Z="0"/><Vertex X="30707" Y="10731" Z="0"/><Vertex X="30707" Y="10655" Z="0"/><Vertex X="30668" Y="10655" Z="0"/><Vertex X="30668" Y="10579" Z="0"/><Vertex X="30668" Y="10464" Z="0"/><Vertex X="30592" Y="10388" Z="0"/><Vertex X="30592" Y="10350" Z="0"/><Vertex X="30592" Y="10273" Z="0"/><Vertex X="30516" Y="10273" Z="0"/><Vertex X="30516" Y="10197" Z="0"/><Vertex X="30516" Y="10159" Z="0"/><Vertex X="30516" Y="10082" Z="0"/><Vertex X="30477" Y="10082" Z="0"/><Vertex X="30477" Y="10044" Z="0"/><Vertex X="30477" Y="9968" Z="0"/><Vertex X="30477" Y="9891" Z="0"/><Vertex X="30401" Y="9891" Z="0"/><Vertex X="30401" Y="9815" Z="0"/><Vertex X="30401" Y="9738" Z="0"/><Vertex X="30401" Y="9700" Z="0"/><Vertex X="30325" Y="9700" Z="0"/><Vertex X="30325" Y="9624" Z="0"/><Vertex X="30325" Y="9548" Z="0"/><Vertex X="30325" Y="9471" Z="0"/><Vertex X="30325" Y="9395" Z="0"/><Vertex X="30286" Y="9318" Z="0"/><Vertex X="30286" Y="9280" Z="0"/><Vertex X="30286" Y="9204" Z="0"/><Vertex X="30286" Y="9127" Z="0"/><Vertex X="30286" Y="9051" Z="0"/><Vertex X="30210" Y="8975" Z="0"/><Vertex X="30210" Y="8860" Z="0"/><Vertex X="30134" Y="8822" Z="0"/><Vertex X="30134" Y="8707" Z="0"/><Vertex X="30057" Y="8707" Z="0"/><Vertex X="30057" Y="8631" Z="0"/><Vertex X="30057" Y="8593" Z="0"/><Vertex X="30019" Y="8478" Z="0"/><Vertex X="29943" Y="8402" Z="0"/><Vertex X="29943" Y="8364" Z="0"/><Vertex X="29905" Y="8364" Z="0"/><Vertex X="29905" Y="8287" Z="0"/><Vertex X="29828" Y="8211" Z="0"/><Vertex X="29828" Y="8173" Z="0"/><Vertex X="29752" Y="8096" Z="0"/><Vertex X="29752" Y="7982" Z="0"/><Vertex X="29675" Y="7867" Z="0"/><Vertex X="29675" Y="7791" Z="0"/><Vertex X="29599" Y="7791" Z="0"/><Vertex X="29599" Y="7676" Z="0"/><Vertex X="29561" Y="7562" Z="0"/><Vertex X="29561" Y="7523" Z="0"/><Vertex X="29484" Y="7447" Z="0"/><Vertex X="29484" Y="7371" Z="0"/><Vertex X="29484" Y="7332" Z="0"/><Vertex X="29408" Y="7332" Z="0"/><Vertex X="29408" Y="7256" Z="0"/><Vertex X="29408" Y="7218" Z="0"/><Vertex X="29408" Y="7141" Z="0"/><Vertex X="29370" Y="7141" Z="0"/><Vertex X="29370" Y="7065" Z="0"/><Vertex X="29370" Y="7027" Z="0"/><Vertex X="29293" Y="6950" Z="0"/><Vertex X="29293" Y="6874" Z="0"/><Vertex X="29293" Y="6836" Z="0"/><Vertex X="29217" Y="6836" Z="0"/><Vertex X="29217" Y="6760" Z="0"/><Vertex X="29141" Y="6683" Z="0"/><Vertex X="29141" Y="6645" Z="0"/><Vertex X="29103" Y="6645" Z="0"/><Vertex X="29103" Y="6569" Z="0"/><Vertex X="29103" Y="6530" Z="0"/><Vertex X="29026" Y="6530" Z="0"/><Vertex X="29026" Y="6454" Z="0"/><Vertex X="28988" Y="6454" Z="0"/><Vertex X="28988" Y="6378" Z="0"/><Vertex X="28912" Y="6378" Z="0"/><Vertex X="28950" Y="6339" Z="0"/><Vertex X="28912" Y="6339" Z="0"/><Vertex X="28835" Y="6339" Z="0"/></Vertices></Region><Region Id="2" Type="0" Zoom="0.026183" Selected="0" ImageLocation="" ImageFocus="-1" Length="30641.5" Area="31378897.5" LengthMicrons="15118.5" AreaMicrons="7638990.7" Text="" NegativeROA="0" InputRegionId="0" Analyze="1" DisplayId="2"><Attributes></Attributes><Vertices><Vertex X="18523" Y="4468" Z="0"/><Vertex X="18447" Y="4468" Z="0"/><Vertex X="18371" Y="4506" Z="0"/><Vertex X="18294" Y="4544" Z="0"/><Vertex X="18180" Y="4544" Z="0"/><Vertex X="18065" Y="4621" Z="0"/><Vertex X="17950" Y="4621" Z="0"/><Vertex X="17874" Y="4697" Z="0"/><Vertex X="17759" Y="4697" Z="0"/><Vertex X="17759" Y="4774" Z="0"/><Vertex X="17645" Y="4774" Z="0"/><Vertex X="17607" Y="4850" Z="0"/><Vertex X="17530" Y="4850" Z="0"/><Vertex X="17530" Y="4888" Z="0"/><Vertex X="17416" Y="4888" Z="0"/><Vertex X="17301" Y="4964" Z="0"/><Vertex X="17225" Y="4964" Z="0"/><Vertex X="17225" Y="5041" Z="0"/><Vertex X="17110" Y="5041" Z="0"/><Vertex X="16996" Y="5041" Z="0"/><Vertex X="16919" Y="5117" Z="0"/><Vertex X="16843" Y="5117" Z="0"/><Vertex X="16766" Y="5117" Z="0"/><Vertex X="16728" Y="5117" Z="0"/><Vertex X="16652" Y="5117" Z="0"/><Vertex X="16614" Y="5117" Z="0"/><Vertex X="16537" Y="5117" Z="0"/><Vertex X="16537" Y="5155" Z="0"/><Vertex X="16537" Y="5232" Z="0"/><Vertex X="16461" Y="5270" Z="0"/><Vertex X="16461" Y="5346" Z="0"/><Vertex X="16461" Y="5461" Z="0"/><Vertex X="16461" Y="5537" Z="0"/><Vertex X="16461" Y="5652" Z="0"/><Vertex X="16461" Y="5728" Z="0"/><Vertex X="16461" Y="5805" Z="0"/><Vertex X="16499" Y="5805" Z="0"/><Vertex X="16499" Y="5919" Z="0"/><Vertex X="16499" Y="6034" Z="0"/><Vertex X="16575" Y="6110" Z="0"/><Vertex X="16575" Y="6225" Z="0"/><Vertex X="16575" Y="6339" Z="0"/><Vertex X="16652" Y="6339" Z="0"/><Vertex X="16652" Y="6416" Z="0"/><Vertex X="16652" Y="6530" Z="0"/><Vertex X="16690" Y="6645" Z="0"/><Vertex X="16766" Y="6760" Z="0"/><Vertex X="16766" Y="6836" Z="0"/><Vertex X="16843" Y="6950" Z="0"/><Vertex X="16843" Y="7027" Z="0"/><Vertex X="16919" Y="7027" Z="0"/><Vertex X="16919" Y="7065" Z="0"/><Vertex X="16919" Y="7141" Z="0"/><Vertex X="16957" Y="7141" Z="0"/><Vertex X="16957" Y="7180" Z="0"/><Vertex X="17034" Y="7294" Z="0"/><Vertex X="17034" Y="7371" Z="0"/><Vertex X="17110" Y="7371" Z="0"/><Vertex X="17110" Y="7485" Z="0"/><Vertex X="17110" Y="7523" Z="0"/><Vertex X="17148" Y="7523" Z="0"/><Vertex X="17148" Y="7638" Z="0"/><Vertex X="17148" Y="7676" Z="0"/><Vertex X="17225" Y="7753" Z="0"/><Vertex X="17225" Y="7829" Z="0"/><Vertex X="17225" Y="7867" Z="0"/><Vertex X="17301" Y="7867" Z="0"/><Vertex X="17301" Y="7943" Z="0"/><Vertex X="17301" Y="8020" Z="0"/><Vertex X="17378" Y="8058" Z="0"/><Vertex X="17378" Y="8134" Z="0"/><Vertex X="17378" Y="8211" Z="0"/><Vertex X="17416" Y="8249" Z="0"/><Vertex X="17416" Y="8364" Z="0"/><Vertex X="17492" Y="8440" Z="0"/><Vertex X="17492" Y="8516" Z="0"/><Vertex X="17568" Y="8516" Z="0"/><Vertex X="17568" Y="8593" Z="0"/><Vertex X="17568" Y="8669" Z="0"/><Vertex X="17607" Y="8669" Z="0"/><Vertex X="17607" Y="8707" Z="0"/><Vertex X="17683" Y="8784" Z="0"/><Vertex X="17683" Y="8822" Z="0"/><Vertex X="17759" Y="8898" Z="0"/><Vertex X="17759" Y="8975" Z="0"/><Vertex X="17798" Y="8975" Z="0"/><Vertex X="17798" Y="9013" Z="0"/><Vertex X="17874" Y="9089" Z="0"/><Vertex X="17874" Y="9166" Z="0"/><Vertex X="17950" Y="9166" Z="0"/><Vertex X="17950" Y="9204" Z="0"/><Vertex X="18027" Y="9280" Z="0"/><Vertex X="18103" Y="9395" Z="0"/><Vertex X="18180" Y="9509" Z="0"/><Vertex X="18256" Y="9624" Z="0"/><Vertex X="18332" Y="9738" Z="0"/><Vertex X="18409" Y="9815" Z="0"/><Vertex X="18485" Y="9929" Z="0"/><Vertex X="18485" Y="10044" Z="0"/><Vertex X="18523" Y="10044" Z="0"/><Vertex X="18523" Y="10082" Z="0"/><Vertex X="18600" Y="10159" Z="0"/><Vertex X="18600" Y="10235" Z="0"/><Vertex X="18676" Y="10235" Z="0"/><Vertex X="18676" Y="10273" Z="0"/><Vertex X="18676" Y="10350" Z="0"/><Vertex X="18714" Y="10350" Z="0"/><Vertex X="18714" Y="10426" Z="0"/><Vertex X="18714" Y="10464" Z="0"/><Vertex X="18791" Y="10464" Z="0"/><Vertex X="18791" Y="10541" Z="0"/><Vertex X="18867" Y="10617" Z="0"/><Vertex X="18905" Y="10655" Z="0"/><Vertex X="18982" Y="10731" Z="0"/><Vertex X="19058" Y="10808" Z="0"/><Vertex X="19134" Y="10922" Z="0"/><Vertex X="19211" Y="10999" Z="0"/><Vertex X="19211" Y="11037" Z="0"/><Vertex X="19287" Y="11037" Z="0"/><Vertex X="19287" Y="11113" Z="0"/><Vertex X="19364" Y="11152" Z="0"/><Vertex X="19364" Y="11228" Z="0"/><Vertex X="19440" Y="11304" Z="0"/><Vertex X="19516" Y="11381" Z="0"/><Vertex X="19516" Y="11457" Z="0"/><Vertex X="19554" Y="11457" Z="0"/><Vertex X="19554" Y="11534" Z="0"/><Vertex X="19631" Y="11572" Z="0"/><Vertex X="19631" Y="11648" Z="0"/><Vertex X="19707" Y="11724" Z="0"/><Vertex X="19745" Y="11763" Z="0"/><Vertex X="19745" Y="11839" Z="0"/><Vertex X="19822" Y="11839" Z="0"/><Vertex X="19822" Y="11915" Z="0"/><Vertex X="19898" Y="11954" Z="0"/><Vertex X="19898" Y="12030" Z="0"/><Vertex X="19936" Y="12030" Z="0"/><Vertex X="19936" Y="12145" Z="0"/><Vertex X="19936" Y="12183" Z="0"/><Vertex X="20013" Y="12183" Z="0"/><Vertex X="20013" Y="12259" Z="0"/><Vertex X="20089" Y="12336" Z="0"/><Vertex X="20089" Y="12374" Z="0"/><Vertex X="20127" Y="12450" Z="0"/><Vertex X="20127" Y="12527" Z="0"/><Vertex X="20204" Y="12565" Z="0"/><Vertex X="20204" Y="12641" Z="0"/><Vertex X="20280" Y="12717" Z="0"/><Vertex X="20280" Y="12756" Z="0"/><Vertex X="20357" Y="12832" Z="0"/><Vertex X="20357" Y="12908" Z="0"/><Vertex X="20433" Y="12985" Z="0"/><Vertex X="20433" Y="13023" Z="0"/><Vertex X="20471" Y="13023" Z="0"/><Vertex X="20471" Y="13099" Z="0"/><Vertex X="20471" Y="13176" Z="0"/><Vertex X="20547" Y="13176" Z="0"/><Vertex X="20547" Y="13252" Z="0"/><Vertex X="20624" Y="13329" Z="0"/><Vertex X="20624" Y="13367" Z="0"/><Vertex X="20662" Y="13367" Z="0"/><Vertex X="20662" Y="13443" Z="0"/><Vertex X="20738" Y="13443" Z="0"/><Vertex X="20738" Y="13520" Z="0"/><Vertex X="20815" Y="13558" Z="0"/><Vertex X="20853" Y="13558" Z="0"/><Vertex X="20853" Y="13634" Z="0"/><Vertex X="20929" Y="13634" Z="0"/><Vertex X="20968" Y="13710" Z="0"/><Vertex X="20968" Y="13787" Z="0"/><Vertex X="21044" Y="13787" Z="0"/><Vertex X="21044" Y="13863" Z="0"/><Vertex X="21120" Y="13863" Z="0"/><Vertex X="21120" Y="13901" Z="0"/><Vertex X="21159" Y="13901" Z="0"/><Vertex X="21235" Y="13978" Z="0"/><Vertex X="21311" Y="13978" Z="0"/><Vertex X="21311" Y="14054" Z="0"/><Vertex X="21349" Y="14054" Z="0"/><Vertex X="21426" Y="14054" Z="0"/><Vertex X="21426" Y="14092" Z="0"/><Vertex X="21464" Y="14092" Z="0"/><Vertex X="21464" Y="14169" Z="0"/><Vertex X="21540" Y="14169" Z="0"/><Vertex X="21617" Y="14169" Z="0"/><Vertex X="21655" Y="14169" Z="0"/><Vertex X="21731" Y="14169" Z="0"/><Vertex X="21770" Y="14169" Z="0"/><Vertex X="21846" Y="14169" Z="0"/><Vertex X="21922" Y="14169" Z="0"/><Vertex X="21961" Y="14169" Z="0"/><Vertex X="22037" Y="14169" Z="0"/><Vertex X="22075" Y="14169" Z="0"/><Vertex X="22152" Y="14169" Z="0"/><Vertex X="22152" Y="14131" Z="0"/><Vertex X="22266" Y="14131" Z="0"/><Vertex X="22304" Y="14131" Z="0"/><Vertex X="22304" Y="14092" Z="0"/><Vertex X="22381" Y="14092" Z="0"/><Vertex X="22419" Y="14092" Z="0"/><Vertex X="22419" Y="14016" Z="0"/><Vertex X="22495" Y="14016" Z="0"/><Vertex X="22495" Y="13978" Z="0"/><Vertex X="22572" Y="13978" Z="0"/><Vertex X="22610" Y="13901" Z="0"/><Vertex X="22686" Y="13901" Z="0"/><Vertex X="22686" Y="13825" Z="0"/><Vertex X="22763" Y="13825" Z="0"/><Vertex X="22839" Y="13825" Z="0"/><Vertex X="22839" Y="13787" Z="0"/><Vertex X="22915" Y="13787" Z="0"/><Vertex X="22954" Y="13787" Z="0"/><Vertex X="23030" Y="13710" Z="0"/><Vertex X="23106" Y="13710" Z="0"/><Vertex X="23183" Y="13634" Z="0"/><Vertex X="23221" Y="13634" Z="0"/><Vertex X="23297" Y="13634" Z="0"/><Vertex X="23335" Y="13634" Z="0"/><Vertex X="23412" Y="13634" Z="0"/><Vertex X="23412" Y="13596" Z="0"/><Vertex X="23488" Y="13596" Z="0"/><Vertex X="23526" Y="13596" Z="0"/><Vertex X="23526" Y="13520" Z="0"/><Vertex X="23603" Y="13520" Z="0"/><Vertex X="23603" Y="13443" Z="0"/><Vertex X="23641" Y="13443" Z="0"/><Vertex X="23641" Y="13405" Z="0"/><Vertex X="23717" Y="13329" Z="0"/><Vertex X="23717" Y="13252" Z="0"/><Vertex X="23717" Y="13214" Z="0"/><Vertex X="23717" Y="13138" Z="0"/><Vertex X="23717" Y="13099" Z="0"/><Vertex X="23717" Y="13023" Z="0"/><Vertex X="23679" Y="12908" Z="0"/><Vertex X="23679" Y="12870" Z="0"/><Vertex X="23641" Y="12870" Z="0"/><Vertex X="23641" Y="12794" Z="0"/><Vertex X="23641" Y="12717" Z="0"/><Vertex X="23565" Y="12679" Z="0"/><Vertex X="23565" Y="12603" Z="0"/><Vertex X="23488" Y="12527" Z="0"/><Vertex X="23488" Y="12488" Z="0"/><Vertex X="23450" Y="12412" Z="0"/><Vertex X="23450" Y="12336" Z="0"/><Vertex X="23374" Y="12336" Z="0"/><Vertex X="23374" Y="12297" Z="0"/><Vertex X="23374" Y="12183" Z="0"/><Vertex X="23297" Y="12183" Z="0"/><Vertex X="23297" Y="12145" Z="0"/><Vertex X="23221" Y="12030" Z="0"/><Vertex X="23221" Y="11915" Z="0"/><Vertex X="23183" Y="11915" Z="0"/><Vertex X="23183" Y="11839" Z="0"/><Vertex X="23106" Y="11801" Z="0"/><Vertex X="23106" Y="11724" Z="0"/><Vertex X="23030" Y="11648" Z="0"/><Vertex X="23030" Y="11610" Z="0"/><Vertex X="22992" Y="11610" Z="0"/><Vertex X="22992" Y="11534" Z="0"/><Vertex X="22992" Y="11457" Z="0"/><Vertex X="22915" Y="11457" Z="0"/><Vertex X="22915" Y="11419" Z="0"/><Vertex X="22915" Y="11343" Z="0"/><Vertex X="22877" Y="11343" Z="0"/><Vertex X="22877" Y="11304" Z="0"/><Vertex X="22877" Y="11228" Z="0"/><Vertex X="22801" Y="11152" Z="0"/><Vertex X="22801" Y="11113" Z="0"/><Vertex X="22724" Y="11037" Z="0"/><Vertex X="22724" Y="10961" Z="0"/><Vertex X="22648" Y="10961" Z="0"/><Vertex X="22648" Y="10922" Z="0"/><Vertex X="22610" Y="10846" Z="0"/><Vertex X="22610" Y="10770" Z="0"/><Vertex X="22533" Y="10770" Z="0"/><Vertex X="22533" Y="10731" Z="0"/><Vertex X="22457" Y="10731" Z="0"/><Vertex X="22457" Y="10655" Z="0"/><Vertex X="22419" Y="10655" Z="0"/><Vertex X="22419" Y="10617" Z="0"/><Vertex X="22342" Y="10617" Z="0"/><Vertex X="22342" Y="10541" Z="0"/><Vertex X="22304" Y="10541" Z="0"/><Vertex X="22304" Y="10464" Z="0"/><Vertex X="22228" Y="10464" Z="0"/><Vertex X="22228" Y="10426" Z="0"/><Vertex X="22152" Y="10426" Z="0"/><Vertex X="22152" Y="10350" Z="0"/><Vertex X="22113" Y="10273" Z="0"/><Vertex X="22113" Y="10235" Z="0"/><Vertex X="22113" Y="10159" Z="0"/><Vertex X="22037" Y="10159" Z="0"/><Vertex X="22037" Y="10120" Z="0"/><Vertex X="21961" Y="10044" Z="0"/><Vertex X="21961" Y="9968" Z="0"/><Vertex X="21884" Y="9853" Z="0"/><Vertex X="21884" Y="9777" Z="0"/><Vertex X="21808" Y="9662" Z="0"/><Vertex X="21808" Y="9548" Z="0"/><Vertex X="21770" Y="9433" Z="0"/><Vertex X="21770" Y="9357" Z="0"/><Vertex X="21770" Y="9242" Z="0"/><Vertex X="21693" Y="9242" Z="0"/><Vertex X="21693" Y="9127" Z="0"/><Vertex X="21693" Y="9089" Z="0"/><Vertex X="21693" Y="8975" Z="0"/><Vertex X="21693" Y="8860" Z="0"/><Vertex X="21617" Y="8860" Z="0"/><Vertex X="21617" Y="8784" Z="0"/><Vertex X="21617" Y="8707" Z="0"/><Vertex X="21579" Y="8707" Z="0"/><Vertex X="21579" Y="8669" Z="0"/><Vertex X="21579" Y="8593" Z="0"/><Vertex X="21502" Y="8593" Z="0"/><Vertex X="21502" Y="8516" Z="0"/><Vertex X="21464" Y="8516" Z="0"/><Vertex X="21464" Y="8478" Z="0"/><Vertex X="21388" Y="8402" Z="0"/><Vertex X="21311" Y="8402" Z="0"/><Vertex X="21311" Y="8325" Z="0"/><Vertex X="21273" Y="8325" Z="0"/><Vertex X="21273" Y="8287" Z="0"/><Vertex X="21159" Y="8287" Z="0"/><Vertex X="21082" Y="8211" Z="0"/><Vertex X="21082" Y="8134" Z="0"/><Vertex X="21044" Y="8134" Z="0"/><Vertex X="21044" Y="8096" Z="0"/><Vertex X="20968" Y="8096" Z="0"/><Vertex X="20968" Y="8020" Z="0"/><Vertex X="20968" Y="7982" Z="0"/><Vertex X="20891" Y="7982" Z="0"/><Vertex X="20891" Y="7905" Z="0"/><Vertex X="20853" Y="7829" Z="0"/><Vertex X="20853" Y="7791" Z="0"/><Vertex X="20777" Y="7791" Z="0"/><Vertex X="20777" Y="7714" Z="0"/><Vertex X="20700" Y="7638" Z="0"/><Vertex X="20700" Y="7600" Z="0"/><Vertex X="20662" Y="7600" Z="0"/><Vertex X="20662" Y="7523" Z="0"/><Vertex X="20586" Y="7523" Z="0"/><Vertex X="20586" Y="7447" Z="0"/><Vertex X="20509" Y="7447" Z="0"/><Vertex X="20509" Y="7409" Z="0"/><Vertex X="20471" Y="7409" Z="0"/><Vertex X="20471" Y="7332" Z="0"/><Vertex X="20395" Y="7332" Z="0"/><Vertex X="20395" Y="7294" Z="0"/><Vertex X="20357" Y="7294" Z="0"/><Vertex X="20357" Y="7218" Z="0"/><Vertex X="20280" Y="7218" Z="0"/><Vertex X="20280" Y="7103" Z="0"/><Vertex X="20204" Y="7103" Z="0"/><Vertex X="20204" Y="7027" Z="0"/><Vertex X="20166" Y="6950" Z="0"/><Vertex X="20166" Y="6874" Z="0"/><Vertex X="20089" Y="6874" Z="0"/><Vertex X="20089" Y="6836" Z="0"/><Vertex X="20013" Y="6721" Z="0"/><Vertex X="20013" Y="6607" Z="0"/><Vertex X="20013" Y="6530" Z="0"/><Vertex X="19975" Y="6530" Z="0"/><Vertex X="19975" Y="6416" Z="0"/><Vertex X="19975" Y="6301" Z="0"/><Vertex X="19975" Y="6225" Z="0"/><Vertex X="19975" Y="6148" Z="0"/><Vertex X="19975" Y="6072" Z="0"/><Vertex X="19975" Y="6034" Z="0"/><Vertex X="19898" Y="5957" Z="0"/><Vertex X="19898" Y="5881" Z="0"/><Vertex X="19898" Y="5843" Z="0"/><Vertex X="19898" Y="5767" Z="0"/><Vertex X="19898" Y="5728" Z="0"/><Vertex X="19898" Y="5614" Z="0"/><Vertex X="19898" Y="5537" Z="0"/><Vertex X="19822" Y="5499" Z="0"/><Vertex X="19822" Y="5385" Z="0"/><Vertex X="19745" Y="5308" Z="0"/><Vertex X="19745" Y="5270" Z="0"/><Vertex X="19707" Y="5270" Z="0"/><Vertex X="19707" Y="5194" Z="0"/><Vertex X="19707" Y="5117" Z="0"/><Vertex X="19631" Y="5117" Z="0"/><Vertex X="19631" Y="5079" Z="0"/><Vertex X="19554" Y="5003" Z="0"/><Vertex X="19554" Y="4926" Z="0"/><Vertex X="19516" Y="4926" Z="0"/><Vertex X="19516" Y="4850" Z="0"/><Vertex X="19440" Y="4850" Z="0"/><Vertex X="19440" Y="4774" Z="0"/><Vertex X="19364" Y="4774" Z="0"/><Vertex X="19364" Y="4697" Z="0"/><Vertex X="19325" Y="4697" Z="0"/><Vertex X="19325" Y="4659" Z="0"/><Vertex X="19249" Y="4583" Z="0"/><Vertex X="19249" Y="4544" Z="0"/><Vertex X="19173" Y="4544" Z="0"/><Vertex X="19134" Y="4544" Z="0"/><Vertex X="19134" Y="4468" Z="0"/><Vertex X="19058" Y="4468" Z="0"/><Vertex X="19020" Y="4468" Z="0"/><Vertex X="18943" Y="4468" Z="0"/><Vertex X="18867" Y="4468" Z="0"/><Vertex X="18791" Y="4506" Z="0"/><Vertex X="18714" Y="4506" Z="0"/><Vertex X="18638" Y="4506" Z="0"/><Vertex X="18600" Y="4506" Z="0"/><Vertex X="18523" Y="4506" Z="0"/><Vertex X="18523" Y="4468" Z="0"/><Vertex X="18523" Y="4468" Z="0"/></Vertices></Region><Region Id="3" Type="0" Zoom="0.026183" Selected="0" ImageLocation="" ImageFocus="-1" Length="28100.7" Area="21908429.5" LengthMicrons="13864.9" AreaMicrons="5333466.2" Text="" NegativeROA="0" InputRegionId="0" Analyze="1" DisplayId="3"><Attributes></Attributes><Vertices><Vertex X="10236" Y="19668" Z="0"/><Vertex X="10197" Y="19668" Z="0"/><Vertex X="10121" Y="19668" Z="0"/><Vertex X="10083" Y="19668" Z="0"/><Vertex X="10006" Y="19668" Z="0"/><Vertex X="9968" Y="19668" Z="0"/><Vertex X="9892" Y="19668" Z="0"/><Vertex X="9892" Y="19630" Z="0"/><Vertex X="9815" Y="19630" Z="0"/><Vertex X="9777" Y="19630" Z="0"/><Vertex X="9701" Y="19630" Z="0"/><Vertex X="9625" Y="19554" Z="0"/><Vertex X="9586" Y="19554" Z="0"/><Vertex X="9510" Y="19554" Z="0"/><Vertex X="9472" Y="19554" Z="0"/><Vertex X="9395" Y="19554" Z="0"/><Vertex X="9319" Y="19554" Z="0"/><Vertex X="9281" Y="19554" Z="0"/><Vertex X="9204" Y="19554" Z="0"/><Vertex X="9204" Y="19477" Z="0"/><Vertex X="9166" Y="19477" Z="0"/><Vertex X="9090" Y="19477" Z="0"/><Vertex X="9090" Y="19516" Z="0"/><Vertex X="9013" Y="19516" Z="0"/><Vertex X="9013" Y="19592" Z="0"/><Vertex X="9013" Y="19630" Z="0"/><Vertex X="9013" Y="19707" Z="0"/><Vertex X="9013" Y="19745" Z="0"/><Vertex X="9013" Y="19821" Z="0"/><Vertex X="9013" Y="19898" Z="0"/><Vertex X="9013" Y="19936" Z="0"/><Vertex X="9013" Y="20012" Z="0"/><Vertex X="9013" Y="20050" Z="0"/><Vertex X="9013" Y="20127" Z="0"/><Vertex X="9013" Y="20203" Z="0"/><Vertex X="9013" Y="20241" Z="0"/><Vertex X="9052" Y="20241" Z="0"/><Vertex X="9052" Y="20318" Z="0"/><Vertex X="9128" Y="20394" Z="0"/><Vertex X="9204" Y="20432" Z="0"/><Vertex X="9204" Y="20509" Z="0"/><Vertex X="9243" Y="20585" Z="0"/><Vertex X="9243" Y="20623" Z="0"/><Vertex X="9319" Y="20700" Z="0"/><Vertex X="9319" Y="20776" Z="0"/><Vertex X="9319" Y="20814" Z="0"/><Vertex X="9395" Y="20814" Z="0"/><Vertex X="9395" Y="20891" Z="0"/><Vertex X="9395" Y="20967" Z="0"/><Vertex X="9434" Y="20967" Z="0"/><Vertex X="9434" Y="21005" Z="0"/><Vertex X="9434" Y="21082" Z="0"/><Vertex X="9510" Y="21082" Z="0"/><Vertex X="9510" Y="21120" Z="0"/><Vertex X="9586" Y="21196" Z="0"/><Vertex X="9586" Y="21273" Z="0"/><Vertex X="9625" Y="21311" Z="0"/><Vertex X="9625" Y="21387" Z="0"/><Vertex X="9625" Y="21463" Z="0"/><Vertex X="9701" Y="21463" Z="0"/><Vertex X="9701" Y="21502" Z="0"/><Vertex X="9777" Y="21578" Z="0"/><Vertex X="9854" Y="21693" Z="0"/><Vertex X="9854" Y="21731" Z="0"/><Vertex X="9930" Y="21807" Z="0"/><Vertex X="9930" Y="21884" Z="0"/><Vertex X="9968" Y="21960" Z="0"/><Vertex X="9968" Y="21998" Z="0"/><Vertex X="9968" Y="22075" Z="0"/><Vertex X="10045" Y="22075" Z="0"/><Vertex X="10045" Y="22113" Z="0"/><Vertex X="10045" Y="22189" Z="0"/><Vertex X="10083" Y="22189" Z="0"/><Vertex X="10083" Y="22266" Z="0"/><Vertex X="10083" Y="22304" Z="0"/><Vertex X="10159" Y="22304" Z="0"/><Vertex X="10159" Y="22418" Z="0"/><Vertex X="10236" Y="22533" Z="0"/><Vertex X="10236" Y="22609" Z="0"/><Vertex X="10312" Y="22609" Z="0"/><Vertex X="10312" Y="22686" Z="0"/><Vertex X="10312" Y="22762" Z="0"/><Vertex X="10350" Y="22762" Z="0"/><Vertex X="10350" Y="22800" Z="0"/><Vertex X="10350" Y="22877" Z="0"/><Vertex X="10427" Y="22877" Z="0"/><Vertex X="10427" Y="22953" Z="0"/><Vertex X="10427" Y="23029" Z="0"/><Vertex X="10427" Y="23106" Z="0"/><Vertex X="10465" Y="23106" Z="0"/><Vertex X="10465" Y="23144" Z="0"/><Vertex X="10465" Y="23220" Z="0"/><Vertex X="10465" Y="23259" Z="0"/><Vertex X="10541" Y="23259" Z="0"/><Vertex X="10541" Y="23335" Z="0"/><Vertex X="10541" Y="23411" Z="0"/><Vertex X="10618" Y="23449" Z="0"/><Vertex X="10618" Y="23526" Z="0"/><Vertex X="10656" Y="23526" Z="0"/><Vertex X="10656" Y="23602" Z="0"/><Vertex X="10732" Y="23640" Z="0"/><Vertex X="10808" Y="23717" Z="0"/><Vertex X="10923" Y="23793" Z="0"/><Vertex X="10999" Y="23870" Z="0"/><Vertex X="11076" Y="23946" Z="0"/><Vertex X="11152" Y="23984" Z="0"/><Vertex X="11152" Y="24061" Z="0"/><Vertex X="11229" Y="24061" Z="0"/><Vertex X="11229" Y="24137" Z="0"/><Vertex X="11267" Y="24175" Z="0"/><Vertex X="11267" Y="24252" Z="0"/><Vertex X="11343" Y="24252" Z="0"/><Vertex X="11343" Y="24328" Z="0"/><Vertex X="11420" Y="24328" Z="0"/><Vertex X="11420" Y="24366" Z="0"/><Vertex X="11458" Y="24366" Z="0"/><Vertex X="11458" Y="24481" Z="0"/><Vertex X="11534" Y="24481" Z="0"/><Vertex X="11534" Y="24519" Z="0"/><Vertex X="11611" Y="24595" Z="0"/><Vertex X="11649" Y="24672" Z="0"/><Vertex X="11725" Y="24748" Z="0"/><Vertex X="11725" Y="24786" Z="0"/><Vertex X="11840" Y="24786" Z="0"/><Vertex X="11840" Y="24863" Z="0"/><Vertex X="11916" Y="24939" Z="0"/><Vertex X="11954" Y="25015" Z="0"/><Vertex X="11954" Y="25054" Z="0"/><Vertex X="12031" Y="25054" Z="0"/><Vertex X="12031" Y="25130" Z="0"/><Vertex X="12107" Y="25206" Z="0"/><Vertex X="12107" Y="25245" Z="0"/><Vertex X="12107" Y="25321" Z="0"/><Vertex X="12183" Y="25397" Z="0"/><Vertex X="12183" Y="25435" Z="0"/><Vertex X="12183" Y="25512" Z="0"/><Vertex X="12222" Y="25512" Z="0"/><Vertex X="12222" Y="25550" Z="0"/><Vertex X="12222" Y="25626" Z="0"/><Vertex X="12298" Y="25626" Z="0"/><Vertex X="12298" Y="25741" Z="0"/><Vertex X="12298" Y="25779" Z="0"/><Vertex X="12336" Y="25779" Z="0"/><Vertex X="12336" Y="25856" Z="0"/><Vertex X="12336" Y="25894" Z="0"/><Vertex X="12336" Y="25970" Z="0"/><Vertex X="12413" Y="25970" Z="0"/><Vertex X="12413" Y="26047" Z="0"/><Vertex X="12413" Y="26123" Z="0"/><Vertex X="12489" Y="26123" Z="0"/><Vertex X="12489" Y="26199" Z="0"/><Vertex X="12489" Y="26238" Z="0"/><Vertex X="12527" Y="26314" Z="0"/><Vertex X="12527" Y="26390" Z="0"/><Vertex X="12603" Y="26467" Z="0"/><Vertex X="12603" Y="26505" Z="0"/><Vertex X="12680" Y="26581" Z="0"/><Vertex X="12680" Y="26696" Z="0"/><Vertex X="12756" Y="26696" Z="0"/><Vertex X="12756" Y="26734" Z="0"/><Vertex X="12756" Y="26810" Z="0"/><Vertex X="12794" Y="26887" Z="0"/><Vertex X="12794" Y="26925" Z="0"/><Vertex X="12871" Y="27001" Z="0"/><Vertex X="12871" Y="27040" Z="0"/><Vertex X="12909" Y="27040" Z="0"/><Vertex X="12909" Y="27116" Z="0"/><Vertex X="12985" Y="27192" Z="0"/><Vertex X="12985" Y="27230" Z="0"/><Vertex X="13062" Y="27307" Z="0"/><Vertex X="13062" Y="27383" Z="0"/><Vertex X="13062" Y="27421" Z="0"/><Vertex X="13138" Y="27421" Z="0"/><Vertex X="13138" Y="27498" Z="0"/><Vertex X="13138" Y="27574" Z="0"/><Vertex X="13176" Y="27612" Z="0"/><Vertex X="13176" Y="27689" Z="0"/><Vertex X="13176" Y="27765" Z="0"/><Vertex X="13253" Y="27765" Z="0"/><Vertex X="13253" Y="27803" Z="0"/><Vertex X="13253" Y="27880" Z="0"/><Vertex X="13253" Y="27918" Z="0"/><Vertex X="13253" Y="27994" Z="0"/><Vertex X="13329" Y="28071" Z="0"/><Vertex X="13329" Y="28147" Z="0"/><Vertex X="13329" Y="28223" Z="0"/><Vertex X="13367" Y="28223" Z="0"/><Vertex X="13367" Y="28300" Z="0"/><Vertex X="13444" Y="28300" Z="0"/><Vertex X="13444" Y="28338" Z="0"/><Vertex X="13520" Y="28338" Z="0"/><Vertex X="13520" Y="28414" Z="0"/><Vertex X="13558" Y="28414" Z="0"/><Vertex X="13558" Y="28453" Z="0"/><Vertex X="13635" Y="28453" Z="0"/><Vertex X="13673" Y="28453" Z="0"/><Vertex X="13749" Y="28453" Z="0"/><Vertex X="13826" Y="28453" Z="0"/><Vertex X="13864" Y="28453" Z="0"/><Vertex X="13940" Y="28453" Z="0"/><Vertex X="13978" Y="28453" Z="0"/><Vertex X="14093" Y="28453" Z="0"/><Vertex X="14208" Y="28453" Z="0"/><Vertex X="14322" Y="28453" Z="0"/><Vertex X="14399" Y="28376" Z="0"/><Vertex X="14513" Y="28376" Z="0"/><Vertex X="14589" Y="28376" Z="0"/><Vertex X="14628" Y="28376" Z="0"/><Vertex X="14628" Y="28300" Z="0"/><Vertex X="14704" Y="28300" Z="0"/><Vertex X="14742" Y="28300" Z="0"/><Vertex X="14819" Y="28223" Z="0"/><Vertex X="14895" Y="28223" Z="0"/><Vertex X="14933" Y="28223" Z="0"/><Vertex X="15010" Y="28185" Z="0"/><Vertex X="15086" Y="28109" Z="0"/><Vertex X="15124" Y="28109" Z="0"/><Vertex X="15201" Y="28109" Z="0"/><Vertex X="15201" Y="28033" Z="0"/><Vertex X="15277" Y="28033" Z="0"/><Vertex X="15315" Y="27994" Z="0"/><Vertex X="15392" Y="27994" Z="0"/><Vertex X="15392" Y="27918" Z="0"/><Vertex X="15392" Y="27803" Z="0"/><Vertex X="15468" Y="27765" Z="0"/><Vertex X="15468" Y="27689" Z="0"/><Vertex X="15468" Y="27612" Z="0"/><Vertex X="15468" Y="27574" Z="0"/><Vertex X="15468" Y="27498" Z="0"/><Vertex X="15468" Y="27460" Z="0"/><Vertex X="15468" Y="27383" Z="0"/><Vertex X="15468" Y="27307" Z="0"/><Vertex X="15468" Y="27269" Z="0"/><Vertex X="15430" Y="27192" Z="0"/><Vertex X="15430" Y="27116" Z="0"/><Vertex X="15430" Y="27078" Z="0"/><Vertex X="15353" Y="27078" Z="0"/><Vertex X="15353" Y="27001" Z="0"/><Vertex X="15353" Y="26963" Z="0"/><Vertex X="15315" Y="26963" Z="0"/><Vertex X="15315" Y="26849" Z="0"/><Vertex X="15239" Y="26849" Z="0"/><Vertex X="15239" Y="26734" Z="0"/><Vertex X="15162" Y="26658" Z="0"/><Vertex X="15162" Y="26619" Z="0"/><Vertex X="15124" Y="26619" Z="0"/><Vertex X="15124" Y="26543" Z="0"/><Vertex X="15048" Y="26467" Z="0"/><Vertex X="14971" Y="26390" Z="0"/><Vertex X="14895" Y="26276" Z="0"/><Vertex X="14895" Y="26199" Z="0"/><Vertex X="14857" Y="26199" Z="0"/><Vertex X="14857" Y="26123" Z="0"/><Vertex X="14780" Y="26047" Z="0"/><Vertex X="14780" Y="25970" Z="0"/><Vertex X="14704" Y="25970" Z="0"/><Vertex X="14704" Y="25932" Z="0"/><Vertex X="14704" Y="25856" Z="0"/><Vertex X="14666" Y="25856" Z="0"/><Vertex X="14666" Y="25779" Z="0"/><Vertex X="14666" Y="25703" Z="0"/><Vertex X="14589" Y="25703" Z="0"/><Vertex X="14589" Y="25626" Z="0"/><Vertex X="14513" Y="25588" Z="0"/><Vertex X="14513" Y="25512" Z="0"/><Vertex X="14475" Y="25435" Z="0"/><Vertex X="14475" Y="25397" Z="0"/><Vertex X="14399" Y="25397" Z="0"/><Vertex X="14399" Y="25283" Z="0"/><Vertex X="14322" Y="25206" Z="0"/><Vertex X="14322" Y="25168" Z="0"/><Vertex X="14284" Y="25168" Z="0"/><Vertex X="14284" Y="25092" Z="0"/><Vertex X="14208" Y="25015" Z="0"/><Vertex X="14208" Y="24977" Z="0"/><Vertex X="14131" Y="24977" Z="0"/><Vertex X="14131" Y="24901" Z="0"/><Vertex X="14055" Y="24786" Z="0"/><Vertex X="14055" Y="24672" Z="0"/><Vertex X="14017" Y="24672" Z="0"/><Vertex X="14017" Y="24595" Z="0"/><Vertex X="13902" Y="24481" Z="0"/><Vertex X="13902" Y="24404" Z="0"/><Vertex X="13826" Y="24404" Z="0"/><Vertex X="13826" Y="24328" Z="0"/><Vertex X="13787" Y="24252" Z="0"/><Vertex X="13711" Y="24175" Z="0"/><Vertex X="13711" Y="24099" Z="0"/><Vertex X="13635" Y="24061" Z="0"/><Vertex X="13558" Y="23946" Z="0"/><Vertex X="13558" Y="23870" Z="0"/><Vertex X="13558" Y="23831" Z="0"/><Vertex X="13520" Y="23831" Z="0"/><Vertex X="13520" Y="23755" Z="0"/><Vertex X="13520" Y="23640" Z="0"/><Vertex X="13444" Y="23602" Z="0"/><Vertex X="13444" Y="23526" Z="0"/><Vertex X="13444" Y="23449" Z="0"/><Vertex X="13367" Y="23449" Z="0"/><Vertex X="13367" Y="23411" Z="0"/><Vertex X="13367" Y="23335" Z="0"/><Vertex X="13291" Y="23259" Z="0"/><Vertex X="13291" Y="23220" Z="0"/><Vertex X="13291" Y="23106" Z="0"/><Vertex X="13253" Y="23106" Z="0"/><Vertex X="13253" Y="23068" Z="0"/><Vertex X="13253" Y="22991" Z="0"/><Vertex X="13176" Y="22991" Z="0"/><Vertex X="13176" Y="22915" Z="0"/><Vertex X="13138" Y="22877" Z="0"/><Vertex X="13138" Y="22800" Z="0"/><Vertex X="13138" Y="22762" Z="0"/><Vertex X="13062" Y="22762" Z="0"/><Vertex X="13062" Y="22686" Z="0"/><Vertex X="13062" Y="22571" Z="0"/><Vertex X="12985" Y="22495" Z="0"/><Vertex X="12985" Y="22418" Z="0"/><Vertex X="12985" Y="22304" Z="0"/><Vertex X="12947" Y="22304" Z="0"/><Vertex X="12947" Y="22266" Z="0"/><Vertex X="12947" Y="22189" Z="0"/><Vertex X="12871" Y="22189" Z="0"/><Vertex X="12871" Y="22075" Z="0"/><Vertex X="12871" Y="22036" Z="0"/><Vertex X="12871" Y="21960" Z="0"/><Vertex X="12871" Y="21922" Z="0"/><Vertex X="12794" Y="21922" Z="0"/><Vertex X="12794" Y="21845" Z="0"/><Vertex X="12794" Y="21769" Z="0"/><Vertex X="12794" Y="21731" Z="0"/><Vertex X="12756" Y="21654" Z="0"/><Vertex X="12756" Y="21578" Z="0"/><Vertex X="12756" Y="21540" Z="0"/><Vertex X="12680" Y="21540" Z="0"/><Vertex X="12680" Y="21425" Z="0"/><Vertex X="12680" Y="21387" Z="0"/><Vertex X="12603" Y="21387" Z="0"/><Vertex X="12603" Y="21311" Z="0"/><Vertex X="12603" Y="21234" Z="0"/><Vertex X="12565" Y="21234" Z="0"/><Vertex X="12565" Y="21196" Z="0"/><Vertex X="12565" Y="21120" Z="0"/><Vertex X="12489" Y="21120" Z="0"/><Vertex X="12489" Y="21082" Z="0"/><Vertex X="12451" Y="21082" Z="0"/><Vertex X="12451" Y="21005" Z="0"/><Vertex X="12374" Y="21005" Z="0"/><Vertex X="12374" Y="20929" Z="0"/><Vertex X="12298" Y="20929" Z="0"/><Vertex X="12298" Y="20891" Z="0"/><Vertex X="12260" Y="20891" Z="0"/><Vertex X="12183" Y="20814" Z="0"/><Vertex X="12107" Y="20738" Z="0"/><Vertex X="12069" Y="20738" Z="0"/><Vertex X="12069" Y="20700" Z="0"/><Vertex X="11954" Y="20623" Z="0"/><Vertex X="11916" Y="20623" Z="0"/><Vertex X="11840" Y="20509" Z="0"/><Vertex X="11763" Y="20509" Z="0"/><Vertex X="11763" Y="20432" Z="0"/><Vertex X="11725" Y="20394" Z="0"/><Vertex X="11649" Y="20394" Z="0"/><Vertex X="11649" Y="20318" Z="0"/><Vertex X="11572" Y="20318" Z="0"/><Vertex X="11572" Y="20241" Z="0"/><Vertex X="11534" Y="20241" Z="0"/><Vertex X="11534" Y="20203" Z="0"/><Vertex X="11458" Y="20203" Z="0"/><Vertex X="11381" Y="20127" Z="0"/><Vertex X="11343" Y="20127" Z="0"/><Vertex X="11267" Y="20050" Z="0"/><Vertex X="11190" Y="20050" Z="0"/><Vertex X="11152" Y="20050" Z="0"/><Vertex X="11152" Y="20012" Z="0"/><Vertex X="11076" Y="20012" Z="0"/><Vertex X="11038" Y="20012" Z="0"/><Vertex X="11038" Y="19936" Z="0"/><Vertex X="10961" Y="19936" Z="0"/><Vertex X="10885" Y="19936" Z="0"/><Vertex X="10885" Y="19859" Z="0"/><Vertex X="10847" Y="19859" Z="0"/><Vertex X="10770" Y="19859" Z="0"/><Vertex X="10770" Y="19821" Z="0"/><Vertex X="10732" Y="19821" Z="0"/><Vertex X="10656" Y="19821" Z="0"/><Vertex X="10656" Y="19745" Z="0"/><Vertex X="10579" Y="19745" Z="0"/><Vertex X="10541" Y="19745" Z="0"/><Vertex X="10465" Y="19745" Z="0"/><Vertex X="10388" Y="19668" Z="0"/><Vertex X="10350" Y="19668" Z="0"/><Vertex X="10274" Y="19668" Z="0"/><Vertex X="10236" Y="19668" Z="0"/><Vertex X="10236" Y="19630" Z="0"/><Vertex X="10236" Y="19668" Z="0"/></Vertices></Region><Region Id="4" Type="0" Zoom="0.250000" Selected="0" ImageLocation="" ImageFocus="-1" Length="5544.0" Area="1693576.0" LengthMicrons="2735.4" AreaMicrons="412290.2" Text="" NegativeROA="0" InputRegionId="0" Analyze="1" DisplayId="4"><Attributes></Attributes><Vertices><Vertex X="14896" Y="29260" Z="0"/><Vertex X="14892" Y="29260" Z="0"/><Vertex X="14880" Y="29272" Z="0"/><Vertex X="14864" Y="29272" Z="0"/><Vertex X="14848" Y="29284" Z="0"/><Vertex X="14832" Y="29284" Z="0"/><Vertex X="14816" Y="29296" Z="0"/><Vertex X="14804" Y="29296" Z="0"/><Vertex X="14788" Y="29304" Z="0"/><Vertex X="14772" Y="29304" Z="0"/><Vertex X="14756" Y="29312" Z="0"/><Vertex X="14740" Y="29312" Z="0"/><Vertex X="14724" Y="29312" Z="0"/><Vertex X="14708" Y="29320" Z="0"/><Vertex X="14688" Y="29320" Z="0"/><Vertex X="14672" Y="29328" Z="0"/><Vertex X="14656" Y="29328" Z="0"/><Vertex X="14640" Y="29336" Z="0"/><Vertex X="14632" Y="29336" Z="0"/><Vertex X="14620" Y="29344" Z="0"/><Vertex X="14608" Y="29344" Z="0"/><Vertex X="14596" Y="29356" Z="0"/><Vertex X="14588" Y="29356" Z="0"/><Vertex X="14580" Y="29368" Z="0"/><Vertex X="14572" Y="29368" Z="0"/><Vertex X="14564" Y="29380" Z="0"/><Vertex X="14560" Y="29380" Z="0"/><Vertex X="14552" Y="29392" Z="0"/><Vertex X="14544" Y="29392" Z="0"/><Vertex X="14536" Y="29400" Z="0"/><Vertex X="14532" Y="29400" Z="0"/><Vertex X="14524" Y="29412" Z="0"/><Vertex X="14516" Y="29412" Z="0"/><Vertex X="14508" Y="29424" Z="0"/><Vertex X="14504" Y="29424" Z="0"/><Vertex X="14496" Y="29436" Z="0"/><Vertex X="14488" Y="29436" Z="0"/><Vertex X="14484" Y="29444" Z="0"/><Vertex X="14476" Y="29444" Z="0"/><Vertex X="14468" Y="29448" Z="0"/><Vertex X="14464" Y="29448" Z="0"/><Vertex X="14456" Y="29456" Z="0"/><Vertex X="14448" Y="29456" Z="0"/><Vertex X="14444" Y="29464" Z="0"/><Vertex X="14436" Y="29464" Z="0"/><Vertex X="14428" Y="29476" Z="0"/><Vertex X="14420" Y="29476" Z="0"/><Vertex X="14416" Y="29488" Z="0"/><Vertex X="14408" Y="29488" Z="0"/><Vertex X="14408" Y="29496" Z="0"/><Vertex X="14396" Y="29496" Z="0"/><Vertex X="14396" Y="29504" Z="0"/><Vertex X="14388" Y="29504" Z="0"/><Vertex X="14388" Y="29508" Z="0"/><Vertex X="14376" Y="29508" Z="0"/><Vertex X="14368" Y="29520" Z="0"/><Vertex X="14360" Y="29520" Z="0"/><Vertex X="14356" Y="29528" Z="0"/><Vertex X="14348" Y="29528" Z="0"/><Vertex X="14340" Y="29536" Z="0"/><Vertex X="14336" Y="29536" Z="0"/><Vertex X="14328" Y="29544" Z="0"/><Vertex X="14320" Y="29544" Z="0"/><Vertex X="14316" Y="29544" Z="0"/><Vertex X="14308" Y="29548" Z="0"/><Vertex X="14300" Y="29548" Z="0"/><Vertex X="14296" Y="29548" Z="0"/><Vertex X="14296" Y="29556" Z="0"/><Vertex X="14284" Y="29556" Z="0"/><Vertex X="14284" Y="29564" Z="0"/><Vertex X="14272" Y="29564" Z="0"/><Vertex X="14272" Y="29568" Z="0"/><Vertex X="14264" Y="29568" Z="0"/><Vertex X="14256" Y="29580" Z="0"/><Vertex X="14248" Y="29580" Z="0"/><Vertex X="14240" Y="29592" Z="0"/><Vertex X="14232" Y="29600" Z="0"/><Vertex X="14220" Y="29612" Z="0"/><Vertex X="14212" Y="29616" Z="0"/><Vertex X="14212" Y="29624" Z="0"/><Vertex X="14204" Y="29624" Z="0"/><Vertex X="14204" Y="29632" Z="0"/><Vertex X="14200" Y="29636" Z="0"/><Vertex X="14200" Y="29644" Z="0"/><Vertex X="14200" Y="29656" Z="0"/><Vertex X="14192" Y="29660" Z="0"/><Vertex X="14192" Y="29672" Z="0"/><Vertex X="14192" Y="29688" Z="0"/><Vertex X="14184" Y="29700" Z="0"/><Vertex X="14184" Y="29704" Z="0"/><Vertex X="14184" Y="29712" Z="0"/><Vertex X="14184" Y="29716" Z="0"/><Vertex X="14184" Y="29728" Z="0"/><Vertex X="14184" Y="29736" Z="0"/><Vertex X="14184" Y="29748" Z="0"/><Vertex X="14184" Y="29756" Z="0"/><Vertex X="14188" Y="29764" Z="0"/><Vertex X="14188" Y="29768" Z="0"/><Vertex X="14188" Y="29776" Z="0"/><Vertex X="14188" Y="29784" Z="0"/><Vertex X="14192" Y="29788" Z="0"/><Vertex X="14192" Y="29796" Z="0"/><Vertex X="14192" Y="29804" Z="0"/><Vertex X="14200" Y="29812" Z="0"/><Vertex X="14200" Y="29824" Z="0"/><Vertex X="14200" Y="29832" Z="0"/><Vertex X="14208" Y="29840" Z="0"/><Vertex X="14208" Y="29848" Z="0"/><Vertex X="14216" Y="29856" Z="0"/><Vertex X="14216" Y="29864" Z="0"/><Vertex X="14224" Y="29876" Z="0"/><Vertex X="14224" Y="29884" Z="0"/><Vertex X="14236" Y="29896" Z="0"/><Vertex X="14236" Y="29904" Z="0"/><Vertex X="14248" Y="29912" Z="0"/><Vertex X="14248" Y="29924" Z="0"/><Vertex X="14256" Y="29936" Z="0"/><Vertex X="14256" Y="29944" Z="0"/><Vertex X="14268" Y="29952" Z="0"/><Vertex X="14268" Y="29960" Z="0"/><Vertex X="14280" Y="29968" Z="0"/><Vertex X="14288" Y="29980" Z="0"/><Vertex X="14288" Y="29984" Z="0"/><Vertex X="14300" Y="29992" Z="0"/><Vertex X="14300" Y="30000" Z="0"/><Vertex X="14304" Y="30004" Z="0"/><Vertex X="14304" Y="30012" Z="0"/><Vertex X="14312" Y="30020" Z="0"/><Vertex X="14312" Y="30024" Z="0"/><Vertex X="14320" Y="30032" Z="0"/><Vertex X="14320" Y="30040" Z="0"/><Vertex X="14328" Y="30048" Z="0"/><Vertex X="14328" Y="30052" Z="0"/><Vertex X="14328" Y="30060" Z="0"/><Vertex X="14332" Y="30060" Z="0"/><Vertex X="14332" Y="30068" Z="0"/><Vertex X="14332" Y="30076" Z="0"/><Vertex X="14340" Y="30076" Z="0"/><Vertex X="14340" Y="30088" Z="0"/><Vertex X="14340" Y="30096" Z="0"/><Vertex X="14340" Y="30104" Z="0"/><Vertex X="14348" Y="30104" Z="0"/><Vertex X="14348" Y="30116" Z="0"/><Vertex X="14348" Y="30124" Z="0"/><Vertex X="14348" Y="30132" Z="0"/><Vertex X="14352" Y="30140" Z="0"/><Vertex X="14352" Y="30144" Z="0"/><Vertex X="14352" Y="30152" Z="0"/><Vertex X="14360" Y="30164" Z="0"/><Vertex X="14360" Y="30172" Z="0"/><Vertex X="14360" Y="30180" Z="0"/><Vertex X="14368" Y="30192" Z="0"/><Vertex X="14368" Y="30196" Z="0"/><Vertex X="14368" Y="30204" Z="0"/><Vertex X="14376" Y="30212" Z="0"/><Vertex X="14376" Y="30216" Z="0"/><Vertex X="14384" Y="30228" Z="0"/><Vertex X="14384" Y="30236" Z="0"/><Vertex X="14388" Y="30236" Z="0"/><Vertex X="14388" Y="30244" Z="0"/><Vertex X="14396" Y="30244" Z="0"/><Vertex X="14396" Y="30256" Z="0"/><Vertex X="14408" Y="30256" Z="0"/><Vertex X="14408" Y="30268" Z="0"/><Vertex X="14416" Y="30276" Z="0"/><Vertex X="14424" Y="30276" Z="0"/><Vertex X="14432" Y="30284" Z="0"/><Vertex X="14444" Y="30296" Z="0"/><Vertex X="14456" Y="30308" Z="0"/><Vertex X="14468" Y="30316" Z="0"/><Vertex X="14472" Y="30316" Z="0"/><Vertex X="14472" Y="30328" Z="0"/><Vertex X="14484" Y="30328" Z="0"/><Vertex X="14484" Y="30336" Z="0"/><Vertex X="14496" Y="30344" Z="0"/><Vertex X="14508" Y="30360" Z="0"/><Vertex X="14508" Y="30368" Z="0"/><Vertex X="14516" Y="30368" Z="0"/><Vertex X="14524" Y="30380" Z="0"/><Vertex X="14536" Y="30392" Z="0"/><Vertex X="14536" Y="30396" Z="0"/><Vertex X="14548" Y="30396" Z="0"/><Vertex X="14548" Y="30408" Z="0"/><Vertex X="14560" Y="30416" Z="0"/><Vertex X="14564" Y="30428" Z="0"/><Vertex X="14572" Y="30436" Z="0"/><Vertex X="14580" Y="30448" Z="0"/><Vertex X="14588" Y="30460" Z="0"/><Vertex X="14596" Y="30472" Z="0"/><Vertex X="14604" Y="30484" Z="0"/><Vertex X="14616" Y="30496" Z="0"/><Vertex X="14628" Y="30504" Z="0"/><Vertex X="14632" Y="30516" Z="0"/><Vertex X="14644" Y="30528" Z="0"/><Vertex X="14656" Y="30540" Z="0"/><Vertex X="14656" Y="30548" Z="0"/><Vertex X="14668" Y="30556" Z="0"/><Vertex X="14668" Y="30560" Z="0"/><Vertex X="14680" Y="30568" Z="0"/><Vertex X="14688" Y="30576" Z="0"/><Vertex X="14692" Y="30584" Z="0"/><Vertex X="14700" Y="30584" Z="0"/><Vertex X="14700" Y="30592" Z="0"/><Vertex X="14712" Y="30592" Z="0"/><Vertex X="14712" Y="30600" Z="0"/><Vertex X="14720" Y="30600" Z="0"/><Vertex X="14728" Y="30612" Z="0"/><Vertex X="14740" Y="30616" Z="0"/><Vertex X="14752" Y="30624" Z="0"/><Vertex X="14764" Y="30632" Z="0"/><Vertex X="14772" Y="30640" Z="0"/><Vertex X="14780" Y="30640" Z="0"/><Vertex X="14788" Y="30648" Z="0"/><Vertex X="14792" Y="30648" Z="0"/><Vertex X="14800" Y="30656" Z="0"/><Vertex X="14808" Y="30656" Z="0"/><Vertex X="14824" Y="30664" Z="0"/><Vertex X="14828" Y="30664" Z="0"/><Vertex X="14828" Y="30668" Z="0"/><Vertex X="14840" Y="30668" Z="0"/><Vertex X="14840" Y="30676" Z="0"/><Vertex X="14848" Y="30676" Z="0"/><Vertex X="14848" Y="30680" Z="0"/><Vertex X="14852" Y="30688" Z="0"/><Vertex X="14860" Y="30700" Z="0"/><Vertex X="14860" Y="30708" Z="0"/><Vertex X="14868" Y="30712" Z="0"/><Vertex X="14868" Y="30720" Z="0"/><Vertex X="14868" Y="30732" Z="0"/><Vertex X="14868" Y="30736" Z="0"/><Vertex X="14876" Y="30748" Z="0"/><Vertex X="14876" Y="30756" Z="0"/><Vertex X="14876" Y="30760" Z="0"/><Vertex X="14876" Y="30768" Z="0"/><Vertex X="14884" Y="30768" Z="0"/><Vertex X="14884" Y="30772" Z="0"/><Vertex X="14884" Y="30780" Z="0"/><Vertex X="14888" Y="30788" Z="0"/><Vertex X="14888" Y="30792" Z="0"/><Vertex X="14888" Y="30800" Z="0"/><Vertex X="14888" Y="30808" Z="0"/><Vertex X="14888" Y="30812" Z="0"/><Vertex X="14888" Y="30824" Z="0"/><Vertex X="14888" Y="30836" Z="0"/><Vertex X="14888" Y="30840" Z="0"/><Vertex X="14888" Y="30852" Z="0"/><Vertex X="14888" Y="30864" Z="0"/><Vertex X="14888" Y="30872" Z="0"/><Vertex X="14888" Y="30884" Z="0"/><Vertex X="14888" Y="30896" Z="0"/><Vertex X="14888" Y="30900" Z="0"/><Vertex X="14888" Y="30912" Z="0"/><Vertex X="14888" Y="30928" Z="0"/><Vertex X="14888" Y="30932" Z="0"/><Vertex X="14888" Y="30944" Z="0"/><Vertex X="14888" Y="30952" Z="0"/><Vertex X="14888" Y="30960" Z="0"/><Vertex X="14888" Y="30968" Z="0"/><Vertex X="14896" Y="30976" Z="0"/><Vertex X="14896" Y="30988" Z="0"/><Vertex X="14896" Y="30996" Z="0"/><Vertex X="14904" Y="30996" Z="0"/><Vertex X="14904" Y="31004" Z="0"/><Vertex X="14904" Y="31012" Z="0"/><Vertex X="14908" Y="31012" Z="0"/><Vertex X="14908" Y="31020" Z="0"/><Vertex X="14916" Y="31024" Z="0"/><Vertex X="14924" Y="31032" Z="0"/><Vertex X="14932" Y="31040" Z="0"/><Vertex X="14936" Y="31040" Z="0"/><Vertex X="14944" Y="31040" Z="0"/><Vertex X="14944" Y="31048" Z="0"/><Vertex X="14956" Y="31048" Z="0"/><Vertex X="14964" Y="31048" Z="0"/><Vertex X="14980" Y="31048" Z="0"/><Vertex X="14996" Y="31048" Z="0"/><Vertex X="15000" Y="31048" Z="0"/><Vertex X="15016" Y="31048" Z="0"/><Vertex X="15020" Y="31048" Z="0"/><Vertex X="15032" Y="31044" Z="0"/><Vertex X="15040" Y="31044" Z="0"/><Vertex X="15044" Y="31044" Z="0"/><Vertex X="15056" Y="31036" Z="0"/><Vertex X="15068" Y="31036" Z="0"/><Vertex X="15076" Y="31036" Z="0"/><Vertex X="15088" Y="31028" Z="0"/><Vertex X="15100" Y="31028" Z="0"/><Vertex X="15112" Y="31020" Z="0"/><Vertex X="15120" Y="31020" Z="0"/><Vertex X="15128" Y="31012" Z="0"/><Vertex X="15136" Y="31012" Z="0"/><Vertex X="15140" Y="31008" Z="0"/><Vertex X="15148" Y="31008" Z="0"/><Vertex X="15156" Y="30996" Z="0"/><Vertex X="15160" Y="30996" Z="0"/><Vertex X="15168" Y="30984" Z="0"/><Vertex X="15176" Y="30984" Z="0"/><Vertex X="15176" Y="30972" Z="0"/><Vertex X="15192" Y="30964" Z="0"/><Vertex X="15196" Y="30964" Z="0"/><Vertex X="15204" Y="30952" Z="0"/><Vertex X="15212" Y="30952" Z="0"/><Vertex X="15220" Y="30944" Z="0"/><Vertex X="15224" Y="30944" Z="0"/><Vertex X="15232" Y="30932" Z="0"/><Vertex X="15240" Y="30932" Z="0"/><Vertex X="15248" Y="30920" Z="0"/><Vertex X="15256" Y="30912" Z="0"/><Vertex X="15260" Y="30912" Z="0"/><Vertex X="15268" Y="30900" Z="0"/><Vertex X="15276" Y="30900" Z="0"/><Vertex X="15280" Y="30892" Z="0"/><Vertex X="15288" Y="30892" Z="0"/><Vertex X="15296" Y="30880" Z="0"/><Vertex X="15304" Y="30880" Z="0"/><Vertex X="15308" Y="30872" Z="0"/><Vertex X="15320" Y="30860" Z="0"/><Vertex X="15332" Y="30844" Z="0"/><Vertex X="15332" Y="30836" Z="0"/><Vertex X="15344" Y="30824" Z="0"/><Vertex X="15344" Y="30816" Z="0"/><Vertex X="15356" Y="30804" Z="0"/><Vertex X="15364" Y="30792" Z="0"/><Vertex X="15372" Y="30780" Z="0"/><Vertex X="15380" Y="30772" Z="0"/><Vertex X="15388" Y="30768" Z="0"/><Vertex X="15388" Y="30760" Z="0"/><Vertex X="15396" Y="30752" Z="0"/><Vertex X="15396" Y="30748" Z="0"/><Vertex X="15408" Y="30740" Z="0"/><Vertex X="15408" Y="30728" Z="0"/><Vertex X="15420" Y="30716" Z="0"/><Vertex X="15420" Y="30708" Z="0"/><Vertex X="15428" Y="30692" Z="0"/><Vertex X="15428" Y="30676" Z="0"/><Vertex X="15436" Y="30656" Z="0"/><Vertex X="15436" Y="30640" Z="0"/><Vertex X="15444" Y="30624" Z="0"/><Vertex X="15444" Y="30612" Z="0"/><Vertex X="15444" Y="30600" Z="0"/><Vertex X="15452" Y="30592" Z="0"/><Vertex X="15452" Y="30580" Z="0"/><Vertex X="15452" Y="30564" Z="0"/><Vertex X="15452" Y="30548" Z="0"/><Vertex X="15452" Y="30536" Z="0"/><Vertex X="15452" Y="30520" Z="0"/><Vertex X="15452" Y="30500" Z="0"/><Vertex X="15460" Y="30476" Z="0"/><Vertex X="15460" Y="30452" Z="0"/><Vertex X="15468" Y="30428" Z="0"/><Vertex X="15468" Y="30412" Z="0"/><Vertex X="15476" Y="30400" Z="0"/><Vertex X="15476" Y="30392" Z="0"/><Vertex X="15476" Y="30380" Z="0"/><Vertex X="15476" Y="30368" Z="0"/><Vertex X="15476" Y="30360" Z="0"/><Vertex X="15476" Y="30352" Z="0"/><Vertex X="15476" Y="30348" Z="0"/><Vertex X="15476" Y="30340" Z="0"/><Vertex X="15484" Y="30328" Z="0"/><Vertex X="15484" Y="30324" Z="0"/><Vertex X="15492" Y="30312" Z="0"/><Vertex X="15492" Y="30300" Z="0"/><Vertex X="15504" Y="30288" Z="0"/><Vertex X="15512" Y="30276" Z="0"/><Vertex X="15520" Y="30272" Z="0"/><Vertex X="15520" Y="30264" Z="0"/><Vertex X="15528" Y="30256" Z="0"/><Vertex X="15528" Y="30252" Z="0"/><Vertex X="15540" Y="30240" Z="0"/><Vertex X="15548" Y="30232" Z="0"/><Vertex X="15556" Y="30224" Z="0"/><Vertex X="15556" Y="30220" Z="0"/><Vertex X="15568" Y="30208" Z="0"/><Vertex X="15572" Y="30196" Z="0"/><Vertex X="15580" Y="30184" Z="0"/><Vertex X="15588" Y="30168" Z="0"/><Vertex X="15596" Y="30160" Z="0"/><Vertex X="15596" Y="30152" Z="0"/><Vertex X="15596" Y="30148" Z="0"/><Vertex X="15604" Y="30136" Z="0"/><Vertex X="15604" Y="30124" Z="0"/><Vertex X="15604" Y="30112" Z="0"/><Vertex X="15604" Y="30096" Z="0"/><Vertex X="15604" Y="30084" Z="0"/><Vertex X="15604" Y="30068" Z="0"/><Vertex X="15612" Y="30048" Z="0"/><Vertex X="15612" Y="30032" Z="0"/><Vertex X="15612" Y="30020" Z="0"/><Vertex X="15620" Y="30004" Z="0"/><Vertex X="15620" Y="29980" Z="0"/><Vertex X="15620" Y="29972" Z="0"/><Vertex X="15620" Y="29960" Z="0"/><Vertex X="15620" Y="29944" Z="0"/><Vertex X="15620" Y="29936" Z="0"/><Vertex X="15620" Y="29924" Z="0"/><Vertex X="15616" Y="29912" Z="0"/><Vertex X="15616" Y="29900" Z="0"/><Vertex X="15616" Y="29892" Z="0"/><Vertex X="15608" Y="29880" Z="0"/><Vertex X="15608" Y="29868" Z="0"/><Vertex X="15608" Y="29860" Z="0"/><Vertex X="15600" Y="29848" Z="0"/><Vertex X="15600" Y="29836" Z="0"/><Vertex X="15592" Y="29824" Z="0"/><Vertex X="15592" Y="29816" Z="0"/><Vertex X="15584" Y="29808" Z="0"/><Vertex X="15584" Y="29800" Z="0"/><Vertex X="15572" Y="29788" Z="0"/><Vertex X="15572" Y="29780" Z="0"/><Vertex X="15564" Y="29768" Z="0"/><Vertex X="15564" Y="29756" Z="0"/><Vertex X="15556" Y="29744" Z="0"/><Vertex X="15556" Y="29736" Z="0"/><Vertex X="15548" Y="29724" Z="0"/><Vertex X="15548" Y="29712" Z="0"/><Vertex X="15540" Y="29700" Z="0"/><Vertex X="15540" Y="29692" Z="0"/><Vertex X="15532" Y="29680" Z="0"/><Vertex X="15532" Y="29668" Z="0"/><Vertex X="15528" Y="29660" Z="0"/><Vertex X="15528" Y="29648" Z="0"/><Vertex X="15520" Y="29636" Z="0"/><Vertex X="15520" Y="29624" Z="0"/><Vertex X="15520" Y="29612" Z="0"/><Vertex X="15512" Y="29600" Z="0"/><Vertex X="15512" Y="29584" Z="0"/><Vertex X="15512" Y="29568" Z="0"/><Vertex X="15504" Y="29552" Z="0"/><Vertex X="15504" Y="29544" Z="0"/><Vertex X="15504" Y="29532" Z="0"/><Vertex X="15496" Y="29524" Z="0"/><Vertex X="15496" Y="29516" Z="0"/><Vertex X="15488" Y="29504" Z="0"/><Vertex X="15488" Y="29492" Z="0"/><Vertex X="15476" Y="29484" Z="0"/><Vertex X="15476" Y="29480" Z="0"/><Vertex X="15464" Y="29468" Z="0"/><Vertex X="15464" Y="29460" Z="0"/><Vertex X="15460" Y="29452" Z="0"/><Vertex X="15460" Y="29444" Z="0"/><Vertex X="15452" Y="29436" Z="0"/><Vertex X="15444" Y="29424" Z="0"/><Vertex X="15444" Y="29416" Z="0"/><Vertex X="15432" Y="29408" Z="0"/><Vertex X="15432" Y="29404" Z="0"/><Vertex X="15424" Y="29404" Z="0"/><Vertex X="15416" Y="29392" Z="0"/><Vertex X="15408" Y="29392" Z="0"/><Vertex X="15400" Y="29380" Z="0"/><Vertex X="15388" Y="29368" Z="0"/><Vertex X="15380" Y="29360" Z="0"/><Vertex X="15368" Y="29352" Z="0"/><Vertex X="15348" Y="29340" Z="0"/><Vertex X="15332" Y="29332" Z="0"/><Vertex X="15316" Y="29324" Z="0"/><Vertex X="15296" Y="29316" Z="0"/><Vertex X="15284" Y="29316" Z="0"/><Vertex X="15268" Y="29304" Z="0"/><Vertex X="15252" Y="29304" Z="0"/><Vertex X="15236" Y="29288" Z="0"/><Vertex X="15220" Y="29288" Z="0"/><Vertex X="15204" Y="29276" Z="0"/><Vertex X="15188" Y="29276" Z="0"/><Vertex X="15164" Y="29260" Z="0"/><Vertex X="15156" Y="29260" Z="0"/><Vertex X="15144" Y="29248" Z="0"/><Vertex X="15128" Y="29236" Z="0"/><Vertex X="15124" Y="29228" Z="0"/><Vertex X="15108" Y="29220" Z="0"/><Vertex X="15096" Y="29212" Z="0"/><Vertex X="15088" Y="29208" Z="0"/><Vertex X="15076" Y="29200" Z="0"/><Vertex X="15068" Y="29200" Z="0"/><Vertex X="15056" Y="29192" Z="0"/><Vertex X="15040" Y="29184" Z="0"/><Vertex X="15028" Y="29176" Z="0"/><Vertex X="15016" Y="29176" Z="0"/><Vertex X="15004" Y="29176" Z="0"/><Vertex X="14988" Y="29176" Z="0"/><Vertex X="14976" Y="29184" Z="0"/><Vertex X="14968" Y="29192" Z="0"/><Vertex X="14956" Y="29200" Z="0"/><Vertex X="14956" Y="29204" Z="0"/><Vertex X="14952" Y="29204" Z="0"/><Vertex X="14952" Y="29212" Z="0"/><Vertex X="14944" Y="29220" Z="0"/><Vertex X="14936" Y="29224" Z="0"/><Vertex X="14936" Y="29236" Z="0"/><Vertex X="14932" Y="29244" Z="0"/><Vertex X="14924" Y="29248" Z="0"/><Vertex X="14924" Y="29260" Z="0"/><Vertex X="14916" Y="29268" Z="0"/><Vertex X="14916" Y="29276" Z="0"/><Vertex X="14912" Y="29276" Z="0"/><Vertex X="14912" Y="29280" Z="0"/><Vertex X="14896" Y="29260" Z="0"/></Vertices></Region></Regions><Plots></Plots></Annotation></Annotations>
