<Annotations MicronsPerPixel="0.493400">
	<Annotation Id="1" Name="" ReadOnly="0" NameReadOnly="0" LineColorReadOnly="0" Incremental="0" Type="4" LineColor="255" Visible="1" Selected="1" MarkupImagePath="" MacroName=""><Attributes></Attributes><Regions><RegionAttributeHeaders></RegionAttributeHeaders><Region Id="1" Type="0" Zoom="0.027833" Selected="0" ImageLocation="" ImageFocus="-1" Length="20127.7" Area="17062375.0" LengthMicrons="9931.0" AreaMicrons="4153725.4" Text="" NegativeROA="0" InputRegionId="0" Analyze="1" DisplayId="1"><Attributes></Attributes><Vertices><Vertex X="14695" Y="2335" Z="0"/><Vertex X="14659" Y="2335" Z="0"/><Vertex X="14623" Y="2335" Z="0"/><Vertex X="14587" Y="2335" Z="0"/><Vertex X="14515" Y="2335" Z="0"/><Vertex X="14408" Y="2335" Z="0"/><Vertex X="14372" Y="2335" Z="0"/><Vertex X="14336" Y="2335" Z="0"/><Vertex X="14300" Y="2335" Z="0"/><Vertex X="14264" Y="2335" Z="0"/><Vertex X="14228" Y="2335" Z="0"/><Vertex X="14156" Y="2335" Z="0"/><Vertex X="14120" Y="2335" Z="0"/><Vertex X="14084" Y="2335" Z="0"/><Vertex X="14048" Y="2335" Z="0"/><Vertex X="14012" Y="2335" Z="0"/><Vertex X="13976" Y="2335" Z="0"/><Vertex X="13905" Y="2335" Z="0"/><Vertex X="13869" Y="2335" Z="0"/><Vertex X="13833" Y="2299" Z="0"/><Vertex X="13797" Y="2299" Z="0"/><Vertex X="13761" Y="2299" Z="0"/><Vertex X="13725" Y="2299" Z="0"/><Vertex X="13617" Y="2299" Z="0"/><Vertex X="13545" Y="2335" Z="0"/><Vertex X="13473" Y="2371" Z="0"/><Vertex X="13437" Y="2371" Z="0"/><Vertex X="13402" Y="2371" Z="0"/><Vertex X="13366" Y="2371" Z="0"/><Vertex X="13330" Y="2371" Z="0"/><Vertex X="13330" Y="2407" Z="0"/><Vertex X="13294" Y="2407" Z="0"/><Vertex X="13294" Y="2443" Z="0"/><Vertex X="13258" Y="2443" Z="0"/><Vertex X="13150" Y="2479" Z="0"/><Vertex X="13042" Y="2515" Z="0"/><Vertex X="13042" Y="2551" Z="0"/><Vertex X="13006" Y="2587" Z="0"/><Vertex X="12970" Y="2623" Z="0"/><Vertex X="12970" Y="2659" Z="0"/><Vertex X="12934" Y="2659" Z="0"/><Vertex X="12899" Y="2695" Z="0"/><Vertex X="12899" Y="2731" Z="0"/><Vertex X="12899" Y="2766" Z="0"/><Vertex X="12899" Y="2802" Z="0"/><Vertex X="12899" Y="2838" Z="0"/><Vertex X="12899" Y="2910" Z="0"/><Vertex X="12863" Y="2946" Z="0"/><Vertex X="12863" Y="2982" Z="0"/><Vertex X="12827" Y="3054" Z="0"/><Vertex X="12791" Y="3054" Z="0"/><Vertex X="12791" Y="3090" Z="0"/><Vertex X="12755" Y="3126" Z="0"/><Vertex X="12755" Y="3198" Z="0"/><Vertex X="12683" Y="3269" Z="0"/><Vertex X="12683" Y="3305" Z="0"/><Vertex X="12683" Y="3341" Z="0"/><Vertex X="12647" Y="3377" Z="0"/><Vertex X="12647" Y="3413" Z="0"/><Vertex X="12611" Y="3413" Z="0"/><Vertex X="12611" Y="3485" Z="0"/><Vertex X="12611" Y="3521" Z="0"/><Vertex X="12611" Y="3557" Z="0"/><Vertex X="12611" Y="3593" Z="0"/><Vertex X="12611" Y="3629" Z="0"/><Vertex X="12611" Y="3665" Z="0"/><Vertex X="12611" Y="3701" Z="0"/><Vertex X="12611" Y="3772" Z="0"/><Vertex X="12647" Y="3808" Z="0"/><Vertex X="12647" Y="3844" Z="0"/><Vertex X="12647" Y="3880" Z="0"/><Vertex X="12647" Y="3916" Z="0"/><Vertex X="12647" Y="3952" Z="0"/><Vertex X="12683" Y="3988" Z="0"/><Vertex X="12719" Y="4024" Z="0"/><Vertex X="12719" Y="4060" Z="0"/><Vertex X="12719" Y="4096" Z="0"/><Vertex X="12791" Y="4096" Z="0"/><Vertex X="12827" Y="4096" Z="0"/><Vertex X="12827" Y="4132" Z="0"/><Vertex X="12827" Y="4168" Z="0"/><Vertex X="12863" Y="4168" Z="0"/><Vertex X="12863" Y="4204" Z="0"/><Vertex X="12899" Y="4204" Z="0"/><Vertex X="12934" Y="4204" Z="0"/><Vertex X="12970" Y="4204" Z="0"/><Vertex X="13042" Y="4204" Z="0"/><Vertex X="13078" Y="4239" Z="0"/><Vertex X="13150" Y="4311" Z="0"/><Vertex X="13186" Y="4347" Z="0"/><Vertex X="13222" Y="4347" Z="0"/><Vertex X="13294" Y="4383" Z="0"/><Vertex X="13330" Y="4419" Z="0"/><Vertex X="13402" Y="4419" Z="0"/><Vertex X="13437" Y="4455" Z="0"/><Vertex X="13473" Y="4455" Z="0"/><Vertex X="13509" Y="4491" Z="0"/><Vertex X="13545" Y="4491" Z="0"/><Vertex X="13617" Y="4527" Z="0"/><Vertex X="13689" Y="4563" Z="0"/><Vertex X="13725" Y="4563" Z="0"/><Vertex X="13797" Y="4599" Z="0"/><Vertex X="13905" Y="4635" Z="0"/><Vertex X="13940" Y="4635" Z="0"/><Vertex X="13976" Y="4671" Z="0"/><Vertex X="14012" Y="4671" Z="0"/><Vertex X="14048" Y="4707" Z="0"/><Vertex X="14084" Y="4707" Z="0"/><Vertex X="14156" Y="4707" Z="0"/><Vertex X="14192" Y="4707" Z="0"/><Vertex X="14228" Y="4707" Z="0"/><Vertex X="14264" Y="4742" Z="0"/><Vertex X="14300" Y="4742" Z="0"/><Vertex X="14336" Y="4778" Z="0"/><Vertex X="14372" Y="4778" Z="0"/><Vertex X="14443" Y="4814" Z="0"/><Vertex X="14479" Y="4814" Z="0"/><Vertex X="14515" Y="4886" Z="0"/><Vertex X="14551" Y="4886" Z="0"/><Vertex X="14551" Y="4922" Z="0"/><Vertex X="14587" Y="4922" Z="0"/><Vertex X="14623" Y="4958" Z="0"/><Vertex X="14623" Y="4994" Z="0"/><Vertex X="14659" Y="4994" Z="0"/><Vertex X="14695" Y="5030" Z="0"/><Vertex X="14695" Y="5066" Z="0"/><Vertex X="14731" Y="5066" Z="0"/><Vertex X="14767" Y="5066" Z="0"/><Vertex X="14767" Y="5138" Z="0"/><Vertex X="14803" Y="5174" Z="0"/><Vertex X="14839" Y="5174" Z="0"/><Vertex X="14911" Y="5210" Z="0"/><Vertex X="14911" Y="5245" Z="0"/><Vertex X="14946" Y="5245" Z="0"/><Vertex X="14982" Y="5281" Z="0"/><Vertex X="15054" Y="5281" Z="0"/><Vertex X="15126" Y="5317" Z="0"/><Vertex X="15198" Y="5353" Z="0"/><Vertex X="15270" Y="5425" Z="0"/><Vertex X="15342" Y="5461" Z="0"/><Vertex X="15378" Y="5497" Z="0"/><Vertex X="15449" Y="5533" Z="0"/><Vertex X="15557" Y="5569" Z="0"/><Vertex X="15629" Y="5569" Z="0"/><Vertex X="15665" Y="5569" Z="0"/><Vertex X="15701" Y="5605" Z="0"/><Vertex X="15773" Y="5641" Z="0"/><Vertex X="15845" Y="5677" Z="0"/><Vertex X="15881" Y="5713" Z="0"/><Vertex X="15952" Y="5713" Z="0"/><Vertex X="15952" Y="5748" Z="0"/><Vertex X="16024" Y="5748" Z="0"/><Vertex X="16060" Y="5748" Z="0"/><Vertex X="16060" Y="5784" Z="0"/><Vertex X="16132" Y="5784" Z="0"/><Vertex X="16168" Y="5820" Z="0"/><Vertex X="16204" Y="5820" Z="0"/><Vertex X="16240" Y="5820" Z="0"/><Vertex X="16240" Y="5856" Z="0"/><Vertex X="16276" Y="5856" Z="0"/><Vertex X="16312" Y="5892" Z="0"/><Vertex X="16348" Y="5892" Z="0"/><Vertex X="16455" Y="5928" Z="0"/><Vertex X="16491" Y="6000" Z="0"/><Vertex X="16527" Y="6000" Z="0"/><Vertex X="16563" Y="6036" Z="0"/><Vertex X="16599" Y="6036" Z="0"/><Vertex X="16635" Y="6036" Z="0"/><Vertex X="16671" Y="6036" Z="0"/><Vertex X="16707" Y="6036" Z="0"/><Vertex X="16743" Y="6036" Z="0"/><Vertex X="16779" Y="6072" Z="0"/><Vertex X="16815" Y="6108" Z="0"/><Vertex X="16851" Y="6108" Z="0"/><Vertex X="16887" Y="6108" Z="0"/><Vertex X="16958" Y="6108" Z="0"/><Vertex X="16958" Y="6144" Z="0"/><Vertex X="16994" Y="6144" Z="0"/><Vertex X="17030" Y="6180" Z="0"/><Vertex X="17066" Y="6216" Z="0"/><Vertex X="17066" Y="6251" Z="0"/><Vertex X="17102" Y="6251" Z="0"/><Vertex X="17138" Y="6287" Z="0"/><Vertex X="17138" Y="6323" Z="0"/><Vertex X="17246" Y="6323" Z="0"/><Vertex X="17282" Y="6359" Z="0"/><Vertex X="17318" Y="6395" Z="0"/><Vertex X="17354" Y="6395" Z="0"/><Vertex X="17390" Y="6431" Z="0"/><Vertex X="17425" Y="6467" Z="0"/><Vertex X="17461" Y="6503" Z="0"/><Vertex X="17497" Y="6503" Z="0"/><Vertex X="17533" Y="6539" Z="0"/><Vertex X="17569" Y="6575" Z="0"/><Vertex X="17569" Y="6611" Z="0"/><Vertex X="17605" Y="6611" Z="0"/><Vertex X="17641" Y="6611" Z="0"/><Vertex X="17641" Y="6647" Z="0"/><Vertex X="17677" Y="6647" Z="0"/><Vertex X="17749" Y="6683" Z="0"/><Vertex X="17785" Y="6683" Z="0"/><Vertex X="17857" Y="6683" Z="0"/><Vertex X="17857" Y="6719" Z="0"/><Vertex X="17893" Y="6719" Z="0"/><Vertex X="17928" Y="6719" Z="0"/><Vertex X="18000" Y="6790" Z="0"/><Vertex X="18036" Y="6790" Z="0"/><Vertex X="18036" Y="6826" Z="0"/><Vertex X="18072" Y="6826" Z="0"/><Vertex X="18108" Y="6826" Z="0"/><Vertex X="18144" Y="6826" Z="0"/><Vertex X="18180" Y="6826" Z="0"/><Vertex X="18216" Y="6826" Z="0"/><Vertex X="18252" Y="6826" Z="0"/><Vertex X="18288" Y="6826" Z="0"/><Vertex X="18324" Y="6826" Z="0"/><Vertex X="18360" Y="6826" Z="0"/><Vertex X="18396" Y="6826" Z="0"/><Vertex X="18431" Y="6826" Z="0"/><Vertex X="18467" Y="6826" Z="0"/><Vertex X="18503" Y="6826" Z="0"/><Vertex X="18503" Y="6754" Z="0"/><Vertex X="18539" Y="6754" Z="0"/><Vertex X="18575" Y="6754" Z="0"/><Vertex X="18611" Y="6719" Z="0"/><Vertex X="18647" Y="6683" Z="0"/><Vertex X="18683" Y="6683" Z="0"/><Vertex X="18683" Y="6647" Z="0"/><Vertex X="18719" Y="6647" Z="0"/><Vertex X="18791" Y="6647" Z="0"/><Vertex X="18791" Y="6611" Z="0"/><Vertex X="18863" Y="6575" Z="0"/><Vertex X="18899" Y="6539" Z="0"/><Vertex X="18934" Y="6503" Z="0"/><Vertex X="18970" Y="6503" Z="0"/><Vertex X="19006" Y="6503" Z="0"/><Vertex X="19042" Y="6467" Z="0"/><Vertex X="19078" Y="6467" Z="0"/><Vertex X="19078" Y="6431" Z="0"/><Vertex X="19114" Y="6431" Z="0"/><Vertex X="19150" Y="6431" Z="0"/><Vertex X="19186" Y="6395" Z="0"/><Vertex X="19222" Y="6359" Z="0"/><Vertex X="19258" Y="6359" Z="0"/><Vertex X="19294" Y="6323" Z="0"/><Vertex X="19330" Y="6287" Z="0"/><Vertex X="19330" Y="6251" Z="0"/><Vertex X="19366" Y="6251" Z="0"/><Vertex X="19366" Y="6216" Z="0"/><Vertex X="19366" Y="6180" Z="0"/><Vertex X="19402" Y="6144" Z="0"/><Vertex X="19402" Y="6072" Z="0"/><Vertex X="19402" Y="6036" Z="0"/><Vertex X="19437" Y="6036" Z="0"/><Vertex X="19437" Y="5964" Z="0"/><Vertex X="19473" Y="5928" Z="0"/><Vertex X="19473" Y="5892" Z="0"/><Vertex X="19473" Y="5856" Z="0"/><Vertex X="19473" Y="5820" Z="0"/><Vertex X="19473" Y="5784" Z="0"/><Vertex X="19473" Y="5748" Z="0"/><Vertex X="19473" Y="5713" Z="0"/><Vertex X="19473" Y="5677" Z="0"/><Vertex X="19473" Y="5641" Z="0"/><Vertex X="19473" Y="5605" Z="0"/><Vertex X="19473" Y="5569" Z="0"/><Vertex X="19473" Y="5533" Z="0"/><Vertex X="19473" Y="5497" Z="0"/><Vertex X="19473" Y="5461" Z="0"/><Vertex X="19473" Y="5425" Z="0"/><Vertex X="19473" Y="5389" Z="0"/><Vertex X="19473" Y="5353" Z="0"/><Vertex X="19473" Y="5317" Z="0"/><Vertex X="19473" Y="5281" Z="0"/><Vertex X="19437" Y="5281" Z="0"/><Vertex X="19437" Y="5245" Z="0"/><Vertex X="19437" Y="5210" Z="0"/><Vertex X="19437" Y="5174" Z="0"/><Vertex X="19437" Y="5138" Z="0"/><Vertex X="19437" Y="5102" Z="0"/><Vertex X="19402" Y="5066" Z="0"/><Vertex X="19402" Y="5030" Z="0"/><Vertex X="19366" Y="4994" Z="0"/><Vertex X="19366" Y="4958" Z="0"/><Vertex X="19330" Y="4958" Z="0"/><Vertex X="19330" Y="4886" Z="0"/><Vertex X="19294" Y="4850" Z="0"/><Vertex X="19258" Y="4814" Z="0"/><Vertex X="19258" Y="4778" Z="0"/><Vertex X="19222" Y="4778" Z="0"/><Vertex X="19222" Y="4742" Z="0"/><Vertex X="19186" Y="4707" Z="0"/><Vertex X="19150" Y="4671" Z="0"/><Vertex X="19114" Y="4599" Z="0"/><Vertex X="19114" Y="4563" Z="0"/><Vertex X="19078" Y="4563" Z="0"/><Vertex X="19078" Y="4527" Z="0"/><Vertex X="19006" Y="4527" Z="0"/><Vertex X="19006" Y="4491" Z="0"/><Vertex X="18970" Y="4491" Z="0"/><Vertex X="18934" Y="4491" Z="0"/><Vertex X="18934" Y="4455" Z="0"/><Vertex X="18934" Y="4419" Z="0"/><Vertex X="18899" Y="4347" Z="0"/><Vertex X="18863" Y="4347" Z="0"/><Vertex X="18827" Y="4311" Z="0"/><Vertex X="18827" Y="4275" Z="0"/><Vertex X="18755" Y="4239" Z="0"/><Vertex X="18719" Y="4204" Z="0"/><Vertex X="18719" Y="4168" Z="0"/><Vertex X="18683" Y="4168" Z="0"/><Vertex X="18647" Y="4168" Z="0"/><Vertex X="18647" Y="4132" Z="0"/><Vertex X="18611" Y="4132" Z="0"/><Vertex X="18611" Y="4060" Z="0"/><Vertex X="18575" Y="4060" Z="0"/><Vertex X="18539" Y="4060" Z="0"/><Vertex X="18503" Y="4060" Z="0"/><Vertex X="18467" Y="4024" Z="0"/><Vertex X="18431" Y="3988" Z="0"/><Vertex X="18396" Y="3988" Z="0"/><Vertex X="18396" Y="3952" Z="0"/><Vertex X="18360" Y="3952" Z="0"/><Vertex X="18360" Y="3916" Z="0"/><Vertex X="18324" Y="3916" Z="0"/><Vertex X="18288" Y="3916" Z="0"/><Vertex X="18288" Y="3880" Z="0"/><Vertex X="18252" Y="3880" Z="0"/><Vertex X="18216" Y="3880" Z="0"/><Vertex X="18180" Y="3880" Z="0"/><Vertex X="18180" Y="3808" Z="0"/><Vertex X="18144" Y="3808" Z="0"/><Vertex X="18108" Y="3808" Z="0"/><Vertex X="18108" Y="3772" Z="0"/><Vertex X="18072" Y="3772" Z="0"/><Vertex X="18072" Y="3737" Z="0"/><Vertex X="18072" Y="3701" Z="0"/><Vertex X="18036" Y="3701" Z="0"/><Vertex X="18000" Y="3701" Z="0"/><Vertex X="17964" Y="3701" Z="0"/><Vertex X="17964" Y="3665" Z="0"/><Vertex X="17928" Y="3665" Z="0"/><Vertex X="17893" Y="3629" Z="0"/><Vertex X="17857" Y="3629" Z="0"/><Vertex X="17821" Y="3557" Z="0"/><Vertex X="17785" Y="3557" Z="0"/><Vertex X="17785" Y="3521" Z="0"/><Vertex X="17713" Y="3521" Z="0"/><Vertex X="17677" Y="3521" Z="0"/><Vertex X="17641" Y="3521" Z="0"/><Vertex X="17641" Y="3485" Z="0"/><Vertex X="17605" Y="3485" Z="0"/><Vertex X="17569" Y="3449" Z="0"/><Vertex X="17533" Y="3449" Z="0"/><Vertex X="17461" Y="3413" Z="0"/><Vertex X="17425" Y="3413" Z="0"/><Vertex X="17390" Y="3413" Z="0"/><Vertex X="17354" Y="3377" Z="0"/><Vertex X="17318" Y="3377" Z="0"/><Vertex X="17246" Y="3341" Z="0"/><Vertex X="17138" Y="3341" Z="0"/><Vertex X="17102" Y="3341" Z="0"/><Vertex X="17066" Y="3305" Z="0"/><Vertex X="17030" Y="3305" Z="0"/><Vertex X="16994" Y="3305" Z="0"/><Vertex X="16958" Y="3269" Z="0"/><Vertex X="16887" Y="3269" Z="0"/><Vertex X="16851" Y="3269" Z="0"/><Vertex X="16851" Y="3234" Z="0"/><Vertex X="16815" Y="3234" Z="0"/><Vertex X="16743" Y="3234" Z="0"/><Vertex X="16743" Y="3198" Z="0"/><Vertex X="16707" Y="3198" Z="0"/><Vertex X="16671" Y="3198" Z="0"/><Vertex X="16635" Y="3198" Z="0"/><Vertex X="16599" Y="3198" Z="0"/><Vertex X="16563" Y="3162" Z="0"/><Vertex X="16527" Y="3162" Z="0"/><Vertex X="16491" Y="3126" Z="0"/><Vertex X="16455" Y="3126" Z="0"/><Vertex X="16419" Y="3126" Z="0"/><Vertex X="16384" Y="3126" Z="0"/><Vertex X="16348" Y="3126" Z="0"/><Vertex X="16312" Y="3090" Z="0"/><Vertex X="16276" Y="3090" Z="0"/><Vertex X="16240" Y="3018" Z="0"/><Vertex X="16204" Y="3018" Z="0"/><Vertex X="16168" Y="3018" Z="0"/><Vertex X="16132" Y="3018" Z="0"/><Vertex X="16096" Y="3018" Z="0"/><Vertex X="16024" Y="2982" Z="0"/><Vertex X="15988" Y="2982" Z="0"/><Vertex X="15952" Y="2946" Z="0"/><Vertex X="15917" Y="2946" Z="0"/><Vertex X="15881" Y="2946" Z="0"/><Vertex X="15881" Y="2910" Z="0"/><Vertex X="15809" Y="2910" Z="0"/><Vertex X="15773" Y="2910" Z="0"/><Vertex X="15737" Y="2910" Z="0"/><Vertex X="15665" Y="2910" Z="0"/><Vertex X="15665" Y="2874" Z="0"/><Vertex X="15629" Y="2874" Z="0"/><Vertex X="15593" Y="2874" Z="0"/><Vertex X="15593" Y="2838" Z="0"/><Vertex X="15557" Y="2838" Z="0"/><Vertex X="15521" Y="2838" Z="0"/><Vertex X="15485" Y="2838" Z="0"/><Vertex X="15485" Y="2802" Z="0"/><Vertex X="15449" Y="2802" Z="0"/><Vertex X="15414" Y="2802" Z="0"/><Vertex X="15414" Y="2731" Z="0"/><Vertex X="15378" Y="2731" Z="0"/><Vertex X="15342" Y="2695" Z="0"/><Vertex X="15306" Y="2695" Z="0"/><Vertex X="15270" Y="2659" Z="0"/><Vertex X="15234" Y="2659" Z="0"/><Vertex X="15234" Y="2623" Z="0"/><Vertex X="15198" Y="2623" Z="0"/><Vertex X="15198" Y="2587" Z="0"/><Vertex X="15162" Y="2587" Z="0"/><Vertex X="15126" Y="2551" Z="0"/><Vertex X="15090" Y="2551" Z="0"/><Vertex X="15090" Y="2515" Z="0"/><Vertex X="15018" Y="2515" Z="0"/><Vertex X="15018" Y="2479" Z="0"/><Vertex X="15018" Y="2443" Z="0"/><Vertex X="14982" Y="2443" Z="0"/><Vertex X="14946" Y="2443" Z="0"/><Vertex X="14946" Y="2407" Z="0"/><Vertex X="14946" Y="2371" Z="0"/><Vertex X="14911" Y="2371" Z="0"/><Vertex X="14875" Y="2371" Z="0"/><Vertex X="14695" Y="2335" Z="0"/></Vertices></Region><Region Id="2" Type="0" Zoom="0.027833" Selected="0" ImageLocation="" ImageFocus="-1" Length="18965.6" Area="14638631.5" LengthMicrons="9357.6" AreaMicrons="3563680.7" Text="" NegativeROA="0" InputRegionId="0" Analyze="1" DisplayId="2"><Attributes></Attributes><Vertices><Vertex X="10599" Y="1293" Z="0"/><Vertex X="10563" Y="1401" Z="0"/><Vertex X="10527" Y="1509" Z="0"/><Vertex X="10491" Y="1545" Z="0"/><Vertex X="10455" Y="1617" Z="0"/><Vertex X="10420" Y="1653" Z="0"/><Vertex X="10420" Y="1689" Z="0"/><Vertex X="10384" Y="1760" Z="0"/><Vertex X="10384" Y="1796" Z="0"/><Vertex X="10348" Y="1796" Z="0"/><Vertex X="10348" Y="1832" Z="0"/><Vertex X="10312" Y="1904" Z="0"/><Vertex X="10276" Y="1940" Z="0"/><Vertex X="10240" Y="2012" Z="0"/><Vertex X="10240" Y="2084" Z="0"/><Vertex X="10168" Y="2192" Z="0"/><Vertex X="10132" Y="2228" Z="0"/><Vertex X="10096" Y="2299" Z="0"/><Vertex X="10024" Y="2407" Z="0"/><Vertex X="10024" Y="2443" Z="0"/><Vertex X="9988" Y="2479" Z="0"/><Vertex X="9988" Y="2515" Z="0"/><Vertex X="9988" Y="2551" Z="0"/><Vertex X="9952" Y="2551" Z="0"/><Vertex X="9952" Y="2587" Z="0"/><Vertex X="9952" Y="2659" Z="0"/><Vertex X="9917" Y="2659" Z="0"/><Vertex X="9917" Y="2731" Z="0"/><Vertex X="9881" Y="2802" Z="0"/><Vertex X="9881" Y="2838" Z="0"/><Vertex X="9881" Y="2982" Z="0"/><Vertex X="9845" Y="3090" Z="0"/><Vertex X="9845" Y="3162" Z="0"/><Vertex X="9809" Y="3269" Z="0"/><Vertex X="9809" Y="3377" Z="0"/><Vertex X="9809" Y="3485" Z="0"/><Vertex X="9737" Y="3521" Z="0"/><Vertex X="9737" Y="3593" Z="0"/><Vertex X="9701" Y="3701" Z="0"/><Vertex X="9701" Y="3737" Z="0"/><Vertex X="9701" Y="3772" Z="0"/><Vertex X="9701" Y="3808" Z="0"/><Vertex X="9665" Y="3808" Z="0"/><Vertex X="9665" Y="3880" Z="0"/><Vertex X="9665" Y="3952" Z="0"/><Vertex X="9665" Y="3988" Z="0"/><Vertex X="9665" Y="4024" Z="0"/><Vertex X="9629" Y="4060" Z="0"/><Vertex X="9629" Y="4096" Z="0"/><Vertex X="9629" Y="4132" Z="0"/><Vertex X="9629" Y="4204" Z="0"/><Vertex X="9629" Y="4239" Z="0"/><Vertex X="9629" Y="4311" Z="0"/><Vertex X="9629" Y="4347" Z="0"/><Vertex X="9665" Y="4347" Z="0"/><Vertex X="9665" Y="4383" Z="0"/><Vertex X="9701" Y="4419" Z="0"/><Vertex X="9737" Y="4419" Z="0"/><Vertex X="9737" Y="4455" Z="0"/><Vertex X="9737" Y="4491" Z="0"/><Vertex X="9773" Y="4491" Z="0"/><Vertex X="9773" Y="4527" Z="0"/><Vertex X="9773" Y="4563" Z="0"/><Vertex X="9773" Y="4599" Z="0"/><Vertex X="9773" Y="4635" Z="0"/><Vertex X="9773" Y="4671" Z="0"/><Vertex X="9701" Y="4778" Z="0"/><Vertex X="9701" Y="4850" Z="0"/><Vertex X="9701" Y="4886" Z="0"/><Vertex X="9665" Y="4922" Z="0"/><Vertex X="9665" Y="4958" Z="0"/><Vertex X="9629" Y="5066" Z="0"/><Vertex X="9629" Y="5102" Z="0"/><Vertex X="9593" Y="5138" Z="0"/><Vertex X="9593" Y="5174" Z="0"/><Vertex X="9593" Y="5210" Z="0"/><Vertex X="9593" Y="5281" Z="0"/><Vertex X="9557" Y="5281" Z="0"/><Vertex X="9557" Y="5317" Z="0"/><Vertex X="9557" Y="5353" Z="0"/><Vertex X="9521" Y="5389" Z="0"/><Vertex X="9485" Y="5425" Z="0"/><Vertex X="9485" Y="5461" Z="0"/><Vertex X="9449" Y="5461" Z="0"/><Vertex X="9449" Y="5497" Z="0"/><Vertex X="9414" Y="5497" Z="0"/><Vertex X="9414" Y="5533" Z="0"/><Vertex X="9378" Y="5533" Z="0"/><Vertex X="9378" Y="5569" Z="0"/><Vertex X="9378" Y="5605" Z="0"/><Vertex X="9378" Y="5641" Z="0"/><Vertex X="9378" Y="5677" Z="0"/><Vertex X="9378" Y="5713" Z="0"/><Vertex X="9378" Y="5748" Z="0"/><Vertex X="9378" Y="5784" Z="0"/><Vertex X="9378" Y="5856" Z="0"/><Vertex X="9378" Y="5892" Z="0"/><Vertex X="9378" Y="5928" Z="0"/><Vertex X="9378" Y="5964" Z="0"/><Vertex X="9378" Y="6036" Z="0"/><Vertex X="9378" Y="6072" Z="0"/><Vertex X="9414" Y="6072" Z="0"/><Vertex X="9449" Y="6144" Z="0"/><Vertex X="9449" Y="6180" Z="0"/><Vertex X="9485" Y="6216" Z="0"/><Vertex X="9521" Y="6251" Z="0"/><Vertex X="9521" Y="6287" Z="0"/><Vertex X="9557" Y="6287" Z="0"/><Vertex X="9557" Y="6323" Z="0"/><Vertex X="9557" Y="6359" Z="0"/><Vertex X="9557" Y="6431" Z="0"/><Vertex X="9593" Y="6431" Z="0"/><Vertex X="9629" Y="6503" Z="0"/><Vertex X="9665" Y="6503" Z="0"/><Vertex X="9665" Y="6575" Z="0"/><Vertex X="9737" Y="6575" Z="0"/><Vertex X="9773" Y="6647" Z="0"/><Vertex X="9809" Y="6683" Z="0"/><Vertex X="9809" Y="6719" Z="0"/><Vertex X="9845" Y="6754" Z="0"/><Vertex X="9881" Y="6754" Z="0"/><Vertex X="9917" Y="6790" Z="0"/><Vertex X="9917" Y="6826" Z="0"/><Vertex X="9952" Y="6862" Z="0"/><Vertex X="10024" Y="6862" Z="0"/><Vertex X="10024" Y="6898" Z="0"/><Vertex X="10060" Y="6898" Z="0"/><Vertex X="10096" Y="7006" Z="0"/><Vertex X="10168" Y="7006" Z="0"/><Vertex X="10168" Y="7042" Z="0"/><Vertex X="10204" Y="7042" Z="0"/><Vertex X="10240" Y="7078" Z="0"/><Vertex X="10276" Y="7078" Z="0"/><Vertex X="10348" Y="7078" Z="0"/><Vertex X="10348" Y="7114" Z="0"/><Vertex X="10384" Y="7114" Z="0"/><Vertex X="10384" Y="7150" Z="0"/><Vertex X="10420" Y="7150" Z="0"/><Vertex X="10455" Y="7186" Z="0"/><Vertex X="10491" Y="7186" Z="0"/><Vertex X="10527" Y="7186" Z="0"/><Vertex X="10563" Y="7222" Z="0"/><Vertex X="10599" Y="7257" Z="0"/><Vertex X="10635" Y="7257" Z="0"/><Vertex X="10671" Y="7257" Z="0"/><Vertex X="10671" Y="7293" Z="0"/><Vertex X="10779" Y="7293" Z="0"/><Vertex X="10815" Y="7293" Z="0"/><Vertex X="10887" Y="7329" Z="0"/><Vertex X="10923" Y="7365" Z="0"/><Vertex X="10958" Y="7401" Z="0"/><Vertex X="10994" Y="7401" Z="0"/><Vertex X="11030" Y="7401" Z="0"/><Vertex X="11066" Y="7401" Z="0"/><Vertex X="11066" Y="7437" Z="0"/><Vertex X="11102" Y="7437" Z="0"/><Vertex X="11102" Y="7509" Z="0"/><Vertex X="11138" Y="7509" Z="0"/><Vertex X="11174" Y="7509" Z="0"/><Vertex X="11174" Y="7545" Z="0"/><Vertex X="11210" Y="7545" Z="0"/><Vertex X="11210" Y="7581" Z="0"/><Vertex X="11246" Y="7581" Z="0"/><Vertex X="11282" Y="7581" Z="0"/><Vertex X="11318" Y="7581" Z="0"/><Vertex X="11354" Y="7581" Z="0"/><Vertex X="11390" Y="7581" Z="0"/><Vertex X="11426" Y="7581" Z="0"/><Vertex X="11426" Y="7545" Z="0"/><Vertex X="11461" Y="7545" Z="0"/><Vertex X="11533" Y="7545" Z="0"/><Vertex X="11533" Y="7473" Z="0"/><Vertex X="11569" Y="7473" Z="0"/><Vertex X="11605" Y="7437" Z="0"/><Vertex X="11641" Y="7437" Z="0"/><Vertex X="11677" Y="7437" Z="0"/><Vertex X="11677" Y="7401" Z="0"/><Vertex X="11713" Y="7401" Z="0"/><Vertex X="11749" Y="7365" Z="0"/><Vertex X="11785" Y="7329" Z="0"/><Vertex X="11857" Y="7329" Z="0"/><Vertex X="11857" Y="7293" Z="0"/><Vertex X="11857" Y="7257" Z="0"/><Vertex X="11893" Y="7257" Z="0"/><Vertex X="11928" Y="7222" Z="0"/><Vertex X="11964" Y="7186" Z="0"/><Vertex X="11964" Y="7150" Z="0"/><Vertex X="12000" Y="7114" Z="0"/><Vertex X="12000" Y="7078" Z="0"/><Vertex X="12036" Y="7078" Z="0"/><Vertex X="12036" Y="7042" Z="0"/><Vertex X="12072" Y="7042" Z="0"/><Vertex X="12072" Y="6934" Z="0"/><Vertex X="12144" Y="6898" Z="0"/><Vertex X="12144" Y="6862" Z="0"/><Vertex X="12180" Y="6826" Z="0"/><Vertex X="12180" Y="6790" Z="0"/><Vertex X="12180" Y="6754" Z="0"/><Vertex X="12180" Y="6719" Z="0"/><Vertex X="12180" Y="6683" Z="0"/><Vertex X="12180" Y="6647" Z="0"/><Vertex X="12180" Y="6611" Z="0"/><Vertex X="12180" Y="6539" Z="0"/><Vertex X="12180" Y="6503" Z="0"/><Vertex X="12180" Y="6395" Z="0"/><Vertex X="12180" Y="6323" Z="0"/><Vertex X="12108" Y="6251" Z="0"/><Vertex X="12108" Y="6144" Z="0"/><Vertex X="12108" Y="6072" Z="0"/><Vertex X="12108" Y="6036" Z="0"/><Vertex X="12108" Y="5964" Z="0"/><Vertex X="12108" Y="5928" Z="0"/><Vertex X="12108" Y="5856" Z="0"/><Vertex X="12072" Y="5820" Z="0"/><Vertex X="12072" Y="5748" Z="0"/><Vertex X="12072" Y="5713" Z="0"/><Vertex X="12036" Y="5713" Z="0"/><Vertex X="12036" Y="5677" Z="0"/><Vertex X="12036" Y="5641" Z="0"/><Vertex X="12000" Y="5641" Z="0"/><Vertex X="12000" Y="5605" Z="0"/><Vertex X="11964" Y="5605" Z="0"/><Vertex X="11964" Y="5569" Z="0"/><Vertex X="11928" Y="5533" Z="0"/><Vertex X="11893" Y="5497" Z="0"/><Vertex X="11893" Y="5461" Z="0"/><Vertex X="11821" Y="5425" Z="0"/><Vertex X="11785" Y="5425" Z="0"/><Vertex X="11785" Y="5389" Z="0"/><Vertex X="11785" Y="5317" Z="0"/><Vertex X="11785" Y="5245" Z="0"/><Vertex X="11785" Y="5210" Z="0"/><Vertex X="11785" Y="5174" Z="0"/><Vertex X="11785" Y="5102" Z="0"/><Vertex X="11785" Y="5030" Z="0"/><Vertex X="11785" Y="4922" Z="0"/><Vertex X="11785" Y="4886" Z="0"/><Vertex X="11785" Y="4850" Z="0"/><Vertex X="11785" Y="4742" Z="0"/><Vertex X="11857" Y="4599" Z="0"/><Vertex X="11857" Y="4563" Z="0"/><Vertex X="11857" Y="4527" Z="0"/><Vertex X="11857" Y="4491" Z="0"/><Vertex X="11893" Y="4455" Z="0"/><Vertex X="11893" Y="4419" Z="0"/><Vertex X="11893" Y="4383" Z="0"/><Vertex X="11893" Y="4347" Z="0"/><Vertex X="11893" Y="4311" Z="0"/><Vertex X="11928" Y="4275" Z="0"/><Vertex X="11964" Y="4204" Z="0"/><Vertex X="11964" Y="4132" Z="0"/><Vertex X="12000" Y="4132" Z="0"/><Vertex X="12000" Y="4060" Z="0"/><Vertex X="12000" Y="4024" Z="0"/><Vertex X="12036" Y="4024" Z="0"/><Vertex X="12072" Y="3988" Z="0"/><Vertex X="12072" Y="3952" Z="0"/><Vertex X="12108" Y="3880" Z="0"/><Vertex X="12180" Y="3844" Z="0"/><Vertex X="12216" Y="3772" Z="0"/><Vertex X="12216" Y="3737" Z="0"/><Vertex X="12216" Y="3701" Z="0"/><Vertex X="12216" Y="3665" Z="0"/><Vertex X="12216" Y="3629" Z="0"/><Vertex X="12216" Y="3557" Z="0"/><Vertex X="12216" Y="3485" Z="0"/><Vertex X="12216" Y="3449" Z="0"/><Vertex X="12216" Y="3413" Z="0"/><Vertex X="12216" Y="3377" Z="0"/><Vertex X="12216" Y="3341" Z="0"/><Vertex X="12252" Y="3305" Z="0"/><Vertex X="12252" Y="3234" Z="0"/><Vertex X="12288" Y="3162" Z="0"/><Vertex X="12288" Y="3126" Z="0"/><Vertex X="12288" Y="3090" Z="0"/><Vertex X="12324" Y="3054" Z="0"/><Vertex X="12324" Y="2982" Z="0"/><Vertex X="12324" Y="2910" Z="0"/><Vertex X="12360" Y="2838" Z="0"/><Vertex X="12360" Y="2802" Z="0"/><Vertex X="12360" Y="2766" Z="0"/><Vertex X="12360" Y="2731" Z="0"/><Vertex X="12360" Y="2695" Z="0"/><Vertex X="12360" Y="2623" Z="0"/><Vertex X="12360" Y="2587" Z="0"/><Vertex X="12360" Y="2551" Z="0"/><Vertex X="12324" Y="2479" Z="0"/><Vertex X="12324" Y="2407" Z="0"/><Vertex X="12288" Y="2335" Z="0"/><Vertex X="12288" Y="2299" Z="0"/><Vertex X="12288" Y="2263" Z="0"/><Vertex X="12288" Y="2228" Z="0"/><Vertex X="12288" Y="2192" Z="0"/><Vertex X="12288" Y="2156" Z="0"/><Vertex X="12288" Y="2120" Z="0"/><Vertex X="12324" Y="2048" Z="0"/><Vertex X="12324" Y="2012" Z="0"/><Vertex X="12360" Y="2012" Z="0"/><Vertex X="12396" Y="1976" Z="0"/><Vertex X="12467" Y="1940" Z="0"/><Vertex X="12503" Y="1940" Z="0"/><Vertex X="12539" Y="1940" Z="0"/><Vertex X="12539" Y="1904" Z="0"/><Vertex X="12539" Y="1868" Z="0"/><Vertex X="12575" Y="1868" Z="0"/><Vertex X="12575" Y="1832" Z="0"/><Vertex X="12575" Y="1760" Z="0"/><Vertex X="12575" Y="1725" Z="0"/><Vertex X="12575" Y="1689" Z="0"/><Vertex X="12575" Y="1617" Z="0"/><Vertex X="12575" Y="1581" Z="0"/><Vertex X="12575" Y="1509" Z="0"/><Vertex X="12575" Y="1437" Z="0"/><Vertex X="12575" Y="1365" Z="0"/><Vertex X="12575" Y="1329" Z="0"/><Vertex X="12539" Y="1329" Z="0"/><Vertex X="12539" Y="1293" Z="0"/><Vertex X="12539" Y="1257" Z="0"/><Vertex X="12503" Y="1222" Z="0"/><Vertex X="12467" Y="1186" Z="0"/><Vertex X="12431" Y="1150" Z="0"/><Vertex X="12396" Y="1150" Z="0"/><Vertex X="12360" Y="1114" Z="0"/><Vertex X="12360" Y="1078" Z="0"/><Vertex X="12324" Y="1042" Z="0"/><Vertex X="12252" Y="1006" Z="0"/><Vertex X="12216" Y="970" Z="0"/><Vertex X="12144" Y="934" Z="0"/><Vertex X="12108" Y="934" Z="0"/><Vertex X="12072" Y="934" Z="0"/><Vertex X="12072" Y="898" Z="0"/><Vertex X="12036" Y="898" Z="0"/><Vertex X="12000" Y="898" Z="0"/><Vertex X="12000" Y="862" Z="0"/><Vertex X="11964" Y="862" Z="0"/><Vertex X="11928" Y="862" Z="0"/><Vertex X="11928" Y="826" Z="0"/><Vertex X="11857" Y="826" Z="0"/><Vertex X="11821" Y="826" Z="0"/><Vertex X="11785" Y="826" Z="0"/><Vertex X="11749" Y="826" Z="0"/><Vertex X="11713" Y="826" Z="0"/><Vertex X="11677" Y="826" Z="0"/><Vertex X="11641" Y="826" Z="0"/><Vertex X="11605" Y="826" Z="0"/><Vertex X="11569" Y="826" Z="0"/><Vertex X="11533" Y="826" Z="0"/><Vertex X="11497" Y="826" Z="0"/><Vertex X="11461" Y="826" Z="0"/><Vertex X="11426" Y="826" Z="0"/><Vertex X="11390" Y="826" Z="0"/><Vertex X="11354" Y="826" Z="0"/><Vertex X="11318" Y="826" Z="0"/><Vertex X="11282" Y="826" Z="0"/><Vertex X="11246" Y="826" Z="0"/><Vertex X="11210" Y="826" Z="0"/><Vertex X="11174" Y="826" Z="0"/><Vertex X="11174" Y="862" Z="0"/><Vertex X="11138" Y="862" Z="0"/><Vertex X="11102" Y="898" Z="0"/><Vertex X="11066" Y="898" Z="0"/><Vertex X="11030" Y="898" Z="0"/><Vertex X="10994" Y="934" Z="0"/><Vertex X="10994" Y="970" Z="0"/><Vertex X="10958" Y="970" Z="0"/><Vertex X="10923" Y="970" Z="0"/><Vertex X="10887" Y="1042" Z="0"/><Vertex X="10887" Y="1078" Z="0"/><Vertex X="10851" Y="1078" Z="0"/><Vertex X="10779" Y="1078" Z="0"/><Vertex X="10779" Y="1114" Z="0"/><Vertex X="10743" Y="1150" Z="0"/><Vertex X="10707" Y="1186" Z="0"/><Vertex X="10707" Y="1222" Z="0"/><Vertex X="10707" Y="1257" Z="0"/><Vertex X="10707" Y="1293" Z="0"/><Vertex X="10707" Y="1329" Z="0"/><Vertex X="10599" Y="1293" Z="0"/></Vertices></Region><Region Id="3" Type="0" Zoom="0.027833" Selected="0" ImageLocation="" ImageFocus="-1" Length="29384.2" Area="23349332.0" LengthMicrons="14498.1" AreaMicrons="5684244.7" Text="" NegativeROA="0" InputRegionId="0" Analyze="1" DisplayId="3"><Attributes></Attributes><Vertices><Vertex X="13185" Y="11820" Z="0"/><Vertex X="13149" Y="11820" Z="0"/><Vertex X="13113" Y="11856" Z="0"/><Vertex X="13078" Y="11928" Z="0"/><Vertex X="13078" Y="11964" Z="0"/><Vertex X="13042" Y="12000" Z="0"/><Vertex X="13042" Y="12071" Z="0"/><Vertex X="13006" Y="12071" Z="0"/><Vertex X="13006" Y="12107" Z="0"/><Vertex X="12970" Y="12107" Z="0"/><Vertex X="12970" Y="12143" Z="0"/><Vertex X="12970" Y="12179" Z="0"/><Vertex X="12898" Y="12179" Z="0"/><Vertex X="12898" Y="12215" Z="0"/><Vertex X="12862" Y="12215" Z="0"/><Vertex X="12862" Y="12251" Z="0"/><Vertex X="12826" Y="12251" Z="0"/><Vertex X="12826" Y="12323" Z="0"/><Vertex X="12790" Y="12323" Z="0"/><Vertex X="12790" Y="12359" Z="0"/><Vertex X="12754" Y="12431" Z="0"/><Vertex X="12718" Y="12503" Z="0"/><Vertex X="12682" Y="12503" Z="0"/><Vertex X="12682" Y="12574" Z="0"/><Vertex X="12646" Y="12646" Z="0"/><Vertex X="12646" Y="12682" Z="0"/><Vertex X="12610" Y="12718" Z="0"/><Vertex X="12610" Y="12754" Z="0"/><Vertex X="12575" Y="12754" Z="0"/><Vertex X="12575" Y="12790" Z="0"/><Vertex X="12575" Y="12826" Z="0"/><Vertex X="12539" Y="12826" Z="0"/><Vertex X="12539" Y="12898" Z="0"/><Vertex X="12539" Y="12934" Z="0"/><Vertex X="12539" Y="12970" Z="0"/><Vertex X="12503" Y="13006" Z="0"/><Vertex X="12503" Y="13041" Z="0"/><Vertex X="12467" Y="13077" Z="0"/><Vertex X="12467" Y="13113" Z="0"/><Vertex X="12467" Y="13185" Z="0"/><Vertex X="12467" Y="13221" Z="0"/><Vertex X="12467" Y="13257" Z="0"/><Vertex X="12467" Y="13293" Z="0"/><Vertex X="12467" Y="13329" Z="0"/><Vertex X="12503" Y="13329" Z="0"/><Vertex X="12503" Y="13365" Z="0"/><Vertex X="12503" Y="13401" Z="0"/><Vertex X="12503" Y="13437" Z="0"/><Vertex X="12539" Y="13473" Z="0"/><Vertex X="12575" Y="13509" Z="0"/><Vertex X="12610" Y="13509" Z="0"/><Vertex X="12610" Y="13544" Z="0"/><Vertex X="12646" Y="13544" Z="0"/><Vertex X="12682" Y="13580" Z="0"/><Vertex X="12718" Y="13616" Z="0"/><Vertex X="12718" Y="13652" Z="0"/><Vertex X="12754" Y="13688" Z="0"/><Vertex X="12790" Y="13724" Z="0"/><Vertex X="12790" Y="13760" Z="0"/><Vertex X="12826" Y="13760" Z="0"/><Vertex X="12862" Y="13760" Z="0"/><Vertex X="12898" Y="13796" Z="0"/><Vertex X="12934" Y="13796" Z="0"/><Vertex X="12970" Y="13796" Z="0"/><Vertex X="12970" Y="13832" Z="0"/><Vertex X="13006" Y="13832" Z="0"/><Vertex X="13006" Y="13868" Z="0"/><Vertex X="13042" Y="13868" Z="0"/><Vertex X="13078" Y="13868" Z="0"/><Vertex X="13113" Y="13904" Z="0"/><Vertex X="13149" Y="13904" Z="0"/><Vertex X="13149" Y="13976" Z="0"/><Vertex X="13185" Y="13976" Z="0"/><Vertex X="13221" Y="13976" Z="0"/><Vertex X="13257" Y="13976" Z="0"/><Vertex X="13257" Y="14012" Z="0"/><Vertex X="13293" Y="14047" Z="0"/><Vertex X="13329" Y="14047" Z="0"/><Vertex X="13365" Y="14083" Z="0"/><Vertex X="13401" Y="14119" Z="0"/><Vertex X="13437" Y="14119" Z="0"/><Vertex X="13473" Y="14155" Z="0"/><Vertex X="13473" Y="14227" Z="0"/><Vertex X="13509" Y="14263" Z="0"/><Vertex X="13545" Y="14263" Z="0"/><Vertex X="13545" Y="14299" Z="0"/><Vertex X="13581" Y="14335" Z="0"/><Vertex X="13652" Y="14335" Z="0"/><Vertex X="13688" Y="14371" Z="0"/><Vertex X="13724" Y="14407" Z="0"/><Vertex X="13724" Y="14443" Z="0"/><Vertex X="13760" Y="14443" Z="0"/><Vertex X="13832" Y="14443" Z="0"/><Vertex X="13904" Y="14443" Z="0"/><Vertex X="13976" Y="14443" Z="0"/><Vertex X="14048" Y="14443" Z="0"/><Vertex X="14119" Y="14443" Z="0"/><Vertex X="14155" Y="14443" Z="0"/><Vertex X="14227" Y="14443" Z="0"/><Vertex X="14263" Y="14443" Z="0"/><Vertex X="14299" Y="14443" Z="0"/><Vertex X="14335" Y="14443" Z="0"/><Vertex X="14371" Y="14443" Z="0"/><Vertex X="14407" Y="14443" Z="0"/><Vertex X="14479" Y="14443" Z="0"/><Vertex X="14515" Y="14443" Z="0"/><Vertex X="14551" Y="14443" Z="0"/><Vertex X="14551" Y="14479" Z="0"/><Vertex X="14587" Y="14479" Z="0"/><Vertex X="14622" Y="14479" Z="0"/><Vertex X="14658" Y="14514" Z="0"/><Vertex X="14694" Y="14514" Z="0"/><Vertex X="14730" Y="14514" Z="0"/><Vertex X="14766" Y="14514" Z="0"/><Vertex X="14802" Y="14514" Z="0"/><Vertex X="14802" Y="14550" Z="0"/><Vertex X="14838" Y="14550" Z="0"/><Vertex X="14874" Y="14550" Z="0"/><Vertex X="14874" Y="14586" Z="0"/><Vertex X="14910" Y="14586" Z="0"/><Vertex X="14910" Y="14622" Z="0"/><Vertex X="14946" Y="14622" Z="0"/><Vertex X="15018" Y="14658" Z="0"/><Vertex X="15054" Y="14658" Z="0"/><Vertex X="15054" Y="14694" Z="0"/><Vertex X="15054" Y="14730" Z="0"/><Vertex X="15090" Y="14730" Z="0"/><Vertex X="15125" Y="14730" Z="0"/><Vertex X="15125" Y="14766" Z="0"/><Vertex X="15161" Y="14766" Z="0"/><Vertex X="15161" Y="14802" Z="0"/><Vertex X="15197" Y="14802" Z="0"/><Vertex X="15233" Y="14802" Z="0"/><Vertex X="15269" Y="14802" Z="0"/><Vertex X="15269" Y="14838" Z="0"/><Vertex X="15305" Y="14838" Z="0"/><Vertex X="15341" Y="14838" Z="0"/><Vertex X="15341" Y="14874" Z="0"/><Vertex X="15377" Y="14910" Z="0"/><Vertex X="15413" Y="14910" Z="0"/><Vertex X="15449" Y="14910" Z="0"/><Vertex X="15485" Y="14910" Z="0"/><Vertex X="15521" Y="14910" Z="0"/><Vertex X="15521" Y="14946" Z="0"/><Vertex X="15593" Y="14946" Z="0"/><Vertex X="15628" Y="14946" Z="0"/><Vertex X="15628" Y="15017" Z="0"/><Vertex X="15700" Y="15017" Z="0"/><Vertex X="15736" Y="15017" Z="0"/><Vertex X="15808" Y="15017" Z="0"/><Vertex X="15844" Y="15017" Z="0"/><Vertex X="15880" Y="15017" Z="0"/><Vertex X="15916" Y="15053" Z="0"/><Vertex X="15952" Y="15053" Z="0"/><Vertex X="15988" Y="15053" Z="0"/><Vertex X="16024" Y="15089" Z="0"/><Vertex X="16096" Y="15089" Z="0"/><Vertex X="16131" Y="15089" Z="0"/><Vertex X="16167" Y="15089" Z="0"/><Vertex X="16167" Y="15125" Z="0"/><Vertex X="16203" Y="15125" Z="0"/><Vertex X="16239" Y="15125" Z="0"/><Vertex X="16275" Y="15125" Z="0"/><Vertex X="16347" Y="15125" Z="0"/><Vertex X="16383" Y="15125" Z="0"/><Vertex X="16419" Y="15125" Z="0"/><Vertex X="16455" Y="15125" Z="0"/><Vertex X="16455" Y="15161" Z="0"/><Vertex X="16491" Y="15161" Z="0"/><Vertex X="16527" Y="15161" Z="0"/><Vertex X="16563" Y="15161" Z="0"/><Vertex X="16598" Y="15161" Z="0"/><Vertex X="16634" Y="15161" Z="0"/><Vertex X="16634" Y="15197" Z="0"/><Vertex X="16670" Y="15197" Z="0"/><Vertex X="16706" Y="15197" Z="0"/><Vertex X="16706" Y="15233" Z="0"/><Vertex X="16742" Y="15233" Z="0"/><Vertex X="16778" Y="15233" Z="0"/><Vertex X="16814" Y="15233" Z="0"/><Vertex X="16850" Y="15233" Z="0"/><Vertex X="16886" Y="15233" Z="0"/><Vertex X="16922" Y="15233" Z="0"/><Vertex X="16958" Y="15233" Z="0"/><Vertex X="16994" Y="15233" Z="0"/><Vertex X="17030" Y="15233" Z="0"/><Vertex X="17066" Y="15233" Z="0"/><Vertex X="17101" Y="15233" Z="0"/><Vertex X="17137" Y="15233" Z="0"/><Vertex X="17173" Y="15233" Z="0"/><Vertex X="17209" Y="15233" Z="0"/><Vertex X="17245" Y="15233" Z="0"/><Vertex X="17281" Y="15233" Z="0"/><Vertex X="17317" Y="15233" Z="0"/><Vertex X="17389" Y="15233" Z="0"/><Vertex X="17425" Y="15233" Z="0"/><Vertex X="17461" Y="15305" Z="0"/><Vertex X="17497" Y="15305" Z="0"/><Vertex X="17533" Y="15305" Z="0"/><Vertex X="17569" Y="15305" Z="0"/><Vertex X="17604" Y="15305" Z="0"/><Vertex X="17640" Y="15305" Z="0"/><Vertex X="17676" Y="15341" Z="0"/><Vertex X="17712" Y="15341" Z="0"/><Vertex X="17748" Y="15341" Z="0"/><Vertex X="17784" Y="15341" Z="0"/><Vertex X="17820" Y="15341" Z="0"/><Vertex X="17856" Y="15341" Z="0"/><Vertex X="17892" Y="15377" Z="0"/><Vertex X="17928" Y="15377" Z="0"/><Vertex X="17964" Y="15377" Z="0"/><Vertex X="18000" Y="15413" Z="0"/><Vertex X="18036" Y="15413" Z="0"/><Vertex X="18072" Y="15413" Z="0"/><Vertex X="18072" Y="15449" Z="0"/><Vertex X="18107" Y="15449" Z="0"/><Vertex X="18143" Y="15485" Z="0"/><Vertex X="18179" Y="15485" Z="0"/><Vertex X="18215" Y="15520" Z="0"/><Vertex X="18251" Y="15520" Z="0"/><Vertex X="18287" Y="15556" Z="0"/><Vertex X="18323" Y="15592" Z="0"/><Vertex X="18359" Y="15592" Z="0"/><Vertex X="18359" Y="15628" Z="0"/><Vertex X="18395" Y="15628" Z="0"/><Vertex X="18467" Y="15628" Z="0"/><Vertex X="18467" Y="15664" Z="0"/><Vertex X="18503" Y="15700" Z="0"/><Vertex X="18539" Y="15700" Z="0"/><Vertex X="18575" Y="15736" Z="0"/><Vertex X="18610" Y="15736" Z="0"/><Vertex X="18646" Y="15772" Z="0"/><Vertex X="18646" Y="15808" Z="0"/><Vertex X="18718" Y="15844" Z="0"/><Vertex X="18754" Y="15880" Z="0"/><Vertex X="18790" Y="15916" Z="0"/><Vertex X="18826" Y="15916" Z="0"/><Vertex X="18862" Y="15952" Z="0"/><Vertex X="18898" Y="15952" Z="0"/><Vertex X="18934" Y="15988" Z="0"/><Vertex X="19006" Y="15988" Z="0"/><Vertex X="19042" Y="15988" Z="0"/><Vertex X="19042" Y="16023" Z="0"/><Vertex X="19078" Y="16023" Z="0"/><Vertex X="19078" Y="16059" Z="0"/><Vertex X="19113" Y="16059" Z="0"/><Vertex X="19149" Y="16095" Z="0"/><Vertex X="19185" Y="16095" Z="0"/><Vertex X="19221" Y="16131" Z="0"/><Vertex X="19257" Y="16131" Z="0"/><Vertex X="19293" Y="16131" Z="0"/><Vertex X="19329" Y="16167" Z="0"/><Vertex X="19365" Y="16203" Z="0"/><Vertex X="19401" Y="16203" Z="0"/><Vertex X="19437" Y="16203" Z="0"/><Vertex X="19473" Y="16239" Z="0"/><Vertex X="19509" Y="16239" Z="0"/><Vertex X="19545" Y="16275" Z="0"/><Vertex X="19581" Y="16275" Z="0"/><Vertex X="19616" Y="16275" Z="0"/><Vertex X="19652" Y="16311" Z="0"/><Vertex X="19688" Y="16311" Z="0"/><Vertex X="19688" Y="16383" Z="0"/><Vertex X="19724" Y="16383" Z="0"/><Vertex X="19796" Y="16383" Z="0"/><Vertex X="19832" Y="16383" Z="0"/><Vertex X="19868" Y="16419" Z="0"/><Vertex X="19904" Y="16419" Z="0"/><Vertex X="19940" Y="16419" Z="0"/><Vertex X="19976" Y="16455" Z="0"/><Vertex X="20048" Y="16455" Z="0"/><Vertex X="20084" Y="16455" Z="0"/><Vertex X="20084" Y="16491" Z="0"/><Vertex X="20119" Y="16491" Z="0"/><Vertex X="20155" Y="16491" Z="0"/><Vertex X="20191" Y="16491" Z="0"/><Vertex X="20227" Y="16491" Z="0"/><Vertex X="20263" Y="16491" Z="0"/><Vertex X="20299" Y="16526" Z="0"/><Vertex X="20335" Y="16526" Z="0"/><Vertex X="20371" Y="16562" Z="0"/><Vertex X="20407" Y="16562" Z="0"/><Vertex X="20443" Y="16598" Z="0"/><Vertex X="20479" Y="16598" Z="0"/><Vertex X="20479" Y="16634" Z="0"/><Vertex X="20515" Y="16634" Z="0"/><Vertex X="20551" Y="16634" Z="0"/><Vertex X="20587" Y="16670" Z="0"/><Vertex X="20622" Y="16670" Z="0"/><Vertex X="20658" Y="16670" Z="0"/><Vertex X="20694" Y="16670" Z="0"/><Vertex X="20730" Y="16670" Z="0"/><Vertex X="20766" Y="16670" Z="0"/><Vertex X="20802" Y="16670" Z="0"/><Vertex X="20838" Y="16670" Z="0"/><Vertex X="20874" Y="16706" Z="0"/><Vertex X="20910" Y="16706" Z="0"/><Vertex X="20946" Y="16706" Z="0"/><Vertex X="20982" Y="16706" Z="0"/><Vertex X="21018" Y="16706" Z="0"/><Vertex X="21089" Y="16706" Z="0"/><Vertex X="21125" Y="16706" Z="0"/><Vertex X="21161" Y="16706" Z="0"/><Vertex X="21197" Y="16706" Z="0"/><Vertex X="21233" Y="16706" Z="0"/><Vertex X="21269" Y="16706" Z="0"/><Vertex X="21269" Y="16670" Z="0"/><Vertex X="21341" Y="16670" Z="0"/><Vertex X="21377" Y="16598" Z="0"/><Vertex X="21413" Y="16598" Z="0"/><Vertex X="21449" Y="16562" Z="0"/><Vertex X="21485" Y="16526" Z="0"/><Vertex X="21521" Y="16491" Z="0"/><Vertex X="21557" Y="16491" Z="0"/><Vertex X="21592" Y="16491" Z="0"/><Vertex X="21592" Y="16455" Z="0"/><Vertex X="21628" Y="16419" Z="0"/><Vertex X="21664" Y="16419" Z="0"/><Vertex X="21700" Y="16419" Z="0"/><Vertex X="21700" Y="16347" Z="0"/><Vertex X="21736" Y="16347" Z="0"/><Vertex X="21772" Y="16311" Z="0"/><Vertex X="21808" Y="16311" Z="0"/><Vertex X="21808" Y="16275" Z="0"/><Vertex X="21844" Y="16275" Z="0"/><Vertex X="21880" Y="16239" Z="0"/><Vertex X="21916" Y="16239" Z="0"/><Vertex X="21952" Y="16239" Z="0"/><Vertex X="21952" Y="16203" Z="0"/><Vertex X="21988" Y="16167" Z="0"/><Vertex X="22024" Y="16167" Z="0"/><Vertex X="22024" Y="16131" Z="0"/><Vertex X="22060" Y="16095" Z="0"/><Vertex X="22131" Y="16095" Z="0"/><Vertex X="22167" Y="16059" Z="0"/><Vertex X="22167" Y="16023" Z="0"/><Vertex X="22203" Y="16023" Z="0"/><Vertex X="22239" Y="16023" Z="0"/><Vertex X="22239" Y="15988" Z="0"/><Vertex X="22275" Y="15988" Z="0"/><Vertex X="22311" Y="15952" Z="0"/><Vertex X="22347" Y="15952" Z="0"/><Vertex X="22419" Y="15916" Z="0"/><Vertex X="22419" Y="15880" Z="0"/><Vertex X="22455" Y="15880" Z="0"/><Vertex X="22455" Y="15844" Z="0"/><Vertex X="22491" Y="15844" Z="0"/><Vertex X="22491" Y="15808" Z="0"/><Vertex X="22527" Y="15772" Z="0"/><Vertex X="22527" Y="15736" Z="0"/><Vertex X="22563" Y="15700" Z="0"/><Vertex X="22563" Y="15664" Z="0"/><Vertex X="22598" Y="15664" Z="0"/><Vertex X="22598" Y="15628" Z="0"/><Vertex X="22598" Y="15592" Z="0"/><Vertex X="22598" Y="15556" Z="0"/><Vertex X="22670" Y="15520" Z="0"/><Vertex X="22670" Y="15485" Z="0"/><Vertex X="22706" Y="15485" Z="0"/><Vertex X="22706" Y="15449" Z="0"/><Vertex X="22742" Y="15449" Z="0"/><Vertex X="22742" Y="15413" Z="0"/><Vertex X="22742" Y="15377" Z="0"/><Vertex X="22742" Y="15269" Z="0"/><Vertex X="22778" Y="15233" Z="0"/><Vertex X="22778" Y="15197" Z="0"/><Vertex X="22814" Y="15161" Z="0"/><Vertex X="22814" Y="15125" Z="0"/><Vertex X="22814" Y="15089" Z="0"/><Vertex X="22814" Y="15053" Z="0"/><Vertex X="22814" Y="14982" Z="0"/><Vertex X="22814" Y="14946" Z="0"/><Vertex X="22778" Y="14910" Z="0"/><Vertex X="22778" Y="14874" Z="0"/><Vertex X="22742" Y="14838" Z="0"/><Vertex X="22706" Y="14802" Z="0"/><Vertex X="22706" Y="14766" Z="0"/><Vertex X="22670" Y="14766" Z="0"/><Vertex X="22634" Y="14694" Z="0"/><Vertex X="22598" Y="14658" Z="0"/><Vertex X="22563" Y="14622" Z="0"/><Vertex X="22563" Y="14586" Z="0"/><Vertex X="22563" Y="14550" Z="0"/><Vertex X="22527" Y="14514" Z="0"/><Vertex X="22491" Y="14514" Z="0"/><Vertex X="22491" Y="14443" Z="0"/><Vertex X="22455" Y="14443" Z="0"/><Vertex X="22455" Y="14407" Z="0"/><Vertex X="22383" Y="14407" Z="0"/><Vertex X="22347" Y="14407" Z="0"/><Vertex X="22347" Y="14371" Z="0"/><Vertex X="22311" Y="14335" Z="0"/><Vertex X="22275" Y="14335" Z="0"/><Vertex X="22239" Y="14335" Z="0"/><Vertex X="22167" Y="14299" Z="0"/><Vertex X="22095" Y="14263" Z="0"/><Vertex X="22060" Y="14263" Z="0"/><Vertex X="22060" Y="14227" Z="0"/><Vertex X="22024" Y="14227" Z="0"/><Vertex X="21988" Y="14227" Z="0"/><Vertex X="21952" Y="14191" Z="0"/><Vertex X="21916" Y="14191" Z="0"/><Vertex X="21880" Y="14191" Z="0"/><Vertex X="21880" Y="14155" Z="0"/><Vertex X="21844" Y="14155" Z="0"/><Vertex X="21808" Y="14155" Z="0"/><Vertex X="21772" Y="14155" Z="0"/><Vertex X="21772" Y="14119" Z="0"/><Vertex X="21736" Y="14119" Z="0"/><Vertex X="21700" Y="14119" Z="0"/><Vertex X="21664" Y="14119" Z="0"/><Vertex X="21628" Y="14119" Z="0"/><Vertex X="21592" Y="14083" Z="0"/><Vertex X="21557" Y="14083" Z="0"/><Vertex X="21521" Y="14083" Z="0"/><Vertex X="21485" Y="14083" Z="0"/><Vertex X="21449" Y="14083" Z="0"/><Vertex X="21413" Y="14083" Z="0"/><Vertex X="21377" Y="14083" Z="0"/><Vertex X="21305" Y="14083" Z="0"/><Vertex X="21305" Y="14119" Z="0"/><Vertex X="21269" Y="14119" Z="0"/><Vertex X="21269" Y="14155" Z="0"/><Vertex X="21233" Y="14155" Z="0"/><Vertex X="21233" Y="14191" Z="0"/><Vertex X="21233" Y="14227" Z="0"/><Vertex X="21197" Y="14227" Z="0"/><Vertex X="21197" Y="14263" Z="0"/><Vertex X="21161" Y="14263" Z="0"/><Vertex X="21161" Y="14299" Z="0"/><Vertex X="21161" Y="14335" Z="0"/><Vertex X="21125" Y="14335" Z="0"/><Vertex X="21125" Y="14371" Z="0"/><Vertex X="21125" Y="14407" Z="0"/><Vertex X="21125" Y="14443" Z="0"/><Vertex X="21054" Y="14479" Z="0"/><Vertex X="21054" Y="14514" Z="0"/><Vertex X="21054" Y="14550" Z="0"/><Vertex X="21018" Y="14550" Z="0"/><Vertex X="21018" Y="14586" Z="0"/><Vertex X="21018" Y="14622" Z="0"/><Vertex X="20982" Y="14622" Z="0"/><Vertex X="20946" Y="14622" Z="0"/><Vertex X="20910" Y="14658" Z="0"/><Vertex X="20910" Y="14730" Z="0"/><Vertex X="20838" Y="14730" Z="0"/><Vertex X="20766" Y="14766" Z="0"/><Vertex X="20730" Y="14766" Z="0"/><Vertex X="20694" Y="14766" Z="0"/><Vertex X="20658" Y="14766" Z="0"/><Vertex X="20622" Y="14766" Z="0"/><Vertex X="20587" Y="14766" Z="0"/><Vertex X="20587" Y="14694" Z="0"/><Vertex X="20587" Y="14658" Z="0"/><Vertex X="20515" Y="14658" Z="0"/><Vertex X="20515" Y="14622" Z="0"/><Vertex X="20515" Y="14586" Z="0"/><Vertex X="20515" Y="14550" Z="0"/><Vertex X="20515" Y="14514" Z="0"/><Vertex X="20551" Y="14514" Z="0"/><Vertex X="20551" Y="14443" Z="0"/><Vertex X="20551" Y="14407" Z="0"/><Vertex X="20551" Y="14371" Z="0"/><Vertex X="20551" Y="14335" Z="0"/><Vertex X="20587" Y="14335" Z="0"/><Vertex X="20587" Y="14299" Z="0"/><Vertex X="20587" Y="14263" Z="0"/><Vertex X="20587" Y="14227" Z="0"/><Vertex X="20587" Y="14191" Z="0"/><Vertex X="20587" Y="14155" Z="0"/><Vertex X="20587" Y="14119" Z="0"/><Vertex X="20587" Y="14083" Z="0"/><Vertex X="20587" Y="14047" Z="0"/><Vertex X="20587" Y="14012" Z="0"/><Vertex X="20587" Y="13976" Z="0"/><Vertex X="20587" Y="13940" Z="0"/><Vertex X="20587" Y="13904" Z="0"/><Vertex X="20587" Y="13868" Z="0"/><Vertex X="20587" Y="13832" Z="0"/><Vertex X="20515" Y="13832" Z="0"/><Vertex X="20479" Y="13796" Z="0"/><Vertex X="20443" Y="13796" Z="0"/><Vertex X="20407" Y="13760" Z="0"/><Vertex X="20371" Y="13760" Z="0"/><Vertex X="20299" Y="13760" Z="0"/><Vertex X="20263" Y="13760" Z="0"/><Vertex X="20227" Y="13760" Z="0"/><Vertex X="20191" Y="13760" Z="0"/><Vertex X="20155" Y="13760" Z="0"/><Vertex X="20119" Y="13760" Z="0"/><Vertex X="20084" Y="13760" Z="0"/><Vertex X="20048" Y="13760" Z="0"/><Vertex X="20012" Y="13760" Z="0"/><Vertex X="19976" Y="13760" Z="0"/><Vertex X="19940" Y="13760" Z="0"/><Vertex X="19904" Y="13760" Z="0"/><Vertex X="19868" Y="13760" Z="0"/><Vertex X="19832" Y="13760" Z="0"/><Vertex X="19832" Y="13724" Z="0"/><Vertex X="19796" Y="13724" Z="0"/><Vertex X="19760" Y="13724" Z="0"/><Vertex X="19724" Y="13724" Z="0"/><Vertex X="19724" Y="13652" Z="0"/><Vertex X="19688" Y="13652" Z="0"/><Vertex X="19652" Y="13652" Z="0"/><Vertex X="19616" Y="13652" Z="0"/><Vertex X="19581" Y="13652" Z="0"/><Vertex X="19545" Y="13652" Z="0"/><Vertex X="19473" Y="13616" Z="0"/><Vertex X="19401" Y="13580" Z="0"/><Vertex X="19365" Y="13580" Z="0"/><Vertex X="19365" Y="13544" Z="0"/><Vertex X="19329" Y="13544" Z="0"/><Vertex X="19293" Y="13544" Z="0"/><Vertex X="19257" Y="13544" Z="0"/><Vertex X="19221" Y="13544" Z="0"/><Vertex X="19185" Y="13544" Z="0"/><Vertex X="19149" Y="13509" Z="0"/><Vertex X="19078" Y="13509" Z="0"/><Vertex X="19078" Y="13473" Z="0"/><Vertex X="19006" Y="13473" Z="0"/><Vertex X="18898" Y="13365" Z="0"/><Vertex X="18826" Y="13365" Z="0"/><Vertex X="18754" Y="13365" Z="0"/><Vertex X="18754" Y="13329" Z="0"/><Vertex X="18682" Y="13329" Z="0"/><Vertex X="18682" Y="13293" Z="0"/><Vertex X="18646" Y="13293" Z="0"/><Vertex X="18610" Y="13257" Z="0"/><Vertex X="18575" Y="13257" Z="0"/><Vertex X="18539" Y="13257" Z="0"/><Vertex X="18539" Y="13221" Z="0"/><Vertex X="18503" Y="13221" Z="0"/><Vertex X="18467" Y="13185" Z="0"/><Vertex X="18431" Y="13185" Z="0"/><Vertex X="18395" Y="13185" Z="0"/><Vertex X="18359" Y="13185" Z="0"/><Vertex X="18323" Y="13185" Z="0"/><Vertex X="18323" Y="13113" Z="0"/><Vertex X="18287" Y="13113" Z="0"/><Vertex X="18251" Y="13113" Z="0"/><Vertex X="18251" Y="13077" Z="0"/><Vertex X="18215" Y="13077" Z="0"/><Vertex X="18179" Y="13077" Z="0"/><Vertex X="18143" Y="13077" Z="0"/><Vertex X="18072" Y="13077" Z="0"/><Vertex X="18036" Y="13041" Z="0"/><Vertex X="18000" Y="13041" Z="0"/><Vertex X="17964" Y="13041" Z="0"/><Vertex X="17928" Y="13006" Z="0"/><Vertex X="17892" Y="13006" Z="0"/><Vertex X="17820" Y="12970" Z="0"/><Vertex X="17784" Y="12970" Z="0"/><Vertex X="17748" Y="12970" Z="0"/><Vertex X="17712" Y="12970" Z="0"/><Vertex X="17676" Y="12934" Z="0"/><Vertex X="17640" Y="12934" Z="0"/><Vertex X="17604" Y="12934" Z="0"/><Vertex X="17604" Y="12898" Z="0"/><Vertex X="17569" Y="12898" Z="0"/><Vertex X="17533" Y="12898" Z="0"/><Vertex X="17497" Y="12898" Z="0"/><Vertex X="17461" Y="12898" Z="0"/><Vertex X="17425" Y="12898" Z="0"/><Vertex X="17425" Y="12826" Z="0"/><Vertex X="17389" Y="12826" Z="0"/><Vertex X="17353" Y="12826" Z="0"/><Vertex X="17317" Y="12826" Z="0"/><Vertex X="17281" Y="12826" Z="0"/><Vertex X="17245" Y="12826" Z="0"/><Vertex X="17209" Y="12826" Z="0"/><Vertex X="17173" Y="12790" Z="0"/><Vertex X="17137" Y="12790" Z="0"/><Vertex X="17101" Y="12790" Z="0"/><Vertex X="17030" Y="12790" Z="0"/><Vertex X="16994" Y="12790" Z="0"/><Vertex X="16994" Y="12754" Z="0"/><Vertex X="16958" Y="12754" Z="0"/><Vertex X="16922" Y="12754" Z="0"/><Vertex X="16886" Y="12754" Z="0"/><Vertex X="16850" Y="12754" Z="0"/><Vertex X="16850" Y="12718" Z="0"/><Vertex X="16778" Y="12718" Z="0"/><Vertex X="16742" Y="12718" Z="0"/><Vertex X="16742" Y="12682" Z="0"/><Vertex X="16706" Y="12682" Z="0"/><Vertex X="16670" Y="12682" Z="0"/><Vertex X="16634" Y="12682" Z="0"/><Vertex X="16598" Y="12682" Z="0"/><Vertex X="16527" Y="12682" Z="0"/><Vertex X="16491" Y="12682" Z="0"/><Vertex X="16491" Y="12646" Z="0"/><Vertex X="16455" Y="12646" Z="0"/><Vertex X="16419" Y="12646" Z="0"/><Vertex X="16383" Y="12646" Z="0"/><Vertex X="16383" Y="12610" Z="0"/><Vertex X="16347" Y="12610" Z="0"/><Vertex X="16347" Y="12574" Z="0"/><Vertex X="16311" Y="12574" Z="0"/><Vertex X="16275" Y="12574" Z="0"/><Vertex X="16239" Y="12574" Z="0"/><Vertex X="16203" Y="12574" Z="0"/><Vertex X="16167" Y="12574" Z="0"/><Vertex X="16131" Y="12574" Z="0"/><Vertex X="16096" Y="12574" Z="0"/><Vertex X="16060" Y="12574" Z="0"/><Vertex X="16024" Y="12574" Z="0"/><Vertex X="15988" Y="12574" Z="0"/><Vertex X="15952" Y="12574" Z="0"/><Vertex X="15916" Y="12574" Z="0"/><Vertex X="15880" Y="12574" Z="0"/><Vertex X="15844" Y="12574" Z="0"/><Vertex X="15844" Y="12538" Z="0"/><Vertex X="15808" Y="12538" Z="0"/><Vertex X="15772" Y="12538" Z="0"/><Vertex X="15736" Y="12503" Z="0"/><Vertex X="15700" Y="12503" Z="0"/><Vertex X="15664" Y="12503" Z="0"/><Vertex X="15628" Y="12503" Z="0"/><Vertex X="15557" Y="12503" Z="0"/><Vertex X="15521" Y="12503" Z="0"/><Vertex X="15449" Y="12503" Z="0"/><Vertex X="15413" Y="12503" Z="0"/><Vertex X="15413" Y="12467" Z="0"/><Vertex X="15377" Y="12467" Z="0"/><Vertex X="15341" Y="12467" Z="0"/><Vertex X="15305" Y="12467" Z="0"/><Vertex X="15269" Y="12467" Z="0"/><Vertex X="15269" Y="12431" Z="0"/><Vertex X="15233" Y="12431" Z="0"/><Vertex X="15161" Y="12431" Z="0"/><Vertex X="15161" Y="12395" Z="0"/><Vertex X="15125" Y="12395" Z="0"/><Vertex X="15090" Y="12395" Z="0"/><Vertex X="15054" Y="12395" Z="0"/><Vertex X="15018" Y="12395" Z="0"/><Vertex X="14982" Y="12395" Z="0"/><Vertex X="14910" Y="12359" Z="0"/><Vertex X="14874" Y="12359" Z="0"/><Vertex X="14838" Y="12359" Z="0"/><Vertex X="14802" Y="12323" Z="0"/><Vertex X="14766" Y="12323" Z="0"/><Vertex X="14730" Y="12323" Z="0"/><Vertex X="14694" Y="12287" Z="0"/><Vertex X="14658" Y="12287" Z="0"/><Vertex X="14622" Y="12251" Z="0"/><Vertex X="14587" Y="12251" Z="0"/><Vertex X="14587" Y="12215" Z="0"/><Vertex X="14551" Y="12215" Z="0"/><Vertex X="14515" Y="12215" Z="0"/><Vertex X="14479" Y="12215" Z="0"/><Vertex X="14443" Y="12215" Z="0"/><Vertex X="14407" Y="12215" Z="0"/><Vertex X="14371" Y="12179" Z="0"/><Vertex X="14335" Y="12179" Z="0"/><Vertex X="14335" Y="12143" Z="0"/><Vertex X="14299" Y="12143" Z="0"/><Vertex X="14263" Y="12143" Z="0"/><Vertex X="14227" Y="12143" Z="0"/><Vertex X="14227" Y="12107" Z="0"/><Vertex X="14191" Y="12107" Z="0"/><Vertex X="14119" Y="12107" Z="0"/><Vertex X="14084" Y="12107" Z="0"/><Vertex X="14084" Y="12071" Z="0"/><Vertex X="14048" Y="12071" Z="0"/><Vertex X="14012" Y="12071" Z="0"/><Vertex X="13976" Y="12000" Z="0"/><Vertex X="13940" Y="12000" Z="0"/><Vertex X="13868" Y="12000" Z="0"/><Vertex X="13832" Y="12000" Z="0"/><Vertex X="13796" Y="12000" Z="0"/><Vertex X="13796" Y="11964" Z="0"/><Vertex X="13760" Y="11964" Z="0"/><Vertex X="13724" Y="11964" Z="0"/><Vertex X="13724" Y="11928" Z="0"/><Vertex X="13688" Y="11928" Z="0"/><Vertex X="13652" Y="11928" Z="0"/><Vertex X="13616" Y="11928" Z="0"/><Vertex X="13581" Y="11928" Z="0"/><Vertex X="13545" Y="11928" Z="0"/><Vertex X="13509" Y="11928" Z="0"/><Vertex X="13473" Y="11928" Z="0"/><Vertex X="13437" Y="11928" Z="0"/><Vertex X="13401" Y="11928" Z="0"/><Vertex X="13365" Y="11928" Z="0"/><Vertex X="13329" Y="11928" Z="0"/><Vertex X="13293" Y="11928" Z="0"/><Vertex X="13185" Y="11820" Z="0"/></Vertices></Region><Region Id="4" Type="0" Zoom="0.027833" Selected="0" ImageLocation="" ImageFocus="-1" Length="16029.3" Area="7899205.0" LengthMicrons="7908.8" AreaMicrons="1923010.6" Text="" NegativeROA="0" InputRegionId="0" Analyze="1" DisplayId="4"><Attributes></Attributes><Vertices><Vertex X="14156" Y="26407" Z="0"/><Vertex X="14120" Y="26407" Z="0"/><Vertex X="14084" Y="26407" Z="0"/><Vertex X="14048" Y="26407" Z="0"/><Vertex X="14012" Y="26407" Z="0"/><Vertex X="13976" Y="26407" Z="0"/><Vertex X="13905" Y="26407" Z="0"/><Vertex X="13869" Y="26407" Z="0"/><Vertex X="13797" Y="26407" Z="0"/><Vertex X="13761" Y="26407" Z="0"/><Vertex X="13725" Y="26407" Z="0"/><Vertex X="13689" Y="26407" Z="0"/><Vertex X="13653" Y="26407" Z="0"/><Vertex X="13617" Y="26407" Z="0"/><Vertex X="13581" Y="26407" Z="0"/><Vertex X="13545" Y="26407" Z="0"/><Vertex X="13509" Y="26407" Z="0"/><Vertex X="13509" Y="26443" Z="0"/><Vertex X="13509" Y="26479" Z="0"/><Vertex X="13509" Y="26515" Z="0"/><Vertex X="13509" Y="26551" Z="0"/><Vertex X="13509" Y="26623" Z="0"/><Vertex X="13473" Y="26623" Z="0"/><Vertex X="13473" Y="26659" Z="0"/><Vertex X="13437" Y="26694" Z="0"/><Vertex X="13437" Y="26730" Z="0"/><Vertex X="13402" Y="26730" Z="0"/><Vertex X="13402" Y="26766" Z="0"/><Vertex X="13402" Y="26802" Z="0"/><Vertex X="13402" Y="26838" Z="0"/><Vertex X="13437" Y="26838" Z="0"/><Vertex X="13437" Y="26874" Z="0"/><Vertex X="13473" Y="26874" Z="0"/><Vertex X="13509" Y="26910" Z="0"/><Vertex X="13545" Y="26946" Z="0"/><Vertex X="13581" Y="26946" Z="0"/><Vertex X="13617" Y="26946" Z="0"/><Vertex X="13617" Y="26982" Z="0"/><Vertex X="13653" Y="26982" Z="0"/><Vertex X="13689" Y="26982" Z="0"/><Vertex X="13725" Y="27018" Z="0"/><Vertex X="13761" Y="27018" Z="0"/><Vertex X="13797" Y="27018" Z="0"/><Vertex X="13797" Y="27054" Z="0"/><Vertex X="13833" Y="27054" Z="0"/><Vertex X="13869" Y="27090" Z="0"/><Vertex X="13940" Y="27126" Z="0"/><Vertex X="13976" Y="27162" Z="0"/><Vertex X="14012" Y="27197" Z="0"/><Vertex X="14012" Y="27233" Z="0"/><Vertex X="14048" Y="27233" Z="0"/><Vertex X="14084" Y="27269" Z="0"/><Vertex X="14084" Y="27305" Z="0"/><Vertex X="14120" Y="27305" Z="0"/><Vertex X="14156" Y="27341" Z="0"/><Vertex X="14192" Y="27413" Z="0"/><Vertex X="14192" Y="27449" Z="0"/><Vertex X="14228" Y="27449" Z="0"/><Vertex X="14228" Y="27485" Z="0"/><Vertex X="14264" Y="27485" Z="0"/><Vertex X="14300" Y="27521" Z="0"/><Vertex X="14300" Y="27557" Z="0"/><Vertex X="14300" Y="27593" Z="0"/><Vertex X="14336" Y="27593" Z="0"/><Vertex X="14336" Y="27629" Z="0"/><Vertex X="14408" Y="27629" Z="0"/><Vertex X="14408" Y="27700" Z="0"/><Vertex X="14408" Y="27736" Z="0"/><Vertex X="14408" Y="27772" Z="0"/><Vertex X="14443" Y="27772" Z="0"/><Vertex X="14443" Y="27808" Z="0"/><Vertex X="14479" Y="27844" Z="0"/><Vertex X="14479" Y="27880" Z="0"/><Vertex X="14515" Y="27952" Z="0"/><Vertex X="14551" Y="27988" Z="0"/><Vertex X="14551" Y="28024" Z="0"/><Vertex X="14587" Y="28024" Z="0"/><Vertex X="14587" Y="28060" Z="0"/><Vertex X="14587" Y="28096" Z="0"/><Vertex X="14659" Y="28096" Z="0"/><Vertex X="14659" Y="28132" Z="0"/><Vertex X="14695" Y="28132" Z="0"/><Vertex X="14695" Y="28168" Z="0"/><Vertex X="14695" Y="28203" Z="0"/><Vertex X="14731" Y="28203" Z="0"/><Vertex X="14767" Y="28239" Z="0"/><Vertex X="14803" Y="28239" Z="0"/><Vertex X="14803" Y="28275" Z="0"/><Vertex X="14839" Y="28311" Z="0"/><Vertex X="14875" Y="28311" Z="0"/><Vertex X="14911" Y="28311" Z="0"/><Vertex X="14946" Y="28311" Z="0"/><Vertex X="14982" Y="28347" Z="0"/><Vertex X="15018" Y="28383" Z="0"/><Vertex X="15054" Y="28383" Z="0"/><Vertex X="15090" Y="28383" Z="0"/><Vertex X="15126" Y="28383" Z="0"/><Vertex X="15198" Y="28383" Z="0"/><Vertex X="15234" Y="28383" Z="0"/><Vertex X="15270" Y="28419" Z="0"/><Vertex X="15306" Y="28419" Z="0"/><Vertex X="15342" Y="28455" Z="0"/><Vertex X="15378" Y="28455" Z="0"/><Vertex X="15414" Y="28455" Z="0"/><Vertex X="15449" Y="28455" Z="0"/><Vertex X="15449" Y="28491" Z="0"/><Vertex X="15485" Y="28491" Z="0"/><Vertex X="15521" Y="28491" Z="0"/><Vertex X="15557" Y="28491" Z="0"/><Vertex X="15593" Y="28527" Z="0"/><Vertex X="15629" Y="28527" Z="0"/><Vertex X="15665" Y="28527" Z="0"/><Vertex X="15737" Y="28563" Z="0"/><Vertex X="15773" Y="28599" Z="0"/><Vertex X="15809" Y="28599" Z="0"/><Vertex X="15845" Y="28599" Z="0"/><Vertex X="15881" Y="28599" Z="0"/><Vertex X="15881" Y="28635" Z="0"/><Vertex X="15917" Y="28635" Z="0"/><Vertex X="15917" Y="28671" Z="0"/><Vertex X="15988" Y="28671" Z="0"/><Vertex X="16024" Y="28671" Z="0"/><Vertex X="16024" Y="28706" Z="0"/><Vertex X="16060" Y="28706" Z="0"/><Vertex X="16060" Y="28778" Z="0"/><Vertex X="16096" Y="28778" Z="0"/><Vertex X="16132" Y="28778" Z="0"/><Vertex X="16132" Y="28814" Z="0"/><Vertex X="16168" Y="28814" Z="0"/><Vertex X="16168" Y="28850" Z="0"/><Vertex X="16204" Y="28850" Z="0"/><Vertex X="16204" Y="28886" Z="0"/><Vertex X="16276" Y="28886" Z="0"/><Vertex X="16312" Y="28886" Z="0"/><Vertex X="16312" Y="28922" Z="0"/><Vertex X="16348" Y="28958" Z="0"/><Vertex X="16384" Y="28958" Z="0"/><Vertex X="16419" Y="28958" Z="0"/><Vertex X="16491" Y="29030" Z="0"/><Vertex X="16563" Y="29066" Z="0"/><Vertex X="16635" Y="29102" Z="0"/><Vertex X="16707" Y="29138" Z="0"/><Vertex X="16743" Y="29138" Z="0"/><Vertex X="16851" Y="29173" Z="0"/><Vertex X="16887" Y="29209" Z="0"/><Vertex X="16922" Y="29209" Z="0"/><Vertex X="16958" Y="29245" Z="0"/><Vertex X="16994" Y="29245" Z="0"/><Vertex X="17066" Y="29317" Z="0"/><Vertex X="17174" Y="29353" Z="0"/><Vertex X="17174" Y="29389" Z="0"/><Vertex X="17210" Y="29389" Z="0"/><Vertex X="17246" Y="29389" Z="0"/><Vertex X="17282" Y="29425" Z="0"/><Vertex X="17354" Y="29425" Z="0"/><Vertex X="17390" Y="29461" Z="0"/><Vertex X="17425" Y="29497" Z="0"/><Vertex X="17497" Y="29497" Z="0"/><Vertex X="17533" Y="29497" Z="0"/><Vertex X="17569" Y="29533" Z="0"/><Vertex X="17605" Y="29533" Z="0"/><Vertex X="17605" Y="29605" Z="0"/><Vertex X="17677" Y="29605" Z="0"/><Vertex X="17713" Y="29605" Z="0"/><Vertex X="17749" Y="29605" Z="0"/><Vertex X="17785" Y="29605" Z="0"/><Vertex X="17821" Y="29641" Z="0"/><Vertex X="17857" Y="29641" Z="0"/><Vertex X="17893" Y="29641" Z="0"/><Vertex X="17928" Y="29641" Z="0"/><Vertex X="17964" Y="29641" Z="0"/><Vertex X="18000" Y="29641" Z="0"/><Vertex X="18036" Y="29641" Z="0"/><Vertex X="18072" Y="29641" Z="0"/><Vertex X="18108" Y="29641" Z="0"/><Vertex X="18144" Y="29641" Z="0"/><Vertex X="18180" Y="29641" Z="0"/><Vertex X="18216" Y="29641" Z="0"/><Vertex X="18252" Y="29641" Z="0"/><Vertex X="18288" Y="29569" Z="0"/><Vertex X="18324" Y="29569" Z="0"/><Vertex X="18396" Y="29533" Z="0"/><Vertex X="18467" Y="29497" Z="0"/><Vertex X="18503" Y="29497" Z="0"/><Vertex X="18539" Y="29461" Z="0"/><Vertex X="18611" Y="29425" Z="0"/><Vertex X="18647" Y="29425" Z="0"/><Vertex X="18683" Y="29389" Z="0"/><Vertex X="18719" Y="29389" Z="0"/><Vertex X="18755" Y="29353" Z="0"/><Vertex X="18791" Y="29353" Z="0"/><Vertex X="18791" Y="29317" Z="0"/><Vertex X="18827" Y="29317" Z="0"/><Vertex X="18827" Y="29281" Z="0"/><Vertex X="18863" Y="29281" Z="0"/><Vertex X="18899" Y="29245" Z="0"/><Vertex X="18899" Y="29209" Z="0"/><Vertex X="18934" Y="29209" Z="0"/><Vertex X="19006" Y="29209" Z="0"/><Vertex X="19006" Y="29173" Z="0"/><Vertex X="19042" Y="29173" Z="0"/><Vertex X="19042" Y="29138" Z="0"/><Vertex X="19078" Y="29138" Z="0"/><Vertex X="19078" Y="29102" Z="0"/><Vertex X="19114" Y="29030" Z="0"/><Vertex X="19150" Y="28994" Z="0"/><Vertex X="19150" Y="28958" Z="0"/><Vertex X="19150" Y="28922" Z="0"/><Vertex X="19150" Y="28886" Z="0"/><Vertex X="19150" Y="28850" Z="0"/><Vertex X="19150" Y="28778" Z="0"/><Vertex X="19150" Y="28742" Z="0"/><Vertex X="19150" Y="28706" Z="0"/><Vertex X="19114" Y="28671" Z="0"/><Vertex X="19078" Y="28671" Z="0"/><Vertex X="19042" Y="28671" Z="0"/><Vertex X="19042" Y="28635" Z="0"/><Vertex X="18970" Y="28599" Z="0"/><Vertex X="18934" Y="28599" Z="0"/><Vertex X="18934" Y="28563" Z="0"/><Vertex X="18899" Y="28527" Z="0"/><Vertex X="18863" Y="28527" Z="0"/><Vertex X="18827" Y="28491" Z="0"/><Vertex X="18755" Y="28455" Z="0"/><Vertex X="18683" Y="28455" Z="0"/><Vertex X="18683" Y="28419" Z="0"/><Vertex X="18611" Y="28419" Z="0"/><Vertex X="18575" Y="28419" Z="0"/><Vertex X="18503" Y="28383" Z="0"/><Vertex X="18467" Y="28383" Z="0"/><Vertex X="18396" Y="28347" Z="0"/><Vertex X="18324" Y="28347" Z="0"/><Vertex X="18324" Y="28311" Z="0"/><Vertex X="18288" Y="28311" Z="0"/><Vertex X="18252" Y="28311" Z="0"/><Vertex X="18216" Y="28311" Z="0"/><Vertex X="18144" Y="28239" Z="0"/><Vertex X="18108" Y="28239" Z="0"/><Vertex X="18108" Y="28203" Z="0"/><Vertex X="18072" Y="28203" Z="0"/><Vertex X="18036" Y="28203" Z="0"/><Vertex X="18036" Y="28168" Z="0"/><Vertex X="18000" Y="28168" Z="0"/><Vertex X="18000" Y="28132" Z="0"/><Vertex X="17964" Y="28132" Z="0"/><Vertex X="17928" Y="28132" Z="0"/><Vertex X="17928" Y="28096" Z="0"/><Vertex X="17893" Y="28060" Z="0"/><Vertex X="17857" Y="28060" Z="0"/><Vertex X="17821" Y="28024" Z="0"/><Vertex X="17785" Y="27916" Z="0"/><Vertex X="17749" Y="27880" Z="0"/><Vertex X="17713" Y="27880" Z="0"/><Vertex X="17713" Y="27844" Z="0"/><Vertex X="17713" Y="27808" Z="0"/><Vertex X="17677" Y="27808" Z="0"/><Vertex X="17677" Y="27772" Z="0"/><Vertex X="17605" Y="27772" Z="0"/><Vertex X="17605" Y="27736" Z="0"/><Vertex X="17605" Y="27700" Z="0"/><Vertex X="17569" Y="27665" Z="0"/><Vertex X="17533" Y="27629" Z="0"/><Vertex X="17497" Y="27629" Z="0"/><Vertex X="17497" Y="27593" Z="0"/><Vertex X="17461" Y="27557" Z="0"/><Vertex X="17425" Y="27521" Z="0"/><Vertex X="17354" Y="27521" Z="0"/><Vertex X="17318" Y="27485" Z="0"/><Vertex X="17282" Y="27449" Z="0"/><Vertex X="17246" Y="27449" Z="0"/><Vertex X="17246" Y="27413" Z="0"/><Vertex X="17210" Y="27413" Z="0"/><Vertex X="17174" Y="27377" Z="0"/><Vertex X="17138" Y="27377" Z="0"/><Vertex X="17102" Y="27341" Z="0"/><Vertex X="17066" Y="27341" Z="0"/><Vertex X="17030" Y="27305" Z="0"/><Vertex X="16994" Y="27305" Z="0"/><Vertex X="16958" Y="27305" Z="0"/><Vertex X="16922" Y="27305" Z="0"/><Vertex X="16887" Y="27305" Z="0"/><Vertex X="16851" Y="27305" Z="0"/><Vertex X="16815" Y="27269" Z="0"/><Vertex X="16779" Y="27269" Z="0"/><Vertex X="16743" Y="27269" Z="0"/><Vertex X="16707" Y="27269" Z="0"/><Vertex X="16671" Y="27269" Z="0"/><Vertex X="16635" Y="27269" Z="0"/><Vertex X="16563" Y="27269" Z="0"/><Vertex X="16527" Y="27269" Z="0"/><Vertex X="16491" Y="27269" Z="0"/><Vertex X="16455" Y="27269" Z="0"/><Vertex X="16419" Y="27269" Z="0"/><Vertex X="16384" Y="27269" Z="0"/><Vertex X="16312" Y="27233" Z="0"/><Vertex X="16276" Y="27233" Z="0"/><Vertex X="16240" Y="27233" Z="0"/><Vertex X="16240" Y="27197" Z="0"/><Vertex X="16204" Y="27197" Z="0"/><Vertex X="16168" Y="27197" Z="0"/><Vertex X="16132" Y="27197" Z="0"/><Vertex X="16096" Y="27197" Z="0"/><Vertex X="16096" Y="27126" Z="0"/><Vertex X="16024" Y="27126" Z="0"/><Vertex X="15988" Y="27126" Z="0"/><Vertex X="15952" Y="27126" Z="0"/><Vertex X="15917" Y="27126" Z="0"/><Vertex X="15881" Y="27126" Z="0"/><Vertex X="15845" Y="27090" Z="0"/><Vertex X="15809" Y="27090" Z="0"/><Vertex X="15773" Y="27090" Z="0"/><Vertex X="15737" Y="27090" Z="0"/><Vertex X="15701" Y="27090" Z="0"/><Vertex X="15665" Y="27090" Z="0"/><Vertex X="15629" Y="27054" Z="0"/><Vertex X="15593" Y="27054" Z="0"/><Vertex X="15557" Y="27018" Z="0"/><Vertex X="15485" Y="27018" Z="0"/><Vertex X="15449" Y="27018" Z="0"/><Vertex X="15414" Y="27018" Z="0"/><Vertex X="15414" Y="26982" Z="0"/><Vertex X="15378" Y="26982" Z="0"/><Vertex X="15342" Y="26982" Z="0"/><Vertex X="15342" Y="26946" Z="0"/><Vertex X="15306" Y="26946" Z="0"/><Vertex X="15270" Y="26910" Z="0"/><Vertex X="15234" Y="26910" Z="0"/><Vertex X="15198" Y="26874" Z="0"/><Vertex X="15162" Y="26874" Z="0"/><Vertex X="15126" Y="26838" Z="0"/><Vertex X="15090" Y="26802" Z="0"/><Vertex X="15054" Y="26802" Z="0"/><Vertex X="15018" Y="26802" Z="0"/><Vertex X="15018" Y="26766" Z="0"/><Vertex X="14946" Y="26766" Z="0"/><Vertex X="14946" Y="26730" Z="0"/><Vertex X="14911" Y="26730" Z="0"/><Vertex X="14875" Y="26694" Z="0"/><Vertex X="14839" Y="26694" Z="0"/><Vertex X="14839" Y="26659" Z="0"/><Vertex X="14803" Y="26659" Z="0"/><Vertex X="14803" Y="26623" Z="0"/><Vertex X="14767" Y="26623" Z="0"/><Vertex X="14767" Y="26587" Z="0"/><Vertex X="14695" Y="26587" Z="0"/><Vertex X="14695" Y="26551" Z="0"/><Vertex X="14659" Y="26551" Z="0"/><Vertex X="14659" Y="26515" Z="0"/><Vertex X="14623" Y="26515" Z="0"/><Vertex X="14587" Y="26515" Z="0"/><Vertex X="14551" Y="26479" Z="0"/><Vertex X="14515" Y="26479" Z="0"/><Vertex X="14515" Y="26443" Z="0"/><Vertex X="14479" Y="26443" Z="0"/><Vertex X="14443" Y="26443" Z="0"/><Vertex X="14408" Y="26443" Z="0"/><Vertex X="14372" Y="26443" Z="0"/><Vertex X="14336" Y="26443" Z="0"/><Vertex X="14300" Y="26443" Z="0"/><Vertex X="14264" Y="26443" Z="0"/><Vertex X="14156" Y="26407" Z="0"/></Vertices></Region><Region Id="5" Type="0" Zoom="0.027833" Selected="0" ImageLocation="" ImageFocus="-1" Length="15134.8" Area="9117001.5" LengthMicrons="7467.5" AreaMicrons="2219475.4" Text="" NegativeROA="0" InputRegionId="0" Analyze="1" DisplayId="5"><Attributes></Attributes><Vertices><Vertex X="20839" Y="28850" Z="0"/><Vertex X="20767" Y="28850" Z="0"/><Vertex X="20731" Y="28850" Z="0"/><Vertex X="20659" Y="28850" Z="0"/><Vertex X="20623" Y="28814" Z="0"/><Vertex X="20551" Y="28814" Z="0"/><Vertex X="20443" Y="28778" Z="0"/><Vertex X="20407" Y="28742" Z="0"/><Vertex X="20372" Y="28742" Z="0"/><Vertex X="20300" Y="28742" Z="0"/><Vertex X="20264" Y="28742" Z="0"/><Vertex X="20228" Y="28742" Z="0"/><Vertex X="20192" Y="28742" Z="0"/><Vertex X="20156" Y="28742" Z="0"/><Vertex X="20156" Y="28778" Z="0"/><Vertex X="20156" Y="28814" Z="0"/><Vertex X="20156" Y="28850" Z="0"/><Vertex X="20156" Y="28886" Z="0"/><Vertex X="20156" Y="28922" Z="0"/><Vertex X="20156" Y="28958" Z="0"/><Vertex X="20156" Y="28994" Z="0"/><Vertex X="20156" Y="29030" Z="0"/><Vertex X="20156" Y="29102" Z="0"/><Vertex X="20156" Y="29138" Z="0"/><Vertex X="20156" Y="29173" Z="0"/><Vertex X="20156" Y="29209" Z="0"/><Vertex X="20156" Y="29245" Z="0"/><Vertex X="20192" Y="29245" Z="0"/><Vertex X="20192" Y="29281" Z="0"/><Vertex X="20228" Y="29281" Z="0"/><Vertex X="20228" Y="29317" Z="0"/><Vertex X="20228" Y="29353" Z="0"/><Vertex X="20264" Y="29389" Z="0"/><Vertex X="20336" Y="29389" Z="0"/><Vertex X="20336" Y="29425" Z="0"/><Vertex X="20372" Y="29425" Z="0"/><Vertex X="20372" Y="29461" Z="0"/><Vertex X="20407" Y="29461" Z="0"/><Vertex X="20407" Y="29497" Z="0"/><Vertex X="20443" Y="29497" Z="0"/><Vertex X="20479" Y="29497" Z="0"/><Vertex X="20515" Y="29533" Z="0"/><Vertex X="20587" Y="29533" Z="0"/><Vertex X="20587" Y="29569" Z="0"/><Vertex X="20623" Y="29605" Z="0"/><Vertex X="20695" Y="29605" Z="0"/><Vertex X="20731" Y="29676" Z="0"/><Vertex X="20731" Y="29712" Z="0"/><Vertex X="20803" Y="29748" Z="0"/><Vertex X="20875" Y="29748" Z="0"/><Vertex X="20875" Y="29784" Z="0"/><Vertex X="20875" Y="29820" Z="0"/><Vertex X="20910" Y="29856" Z="0"/><Vertex X="20946" Y="29856" Z="0"/><Vertex X="20982" Y="29892" Z="0"/><Vertex X="21018" Y="29964" Z="0"/><Vertex X="21054" Y="30000" Z="0"/><Vertex X="21054" Y="30036" Z="0"/><Vertex X="21126" Y="30036" Z="0"/><Vertex X="21162" Y="30072" Z="0"/><Vertex X="21162" Y="30108" Z="0"/><Vertex X="21198" Y="30144" Z="0"/><Vertex X="21234" Y="30144" Z="0"/><Vertex X="21234" Y="30215" Z="0"/><Vertex X="21270" Y="30215" Z="0"/><Vertex X="21306" Y="30251" Z="0"/><Vertex X="21342" Y="30251" Z="0"/><Vertex X="21378" Y="30287" Z="0"/><Vertex X="21413" Y="30287" Z="0"/><Vertex X="21449" Y="30323" Z="0"/><Vertex X="21485" Y="30359" Z="0"/><Vertex X="21521" Y="30359" Z="0"/><Vertex X="21557" Y="30359" Z="0"/><Vertex X="21557" Y="30395" Z="0"/><Vertex X="21593" Y="30431" Z="0"/><Vertex X="21629" Y="30431" Z="0"/><Vertex X="21701" Y="30467" Z="0"/><Vertex X="21737" Y="30467" Z="0"/><Vertex X="21809" Y="30503" Z="0"/><Vertex X="21881" Y="30539" Z="0"/><Vertex X="21916" Y="30539" Z="0"/><Vertex X="21952" Y="30575" Z="0"/><Vertex X="21988" Y="30575" Z="0"/><Vertex X="22024" Y="30575" Z="0"/><Vertex X="22060" Y="30575" Z="0"/><Vertex X="22096" Y="30611" Z="0"/><Vertex X="22204" Y="30611" Z="0"/><Vertex X="22204" Y="30647" Z="0"/><Vertex X="22240" Y="30647" Z="0"/><Vertex X="22276" Y="30647" Z="0"/><Vertex X="22312" Y="30682" Z="0"/><Vertex X="22348" Y="30682" Z="0"/><Vertex X="22384" Y="30682" Z="0"/><Vertex X="22455" Y="30754" Z="0"/><Vertex X="22491" Y="30754" Z="0"/><Vertex X="22563" Y="30790" Z="0"/><Vertex X="22599" Y="30790" Z="0"/><Vertex X="22635" Y="30790" Z="0"/><Vertex X="22671" Y="30790" Z="0"/><Vertex X="22707" Y="30790" Z="0"/><Vertex X="22707" Y="30826" Z="0"/><Vertex X="22743" Y="30826" Z="0"/><Vertex X="22779" Y="30826" Z="0"/><Vertex X="22815" Y="30826" Z="0"/><Vertex X="22851" Y="30862" Z="0"/><Vertex X="22887" Y="30862" Z="0"/><Vertex X="22922" Y="30862" Z="0"/><Vertex X="22994" Y="30862" Z="0"/><Vertex X="23030" Y="30862" Z="0"/><Vertex X="23066" Y="30862" Z="0"/><Vertex X="23102" Y="30862" Z="0"/><Vertex X="23138" Y="30862" Z="0"/><Vertex X="23174" Y="30862" Z="0"/><Vertex X="23246" Y="30862" Z="0"/><Vertex X="23282" Y="30862" Z="0"/><Vertex X="23318" Y="30862" Z="0"/><Vertex X="23354" Y="30862" Z="0"/><Vertex X="23390" Y="30862" Z="0"/><Vertex X="23425" Y="30862" Z="0"/><Vertex X="23497" Y="30862" Z="0"/><Vertex X="23569" Y="30862" Z="0"/><Vertex X="23605" Y="30862" Z="0"/><Vertex X="23641" Y="30862" Z="0"/><Vertex X="23677" Y="30862" Z="0"/><Vertex X="23713" Y="30862" Z="0"/><Vertex X="23785" Y="30862" Z="0"/><Vertex X="23821" Y="30862" Z="0"/><Vertex X="23857" Y="30862" Z="0"/><Vertex X="23893" Y="30862" Z="0"/><Vertex X="23928" Y="30862" Z="0"/><Vertex X="23964" Y="30862" Z="0"/><Vertex X="24000" Y="30862" Z="0"/><Vertex X="24072" Y="30826" Z="0"/><Vertex X="24108" Y="30826" Z="0"/><Vertex X="24144" Y="30826" Z="0"/><Vertex X="24180" Y="30826" Z="0"/><Vertex X="24216" Y="30826" Z="0"/><Vertex X="24252" Y="30826" Z="0"/><Vertex X="24252" Y="30790" Z="0"/><Vertex X="24288" Y="30790" Z="0"/><Vertex X="24324" Y="30790" Z="0"/><Vertex X="24360" Y="30790" Z="0"/><Vertex X="24360" Y="30718" Z="0"/><Vertex X="24395" Y="30718" Z="0"/><Vertex X="24431" Y="30718" Z="0"/><Vertex X="24467" Y="30718" Z="0"/><Vertex X="24503" Y="30718" Z="0"/><Vertex X="24539" Y="30682" Z="0"/><Vertex X="24575" Y="30682" Z="0"/><Vertex X="24611" Y="30682" Z="0"/><Vertex X="24647" Y="30682" Z="0"/><Vertex X="24683" Y="30647" Z="0"/><Vertex X="24719" Y="30647" Z="0"/><Vertex X="24755" Y="30647" Z="0"/><Vertex X="24791" Y="30647" Z="0"/><Vertex X="24791" Y="30611" Z="0"/><Vertex X="24827" Y="30611" Z="0"/><Vertex X="24863" Y="30575" Z="0"/><Vertex X="24898" Y="30575" Z="0"/><Vertex X="24898" Y="30539" Z="0"/><Vertex X="24934" Y="30539" Z="0"/><Vertex X="24970" Y="30539" Z="0"/><Vertex X="24970" Y="30467" Z="0"/><Vertex X="25006" Y="30467" Z="0"/><Vertex X="25042" Y="30467" Z="0"/><Vertex X="25042" Y="30431" Z="0"/><Vertex X="25150" Y="30395" Z="0"/><Vertex X="25150" Y="30359" Z="0"/><Vertex X="25186" Y="30359" Z="0"/><Vertex X="25186" Y="30323" Z="0"/><Vertex X="25222" Y="30323" Z="0"/><Vertex X="25258" Y="30287" Z="0"/><Vertex X="25294" Y="30287" Z="0"/><Vertex X="25330" Y="30251" Z="0"/><Vertex X="25366" Y="30215" Z="0"/><Vertex X="25401" Y="30179" Z="0"/><Vertex X="25401" Y="30144" Z="0"/><Vertex X="25437" Y="30144" Z="0"/><Vertex X="25473" Y="30108" Z="0"/><Vertex X="25509" Y="30108" Z="0"/><Vertex X="25509" Y="30072" Z="0"/><Vertex X="25545" Y="30036" Z="0"/><Vertex X="25581" Y="30036" Z="0"/><Vertex X="25581" Y="30000" Z="0"/><Vertex X="25617" Y="29928" Z="0"/><Vertex X="25689" Y="29892" Z="0"/><Vertex X="25725" Y="29892" Z="0"/><Vertex X="25725" Y="29856" Z="0"/><Vertex X="25761" Y="29820" Z="0"/><Vertex X="25797" Y="29784" Z="0"/><Vertex X="25833" Y="29784" Z="0"/><Vertex X="25833" Y="29748" Z="0"/><Vertex X="25869" Y="29748" Z="0"/><Vertex X="25869" Y="29712" Z="0"/><Vertex X="25904" Y="29712" Z="0"/><Vertex X="25904" Y="29676" Z="0"/><Vertex X="25904" Y="29641" Z="0"/><Vertex X="25904" Y="29605" Z="0"/><Vertex X="25904" Y="29569" Z="0"/><Vertex X="25904" Y="29533" Z="0"/><Vertex X="25904" Y="29497" Z="0"/><Vertex X="25904" Y="29461" Z="0"/><Vertex X="25904" Y="29425" Z="0"/><Vertex X="25904" Y="29389" Z="0"/><Vertex X="25904" Y="29353" Z="0"/><Vertex X="25869" Y="29353" Z="0"/><Vertex X="25869" Y="29317" Z="0"/><Vertex X="25833" Y="29317" Z="0"/><Vertex X="25833" Y="29281" Z="0"/><Vertex X="25797" Y="29245" Z="0"/><Vertex X="25761" Y="29209" Z="0"/><Vertex X="25761" Y="29173" Z="0"/><Vertex X="25761" Y="29138" Z="0"/><Vertex X="25653" Y="29102" Z="0"/><Vertex X="25617" Y="29066" Z="0"/><Vertex X="25581" Y="29030" Z="0"/><Vertex X="25509" Y="28994" Z="0"/><Vertex X="25473" Y="28958" Z="0"/><Vertex X="25366" Y="28922" Z="0"/><Vertex X="25294" Y="28886" Z="0"/><Vertex X="25258" Y="28886" Z="0"/><Vertex X="25186" Y="28850" Z="0"/><Vertex X="25150" Y="28850" Z="0"/><Vertex X="25114" Y="28850" Z="0"/><Vertex X="25042" Y="28814" Z="0"/><Vertex X="25006" Y="28814" Z="0"/><Vertex X="24970" Y="28814" Z="0"/><Vertex X="24934" Y="28814" Z="0"/><Vertex X="24898" Y="28814" Z="0"/><Vertex X="24827" Y="28814" Z="0"/><Vertex X="24791" Y="28778" Z="0"/><Vertex X="24719" Y="28778" Z="0"/><Vertex X="24683" Y="28742" Z="0"/><Vertex X="24647" Y="28742" Z="0"/><Vertex X="24611" Y="28742" Z="0"/><Vertex X="24611" Y="28706" Z="0"/><Vertex X="24539" Y="28706" Z="0"/><Vertex X="24503" Y="28706" Z="0"/><Vertex X="24467" Y="28706" Z="0"/><Vertex X="24431" Y="28706" Z="0"/><Vertex X="24395" Y="28706" Z="0"/><Vertex X="24360" Y="28706" Z="0"/><Vertex X="24324" Y="28706" Z="0"/><Vertex X="24288" Y="28706" Z="0"/><Vertex X="24252" Y="28706" Z="0"/><Vertex X="24216" Y="28706" Z="0"/><Vertex X="24180" Y="28706" Z="0"/><Vertex X="24144" Y="28706" Z="0"/><Vertex X="24144" Y="28671" Z="0"/><Vertex X="24108" Y="28671" Z="0"/><Vertex X="24072" Y="28671" Z="0"/><Vertex X="24000" Y="28671" Z="0"/><Vertex X="23964" Y="28671" Z="0"/><Vertex X="23928" Y="28671" Z="0"/><Vertex X="23893" Y="28599" Z="0"/><Vertex X="23857" Y="28599" Z="0"/><Vertex X="23821" Y="28599" Z="0"/><Vertex X="23821" Y="28635" Z="0"/><Vertex X="23785" Y="28635" Z="0"/><Vertex X="23713" Y="28635" Z="0"/><Vertex X="23713" Y="28671" Z="0"/><Vertex X="23677" Y="28671" Z="0"/><Vertex X="23641" Y="28671" Z="0"/><Vertex X="23641" Y="28706" Z="0"/><Vertex X="23605" Y="28742" Z="0"/><Vertex X="23569" Y="28742" Z="0"/><Vertex X="23533" Y="28778" Z="0"/><Vertex X="23461" Y="28778" Z="0"/><Vertex X="23425" Y="28778" Z="0"/><Vertex X="23425" Y="28814" Z="0"/><Vertex X="23390" Y="28814" Z="0"/><Vertex X="23354" Y="28850" Z="0"/><Vertex X="23318" Y="28850" Z="0"/><Vertex X="23282" Y="28850" Z="0"/><Vertex X="23210" Y="28886" Z="0"/><Vertex X="23174" Y="28886" Z="0"/><Vertex X="23174" Y="28922" Z="0"/><Vertex X="23138" Y="28922" Z="0"/><Vertex X="23102" Y="28922" Z="0"/><Vertex X="23066" Y="28922" Z="0"/><Vertex X="23066" Y="28958" Z="0"/><Vertex X="23030" Y="28958" Z="0"/><Vertex X="22994" Y="28958" Z="0"/><Vertex X="22958" Y="28958" Z="0"/><Vertex X="22922" Y="28958" Z="0"/><Vertex X="22887" Y="28958" Z="0"/><Vertex X="22851" Y="28958" Z="0"/><Vertex X="22815" Y="28958" Z="0"/><Vertex X="22779" Y="28958" Z="0"/><Vertex X="22743" Y="28958" Z="0"/><Vertex X="22707" Y="28958" Z="0"/><Vertex X="22671" Y="28958" Z="0"/><Vertex X="22635" Y="28958" Z="0"/><Vertex X="22599" Y="28958" Z="0"/><Vertex X="22563" Y="28958" Z="0"/><Vertex X="22527" Y="28958" Z="0"/><Vertex X="22491" Y="28958" Z="0"/><Vertex X="22419" Y="28958" Z="0"/><Vertex X="22384" Y="28958" Z="0"/><Vertex X="22348" Y="28958" Z="0"/><Vertex X="22312" Y="28958" Z="0"/><Vertex X="22240" Y="28922" Z="0"/><Vertex X="22132" Y="28886" Z="0"/><Vertex X="22096" Y="28886" Z="0"/><Vertex X="22060" Y="28850" Z="0"/><Vertex X="22024" Y="28850" Z="0"/><Vertex X="21988" Y="28850" Z="0"/><Vertex X="21952" Y="28850" Z="0"/><Vertex X="21881" Y="28850" Z="0"/><Vertex X="21809" Y="28814" Z="0"/><Vertex X="21773" Y="28778" Z="0"/><Vertex X="21701" Y="28778" Z="0"/><Vertex X="21665" Y="28778" Z="0"/><Vertex X="21593" Y="28778" Z="0"/><Vertex X="21557" Y="28778" Z="0"/><Vertex X="21485" Y="28742" Z="0"/><Vertex X="21449" Y="28742" Z="0"/><Vertex X="21413" Y="28742" Z="0"/><Vertex X="21378" Y="28706" Z="0"/><Vertex X="21342" Y="28706" Z="0"/><Vertex X="21306" Y="28706" Z="0"/><Vertex X="21270" Y="28706" Z="0"/><Vertex X="21270" Y="28671" Z="0"/><Vertex X="21234" Y="28671" Z="0"/><Vertex X="21198" Y="28671" Z="0"/><Vertex X="21162" Y="28671" Z="0"/><Vertex X="21126" Y="28671" Z="0"/><Vertex X="21090" Y="28671" Z="0"/><Vertex X="21054" Y="28671" Z="0"/><Vertex X="21018" Y="28671" Z="0"/><Vertex X="20982" Y="28671" Z="0"/><Vertex X="20946" Y="28671" Z="0"/><Vertex X="20910" Y="28671" Z="0"/><Vertex X="20839" Y="28850" Z="0"/></Vertices></Region><Region Id="6" Type="0" Zoom="0.027833" Selected="1" ImageLocation="" ImageFocus="-1" Length="16653.6" Area="12877647.0" LengthMicrons="8216.9" AreaMicrons="3134980.3" Text="" NegativeROA="0" InputRegionId="0" Analyze="1" DisplayId="6"><Attributes></Attributes><Vertices><Vertex X="14767" Y="17892" Z="0"/><Vertex X="14767" Y="17856" Z="0"/><Vertex X="14731" Y="17856" Z="0"/><Vertex X="14695" Y="17856" Z="0"/><Vertex X="14659" Y="17856" Z="0"/><Vertex X="14623" Y="17856" Z="0"/><Vertex X="14551" Y="17856" Z="0"/><Vertex X="14515" Y="17856" Z="0"/><Vertex X="14479" Y="17856" Z="0"/><Vertex X="14443" Y="17856" Z="0"/><Vertex X="14408" Y="17856" Z="0"/><Vertex X="14408" Y="17892" Z="0"/><Vertex X="14372" Y="17892" Z="0"/><Vertex X="14336" Y="17892" Z="0"/><Vertex X="14336" Y="17928" Z="0"/><Vertex X="14300" Y="17928" Z="0"/><Vertex X="14264" Y="17964" Z="0"/><Vertex X="14228" Y="17964" Z="0"/><Vertex X="14192" Y="18000" Z="0"/><Vertex X="14192" Y="18036" Z="0"/><Vertex X="14156" Y="18036" Z="0"/><Vertex X="14156" Y="18108" Z="0"/><Vertex X="14156" Y="18144" Z="0"/><Vertex X="14120" Y="18144" Z="0"/><Vertex X="14120" Y="18180" Z="0"/><Vertex X="14120" Y="18215" Z="0"/><Vertex X="14120" Y="18251" Z="0"/><Vertex X="14120" Y="18287" Z="0"/><Vertex X="14120" Y="18323" Z="0"/><Vertex X="14084" Y="18323" Z="0"/><Vertex X="14084" Y="18359" Z="0"/><Vertex X="14012" Y="18395" Z="0"/><Vertex X="14012" Y="18431" Z="0"/><Vertex X="14012" Y="18467" Z="0"/><Vertex X="13976" Y="18467" Z="0"/><Vertex X="13976" Y="18503" Z="0"/><Vertex X="13976" Y="18539" Z="0"/><Vertex X="13940" Y="18575" Z="0"/><Vertex X="13940" Y="18647" Z="0"/><Vertex X="13905" Y="18647" Z="0"/><Vertex X="13905" Y="18683" Z="0"/><Vertex X="13869" Y="18683" Z="0"/><Vertex X="13869" Y="18718" Z="0"/><Vertex X="13833" Y="18718" Z="0"/><Vertex X="13833" Y="18754" Z="0"/><Vertex X="13833" Y="18790" Z="0"/><Vertex X="13761" Y="18826" Z="0"/><Vertex X="13725" Y="18826" Z="0"/><Vertex X="13725" Y="18898" Z="0"/><Vertex X="13725" Y="18934" Z="0"/><Vertex X="13725" Y="18970" Z="0"/><Vertex X="13725" Y="19006" Z="0"/><Vertex X="13689" Y="19006" Z="0"/><Vertex X="13689" Y="19042" Z="0"/><Vertex X="13653" Y="19078" Z="0"/><Vertex X="13653" Y="19114" Z="0"/><Vertex X="13653" Y="19150" Z="0"/><Vertex X="13653" Y="19186" Z="0"/><Vertex X="13653" Y="19221" Z="0"/><Vertex X="13617" Y="19257" Z="0"/><Vertex X="13617" Y="19293" Z="0"/><Vertex X="13581" Y="19329" Z="0"/><Vertex X="13581" Y="19365" Z="0"/><Vertex X="13545" Y="19365" Z="0"/><Vertex X="13545" Y="19437" Z="0"/><Vertex X="13545" Y="19473" Z="0"/><Vertex X="13509" Y="19473" Z="0"/><Vertex X="13509" Y="19509" Z="0"/><Vertex X="13509" Y="19545" Z="0"/><Vertex X="13509" Y="19581" Z="0"/><Vertex X="13473" Y="19617" Z="0"/><Vertex X="13473" Y="19653" Z="0"/><Vertex X="13437" Y="19724" Z="0"/><Vertex X="13437" Y="19760" Z="0"/><Vertex X="13437" Y="19796" Z="0"/><Vertex X="13437" Y="19832" Z="0"/><Vertex X="13437" Y="19868" Z="0"/><Vertex X="13402" Y="19868" Z="0"/><Vertex X="13402" Y="19904" Z="0"/><Vertex X="13402" Y="19940" Z="0"/><Vertex X="13402" Y="19976" Z="0"/><Vertex X="13402" Y="20012" Z="0"/><Vertex X="13402" Y="20048" Z="0"/><Vertex X="13402" Y="20084" Z="0"/><Vertex X="13402" Y="20120" Z="0"/><Vertex X="13437" Y="20120" Z="0"/><Vertex X="13437" Y="20156" Z="0"/><Vertex X="13473" Y="20156" Z="0"/><Vertex X="13509" Y="20156" Z="0"/><Vertex X="13545" Y="20156" Z="0"/><Vertex X="13581" Y="20156" Z="0"/><Vertex X="13581" Y="20192" Z="0"/><Vertex X="13581" Y="20263" Z="0"/><Vertex X="13617" Y="20263" Z="0"/><Vertex X="13653" Y="20263" Z="0"/><Vertex X="13689" Y="20263" Z="0"/><Vertex X="13689" Y="20299" Z="0"/><Vertex X="13689" Y="20335" Z="0"/><Vertex X="13725" Y="20335" Z="0"/><Vertex X="13761" Y="20335" Z="0"/><Vertex X="13797" Y="20335" Z="0"/><Vertex X="13797" Y="20371" Z="0"/><Vertex X="13833" Y="20407" Z="0"/><Vertex X="13869" Y="20443" Z="0"/><Vertex X="13905" Y="20515" Z="0"/><Vertex X="13940" Y="20515" Z="0"/><Vertex X="13940" Y="20551" Z="0"/><Vertex X="13976" Y="20551" Z="0"/><Vertex X="13976" Y="20587" Z="0"/><Vertex X="14048" Y="20623" Z="0"/><Vertex X="14084" Y="20623" Z="0"/><Vertex X="14084" Y="20659" Z="0"/><Vertex X="14120" Y="20659" Z="0"/><Vertex X="14120" Y="20694" Z="0"/><Vertex X="14156" Y="20694" Z="0"/><Vertex X="14156" Y="20730" Z="0"/><Vertex X="14156" Y="20766" Z="0"/><Vertex X="14192" Y="20802" Z="0"/><Vertex X="14228" Y="20838" Z="0"/><Vertex X="14228" Y="20874" Z="0"/><Vertex X="14300" Y="20910" Z="0"/><Vertex X="14336" Y="20910" Z="0"/><Vertex X="14336" Y="20946" Z="0"/><Vertex X="14372" Y="21018" Z="0"/><Vertex X="14408" Y="21018" Z="0"/><Vertex X="14443" Y="21018" Z="0"/><Vertex X="14443" Y="21054" Z="0"/><Vertex X="14443" Y="21090" Z="0"/><Vertex X="14479" Y="21090" Z="0"/><Vertex X="14479" Y="21126" Z="0"/><Vertex X="14515" Y="21126" Z="0"/><Vertex X="14551" Y="21126" Z="0"/><Vertex X="14587" Y="21126" Z="0"/><Vertex X="14587" Y="21162" Z="0"/><Vertex X="14623" Y="21162" Z="0"/><Vertex X="14623" Y="21197" Z="0"/><Vertex X="14659" Y="21197" Z="0"/><Vertex X="14695" Y="21233" Z="0"/><Vertex X="14731" Y="21233" Z="0"/><Vertex X="14731" Y="21305" Z="0"/><Vertex X="14767" Y="21305" Z="0"/><Vertex X="14803" Y="21305" Z="0"/><Vertex X="14803" Y="21341" Z="0"/><Vertex X="14839" Y="21341" Z="0"/><Vertex X="14839" Y="21377" Z="0"/><Vertex X="14875" Y="21377" Z="0"/><Vertex X="14911" Y="21377" Z="0"/><Vertex X="14911" Y="21413" Z="0"/><Vertex X="14946" Y="21413" Z="0"/><Vertex X="14982" Y="21413" Z="0"/><Vertex X="15018" Y="21413" Z="0"/><Vertex X="15054" Y="21413" Z="0"/><Vertex X="15090" Y="21449" Z="0"/><Vertex X="15126" Y="21449" Z="0"/><Vertex X="15162" Y="21485" Z="0"/><Vertex X="15198" Y="21485" Z="0"/><Vertex X="15234" Y="21485" Z="0"/><Vertex X="15270" Y="21485" Z="0"/><Vertex X="15306" Y="21485" Z="0"/><Vertex X="15306" Y="21557" Z="0"/><Vertex X="15342" Y="21557" Z="0"/><Vertex X="15378" Y="21557" Z="0"/><Vertex X="15378" Y="21593" Z="0"/><Vertex X="15414" Y="21593" Z="0"/><Vertex X="15449" Y="21593" Z="0"/><Vertex X="15485" Y="21593" Z="0"/><Vertex X="15557" Y="21593" Z="0"/><Vertex X="15557" Y="21629" Z="0"/><Vertex X="15593" Y="21629" Z="0"/><Vertex X="15629" Y="21665" Z="0"/><Vertex X="15665" Y="21665" Z="0"/><Vertex X="15701" Y="21665" Z="0"/><Vertex X="15737" Y="21665" Z="0"/><Vertex X="15809" Y="21700" Z="0"/><Vertex X="15845" Y="21700" Z="0"/><Vertex X="15881" Y="21736" Z="0"/><Vertex X="15917" Y="21736" Z="0"/><Vertex X="15952" Y="21772" Z="0"/><Vertex X="15988" Y="21772" Z="0"/><Vertex X="16024" Y="21772" Z="0"/><Vertex X="16060" Y="21772" Z="0"/><Vertex X="16096" Y="21772" Z="0"/><Vertex X="16132" Y="21808" Z="0"/><Vertex X="16168" Y="21808" Z="0"/><Vertex X="16204" Y="21844" Z="0"/><Vertex X="16240" Y="21844" Z="0"/><Vertex X="16276" Y="21844" Z="0"/><Vertex X="16276" Y="21880" Z="0"/><Vertex X="16312" Y="21880" Z="0"/><Vertex X="16348" Y="21880" Z="0"/><Vertex X="16384" Y="21880" Z="0"/><Vertex X="16419" Y="21880" Z="0"/><Vertex X="16455" Y="21916" Z="0"/><Vertex X="16491" Y="21916" Z="0"/><Vertex X="16491" Y="21952" Z="0"/><Vertex X="16527" Y="21952" Z="0"/><Vertex X="16563" Y="21952" Z="0"/><Vertex X="16599" Y="21988" Z="0"/><Vertex X="16635" Y="21988" Z="0"/><Vertex X="16635" Y="22024" Z="0"/><Vertex X="16671" Y="22024" Z="0"/><Vertex X="16707" Y="22024" Z="0"/><Vertex X="16707" Y="22060" Z="0"/><Vertex X="16743" Y="22060" Z="0"/><Vertex X="16779" Y="22060" Z="0"/><Vertex X="16815" Y="22060" Z="0"/><Vertex X="16851" Y="22060" Z="0"/><Vertex X="16887" Y="22060" Z="0"/><Vertex X="16922" Y="22060" Z="0"/><Vertex X="16958" Y="22060" Z="0"/><Vertex X="16994" Y="22096" Z="0"/><Vertex X="17030" Y="22096" Z="0"/><Vertex X="17066" Y="22096" Z="0"/><Vertex X="17138" Y="22132" Z="0"/><Vertex X="17174" Y="22132" Z="0"/><Vertex X="17210" Y="22132" Z="0"/><Vertex X="17246" Y="22132" Z="0"/><Vertex X="17282" Y="22132" Z="0"/><Vertex X="17318" Y="22132" Z="0"/><Vertex X="17354" Y="22132" Z="0"/><Vertex X="17425" Y="22132" Z="0"/><Vertex X="17461" Y="22132" Z="0"/><Vertex X="17497" Y="22060" Z="0"/><Vertex X="17533" Y="22060" Z="0"/><Vertex X="17569" Y="22060" Z="0"/><Vertex X="17605" Y="22024" Z="0"/><Vertex X="17677" Y="22024" Z="0"/><Vertex X="17713" Y="22024" Z="0"/><Vertex X="17749" Y="22024" Z="0"/><Vertex X="17785" Y="22024" Z="0"/><Vertex X="17821" Y="22024" Z="0"/><Vertex X="17857" Y="21988" Z="0"/><Vertex X="17893" Y="21988" Z="0"/><Vertex X="17928" Y="21952" Z="0"/><Vertex X="17964" Y="21952" Z="0"/><Vertex X="17964" Y="21916" Z="0"/><Vertex X="18000" Y="21916" Z="0"/><Vertex X="18036" Y="21880" Z="0"/><Vertex X="18036" Y="21844" Z="0"/><Vertex X="18072" Y="21844" Z="0"/><Vertex X="18072" Y="21808" Z="0"/><Vertex X="18072" Y="21772" Z="0"/><Vertex X="18108" Y="21772" Z="0"/><Vertex X="18108" Y="21736" Z="0"/><Vertex X="18108" Y="21700" Z="0"/><Vertex X="18144" Y="21665" Z="0"/><Vertex X="18144" Y="21629" Z="0"/><Vertex X="18144" Y="21593" Z="0"/><Vertex X="18180" Y="21593" Z="0"/><Vertex X="18180" Y="21521" Z="0"/><Vertex X="18180" Y="21485" Z="0"/><Vertex X="18180" Y="21449" Z="0"/><Vertex X="18180" Y="21413" Z="0"/><Vertex X="18180" Y="21377" Z="0"/><Vertex X="18180" Y="21341" Z="0"/><Vertex X="18216" Y="21269" Z="0"/><Vertex X="18216" Y="21233" Z="0"/><Vertex X="18216" Y="21197" Z="0"/><Vertex X="18216" Y="21126" Z="0"/><Vertex X="18216" Y="21090" Z="0"/><Vertex X="18216" Y="21054" Z="0"/><Vertex X="18216" Y="21018" Z="0"/><Vertex X="18216" Y="20982" Z="0"/><Vertex X="18216" Y="20946" Z="0"/><Vertex X="18216" Y="20910" Z="0"/><Vertex X="18216" Y="20874" Z="0"/><Vertex X="18216" Y="20838" Z="0"/><Vertex X="18216" Y="20802" Z="0"/><Vertex X="18216" Y="20766" Z="0"/><Vertex X="18216" Y="20694" Z="0"/><Vertex X="18216" Y="20623" Z="0"/><Vertex X="18216" Y="20587" Z="0"/><Vertex X="18216" Y="20551" Z="0"/><Vertex X="18180" Y="20515" Z="0"/><Vertex X="18180" Y="20479" Z="0"/><Vertex X="18180" Y="20407" Z="0"/><Vertex X="18180" Y="20371" Z="0"/><Vertex X="18144" Y="20371" Z="0"/><Vertex X="18144" Y="20335" Z="0"/><Vertex X="18144" Y="20299" Z="0"/><Vertex X="18144" Y="20263" Z="0"/><Vertex X="18144" Y="20227" Z="0"/><Vertex X="18144" Y="20192" Z="0"/><Vertex X="18108" Y="20192" Z="0"/><Vertex X="18108" Y="20156" Z="0"/><Vertex X="18072" Y="20120" Z="0"/><Vertex X="18036" Y="20120" Z="0"/><Vertex X="18036" Y="20084" Z="0"/><Vertex X="18000" Y="20048" Z="0"/><Vertex X="18000" Y="20012" Z="0"/><Vertex X="17964" Y="20012" Z="0"/><Vertex X="17928" Y="20012" Z="0"/><Vertex X="17893" Y="20012" Z="0"/><Vertex X="17857" Y="20012" Z="0"/><Vertex X="17857" Y="19976" Z="0"/><Vertex X="17785" Y="19940" Z="0"/><Vertex X="17749" Y="19940" Z="0"/><Vertex X="17713" Y="19868" Z="0"/><Vertex X="17641" Y="19868" Z="0"/><Vertex X="17605" Y="19868" Z="0"/><Vertex X="17569" Y="19868" Z="0"/><Vertex X="17497" Y="19832" Z="0"/><Vertex X="17461" Y="19796" Z="0"/><Vertex X="17425" Y="19796" Z="0"/><Vertex X="17390" Y="19796" Z="0"/><Vertex X="17354" Y="19796" Z="0"/><Vertex X="17318" Y="19796" Z="0"/><Vertex X="17318" Y="19760" Z="0"/><Vertex X="17282" Y="19760" Z="0"/><Vertex X="17246" Y="19724" Z="0"/><Vertex X="17246" Y="19689" Z="0"/><Vertex X="17210" Y="19689" Z="0"/><Vertex X="17174" Y="19617" Z="0"/><Vertex X="17138" Y="19581" Z="0"/><Vertex X="17102" Y="19509" Z="0"/><Vertex X="17066" Y="19437" Z="0"/><Vertex X="17030" Y="19329" Z="0"/><Vertex X="16994" Y="19293" Z="0"/><Vertex X="16994" Y="19257" Z="0"/><Vertex X="16994" Y="19221" Z="0"/><Vertex X="16994" Y="19186" Z="0"/><Vertex X="16958" Y="19150" Z="0"/><Vertex X="16958" Y="19114" Z="0"/><Vertex X="16922" Y="19078" Z="0"/><Vertex X="16887" Y="19042" Z="0"/><Vertex X="16887" Y="19006" Z="0"/><Vertex X="16887" Y="18970" Z="0"/><Vertex X="16887" Y="18934" Z="0"/><Vertex X="16815" Y="18934" Z="0"/><Vertex X="16815" Y="18898" Z="0"/><Vertex X="16779" Y="18898" Z="0"/><Vertex X="16779" Y="18862" Z="0"/><Vertex X="16743" Y="18790" Z="0"/><Vertex X="16707" Y="18790" Z="0"/><Vertex X="16671" Y="18790" Z="0"/><Vertex X="16671" Y="18754" Z="0"/><Vertex X="16635" Y="18754" Z="0"/><Vertex X="16599" Y="18718" Z="0"/><Vertex X="16563" Y="18718" Z="0"/><Vertex X="16527" Y="18718" Z="0"/><Vertex X="16491" Y="18718" Z="0"/><Vertex X="16491" Y="18683" Z="0"/><Vertex X="16455" Y="18683" Z="0"/><Vertex X="16419" Y="18683" Z="0"/><Vertex X="16384" Y="18647" Z="0"/><Vertex X="16348" Y="18647" Z="0"/><Vertex X="16312" Y="18611" Z="0"/><Vertex X="16276" Y="18611" Z="0"/><Vertex X="16240" Y="18611" Z="0"/><Vertex X="16204" Y="18611" Z="0"/><Vertex X="16204" Y="18539" Z="0"/><Vertex X="16168" Y="18539" Z="0"/><Vertex X="16132" Y="18539" Z="0"/><Vertex X="16060" Y="18503" Z="0"/><Vertex X="15952" Y="18503" Z="0"/><Vertex X="15917" Y="18503" Z="0"/><Vertex X="15881" Y="18503" Z="0"/><Vertex X="15845" Y="18503" Z="0"/><Vertex X="15809" Y="18503" Z="0"/><Vertex X="15773" Y="18503" Z="0"/><Vertex X="15737" Y="18503" Z="0"/><Vertex X="15737" Y="18467" Z="0"/><Vertex X="15701" Y="18467" Z="0"/><Vertex X="15665" Y="18467" Z="0"/><Vertex X="15629" Y="18467" Z="0"/><Vertex X="15629" Y="18431" Z="0"/><Vertex X="15593" Y="18431" Z="0"/><Vertex X="15557" Y="18431" Z="0"/><Vertex X="15521" Y="18431" Z="0"/><Vertex X="15485" Y="18431" Z="0"/><Vertex X="15449" Y="18431" Z="0"/><Vertex X="15414" Y="18395" Z="0"/><Vertex X="15378" Y="18395" Z="0"/><Vertex X="15378" Y="18359" Z="0"/><Vertex X="15342" Y="18359" Z="0"/><Vertex X="15342" Y="18323" Z="0"/><Vertex X="15306" Y="18323" Z="0"/><Vertex X="15306" Y="18251" Z="0"/><Vertex X="15270" Y="18215" Z="0"/><Vertex X="15270" Y="18180" Z="0"/><Vertex X="15198" Y="18180" Z="0"/><Vertex X="15198" Y="18144" Z="0"/><Vertex X="15198" Y="18108" Z="0"/><Vertex X="15162" Y="18108" Z="0"/><Vertex X="15162" Y="18072" Z="0"/><Vertex X="15126" Y="18072" Z="0"/><Vertex X="15126" Y="18036" Z="0"/><Vertex X="15090" Y="18036" Z="0"/><Vertex X="15090" Y="18000" Z="0"/><Vertex X="14767" Y="17892" Z="0"/></Vertices></Region></Regions><Plots></Plots></Annotation></Annotations>
