<Annotations MicronsPerPixel="0.493400">
	<Annotation Id="1" Name="" ReadOnly="0" NameReadOnly="0" LineColorReadOnly="0" Incremental="0" Type="4" LineColor="65280" Visible="1" Selected="1" MarkupImagePath="" MacroName=""><Attributes></Attributes><Regions><RegionAttributeHeaders></RegionAttributeHeaders><Region Id="1" Type="0" Zoom="0.022119" Selected="0" ImageLocation="" ImageFocus="-1" Length="33108.6" Area="52109819.5" LengthMicrons="16335.8" AreaMicrons="12685800.4" Text="" NegativeROA="0" InputRegionId="0" Analyze="1" DisplayId="1"><Attributes></Attributes><Vertices><Vertex X="10715" Y="17813" Z="0"/><Vertex X="10669" Y="17948" Z="0"/><Vertex X="10669" Y="18039" Z="0"/><Vertex X="10669" Y="18219" Z="0"/><Vertex X="10624" Y="18310" Z="0"/><Vertex X="10624" Y="18400" Z="0"/><Vertex X="10579" Y="18491" Z="0"/><Vertex X="10579" Y="18672" Z="0"/><Vertex X="10579" Y="18717" Z="0"/><Vertex X="10534" Y="18807" Z="0"/><Vertex X="10534" Y="18898" Z="0"/><Vertex X="10534" Y="18988" Z="0"/><Vertex X="10488" Y="19078" Z="0"/><Vertex X="10488" Y="19169" Z="0"/><Vertex X="10488" Y="19214" Z="0"/><Vertex X="10443" Y="19395" Z="0"/><Vertex X="10443" Y="19485" Z="0"/><Vertex X="10443" Y="19576" Z="0"/><Vertex X="10443" Y="19666" Z="0"/><Vertex X="10443" Y="19847" Z="0"/><Vertex X="10443" Y="19937" Z="0"/><Vertex X="10443" Y="20073" Z="0"/><Vertex X="10443" Y="20254" Z="0"/><Vertex X="10443" Y="20344" Z="0"/><Vertex X="10443" Y="20435" Z="0"/><Vertex X="10443" Y="20616" Z="0"/><Vertex X="10443" Y="20661" Z="0"/><Vertex X="10443" Y="20796" Z="0"/><Vertex X="10398" Y="20977" Z="0"/><Vertex X="10398" Y="21113" Z="0"/><Vertex X="10398" Y="21203" Z="0"/><Vertex X="10398" Y="21249" Z="0"/><Vertex X="10398" Y="21384" Z="0"/><Vertex X="10398" Y="21475" Z="0"/><Vertex X="10398" Y="21520" Z="0"/><Vertex X="10398" Y="21610" Z="0"/><Vertex X="10398" Y="21655" Z="0"/><Vertex X="10398" Y="21746" Z="0"/><Vertex X="10398" Y="21791" Z="0"/><Vertex X="10398" Y="21836" Z="0"/><Vertex X="10398" Y="21881" Z="0"/><Vertex X="10398" Y="21927" Z="0"/><Vertex X="10398" Y="22017" Z="0"/><Vertex X="10398" Y="22153" Z="0"/><Vertex X="10398" Y="22243" Z="0"/><Vertex X="10398" Y="22334" Z="0"/><Vertex X="10398" Y="22379" Z="0"/><Vertex X="10398" Y="22469" Z="0"/><Vertex X="10398" Y="22514" Z="0"/><Vertex X="10398" Y="22605" Z="0"/><Vertex X="10398" Y="22650" Z="0"/><Vertex X="10398" Y="22740" Z="0"/><Vertex X="10398" Y="22831" Z="0"/><Vertex X="10398" Y="22876" Z="0"/><Vertex X="10398" Y="23012" Z="0"/><Vertex X="10398" Y="23102" Z="0"/><Vertex X="10398" Y="23238" Z="0"/><Vertex X="10398" Y="23283" Z="0"/><Vertex X="10398" Y="23373" Z="0"/><Vertex X="10398" Y="23419" Z="0"/><Vertex X="10398" Y="23464" Z="0"/><Vertex X="10398" Y="23509" Z="0"/><Vertex X="10398" Y="23554" Z="0"/><Vertex X="10398" Y="23599" Z="0"/><Vertex X="10398" Y="23645" Z="0"/><Vertex X="10398" Y="23690" Z="0"/><Vertex X="10398" Y="23735" Z="0"/><Vertex X="10398" Y="23780" Z="0"/><Vertex X="10398" Y="23871" Z="0"/><Vertex X="10398" Y="23916" Z="0"/><Vertex X="10398" Y="24006" Z="0"/><Vertex X="10398" Y="24097" Z="0"/><Vertex X="10398" Y="24142" Z="0"/><Vertex X="10398" Y="24187" Z="0"/><Vertex X="10398" Y="24278" Z="0"/><Vertex X="10398" Y="24368" Z="0"/><Vertex X="10398" Y="24413" Z="0"/><Vertex X="10398" Y="24504" Z="0"/><Vertex X="10398" Y="24594" Z="0"/><Vertex X="10398" Y="24684" Z="0"/><Vertex X="10398" Y="24775" Z="0"/><Vertex X="10398" Y="24820" Z="0"/><Vertex X="10398" Y="24956" Z="0"/><Vertex X="10398" Y="25091" Z="0"/><Vertex X="10398" Y="25227" Z="0"/><Vertex X="10398" Y="25272" Z="0"/><Vertex X="10398" Y="25453" Z="0"/><Vertex X="10398" Y="25498" Z="0"/><Vertex X="10398" Y="25589" Z="0"/><Vertex X="10353" Y="25634" Z="0"/><Vertex X="10353" Y="25724" Z="0"/><Vertex X="10353" Y="25815" Z="0"/><Vertex X="10308" Y="25905" Z="0"/><Vertex X="10308" Y="25950" Z="0"/><Vertex X="10262" Y="25996" Z="0"/><Vertex X="10262" Y="26086" Z="0"/><Vertex X="10262" Y="26222" Z="0"/><Vertex X="10262" Y="26267" Z="0"/><Vertex X="10262" Y="26357" Z="0"/><Vertex X="10262" Y="26402" Z="0"/><Vertex X="10262" Y="26538" Z="0"/><Vertex X="10262" Y="26583" Z="0"/><Vertex X="10308" Y="26674" Z="0"/><Vertex X="10308" Y="26809" Z="0"/><Vertex X="10398" Y="27171" Z="0"/><Vertex X="10398" Y="27261" Z="0"/><Vertex X="10443" Y="27352" Z="0"/><Vertex X="10443" Y="27533" Z="0"/><Vertex X="10443" Y="27578" Z="0"/><Vertex X="10443" Y="27668" Z="0"/><Vertex X="10443" Y="27759" Z="0"/><Vertex X="10488" Y="27759" Z="0"/><Vertex X="10488" Y="27894" Z="0"/><Vertex X="10488" Y="27940" Z="0"/><Vertex X="10488" Y="27985" Z="0"/><Vertex X="10488" Y="28075" Z="0"/><Vertex X="10488" Y="28120" Z="0"/><Vertex X="10488" Y="28256" Z="0"/><Vertex X="10488" Y="28301" Z="0"/><Vertex X="10488" Y="28392" Z="0"/><Vertex X="10488" Y="28482" Z="0"/><Vertex X="10488" Y="28572" Z="0"/><Vertex X="10488" Y="28618" Z="0"/><Vertex X="10488" Y="28663" Z="0"/><Vertex X="10488" Y="28708" Z="0"/><Vertex X="10488" Y="28753" Z="0"/><Vertex X="10488" Y="28799" Z="0"/><Vertex X="10488" Y="28889" Z="0"/><Vertex X="10534" Y="28934" Z="0"/><Vertex X="10534" Y="28979" Z="0"/><Vertex X="10579" Y="29025" Z="0"/><Vertex X="10579" Y="29070" Z="0"/><Vertex X="10579" Y="29115" Z="0"/><Vertex X="10624" Y="29115" Z="0"/><Vertex X="10669" Y="29160" Z="0"/><Vertex X="10715" Y="29251" Z="0"/><Vertex X="10760" Y="29251" Z="0"/><Vertex X="10805" Y="29296" Z="0"/><Vertex X="10850" Y="29341" Z="0"/><Vertex X="10895" Y="29386" Z="0"/><Vertex X="10941" Y="29431" Z="0"/><Vertex X="11076" Y="29477" Z="0"/><Vertex X="11121" Y="29612" Z="0"/><Vertex X="11212" Y="29658" Z="0"/><Vertex X="11257" Y="29703" Z="0"/><Vertex X="11302" Y="29703" Z="0"/><Vertex X="11347" Y="29748" Z="0"/><Vertex X="11438" Y="29838" Z="0"/><Vertex X="11528" Y="29884" Z="0"/><Vertex X="11574" Y="29884" Z="0"/><Vertex X="11574" Y="29974" Z="0"/><Vertex X="11619" Y="30019" Z="0"/><Vertex X="11664" Y="30019" Z="0"/><Vertex X="11709" Y="30110" Z="0"/><Vertex X="11800" Y="30155" Z="0"/><Vertex X="11845" Y="30155" Z="0"/><Vertex X="11845" Y="30200" Z="0"/><Vertex X="11845" Y="30245" Z="0"/><Vertex X="11890" Y="30290" Z="0"/><Vertex X="11890" Y="30336" Z="0"/><Vertex X="11935" Y="30336" Z="0"/><Vertex X="11935" Y="30381" Z="0"/><Vertex X="11980" Y="30381" Z="0"/><Vertex X="11980" Y="30426" Z="0"/><Vertex X="12026" Y="30426" Z="0"/><Vertex X="12026" Y="30471" Z="0"/><Vertex X="12071" Y="30471" Z="0"/><Vertex X="12071" Y="30516" Z="0"/><Vertex X="12116" Y="30516" Z="0"/><Vertex X="12161" Y="30516" Z="0"/><Vertex X="12206" Y="30516" Z="0"/><Vertex X="12252" Y="30562" Z="0"/><Vertex X="12297" Y="30562" Z="0"/><Vertex X="12342" Y="30562" Z="0"/><Vertex X="12387" Y="30562" Z="0"/><Vertex X="12432" Y="30562" Z="0"/><Vertex X="12523" Y="30562" Z="0"/><Vertex X="12568" Y="30562" Z="0"/><Vertex X="12613" Y="30562" Z="0"/><Vertex X="12659" Y="30516" Z="0"/><Vertex X="12704" Y="30471" Z="0"/><Vertex X="12704" Y="30426" Z="0"/><Vertex X="12839" Y="30381" Z="0"/><Vertex X="12839" Y="30336" Z="0"/><Vertex X="12930" Y="30245" Z="0"/><Vertex X="12975" Y="30155" Z="0"/><Vertex X="13020" Y="30110" Z="0"/><Vertex X="13065" Y="30064" Z="0"/><Vertex X="13156" Y="30019" Z="0"/><Vertex X="13246" Y="29838" Z="0"/><Vertex X="13382" Y="29748" Z="0"/><Vertex X="13427" Y="29612" Z="0"/><Vertex X="13472" Y="29522" Z="0"/><Vertex X="13563" Y="29477" Z="0"/><Vertex X="13608" Y="29431" Z="0"/><Vertex X="13653" Y="29386" Z="0"/><Vertex X="13653" Y="29341" Z="0"/><Vertex X="13698" Y="29341" Z="0"/><Vertex X="13744" Y="29251" Z="0"/><Vertex X="13834" Y="29205" Z="0"/><Vertex X="13924" Y="29115" Z="0"/><Vertex X="13924" Y="29070" Z="0"/><Vertex X="13970" Y="29070" Z="0"/><Vertex X="14015" Y="29025" Z="0"/><Vertex X="14105" Y="28934" Z="0"/><Vertex X="14105" Y="28889" Z="0"/><Vertex X="14150" Y="28844" Z="0"/><Vertex X="14196" Y="28844" Z="0"/><Vertex X="14196" Y="28799" Z="0"/><Vertex X="14286" Y="28799" Z="0"/><Vertex X="14286" Y="28753" Z="0"/><Vertex X="14331" Y="28663" Z="0"/><Vertex X="14376" Y="28618" Z="0"/><Vertex X="14422" Y="28572" Z="0"/><Vertex X="14422" Y="28527" Z="0"/><Vertex X="14422" Y="28482" Z="0"/><Vertex X="14422" Y="28392" Z="0"/><Vertex X="14467" Y="28346" Z="0"/><Vertex X="14467" Y="28301" Z="0"/><Vertex X="14467" Y="28256" Z="0"/><Vertex X="14512" Y="28211" Z="0"/><Vertex X="14512" Y="28166" Z="0"/><Vertex X="14512" Y="28075" Z="0"/><Vertex X="14512" Y="27940" Z="0"/><Vertex X="14557" Y="27849" Z="0"/><Vertex X="14557" Y="27668" Z="0"/><Vertex X="14557" Y="27487" Z="0"/><Vertex X="14603" Y="27352" Z="0"/><Vertex X="14693" Y="27081" Z="0"/><Vertex X="14738" Y="26945" Z="0"/><Vertex X="14783" Y="26719" Z="0"/><Vertex X="14783" Y="26538" Z="0"/><Vertex X="14829" Y="26402" Z="0"/><Vertex X="14874" Y="26176" Z="0"/><Vertex X="14919" Y="26131" Z="0"/><Vertex X="14919" Y="26041" Z="0"/><Vertex X="14964" Y="25905" Z="0"/><Vertex X="14964" Y="25860" Z="0"/><Vertex X="14964" Y="25769" Z="0"/><Vertex X="14964" Y="25679" Z="0"/><Vertex X="14964" Y="25589" Z="0"/><Vertex X="14964" Y="25543" Z="0"/><Vertex X="15009" Y="25498" Z="0"/><Vertex X="15009" Y="25453" Z="0"/><Vertex X="15055" Y="25363" Z="0"/><Vertex X="15055" Y="25272" Z="0"/><Vertex X="15055" Y="25182" Z="0"/><Vertex X="15055" Y="25137" Z="0"/><Vertex X="15055" Y="25091" Z="0"/><Vertex X="15055" Y="25046" Z="0"/><Vertex X="15055" Y="25001" Z="0"/><Vertex X="15055" Y="24910" Z="0"/><Vertex X="15145" Y="24820" Z="0"/><Vertex X="15145" Y="24775" Z="0"/><Vertex X="15145" Y="24730" Z="0"/><Vertex X="15145" Y="24684" Z="0"/><Vertex X="15145" Y="24639" Z="0"/><Vertex X="15145" Y="24594" Z="0"/><Vertex X="15145" Y="24504" Z="0"/><Vertex X="15190" Y="24458" Z="0"/><Vertex X="15190" Y="24413" Z="0"/><Vertex X="15235" Y="24323" Z="0"/><Vertex X="15235" Y="24278" Z="0"/><Vertex X="15281" Y="24232" Z="0"/><Vertex X="15281" Y="24142" Z="0"/><Vertex X="15281" Y="24097" Z="0"/><Vertex X="15326" Y="24052" Z="0"/><Vertex X="15371" Y="23961" Z="0"/><Vertex X="15371" Y="23916" Z="0"/><Vertex X="15416" Y="23916" Z="0"/><Vertex X="15416" Y="23780" Z="0"/><Vertex X="15462" Y="23735" Z="0"/><Vertex X="15507" Y="23645" Z="0"/><Vertex X="15507" Y="23599" Z="0"/><Vertex X="15507" Y="23554" Z="0"/><Vertex X="15507" Y="23509" Z="0"/><Vertex X="15552" Y="23464" Z="0"/><Vertex X="15552" Y="23373" Z="0"/><Vertex X="15552" Y="23283" Z="0"/><Vertex X="15597" Y="23283" Z="0"/><Vertex X="15597" Y="23193" Z="0"/><Vertex X="15597" Y="23102" Z="0"/><Vertex X="15597" Y="23057" Z="0"/><Vertex X="15597" Y="23012" Z="0"/><Vertex X="15597" Y="22966" Z="0"/><Vertex X="15597" Y="22921" Z="0"/><Vertex X="15597" Y="22831" Z="0"/><Vertex X="15642" Y="22695" Z="0"/><Vertex X="15642" Y="22650" Z="0"/><Vertex X="15642" Y="22605" Z="0"/><Vertex X="15642" Y="22560" Z="0"/><Vertex X="15642" Y="22514" Z="0"/><Vertex X="15642" Y="22379" Z="0"/><Vertex X="15642" Y="22288" Z="0"/><Vertex X="15642" Y="22243" Z="0"/><Vertex X="15642" Y="22107" Z="0"/><Vertex X="15688" Y="22017" Z="0"/><Vertex X="15688" Y="21927" Z="0"/><Vertex X="15688" Y="21881" Z="0"/><Vertex X="15688" Y="21836" Z="0"/><Vertex X="15688" Y="21791" Z="0"/><Vertex X="15688" Y="21746" Z="0"/><Vertex X="15688" Y="21701" Z="0"/><Vertex X="15688" Y="21610" Z="0"/><Vertex X="15688" Y="21565" Z="0"/><Vertex X="15688" Y="21520" Z="0"/><Vertex X="15688" Y="21429" Z="0"/><Vertex X="15688" Y="21384" Z="0"/><Vertex X="15688" Y="21249" Z="0"/><Vertex X="15688" Y="21203" Z="0"/><Vertex X="15688" Y="21158" Z="0"/><Vertex X="15688" Y="21113" Z="0"/><Vertex X="15688" Y="21068" Z="0"/><Vertex X="15688" Y="21022" Z="0"/><Vertex X="15688" Y="20977" Z="0"/><Vertex X="15688" Y="20887" Z="0"/><Vertex X="15688" Y="20842" Z="0"/><Vertex X="15688" Y="20796" Z="0"/><Vertex X="15688" Y="20751" Z="0"/><Vertex X="15688" Y="20706" Z="0"/><Vertex X="15688" Y="20661" Z="0"/><Vertex X="15688" Y="20525" Z="0"/><Vertex X="15642" Y="20480" Z="0"/><Vertex X="15597" Y="20435" Z="0"/><Vertex X="15597" Y="20390" Z="0"/><Vertex X="15552" Y="20390" Z="0"/><Vertex X="15552" Y="20344" Z="0"/><Vertex X="15462" Y="20344" Z="0"/><Vertex X="15462" Y="20299" Z="0"/><Vertex X="15462" Y="20209" Z="0"/><Vertex X="15416" Y="20209" Z="0"/><Vertex X="15371" Y="20163" Z="0"/><Vertex X="15371" Y="20118" Z="0"/><Vertex X="15326" Y="20073" Z="0"/><Vertex X="15281" Y="20028" Z="0"/><Vertex X="15235" Y="19983" Z="0"/><Vertex X="15235" Y="19892" Z="0"/><Vertex X="15145" Y="19847" Z="0"/><Vertex X="15100" Y="19847" Z="0"/><Vertex X="15055" Y="19802" Z="0"/><Vertex X="15009" Y="19757" Z="0"/><Vertex X="14964" Y="19711" Z="0"/><Vertex X="14919" Y="19711" Z="0"/><Vertex X="14874" Y="19621" Z="0"/><Vertex X="14874" Y="19576" Z="0"/><Vertex X="14783" Y="19485" Z="0"/><Vertex X="14738" Y="19485" Z="0"/><Vertex X="14693" Y="19395" Z="0"/><Vertex X="14648" Y="19395" Z="0"/><Vertex X="14648" Y="19350" Z="0"/><Vertex X="14603" Y="19350" Z="0"/><Vertex X="14557" Y="19305" Z="0"/><Vertex X="14557" Y="19259" Z="0"/><Vertex X="14512" Y="19259" Z="0"/><Vertex X="14422" Y="19259" Z="0"/><Vertex X="14376" Y="19169" Z="0"/><Vertex X="14331" Y="19124" Z="0"/><Vertex X="14286" Y="19124" Z="0"/><Vertex X="14241" Y="19078" Z="0"/><Vertex X="14196" Y="19078" Z="0"/><Vertex X="14150" Y="19078" Z="0"/><Vertex X="14060" Y="19033" Z="0"/><Vertex X="14015" Y="19033" Z="0"/><Vertex X="13924" Y="18988" Z="0"/><Vertex X="13879" Y="18943" Z="0"/><Vertex X="13834" Y="18943" Z="0"/><Vertex X="13789" Y="18943" Z="0"/><Vertex X="13698" Y="18943" Z="0"/><Vertex X="13698" Y="18898" Z="0"/><Vertex X="13653" Y="18898" Z="0"/><Vertex X="13608" Y="18898" Z="0"/><Vertex X="13608" Y="18852" Z="0"/><Vertex X="13563" Y="18852" Z="0"/><Vertex X="13518" Y="18852" Z="0"/><Vertex X="13472" Y="18807" Z="0"/><Vertex X="13382" Y="18807" Z="0"/><Vertex X="13337" Y="18807" Z="0"/><Vertex X="13337" Y="18762" Z="0"/><Vertex X="13291" Y="18762" Z="0"/><Vertex X="13246" Y="18717" Z="0"/><Vertex X="13201" Y="18717" Z="0"/><Vertex X="13156" Y="18717" Z="0"/><Vertex X="13111" Y="18717" Z="0"/><Vertex X="13065" Y="18717" Z="0"/><Vertex X="13020" Y="18717" Z="0"/><Vertex X="12975" Y="18717" Z="0"/><Vertex X="12930" Y="18672" Z="0"/><Vertex X="12839" Y="18672" Z="0"/><Vertex X="12794" Y="18626" Z="0"/><Vertex X="12659" Y="18626" Z="0"/><Vertex X="12613" Y="18581" Z="0"/><Vertex X="12568" Y="18581" Z="0"/><Vertex X="12523" Y="18581" Z="0"/><Vertex X="12478" Y="18581" Z="0"/><Vertex X="12432" Y="18581" Z="0"/><Vertex X="12342" Y="18581" Z="0"/><Vertex X="12342" Y="18536" Z="0"/><Vertex X="12297" Y="18536" Z="0"/><Vertex X="12206" Y="18446" Z="0"/><Vertex X="12116" Y="18400" Z="0"/><Vertex X="12026" Y="18400" Z="0"/><Vertex X="11980" Y="18400" Z="0"/><Vertex X="11935" Y="18355" Z="0"/><Vertex X="11845" Y="18355" Z="0"/><Vertex X="11754" Y="18310" Z="0"/><Vertex X="11619" Y="18265" Z="0"/><Vertex X="11574" Y="18265" Z="0"/><Vertex X="11528" Y="18265" Z="0"/><Vertex X="11528" Y="18219" Z="0"/><Vertex X="11483" Y="18174" Z="0"/><Vertex X="11438" Y="18174" Z="0"/><Vertex X="11438" Y="18129" Z="0"/><Vertex X="11393" Y="18129" Z="0"/><Vertex X="11393" Y="18084" Z="0"/><Vertex X="11347" Y="18039" Z="0"/><Vertex X="11302" Y="18039" Z="0"/><Vertex X="11302" Y="17993" Z="0"/><Vertex X="11257" Y="17993" Z="0"/><Vertex X="11257" Y="17948" Z="0"/><Vertex X="11212" Y="17903" Z="0"/><Vertex X="11167" Y="17858" Z="0"/><Vertex X="11167" Y="17813" Z="0"/><Vertex X="11121" Y="17813" Z="0"/><Vertex X="11121" Y="17767" Z="0"/><Vertex X="11076" Y="17722" Z="0"/><Vertex X="11076" Y="17677" Z="0"/><Vertex X="11076" Y="17632" Z="0"/><Vertex X="11031" Y="17632" Z="0"/><Vertex X="11031" Y="17587" Z="0"/><Vertex X="11031" Y="17541" Z="0"/><Vertex X="11031" Y="17496" Z="0"/><Vertex X="11031" Y="17451" Z="0"/><Vertex X="10986" Y="17451" Z="0"/><Vertex X="10986" Y="17406" Z="0"/><Vertex X="10941" Y="17406" Z="0"/><Vertex X="10715" Y="17813" Z="0"/></Vertices></Region><Region Id="2" Type="0" Zoom="0.022119" Selected="0" ImageLocation="" ImageFocus="-1" Length="30000.5" Area="37789357.0" LengthMicrons="14802.2" AreaMicrons="9199575.9" Text="" NegativeROA="0" InputRegionId="0" Analyze="1" DisplayId="2"><Attributes></Attributes><Vertices><Vertex X="37931" Y="22424" Z="0"/><Vertex X="37885" Y="22514" Z="0"/><Vertex X="37840" Y="22650" Z="0"/><Vertex X="37795" Y="22740" Z="0"/><Vertex X="37750" Y="22831" Z="0"/><Vertex X="37750" Y="22921" Z="0"/><Vertex X="37750" Y="22966" Z="0"/><Vertex X="37705" Y="23012" Z="0"/><Vertex X="37705" Y="23057" Z="0"/><Vertex X="37705" Y="23102" Z="0"/><Vertex X="37705" Y="23193" Z="0"/><Vertex X="37705" Y="23238" Z="0"/><Vertex X="37705" Y="23283" Z="0"/><Vertex X="37705" Y="23373" Z="0"/><Vertex X="37659" Y="23419" Z="0"/><Vertex X="37659" Y="23464" Z="0"/><Vertex X="37614" Y="23599" Z="0"/><Vertex X="37614" Y="23645" Z="0"/><Vertex X="37569" Y="23690" Z="0"/><Vertex X="37524" Y="23735" Z="0"/><Vertex X="37524" Y="23825" Z="0"/><Vertex X="37479" Y="23961" Z="0"/><Vertex X="37388" Y="24052" Z="0"/><Vertex X="37343" Y="24187" Z="0"/><Vertex X="37343" Y="24368" Z="0"/><Vertex X="37298" Y="24458" Z="0"/><Vertex X="37207" Y="24504" Z="0"/><Vertex X="37162" Y="24549" Z="0"/><Vertex X="37162" Y="24594" Z="0"/><Vertex X="37117" Y="24594" Z="0"/><Vertex X="37117" Y="24639" Z="0"/><Vertex X="37117" Y="24730" Z="0"/><Vertex X="37117" Y="24775" Z="0"/><Vertex X="37072" Y="24865" Z="0"/><Vertex X="37027" Y="24865" Z="0"/><Vertex X="37027" Y="24910" Z="0"/><Vertex X="37027" Y="24956" Z="0"/><Vertex X="36981" Y="24956" Z="0"/><Vertex X="36936" Y="24956" Z="0"/><Vertex X="36936" Y="25046" Z="0"/><Vertex X="36891" Y="25046" Z="0"/><Vertex X="36891" Y="25091" Z="0"/><Vertex X="36846" Y="25091" Z="0"/><Vertex X="36846" Y="25137" Z="0"/><Vertex X="36846" Y="25182" Z="0"/><Vertex X="36800" Y="25227" Z="0"/><Vertex X="36755" Y="25272" Z="0"/><Vertex X="36755" Y="25317" Z="0"/><Vertex X="36710" Y="25363" Z="0"/><Vertex X="36665" Y="25453" Z="0"/><Vertex X="36620" Y="25543" Z="0"/><Vertex X="36574" Y="25589" Z="0"/><Vertex X="36574" Y="25634" Z="0"/><Vertex X="36574" Y="25679" Z="0"/><Vertex X="36484" Y="25724" Z="0"/><Vertex X="36439" Y="25769" Z="0"/><Vertex X="36439" Y="25815" Z="0"/><Vertex X="36439" Y="25860" Z="0"/><Vertex X="36394" Y="25905" Z="0"/><Vertex X="36394" Y="25950" Z="0"/><Vertex X="36348" Y="25950" Z="0"/><Vertex X="36348" Y="25996" Z="0"/><Vertex X="36303" Y="26086" Z="0"/><Vertex X="36303" Y="26131" Z="0"/><Vertex X="36303" Y="26176" Z="0"/><Vertex X="36303" Y="26222" Z="0"/><Vertex X="36258" Y="26267" Z="0"/><Vertex X="36258" Y="26312" Z="0"/><Vertex X="36258" Y="26402" Z="0"/><Vertex X="36213" Y="26402" Z="0"/><Vertex X="36213" Y="26448" Z="0"/><Vertex X="36213" Y="26493" Z="0"/><Vertex X="36168" Y="26538" Z="0"/><Vertex X="36168" Y="26583" Z="0"/><Vertex X="36168" Y="26674" Z="0"/><Vertex X="36168" Y="26764" Z="0"/><Vertex X="36168" Y="26809" Z="0"/><Vertex X="36168" Y="26855" Z="0"/><Vertex X="36168" Y="26900" Z="0"/><Vertex X="36168" Y="26990" Z="0"/><Vertex X="36213" Y="27126" Z="0"/><Vertex X="36213" Y="27171" Z="0"/><Vertex X="36258" Y="27171" Z="0"/><Vertex X="36258" Y="27216" Z="0"/><Vertex X="36303" Y="27307" Z="0"/><Vertex X="36348" Y="27352" Z="0"/><Vertex X="36348" Y="27397" Z="0"/><Vertex X="36348" Y="27487" Z="0"/><Vertex X="36394" Y="27533" Z="0"/><Vertex X="36394" Y="27578" Z="0"/><Vertex X="36439" Y="27623" Z="0"/><Vertex X="36484" Y="27668" Z="0"/><Vertex X="36529" Y="27713" Z="0"/><Vertex X="36574" Y="27804" Z="0"/><Vertex X="36620" Y="27849" Z="0"/><Vertex X="36665" Y="27894" Z="0"/><Vertex X="36665" Y="27940" Z="0"/><Vertex X="36710" Y="27940" Z="0"/><Vertex X="36755" Y="27985" Z="0"/><Vertex X="36755" Y="28030" Z="0"/><Vertex X="36800" Y="28075" Z="0"/><Vertex X="36936" Y="28075" Z="0"/><Vertex X="36936" Y="28120" Z="0"/><Vertex X="36981" Y="28211" Z="0"/><Vertex X="37027" Y="28211" Z="0"/><Vertex X="37072" Y="28301" Z="0"/><Vertex X="37117" Y="28346" Z="0"/><Vertex X="37162" Y="28346" Z="0"/><Vertex X="37253" Y="28392" Z="0"/><Vertex X="37298" Y="28437" Z="0"/><Vertex X="37343" Y="28482" Z="0"/><Vertex X="37388" Y="28527" Z="0"/><Vertex X="37433" Y="28527" Z="0"/><Vertex X="37479" Y="28527" Z="0"/><Vertex X="37479" Y="28572" Z="0"/><Vertex X="37524" Y="28618" Z="0"/><Vertex X="37569" Y="28618" Z="0"/><Vertex X="37614" Y="28618" Z="0"/><Vertex X="37659" Y="28618" Z="0"/><Vertex X="37705" Y="28618" Z="0"/><Vertex X="37750" Y="28618" Z="0"/><Vertex X="37750" Y="28663" Z="0"/><Vertex X="37795" Y="28663" Z="0"/><Vertex X="37885" Y="28708" Z="0"/><Vertex X="37931" Y="28708" Z="0"/><Vertex X="38021" Y="28753" Z="0"/><Vertex X="38066" Y="28753" Z="0"/><Vertex X="38112" Y="28753" Z="0"/><Vertex X="38202" Y="28753" Z="0"/><Vertex X="38292" Y="28753" Z="0"/><Vertex X="38338" Y="28799" Z="0"/><Vertex X="38383" Y="28799" Z="0"/><Vertex X="38428" Y="28799" Z="0"/><Vertex X="38518" Y="28889" Z="0"/><Vertex X="38564" Y="28889" Z="0"/><Vertex X="38609" Y="28889" Z="0"/><Vertex X="38699" Y="28889" Z="0"/><Vertex X="38744" Y="28889" Z="0"/><Vertex X="38880" Y="28889" Z="0"/><Vertex X="38925" Y="28889" Z="0"/><Vertex X="38971" Y="28889" Z="0"/><Vertex X="39016" Y="28889" Z="0"/><Vertex X="39106" Y="28889" Z="0"/><Vertex X="39151" Y="28889" Z="0"/><Vertex X="39197" Y="28889" Z="0"/><Vertex X="39242" Y="28889" Z="0"/><Vertex X="39287" Y="28889" Z="0"/><Vertex X="39377" Y="28889" Z="0"/><Vertex X="39423" Y="28889" Z="0"/><Vertex X="39468" Y="28889" Z="0"/><Vertex X="39513" Y="28889" Z="0"/><Vertex X="39558" Y="28889" Z="0"/><Vertex X="39603" Y="28844" Z="0"/><Vertex X="39649" Y="28844" Z="0"/><Vertex X="39649" Y="28799" Z="0"/><Vertex X="39694" Y="28799" Z="0"/><Vertex X="39739" Y="28753" Z="0"/><Vertex X="39784" Y="28753" Z="0"/><Vertex X="39784" Y="28708" Z="0"/><Vertex X="39784" Y="28663" Z="0"/><Vertex X="39830" Y="28663" Z="0"/><Vertex X="39920" Y="28618" Z="0"/><Vertex X="39920" Y="28572" Z="0"/><Vertex X="39920" Y="28527" Z="0"/><Vertex X="39920" Y="28482" Z="0"/><Vertex X="39965" Y="28482" Z="0"/><Vertex X="39965" Y="28437" Z="0"/><Vertex X="39965" Y="28392" Z="0"/><Vertex X="40010" Y="28392" Z="0"/><Vertex X="40010" Y="28346" Z="0"/><Vertex X="40010" Y="28301" Z="0"/><Vertex X="40056" Y="28256" Z="0"/><Vertex X="40056" Y="28166" Z="0"/><Vertex X="40101" Y="28120" Z="0"/><Vertex X="40146" Y="28120" Z="0"/><Vertex X="40146" Y="28075" Z="0"/><Vertex X="40191" Y="28075" Z="0"/><Vertex X="40191" Y="28030" Z="0"/><Vertex X="40236" Y="28030" Z="0"/><Vertex X="40282" Y="27985" Z="0"/><Vertex X="40282" Y="27940" Z="0"/><Vertex X="40327" Y="27940" Z="0"/><Vertex X="40327" Y="27849" Z="0"/><Vertex X="40372" Y="27804" Z="0"/><Vertex X="40417" Y="27713" Z="0"/><Vertex X="40462" Y="27623" Z="0"/><Vertex X="40508" Y="27533" Z="0"/><Vertex X="40553" Y="27397" Z="0"/><Vertex X="40553" Y="27352" Z="0"/><Vertex X="40553" Y="27307" Z="0"/><Vertex X="40553" Y="27261" Z="0"/><Vertex X="40553" Y="27216" Z="0"/><Vertex X="40553" Y="27171" Z="0"/><Vertex X="40553" Y="27035" Z="0"/><Vertex X="40643" Y="26900" Z="0"/><Vertex X="40643" Y="26809" Z="0"/><Vertex X="40688" Y="26674" Z="0"/><Vertex X="40688" Y="26538" Z="0"/><Vertex X="40734" Y="26448" Z="0"/><Vertex X="40779" Y="26402" Z="0"/><Vertex X="40824" Y="26222" Z="0"/><Vertex X="40869" Y="26131" Z="0"/><Vertex X="40915" Y="26086" Z="0"/><Vertex X="40915" Y="25996" Z="0"/><Vertex X="40915" Y="25950" Z="0"/><Vertex X="40915" Y="25860" Z="0"/><Vertex X="40915" Y="25815" Z="0"/><Vertex X="40915" Y="25769" Z="0"/><Vertex X="40915" Y="25724" Z="0"/><Vertex X="40960" Y="25679" Z="0"/><Vertex X="40960" Y="25634" Z="0"/><Vertex X="40960" Y="25589" Z="0"/><Vertex X="40960" Y="25543" Z="0"/><Vertex X="40960" Y="25498" Z="0"/><Vertex X="41050" Y="25363" Z="0"/><Vertex X="41050" Y="25317" Z="0"/><Vertex X="41050" Y="25272" Z="0"/><Vertex X="41050" Y="25227" Z="0"/><Vertex X="41095" Y="25137" Z="0"/><Vertex X="41095" Y="25091" Z="0"/><Vertex X="41095" Y="25046" Z="0"/><Vertex X="41095" Y="25001" Z="0"/><Vertex X="41095" Y="24956" Z="0"/><Vertex X="41095" Y="24820" Z="0"/><Vertex X="41141" Y="24684" Z="0"/><Vertex X="41186" Y="24639" Z="0"/><Vertex X="41186" Y="24594" Z="0"/><Vertex X="41276" Y="24413" Z="0"/><Vertex X="41321" Y="24278" Z="0"/><Vertex X="41367" Y="24187" Z="0"/><Vertex X="41457" Y="24142" Z="0"/><Vertex X="41502" Y="24006" Z="0"/><Vertex X="41502" Y="23916" Z="0"/><Vertex X="41502" Y="23871" Z="0"/><Vertex X="41502" Y="23825" Z="0"/><Vertex X="41547" Y="23780" Z="0"/><Vertex X="41547" Y="23645" Z="0"/><Vertex X="41638" Y="23554" Z="0"/><Vertex X="41638" Y="23509" Z="0"/><Vertex X="41683" Y="23464" Z="0"/><Vertex X="41683" Y="23419" Z="0"/><Vertex X="41683" Y="23373" Z="0"/><Vertex X="41683" Y="23328" Z="0"/><Vertex X="41683" Y="23283" Z="0"/><Vertex X="41728" Y="23193" Z="0"/><Vertex X="41819" Y="23102" Z="0"/><Vertex X="41819" Y="23057" Z="0"/><Vertex X="41864" Y="23012" Z="0"/><Vertex X="41864" Y="22876" Z="0"/><Vertex X="41909" Y="22740" Z="0"/><Vertex X="41909" Y="22650" Z="0"/><Vertex X="41909" Y="22605" Z="0"/><Vertex X="41909" Y="22514" Z="0"/><Vertex X="41909" Y="22424" Z="0"/><Vertex X="41909" Y="22379" Z="0"/><Vertex X="41909" Y="22334" Z="0"/><Vertex X="41909" Y="22288" Z="0"/><Vertex X="41909" Y="22198" Z="0"/><Vertex X="41909" Y="22153" Z="0"/><Vertex X="41909" Y="22062" Z="0"/><Vertex X="41909" Y="22017" Z="0"/><Vertex X="41909" Y="21881" Z="0"/><Vertex X="41909" Y="21746" Z="0"/><Vertex X="41909" Y="21655" Z="0"/><Vertex X="41909" Y="21565" Z="0"/><Vertex X="41954" Y="21520" Z="0"/><Vertex X="41954" Y="21384" Z="0"/><Vertex X="41954" Y="21294" Z="0"/><Vertex X="41954" Y="21249" Z="0"/><Vertex X="41954" Y="21158" Z="0"/><Vertex X="41954" Y="21068" Z="0"/><Vertex X="42000" Y="21022" Z="0"/><Vertex X="42000" Y="20977" Z="0"/><Vertex X="42000" Y="20932" Z="0"/><Vertex X="42000" Y="20887" Z="0"/><Vertex X="42045" Y="20842" Z="0"/><Vertex X="42045" Y="20796" Z="0"/><Vertex X="42045" Y="20751" Z="0"/><Vertex X="42090" Y="20661" Z="0"/><Vertex X="42090" Y="20570" Z="0"/><Vertex X="42090" Y="20525" Z="0"/><Vertex X="42090" Y="20480" Z="0"/><Vertex X="42090" Y="20435" Z="0"/><Vertex X="42090" Y="20344" Z="0"/><Vertex X="42090" Y="20299" Z="0"/><Vertex X="42090" Y="20254" Z="0"/><Vertex X="42090" Y="20209" Z="0"/><Vertex X="42090" Y="20163" Z="0"/><Vertex X="42090" Y="20073" Z="0"/><Vertex X="42090" Y="20028" Z="0"/><Vertex X="42090" Y="19983" Z="0"/><Vertex X="42090" Y="19937" Z="0"/><Vertex X="42090" Y="19892" Z="0"/><Vertex X="42090" Y="19847" Z="0"/><Vertex X="42090" Y="19802" Z="0"/><Vertex X="42090" Y="19757" Z="0"/><Vertex X="42090" Y="19711" Z="0"/><Vertex X="42090" Y="19666" Z="0"/><Vertex X="42045" Y="19576" Z="0"/><Vertex X="42045" Y="19531" Z="0"/><Vertex X="42045" Y="19485" Z="0"/><Vertex X="42045" Y="19440" Z="0"/><Vertex X="42045" Y="19395" Z="0"/><Vertex X="42045" Y="19305" Z="0"/><Vertex X="42000" Y="19259" Z="0"/><Vertex X="42000" Y="19214" Z="0"/><Vertex X="42000" Y="19169" Z="0"/><Vertex X="42000" Y="19124" Z="0"/><Vertex X="41954" Y="19078" Z="0"/><Vertex X="41954" Y="19033" Z="0"/><Vertex X="41909" Y="18988" Z="0"/><Vertex X="41909" Y="18898" Z="0"/><Vertex X="41864" Y="18852" Z="0"/><Vertex X="41819" Y="18852" Z="0"/><Vertex X="41774" Y="18807" Z="0"/><Vertex X="41728" Y="18762" Z="0"/><Vertex X="41683" Y="18762" Z="0"/><Vertex X="41638" Y="18762" Z="0"/><Vertex X="41593" Y="18717" Z="0"/><Vertex X="41547" Y="18581" Z="0"/><Vertex X="41457" Y="18581" Z="0"/><Vertex X="41367" Y="18581" Z="0"/><Vertex X="41321" Y="18536" Z="0"/><Vertex X="41276" Y="18536" Z="0"/><Vertex X="41231" Y="18491" Z="0"/><Vertex X="41095" Y="18491" Z="0"/><Vertex X="41005" Y="18446" Z="0"/><Vertex X="40960" Y="18446" Z="0"/><Vertex X="40915" Y="18446" Z="0"/><Vertex X="40869" Y="18446" Z="0"/><Vertex X="40824" Y="18446" Z="0"/><Vertex X="40734" Y="18446" Z="0"/><Vertex X="40643" Y="18400" Z="0"/><Vertex X="40598" Y="18400" Z="0"/><Vertex X="40553" Y="18400" Z="0"/><Vertex X="40508" Y="18355" Z="0"/><Vertex X="40462" Y="18355" Z="0"/><Vertex X="40417" Y="18355" Z="0"/><Vertex X="40372" Y="18355" Z="0"/><Vertex X="40327" Y="18265" Z="0"/><Vertex X="40282" Y="18265" Z="0"/><Vertex X="40236" Y="18265" Z="0"/><Vertex X="40191" Y="18265" Z="0"/><Vertex X="40146" Y="18219" Z="0"/><Vertex X="40056" Y="18219" Z="0"/><Vertex X="40010" Y="18219" Z="0"/><Vertex X="39965" Y="18219" Z="0"/><Vertex X="39920" Y="18219" Z="0"/><Vertex X="39875" Y="18219" Z="0"/><Vertex X="39830" Y="18219" Z="0"/><Vertex X="39784" Y="18219" Z="0"/><Vertex X="39649" Y="18219" Z="0"/><Vertex X="39603" Y="18265" Z="0"/><Vertex X="39558" Y="18265" Z="0"/><Vertex X="39558" Y="18310" Z="0"/><Vertex X="39513" Y="18310" Z="0"/><Vertex X="39468" Y="18310" Z="0"/><Vertex X="39468" Y="18355" Z="0"/><Vertex X="39423" Y="18355" Z="0"/><Vertex X="39377" Y="18355" Z="0"/><Vertex X="39377" Y="18400" Z="0"/><Vertex X="39332" Y="18400" Z="0"/><Vertex X="39332" Y="18446" Z="0"/><Vertex X="39287" Y="18491" Z="0"/><Vertex X="39287" Y="18536" Z="0"/><Vertex X="39242" Y="18581" Z="0"/><Vertex X="39242" Y="18626" Z="0"/><Vertex X="39197" Y="18672" Z="0"/><Vertex X="39197" Y="18717" Z="0"/><Vertex X="39197" Y="18762" Z="0"/><Vertex X="39151" Y="18762" Z="0"/><Vertex X="39151" Y="18807" Z="0"/><Vertex X="39106" Y="18807" Z="0"/><Vertex X="39106" Y="18852" Z="0"/><Vertex X="39061" Y="18898" Z="0"/><Vertex X="39016" Y="18988" Z="0"/><Vertex X="38971" Y="19033" Z="0"/><Vertex X="38925" Y="19078" Z="0"/><Vertex X="38880" Y="19078" Z="0"/><Vertex X="38880" Y="19124" Z="0"/><Vertex X="38880" Y="19169" Z="0"/><Vertex X="38835" Y="19169" Z="0"/><Vertex X="38790" Y="19169" Z="0"/><Vertex X="38790" Y="19214" Z="0"/><Vertex X="38699" Y="19259" Z="0"/><Vertex X="38699" Y="19305" Z="0"/><Vertex X="38699" Y="19350" Z="0"/><Vertex X="38654" Y="19350" Z="0"/><Vertex X="38654" Y="19395" Z="0"/><Vertex X="38654" Y="19440" Z="0"/><Vertex X="38654" Y="19485" Z="0"/><Vertex X="38654" Y="19531" Z="0"/><Vertex X="38654" Y="19576" Z="0"/><Vertex X="38654" Y="19666" Z="0"/><Vertex X="38744" Y="19666" Z="0"/><Vertex X="38790" Y="19711" Z="0"/><Vertex X="38790" Y="19802" Z="0"/><Vertex X="38835" Y="19847" Z="0"/><Vertex X="38835" Y="19937" Z="0"/><Vertex X="38880" Y="20028" Z="0"/><Vertex X="38880" Y="20118" Z="0"/><Vertex X="38925" Y="20209" Z="0"/><Vertex X="38925" Y="20254" Z="0"/><Vertex X="38925" Y="20299" Z="0"/><Vertex X="38971" Y="20390" Z="0"/><Vertex X="38971" Y="20480" Z="0"/><Vertex X="38971" Y="20570" Z="0"/><Vertex X="38971" Y="20616" Z="0"/><Vertex X="39016" Y="20661" Z="0"/><Vertex X="39016" Y="20706" Z="0"/><Vertex X="39106" Y="20706" Z="0"/><Vertex X="39106" Y="20751" Z="0"/><Vertex X="39106" Y="20796" Z="0"/><Vertex X="39106" Y="20842" Z="0"/><Vertex X="39106" Y="20887" Z="0"/><Vertex X="39106" Y="20932" Z="0"/><Vertex X="39106" Y="20977" Z="0"/><Vertex X="39106" Y="21022" Z="0"/><Vertex X="39106" Y="21068" Z="0"/><Vertex X="39106" Y="21113" Z="0"/><Vertex X="39106" Y="21158" Z="0"/><Vertex X="39106" Y="21203" Z="0"/><Vertex X="39106" Y="21249" Z="0"/><Vertex X="39106" Y="21294" Z="0"/><Vertex X="39061" Y="21294" Z="0"/><Vertex X="39061" Y="21339" Z="0"/><Vertex X="39061" Y="21384" Z="0"/><Vertex X="39061" Y="21429" Z="0"/><Vertex X="39061" Y="21475" Z="0"/><Vertex X="39061" Y="21520" Z="0"/><Vertex X="39016" Y="21520" Z="0"/><Vertex X="39016" Y="21565" Z="0"/><Vertex X="39016" Y="21610" Z="0"/><Vertex X="39016" Y="21655" Z="0"/><Vertex X="39016" Y="21701" Z="0"/><Vertex X="39016" Y="21791" Z="0"/><Vertex X="39016" Y="21836" Z="0"/><Vertex X="39016" Y="21881" Z="0"/><Vertex X="38971" Y="21881" Z="0"/><Vertex X="38971" Y="21927" Z="0"/><Vertex X="38925" Y="21972" Z="0"/><Vertex X="38925" Y="22017" Z="0"/><Vertex X="38880" Y="22017" Z="0"/><Vertex X="38835" Y="22017" Z="0"/><Vertex X="38835" Y="22062" Z="0"/><Vertex X="38790" Y="22062" Z="0"/><Vertex X="38744" Y="22107" Z="0"/><Vertex X="38699" Y="22107" Z="0"/><Vertex X="38654" Y="22107" Z="0"/><Vertex X="38609" Y="22153" Z="0"/><Vertex X="38518" Y="22198" Z="0"/><Vertex X="38518" Y="22243" Z="0"/><Vertex X="38473" Y="22243" Z="0"/><Vertex X="38383" Y="22288" Z="0"/><Vertex X="38338" Y="22379" Z="0"/><Vertex X="38292" Y="22424" Z="0"/><Vertex X="38247" Y="22424" Z="0"/><Vertex X="38202" Y="22469" Z="0"/><Vertex X="38157" Y="22469" Z="0"/><Vertex X="38112" Y="22469" Z="0"/><Vertex X="37931" Y="22424" Z="0"/></Vertices></Region><Region Id="3" Type="0" Zoom="0.022119" Selected="0" ImageLocation="" ImageFocus="-1" Length="22012.1" Area="23721720.5" LengthMicrons="10860.8" AreaMicrons="5774900.3" Text="" NegativeROA="0" InputRegionId="0" Analyze="1" DisplayId="3"><Attributes></Attributes><Vertices><Vertex X="41276" Y="11574" Z="0"/><Vertex X="41276" Y="11619" Z="0"/><Vertex X="41231" Y="11619" Z="0"/><Vertex X="41231" Y="11664" Z="0"/><Vertex X="41141" Y="11709" Z="0"/><Vertex X="41050" Y="11800" Z="0"/><Vertex X="40915" Y="11845" Z="0"/><Vertex X="40915" Y="11890" Z="0"/><Vertex X="40869" Y="11890" Z="0"/><Vertex X="40869" Y="11935" Z="0"/><Vertex X="40824" Y="11935" Z="0"/><Vertex X="40824" Y="11981" Z="0"/><Vertex X="40779" Y="11981" Z="0"/><Vertex X="40598" Y="12071" Z="0"/><Vertex X="40462" Y="12116" Z="0"/><Vertex X="40372" Y="12207" Z="0"/><Vertex X="40236" Y="12252" Z="0"/><Vertex X="40191" Y="12252" Z="0"/><Vertex X="40101" Y="12252" Z="0"/><Vertex X="40056" Y="12252" Z="0"/><Vertex X="40010" Y="12342" Z="0"/><Vertex X="39965" Y="12342" Z="0"/><Vertex X="39920" Y="12342" Z="0"/><Vertex X="39739" Y="12387" Z="0"/><Vertex X="39694" Y="12433" Z="0"/><Vertex X="39603" Y="12478" Z="0"/><Vertex X="39558" Y="12478" Z="0"/><Vertex X="39513" Y="12478" Z="0"/><Vertex X="39468" Y="12478" Z="0"/><Vertex X="39423" Y="12478" Z="0"/><Vertex X="39423" Y="12523" Z="0"/><Vertex X="39377" Y="12523" Z="0"/><Vertex X="39332" Y="12523" Z="0"/><Vertex X="39287" Y="12523" Z="0"/><Vertex X="39242" Y="12568" Z="0"/><Vertex X="39197" Y="12568" Z="0"/><Vertex X="39151" Y="12568" Z="0"/><Vertex X="39106" Y="12613" Z="0"/><Vertex X="39061" Y="12613" Z="0"/><Vertex X="39061" Y="12659" Z="0"/><Vertex X="39061" Y="12704" Z="0"/><Vertex X="39016" Y="12704" Z="0"/><Vertex X="39016" Y="12749" Z="0"/><Vertex X="38971" Y="12794" Z="0"/><Vertex X="38925" Y="12840" Z="0"/><Vertex X="38925" Y="12885" Z="0"/><Vertex X="38880" Y="12930" Z="0"/><Vertex X="38880" Y="12975" Z="0"/><Vertex X="38880" Y="13066" Z="0"/><Vertex X="38880" Y="13111" Z="0"/><Vertex X="38880" Y="13201" Z="0"/><Vertex X="38880" Y="13246" Z="0"/><Vertex X="38880" Y="13292" Z="0"/><Vertex X="38880" Y="13382" Z="0"/><Vertex X="38880" Y="13427" Z="0"/><Vertex X="38790" Y="13472" Z="0"/><Vertex X="38790" Y="13518" Z="0"/><Vertex X="38790" Y="13563" Z="0"/><Vertex X="38744" Y="13563" Z="0"/><Vertex X="38744" Y="13608" Z="0"/><Vertex X="38744" Y="13653" Z="0"/><Vertex X="38744" Y="13699" Z="0"/><Vertex X="38699" Y="13699" Z="0"/><Vertex X="38699" Y="13744" Z="0"/><Vertex X="38699" Y="13789" Z="0"/><Vertex X="38654" Y="13789" Z="0"/><Vertex X="38518" Y="13834" Z="0"/><Vertex X="38428" Y="13879" Z="0"/><Vertex X="38383" Y="13925" Z="0"/><Vertex X="38292" Y="13970" Z="0"/><Vertex X="38247" Y="13970" Z="0"/><Vertex X="38202" Y="13970" Z="0"/><Vertex X="38202" Y="14060" Z="0"/><Vertex X="38157" Y="14060" Z="0"/><Vertex X="38112" Y="14060" Z="0"/><Vertex X="38112" Y="14105" Z="0"/><Vertex X="38112" Y="14151" Z="0"/><Vertex X="38112" Y="14196" Z="0"/><Vertex X="38112" Y="14241" Z="0"/><Vertex X="38112" Y="14286" Z="0"/><Vertex X="38112" Y="14377" Z="0"/><Vertex X="38112" Y="14422" Z="0"/><Vertex X="38112" Y="14467" Z="0"/><Vertex X="38112" Y="14512" Z="0"/><Vertex X="38112" Y="14557" Z="0"/><Vertex X="38112" Y="14603" Z="0"/><Vertex X="38112" Y="14648" Z="0"/><Vertex X="38112" Y="14693" Z="0"/><Vertex X="38112" Y="14738" Z="0"/><Vertex X="38112" Y="14784" Z="0"/><Vertex X="38112" Y="14829" Z="0"/><Vertex X="38157" Y="14829" Z="0"/><Vertex X="38157" Y="14874" Z="0"/><Vertex X="38202" Y="14874" Z="0"/><Vertex X="38202" Y="14919" Z="0"/><Vertex X="38247" Y="14919" Z="0"/><Vertex X="38247" Y="14964" Z="0"/><Vertex X="38292" Y="14964" Z="0"/><Vertex X="38292" Y="15055" Z="0"/><Vertex X="38338" Y="15055" Z="0"/><Vertex X="38338" Y="15100" Z="0"/><Vertex X="38338" Y="15145" Z="0"/><Vertex X="38383" Y="15190" Z="0"/><Vertex X="38428" Y="15190" Z="0"/><Vertex X="38473" Y="15190" Z="0"/><Vertex X="38518" Y="15236" Z="0"/><Vertex X="38564" Y="15281" Z="0"/><Vertex X="38609" Y="15281" Z="0"/><Vertex X="38654" Y="15281" Z="0"/><Vertex X="38699" Y="15326" Z="0"/><Vertex X="38790" Y="15326" Z="0"/><Vertex X="38835" Y="15326" Z="0"/><Vertex X="38880" Y="15326" Z="0"/><Vertex X="38925" Y="15326" Z="0"/><Vertex X="38971" Y="15326" Z="0"/><Vertex X="39016" Y="15326" Z="0"/><Vertex X="39106" Y="15326" Z="0"/><Vertex X="39151" Y="15326" Z="0"/><Vertex X="39197" Y="15326" Z="0"/><Vertex X="39287" Y="15326" Z="0"/><Vertex X="39332" Y="15326" Z="0"/><Vertex X="39377" Y="15326" Z="0"/><Vertex X="39423" Y="15326" Z="0"/><Vertex X="39468" Y="15326" Z="0"/><Vertex X="39513" Y="15326" Z="0"/><Vertex X="39513" Y="15416" Z="0"/><Vertex X="39558" Y="15416" Z="0"/><Vertex X="39603" Y="15416" Z="0"/><Vertex X="39649" Y="15416" Z="0"/><Vertex X="39649" Y="15462" Z="0"/><Vertex X="39694" Y="15507" Z="0"/><Vertex X="39784" Y="15552" Z="0"/><Vertex X="39784" Y="15597" Z="0"/><Vertex X="39784" Y="15643" Z="0"/><Vertex X="39830" Y="15688" Z="0"/><Vertex X="39875" Y="15823" Z="0"/><Vertex X="39920" Y="15869" Z="0"/><Vertex X="39920" Y="15914" Z="0"/><Vertex X="39965" Y="15959" Z="0"/><Vertex X="39965" Y="16004" Z="0"/><Vertex X="40010" Y="16004" Z="0"/><Vertex X="40010" Y="16095" Z="0"/><Vertex X="40010" Y="16140" Z="0"/><Vertex X="40101" Y="16140" Z="0"/><Vertex X="40146" Y="16185" Z="0"/><Vertex X="40146" Y="16230" Z="0"/><Vertex X="40146" Y="16275" Z="0"/><Vertex X="40191" Y="16275" Z="0"/><Vertex X="40236" Y="16321" Z="0"/><Vertex X="40282" Y="16321" Z="0"/><Vertex X="40282" Y="16366" Z="0"/><Vertex X="40327" Y="16411" Z="0"/><Vertex X="40327" Y="16456" Z="0"/><Vertex X="40417" Y="16502" Z="0"/><Vertex X="40462" Y="16547" Z="0"/><Vertex X="40508" Y="16547" Z="0"/><Vertex X="40553" Y="16547" Z="0"/><Vertex X="40553" Y="16592" Z="0"/><Vertex X="40553" Y="16637" Z="0"/><Vertex X="40598" Y="16637" Z="0"/><Vertex X="40643" Y="16637" Z="0"/><Vertex X="40643" Y="16682" Z="0"/><Vertex X="40643" Y="16773" Z="0"/><Vertex X="40688" Y="16773" Z="0"/><Vertex X="40779" Y="16818" Z="0"/><Vertex X="40779" Y="16863" Z="0"/><Vertex X="40779" Y="16908" Z="0"/><Vertex X="40824" Y="16908" Z="0"/><Vertex X="40824" Y="16954" Z="0"/><Vertex X="40869" Y="16999" Z="0"/><Vertex X="40915" Y="17134" Z="0"/><Vertex X="40915" Y="17180" Z="0"/><Vertex X="40960" Y="17270" Z="0"/><Vertex X="40960" Y="17315" Z="0"/><Vertex X="41005" Y="17315" Z="0"/><Vertex X="41005" Y="17360" Z="0"/><Vertex X="41005" Y="17406" Z="0"/><Vertex X="41005" Y="17451" Z="0"/><Vertex X="41050" Y="17496" Z="0"/><Vertex X="41050" Y="17541" Z="0"/><Vertex X="41050" Y="17587" Z="0"/><Vertex X="41050" Y="17632" Z="0"/><Vertex X="41095" Y="17632" Z="0"/><Vertex X="41141" Y="17677" Z="0"/><Vertex X="41141" Y="17767" Z="0"/><Vertex X="41186" Y="17767" Z="0"/><Vertex X="41231" Y="17767" Z="0"/><Vertex X="41276" Y="17767" Z="0"/><Vertex X="41276" Y="17813" Z="0"/><Vertex X="41412" Y="17813" Z="0"/><Vertex X="41457" Y="17813" Z="0"/><Vertex X="41502" Y="17813" Z="0"/><Vertex X="41547" Y="17813" Z="0"/><Vertex X="41593" Y="17813" Z="0"/><Vertex X="41638" Y="17813" Z="0"/><Vertex X="41728" Y="17813" Z="0"/><Vertex X="41774" Y="17813" Z="0"/><Vertex X="41864" Y="17813" Z="0"/><Vertex X="41909" Y="17813" Z="0"/><Vertex X="41909" Y="17722" Z="0"/><Vertex X="41954" Y="17722" Z="0"/><Vertex X="42090" Y="17677" Z="0"/><Vertex X="42135" Y="17677" Z="0"/><Vertex X="42180" Y="17677" Z="0"/><Vertex X="42226" Y="17677" Z="0"/><Vertex X="42316" Y="17632" Z="0"/><Vertex X="42361" Y="17632" Z="0"/><Vertex X="42452" Y="17632" Z="0"/><Vertex X="42497" Y="17587" Z="0"/><Vertex X="42542" Y="17587" Z="0"/><Vertex X="42587" Y="17587" Z="0"/><Vertex X="42678" Y="17587" Z="0"/><Vertex X="42813" Y="17587" Z="0"/><Vertex X="42859" Y="17587" Z="0"/><Vertex X="42904" Y="17587" Z="0"/><Vertex X="42949" Y="17587" Z="0"/><Vertex X="42994" Y="17587" Z="0"/><Vertex X="43039" Y="17587" Z="0"/><Vertex X="43130" Y="17587" Z="0"/><Vertex X="43175" Y="17587" Z="0"/><Vertex X="43220" Y="17587" Z="0"/><Vertex X="43265" Y="17587" Z="0"/><Vertex X="43265" Y="17541" Z="0"/><Vertex X="43311" Y="17541" Z="0"/><Vertex X="43311" Y="17496" Z="0"/><Vertex X="43311" Y="17451" Z="0"/><Vertex X="43311" Y="17406" Z="0"/><Vertex X="43311" Y="17360" Z="0"/><Vertex X="43311" Y="17315" Z="0"/><Vertex X="43356" Y="17270" Z="0"/><Vertex X="43356" Y="17225" Z="0"/><Vertex X="43401" Y="17180" Z="0"/><Vertex X="43446" Y="17180" Z="0"/><Vertex X="43446" Y="17134" Z="0"/><Vertex X="43491" Y="17044" Z="0"/><Vertex X="43491" Y="16999" Z="0"/><Vertex X="43537" Y="16999" Z="0"/><Vertex X="43537" Y="16954" Z="0"/><Vertex X="43537" Y="16908" Z="0"/><Vertex X="43582" Y="16863" Z="0"/><Vertex X="43582" Y="16818" Z="0"/><Vertex X="43627" Y="16818" Z="0"/><Vertex X="43627" Y="16728" Z="0"/><Vertex X="43627" Y="16682" Z="0"/><Vertex X="43627" Y="16547" Z="0"/><Vertex X="43627" Y="16502" Z="0"/><Vertex X="43627" Y="16411" Z="0"/><Vertex X="43627" Y="16185" Z="0"/><Vertex X="43627" Y="16095" Z="0"/><Vertex X="43627" Y="16004" Z="0"/><Vertex X="43627" Y="15959" Z="0"/><Vertex X="43627" Y="15914" Z="0"/><Vertex X="43627" Y="15823" Z="0"/><Vertex X="43627" Y="15778" Z="0"/><Vertex X="43627" Y="15733" Z="0"/><Vertex X="43627" Y="15688" Z="0"/><Vertex X="43627" Y="15643" Z="0"/><Vertex X="43627" Y="15597" Z="0"/><Vertex X="43537" Y="15597" Z="0"/><Vertex X="43537" Y="15552" Z="0"/><Vertex X="43537" Y="15462" Z="0"/><Vertex X="43537" Y="15416" Z="0"/><Vertex X="43491" Y="15371" Z="0"/><Vertex X="43491" Y="15326" Z="0"/><Vertex X="43491" Y="15281" Z="0"/><Vertex X="43491" Y="15236" Z="0"/><Vertex X="43446" Y="15190" Z="0"/><Vertex X="43446" Y="15145" Z="0"/><Vertex X="43446" Y="15100" Z="0"/><Vertex X="43446" Y="15055" Z="0"/><Vertex X="43446" Y="15010" Z="0"/><Vertex X="43446" Y="14964" Z="0"/><Vertex X="43446" Y="14919" Z="0"/><Vertex X="43446" Y="14874" Z="0"/><Vertex X="43446" Y="14829" Z="0"/><Vertex X="43446" Y="14784" Z="0"/><Vertex X="43446" Y="14738" Z="0"/><Vertex X="43446" Y="14693" Z="0"/><Vertex X="43446" Y="14648" Z="0"/><Vertex X="43446" Y="14603" Z="0"/><Vertex X="43446" Y="14557" Z="0"/><Vertex X="43446" Y="14467" Z="0"/><Vertex X="43446" Y="14422" Z="0"/><Vertex X="43446" Y="14377" Z="0"/><Vertex X="43446" Y="14331" Z="0"/><Vertex X="43446" Y="14286" Z="0"/><Vertex X="43446" Y="14241" Z="0"/><Vertex X="43446" Y="14151" Z="0"/><Vertex X="43446" Y="14105" Z="0"/><Vertex X="43401" Y="14060" Z="0"/><Vertex X="43401" Y="14015" Z="0"/><Vertex X="43401" Y="13970" Z="0"/><Vertex X="43401" Y="13925" Z="0"/><Vertex X="43401" Y="13879" Z="0"/><Vertex X="43401" Y="13834" Z="0"/><Vertex X="43401" Y="13789" Z="0"/><Vertex X="43401" Y="13744" Z="0"/><Vertex X="43401" Y="13699" Z="0"/><Vertex X="43401" Y="13608" Z="0"/><Vertex X="43401" Y="13563" Z="0"/><Vertex X="43356" Y="13563" Z="0"/><Vertex X="43356" Y="13472" Z="0"/><Vertex X="43356" Y="13427" Z="0"/><Vertex X="43356" Y="13337" Z="0"/><Vertex X="43356" Y="13292" Z="0"/><Vertex X="43356" Y="13246" Z="0"/><Vertex X="43356" Y="13201" Z="0"/><Vertex X="43356" Y="13156" Z="0"/><Vertex X="43356" Y="13111" Z="0"/><Vertex X="43356" Y="13066" Z="0"/><Vertex X="43311" Y="13020" Z="0"/><Vertex X="43311" Y="12975" Z="0"/><Vertex X="43311" Y="12930" Z="0"/><Vertex X="43311" Y="12885" Z="0"/><Vertex X="43311" Y="12840" Z="0"/><Vertex X="43311" Y="12794" Z="0"/><Vertex X="43311" Y="12749" Z="0"/><Vertex X="43311" Y="12704" Z="0"/><Vertex X="43311" Y="12659" Z="0"/><Vertex X="43311" Y="12613" Z="0"/><Vertex X="43311" Y="12568" Z="0"/><Vertex X="43311" Y="12523" Z="0"/><Vertex X="43311" Y="12478" Z="0"/><Vertex X="43311" Y="12433" Z="0"/><Vertex X="43311" Y="12387" Z="0"/><Vertex X="43311" Y="12342" Z="0"/><Vertex X="43311" Y="12297" Z="0"/><Vertex X="43311" Y="12252" Z="0"/><Vertex X="43311" Y="12207" Z="0"/><Vertex X="43220" Y="12207" Z="0"/><Vertex X="43220" Y="12161" Z="0"/><Vertex X="43220" Y="12116" Z="0"/><Vertex X="43175" Y="12116" Z="0"/><Vertex X="43175" Y="12071" Z="0"/><Vertex X="43175" Y="12026" Z="0"/><Vertex X="43175" Y="11981" Z="0"/><Vertex X="43175" Y="11935" Z="0"/><Vertex X="43130" Y="11935" Z="0"/><Vertex X="43085" Y="11935" Z="0"/><Vertex X="43085" Y="11845" Z="0"/><Vertex X="43085" Y="11800" Z="0"/><Vertex X="43039" Y="11800" Z="0"/><Vertex X="43039" Y="11754" Z="0"/><Vertex X="42994" Y="11754" Z="0"/><Vertex X="42994" Y="11709" Z="0"/><Vertex X="42949" Y="11709" Z="0"/><Vertex X="42904" Y="11664" Z="0"/><Vertex X="42859" Y="11664" Z="0"/><Vertex X="42813" Y="11619" Z="0"/><Vertex X="42813" Y="11574" Z="0"/><Vertex X="42768" Y="11574" Z="0"/><Vertex X="42768" Y="11528" Z="0"/><Vertex X="42723" Y="11528" Z="0"/><Vertex X="42723" Y="11483" Z="0"/><Vertex X="42678" Y="11483" Z="0"/><Vertex X="42678" Y="11438" Z="0"/><Vertex X="42633" Y="11438" Z="0"/><Vertex X="42587" Y="11438" Z="0"/><Vertex X="42542" Y="11438" Z="0"/><Vertex X="42497" Y="11438" Z="0"/><Vertex X="42497" Y="11393" Z="0"/><Vertex X="42452" Y="11393" Z="0"/><Vertex X="42406" Y="11393" Z="0"/><Vertex X="42361" Y="11393" Z="0"/><Vertex X="42316" Y="11393" Z="0"/><Vertex X="42271" Y="11393" Z="0"/><Vertex X="42226" Y="11393" Z="0"/><Vertex X="42180" Y="11393" Z="0"/><Vertex X="42135" Y="11393" Z="0"/><Vertex X="42090" Y="11393" Z="0"/><Vertex X="42045" Y="11393" Z="0"/><Vertex X="42000" Y="11393" Z="0"/><Vertex X="41954" Y="11393" Z="0"/><Vertex X="41864" Y="11393" Z="0"/><Vertex X="41819" Y="11393" Z="0"/><Vertex X="41774" Y="11393" Z="0"/><Vertex X="41728" Y="11393" Z="0"/><Vertex X="41683" Y="11393" Z="0"/><Vertex X="41638" Y="11438" Z="0"/><Vertex X="41547" Y="11438" Z="0"/><Vertex X="41502" Y="11438" Z="0"/><Vertex X="41457" Y="11438" Z="0"/><Vertex X="41276" Y="11574" Z="0"/></Vertices></Region><Region Id="4" Type="0" Zoom="0.022119" Selected="1" ImageLocation="" ImageFocus="-1" Length="27702.1" Area="33173307.5" LengthMicrons="13668.2" AreaMicrons="8075828.3" Text="" NegativeROA="0" InputRegionId="0" Analyze="1" DisplayId="4"><Attributes></Attributes><Vertices><Vertex X="50725" Y="17632" Z="0"/><Vertex X="50680" Y="17722" Z="0"/><Vertex X="50680" Y="17768" Z="0"/><Vertex X="50680" Y="17813" Z="0"/><Vertex X="50635" Y="17858" Z="0"/><Vertex X="50635" Y="17949" Z="0"/><Vertex X="50635" Y="17994" Z="0"/><Vertex X="50635" Y="18039" Z="0"/><Vertex X="50635" Y="18084" Z="0"/><Vertex X="50635" Y="18129" Z="0"/><Vertex X="50590" Y="18129" Z="0"/><Vertex X="50590" Y="18175" Z="0"/><Vertex X="50590" Y="18220" Z="0"/><Vertex X="50544" Y="18220" Z="0"/><Vertex X="50544" Y="18310" Z="0"/><Vertex X="50544" Y="18355" Z="0"/><Vertex X="50544" Y="18401" Z="0"/><Vertex X="50544" Y="18446" Z="0"/><Vertex X="50544" Y="18491" Z="0"/><Vertex X="50544" Y="18536" Z="0"/><Vertex X="50544" Y="18627" Z="0"/><Vertex X="50544" Y="18672" Z="0"/><Vertex X="50499" Y="18672" Z="0"/><Vertex X="50499" Y="18717" Z="0"/><Vertex X="50499" Y="18762" Z="0"/><Vertex X="50454" Y="18762" Z="0"/><Vertex X="50454" Y="18807" Z="0"/><Vertex X="50454" Y="18853" Z="0"/><Vertex X="50454" Y="18898" Z="0"/><Vertex X="50454" Y="18988" Z="0"/><Vertex X="50454" Y="19034" Z="0"/><Vertex X="50454" Y="19079" Z="0"/><Vertex X="50454" Y="19124" Z="0"/><Vertex X="50454" Y="19169" Z="0"/><Vertex X="50454" Y="19214" Z="0"/><Vertex X="50454" Y="19260" Z="0"/><Vertex X="50454" Y="19305" Z="0"/><Vertex X="50454" Y="19350" Z="0"/><Vertex X="50454" Y="19395" Z="0"/><Vertex X="50454" Y="19440" Z="0"/><Vertex X="50454" Y="19486" Z="0"/><Vertex X="50454" Y="19576" Z="0"/><Vertex X="50454" Y="19666" Z="0"/><Vertex X="50499" Y="19666" Z="0"/><Vertex X="50499" Y="19757" Z="0"/><Vertex X="50499" Y="19802" Z="0"/><Vertex X="50499" Y="19893" Z="0"/><Vertex X="50499" Y="19983" Z="0"/><Vertex X="50499" Y="20073" Z="0"/><Vertex X="50499" Y="20119" Z="0"/><Vertex X="50499" Y="20209" Z="0"/><Vertex X="50499" Y="20345" Z="0"/><Vertex X="50499" Y="20390" Z="0"/><Vertex X="50499" Y="20480" Z="0"/><Vertex X="50499" Y="20525" Z="0"/><Vertex X="50499" Y="20571" Z="0"/><Vertex X="50499" Y="20616" Z="0"/><Vertex X="50499" Y="20661" Z="0"/><Vertex X="50499" Y="20706" Z="0"/><Vertex X="50499" Y="20752" Z="0"/><Vertex X="50499" Y="20797" Z="0"/><Vertex X="50499" Y="20842" Z="0"/><Vertex X="50499" Y="20887" Z="0"/><Vertex X="50499" Y="20932" Z="0"/><Vertex X="50499" Y="20978" Z="0"/><Vertex X="50499" Y="21023" Z="0"/><Vertex X="50499" Y="21068" Z="0"/><Vertex X="50499" Y="21113" Z="0"/><Vertex X="50499" Y="21158" Z="0"/><Vertex X="50499" Y="21204" Z="0"/><Vertex X="50499" Y="21249" Z="0"/><Vertex X="50499" Y="21294" Z="0"/><Vertex X="50499" Y="21384" Z="0"/><Vertex X="50499" Y="21475" Z="0"/><Vertex X="50499" Y="21520" Z="0"/><Vertex X="50499" Y="21565" Z="0"/><Vertex X="50499" Y="21610" Z="0"/><Vertex X="50499" Y="21701" Z="0"/><Vertex X="50499" Y="21746" Z="0"/><Vertex X="50499" Y="21791" Z="0"/><Vertex X="50499" Y="21837" Z="0"/><Vertex X="50499" Y="21882" Z="0"/><Vertex X="50499" Y="21927" Z="0"/><Vertex X="50499" Y="22017" Z="0"/><Vertex X="50499" Y="22063" Z="0"/><Vertex X="50499" Y="22108" Z="0"/><Vertex X="50499" Y="22153" Z="0"/><Vertex X="50454" Y="22153" Z="0"/><Vertex X="50454" Y="22198" Z="0"/><Vertex X="50454" Y="22243" Z="0"/><Vertex X="50409" Y="22289" Z="0"/><Vertex X="50364" Y="22379" Z="0"/><Vertex X="50364" Y="22424" Z="0"/><Vertex X="50318" Y="22424" Z="0"/><Vertex X="50318" Y="22469" Z="0"/><Vertex X="50273" Y="22469" Z="0"/><Vertex X="50273" Y="22515" Z="0"/><Vertex X="50228" Y="22560" Z="0"/><Vertex X="50228" Y="22605" Z="0"/><Vertex X="50183" Y="22605" Z="0"/><Vertex X="50183" Y="22650" Z="0"/><Vertex X="50183" Y="22696" Z="0"/><Vertex X="50138" Y="22696" Z="0"/><Vertex X="50138" Y="22741" Z="0"/><Vertex X="50047" Y="22741" Z="0"/><Vertex X="50047" Y="22786" Z="0"/><Vertex X="50047" Y="22831" Z="0"/><Vertex X="50047" Y="22876" Z="0"/><Vertex X="50002" Y="22922" Z="0"/><Vertex X="50002" Y="22967" Z="0"/><Vertex X="50002" Y="23012" Z="0"/><Vertex X="50002" Y="23057" Z="0"/><Vertex X="49957" Y="23102" Z="0"/><Vertex X="49957" Y="23148" Z="0"/><Vertex X="49957" Y="23193" Z="0"/><Vertex X="49957" Y="23238" Z="0"/><Vertex X="49957" Y="23283" Z="0"/><Vertex X="49957" Y="23374" Z="0"/><Vertex X="49957" Y="23419" Z="0"/><Vertex X="49957" Y="23464" Z="0"/><Vertex X="49957" Y="23509" Z="0"/><Vertex X="50002" Y="23509" Z="0"/><Vertex X="50002" Y="23555" Z="0"/><Vertex X="50002" Y="23600" Z="0"/><Vertex X="50092" Y="23690" Z="0"/><Vertex X="50138" Y="23690" Z="0"/><Vertex X="50138" Y="23735" Z="0"/><Vertex X="50183" Y="23735" Z="0"/><Vertex X="50228" Y="23735" Z="0"/><Vertex X="50273" Y="23781" Z="0"/><Vertex X="50318" Y="23781" Z="0"/><Vertex X="50364" Y="23781" Z="0"/><Vertex X="50409" Y="23781" Z="0"/><Vertex X="50454" Y="23826" Z="0"/><Vertex X="50499" Y="23826" Z="0"/><Vertex X="50544" Y="23826" Z="0"/><Vertex X="50635" Y="23826" Z="0"/><Vertex X="50725" Y="23826" Z="0"/><Vertex X="50771" Y="23826" Z="0"/><Vertex X="50816" Y="23826" Z="0"/><Vertex X="50861" Y="23871" Z="0"/><Vertex X="50906" Y="23871" Z="0"/><Vertex X="50951" Y="23871" Z="0"/><Vertex X="50997" Y="23871" Z="0"/><Vertex X="51042" Y="23916" Z="0"/><Vertex X="51087" Y="23916" Z="0"/><Vertex X="51132" Y="23916" Z="0"/><Vertex X="51132" Y="23961" Z="0"/><Vertex X="51177" Y="23961" Z="0"/><Vertex X="51223" Y="24007" Z="0"/><Vertex X="51223" Y="24052" Z="0"/><Vertex X="51268" Y="24052" Z="0"/><Vertex X="51358" Y="24097" Z="0"/><Vertex X="51358" Y="24142" Z="0"/><Vertex X="51358" Y="24187" Z="0"/><Vertex X="51403" Y="24187" Z="0"/><Vertex X="51449" Y="24233" Z="0"/><Vertex X="51449" Y="24278" Z="0"/><Vertex X="51494" Y="24323" Z="0"/><Vertex X="51494" Y="24368" Z="0"/><Vertex X="51494" Y="24413" Z="0"/><Vertex X="51494" Y="24459" Z="0"/><Vertex X="51539" Y="24459" Z="0"/><Vertex X="51584" Y="24459" Z="0"/><Vertex X="51584" Y="24504" Z="0"/><Vertex X="51584" Y="24549" Z="0"/><Vertex X="51675" Y="24549" Z="0"/><Vertex X="51720" Y="24549" Z="0"/><Vertex X="51765" Y="24594" Z="0"/><Vertex X="51810" Y="24594" Z="0"/><Vertex X="51856" Y="24640" Z="0"/><Vertex X="51901" Y="24640" Z="0"/><Vertex X="51946" Y="24640" Z="0"/><Vertex X="51991" Y="24685" Z="0"/><Vertex X="52036" Y="24685" Z="0"/><Vertex X="52082" Y="24685" Z="0"/><Vertex X="52127" Y="24730" Z="0"/><Vertex X="52172" Y="24730" Z="0"/><Vertex X="52262" Y="24775" Z="0"/><Vertex X="52353" Y="24775" Z="0"/><Vertex X="52398" Y="24820" Z="0"/><Vertex X="52443" Y="24820" Z="0"/><Vertex X="52534" Y="24820" Z="0"/><Vertex X="52624" Y="24866" Z="0"/><Vertex X="52669" Y="24866" Z="0"/><Vertex X="52760" Y="24866" Z="0"/><Vertex X="52805" Y="24866" Z="0"/><Vertex X="52850" Y="24866" Z="0"/><Vertex X="52941" Y="24866" Z="0"/><Vertex X="52986" Y="24866" Z="0"/><Vertex X="53031" Y="24866" Z="0"/><Vertex X="53121" Y="24866" Z="0"/><Vertex X="53167" Y="24866" Z="0"/><Vertex X="53212" Y="24866" Z="0"/><Vertex X="53302" Y="24866" Z="0"/><Vertex X="53347" Y="24866" Z="0"/><Vertex X="53438" Y="24866" Z="0"/><Vertex X="53483" Y="24866" Z="0"/><Vertex X="53528" Y="24866" Z="0"/><Vertex X="53574" Y="24866" Z="0"/><Vertex X="53619" Y="24866" Z="0"/><Vertex X="53664" Y="24866" Z="0"/><Vertex X="53709" Y="24866" Z="0"/><Vertex X="53800" Y="24866" Z="0"/><Vertex X="53890" Y="24866" Z="0"/><Vertex X="53935" Y="24866" Z="0"/><Vertex X="53980" Y="24820" Z="0"/><Vertex X="54026" Y="24820" Z="0"/><Vertex X="54116" Y="24820" Z="0"/><Vertex X="54161" Y="24820" Z="0"/><Vertex X="54252" Y="24820" Z="0"/><Vertex X="54252" Y="24775" Z="0"/><Vertex X="54297" Y="24775" Z="0"/><Vertex X="54387" Y="24775" Z="0"/><Vertex X="54523" Y="24775" Z="0"/><Vertex X="54568" Y="24775" Z="0"/><Vertex X="54613" Y="24775" Z="0"/><Vertex X="54659" Y="24775" Z="0"/><Vertex X="54704" Y="24685" Z="0"/><Vertex X="54749" Y="24685" Z="0"/><Vertex X="54839" Y="24685" Z="0"/><Vertex X="54885" Y="24685" Z="0"/><Vertex X="54930" Y="24685" Z="0"/><Vertex X="54930" Y="24640" Z="0"/><Vertex X="54975" Y="24640" Z="0"/><Vertex X="55020" Y="24640" Z="0"/><Vertex X="55065" Y="24640" Z="0"/><Vertex X="55156" Y="24640" Z="0"/><Vertex X="55201" Y="24594" Z="0"/><Vertex X="55246" Y="24549" Z="0"/><Vertex X="55291" Y="24504" Z="0"/><Vertex X="55291" Y="24459" Z="0"/><Vertex X="55291" Y="24413" Z="0"/><Vertex X="55337" Y="24323" Z="0"/><Vertex X="55337" Y="24278" Z="0"/><Vertex X="55337" Y="24233" Z="0"/><Vertex X="55337" Y="24187" Z="0"/><Vertex X="55337" Y="24142" Z="0"/><Vertex X="55337" Y="24097" Z="0"/><Vertex X="55337" Y="24052" Z="0"/><Vertex X="55337" Y="24007" Z="0"/><Vertex X="55337" Y="23961" Z="0"/><Vertex X="55337" Y="23916" Z="0"/><Vertex X="55337" Y="23871" Z="0"/><Vertex X="55337" Y="23826" Z="0"/><Vertex X="55337" Y="23781" Z="0"/><Vertex X="55337" Y="23735" Z="0"/><Vertex X="55337" Y="23645" Z="0"/><Vertex X="55337" Y="23600" Z="0"/><Vertex X="55337" Y="23555" Z="0"/><Vertex X="55337" Y="23509" Z="0"/><Vertex X="55337" Y="23419" Z="0"/><Vertex X="55337" Y="23328" Z="0"/><Vertex X="55337" Y="23238" Z="0"/><Vertex X="55337" Y="23193" Z="0"/><Vertex X="55337" Y="23148" Z="0"/><Vertex X="55337" Y="23102" Z="0"/><Vertex X="55337" Y="23057" Z="0"/><Vertex X="55291" Y="22967" Z="0"/><Vertex X="55246" Y="22967" Z="0"/><Vertex X="55201" Y="22967" Z="0"/><Vertex X="55201" Y="22922" Z="0"/><Vertex X="55111" Y="22876" Z="0"/><Vertex X="55065" Y="22876" Z="0"/><Vertex X="55065" Y="22831" Z="0"/><Vertex X="55020" Y="22831" Z="0"/><Vertex X="54930" Y="22831" Z="0"/><Vertex X="54885" Y="22786" Z="0"/><Vertex X="54839" Y="22786" Z="0"/><Vertex X="54794" Y="22786" Z="0"/><Vertex X="54794" Y="22741" Z="0"/><Vertex X="54749" Y="22741" Z="0"/><Vertex X="54704" Y="22741" Z="0"/><Vertex X="54659" Y="22741" Z="0"/><Vertex X="54659" Y="22650" Z="0"/><Vertex X="54613" Y="22650" Z="0"/><Vertex X="54613" Y="22605" Z="0"/><Vertex X="54568" Y="22605" Z="0"/><Vertex X="54568" Y="22560" Z="0"/><Vertex X="54568" Y="22515" Z="0"/><Vertex X="54523" Y="22469" Z="0"/><Vertex X="54523" Y="22424" Z="0"/><Vertex X="54523" Y="22379" Z="0"/><Vertex X="54433" Y="22334" Z="0"/><Vertex X="54433" Y="22289" Z="0"/><Vertex X="54433" Y="22243" Z="0"/><Vertex X="54433" Y="22198" Z="0"/><Vertex X="54433" Y="22153" Z="0"/><Vertex X="54433" Y="22108" Z="0"/><Vertex X="54433" Y="22063" Z="0"/><Vertex X="54478" Y="22017" Z="0"/><Vertex X="54478" Y="21972" Z="0"/><Vertex X="54478" Y="21927" Z="0"/><Vertex X="54523" Y="21882" Z="0"/><Vertex X="54523" Y="21837" Z="0"/><Vertex X="54523" Y="21791" Z="0"/><Vertex X="54568" Y="21746" Z="0"/><Vertex X="54613" Y="21701" Z="0"/><Vertex X="54613" Y="21610" Z="0"/><Vertex X="54659" Y="21610" Z="0"/><Vertex X="54659" Y="21565" Z="0"/><Vertex X="54659" Y="21520" Z="0"/><Vertex X="54704" Y="21475" Z="0"/><Vertex X="54704" Y="21430" Z="0"/><Vertex X="54749" Y="21384" Z="0"/><Vertex X="54749" Y="21339" Z="0"/><Vertex X="54794" Y="21339" Z="0"/><Vertex X="54794" Y="21249" Z="0"/><Vertex X="54794" Y="21204" Z="0"/><Vertex X="54839" Y="21204" Z="0"/><Vertex X="54839" Y="21113" Z="0"/><Vertex X="54885" Y="21068" Z="0"/><Vertex X="54930" Y="20978" Z="0"/><Vertex X="54975" Y="20887" Z="0"/><Vertex X="54975" Y="20797" Z="0"/><Vertex X="55020" Y="20752" Z="0"/><Vertex X="55065" Y="20661" Z="0"/><Vertex X="55111" Y="20616" Z="0"/><Vertex X="55201" Y="20525" Z="0"/><Vertex X="55201" Y="20480" Z="0"/><Vertex X="55246" Y="20480" Z="0"/><Vertex X="55246" Y="20435" Z="0"/><Vertex X="55246" Y="20390" Z="0"/><Vertex X="55246" Y="20345" Z="0"/><Vertex X="55246" Y="20299" Z="0"/><Vertex X="55291" Y="20209" Z="0"/><Vertex X="55291" Y="20164" Z="0"/><Vertex X="55337" Y="20119" Z="0"/><Vertex X="55382" Y="20073" Z="0"/><Vertex X="55427" Y="20028" Z="0"/><Vertex X="55427" Y="19983" Z="0"/><Vertex X="55427" Y="19938" Z="0"/><Vertex X="55518" Y="19802" Z="0"/><Vertex X="55563" Y="19712" Z="0"/><Vertex X="55563" Y="19666" Z="0"/><Vertex X="55563" Y="19621" Z="0"/><Vertex X="55563" Y="19576" Z="0"/><Vertex X="55608" Y="19531" Z="0"/><Vertex X="55653" Y="19395" Z="0"/><Vertex X="55698" Y="19350" Z="0"/><Vertex X="55744" Y="19305" Z="0"/><Vertex X="55744" Y="19260" Z="0"/><Vertex X="55744" Y="19214" Z="0"/><Vertex X="55744" Y="19169" Z="0"/><Vertex X="55744" Y="19124" Z="0"/><Vertex X="55744" Y="19079" Z="0"/><Vertex X="55789" Y="19079" Z="0"/><Vertex X="55879" Y="19034" Z="0"/><Vertex X="55879" Y="18943" Z="0"/><Vertex X="55924" Y="18898" Z="0"/><Vertex X="55970" Y="18898" Z="0"/><Vertex X="55970" Y="18807" Z="0"/><Vertex X="56015" Y="18762" Z="0"/><Vertex X="56060" Y="18717" Z="0"/><Vertex X="56060" Y="18672" Z="0"/><Vertex X="56150" Y="18627" Z="0"/><Vertex X="56241" Y="18581" Z="0"/><Vertex X="56286" Y="18581" Z="0"/><Vertex X="56331" Y="18536" Z="0"/><Vertex X="56377" Y="18491" Z="0"/><Vertex X="56377" Y="18446" Z="0"/><Vertex X="56377" Y="18401" Z="0"/><Vertex X="56422" Y="18401" Z="0"/><Vertex X="56422" Y="18355" Z="0"/><Vertex X="56422" Y="18310" Z="0"/><Vertex X="56422" Y="18265" Z="0"/><Vertex X="56467" Y="18220" Z="0"/><Vertex X="56467" Y="18175" Z="0"/><Vertex X="56467" Y="18084" Z="0"/><Vertex X="56467" Y="18039" Z="0"/><Vertex X="56422" Y="17994" Z="0"/><Vertex X="56377" Y="17994" Z="0"/><Vertex X="56331" Y="17994" Z="0"/><Vertex X="56286" Y="17994" Z="0"/><Vertex X="56196" Y="17994" Z="0"/><Vertex X="56150" Y="17994" Z="0"/><Vertex X="56105" Y="17994" Z="0"/><Vertex X="56060" Y="17994" Z="0"/><Vertex X="56015" Y="17994" Z="0"/><Vertex X="55970" Y="17994" Z="0"/><Vertex X="55879" Y="17994" Z="0"/><Vertex X="55834" Y="17994" Z="0"/><Vertex X="55789" Y="17994" Z="0"/><Vertex X="55744" Y="17994" Z="0"/><Vertex X="55744" Y="17949" Z="0"/><Vertex X="55698" Y="17949" Z="0"/><Vertex X="55698" Y="17903" Z="0"/><Vertex X="55698" Y="17858" Z="0"/><Vertex X="55653" Y="17858" Z="0"/><Vertex X="55608" Y="17858" Z="0"/><Vertex X="55608" Y="17813" Z="0"/><Vertex X="55563" Y="17813" Z="0"/><Vertex X="55518" Y="17813" Z="0"/><Vertex X="55472" Y="17722" Z="0"/><Vertex X="55427" Y="17722" Z="0"/><Vertex X="55337" Y="17722" Z="0"/><Vertex X="55337" Y="17677" Z="0"/><Vertex X="55291" Y="17677" Z="0"/><Vertex X="55201" Y="17677" Z="0"/><Vertex X="55156" Y="17677" Z="0"/><Vertex X="55111" Y="17677" Z="0"/><Vertex X="55065" Y="17677" Z="0"/><Vertex X="54975" Y="17677" Z="0"/><Vertex X="54839" Y="17677" Z="0"/><Vertex X="54749" Y="17677" Z="0"/><Vertex X="54704" Y="17677" Z="0"/><Vertex X="54659" Y="17677" Z="0"/><Vertex X="54613" Y="17677" Z="0"/><Vertex X="54523" Y="17677" Z="0"/><Vertex X="54523" Y="17722" Z="0"/><Vertex X="54433" Y="17722" Z="0"/><Vertex X="54387" Y="17722" Z="0"/><Vertex X="54297" Y="17722" Z="0"/><Vertex X="54252" Y="17768" Z="0"/><Vertex X="54161" Y="17768" Z="0"/><Vertex X="54116" Y="17768" Z="0"/><Vertex X="54026" Y="17768" Z="0"/><Vertex X="54026" Y="17813" Z="0"/><Vertex X="53980" Y="17813" Z="0"/><Vertex X="53935" Y="17813" Z="0"/><Vertex X="53845" Y="17813" Z="0"/><Vertex X="53800" Y="17858" Z="0"/><Vertex X="53754" Y="17858" Z="0"/><Vertex X="53709" Y="17858" Z="0"/><Vertex X="53664" Y="17858" Z="0"/><Vertex X="53619" Y="17858" Z="0"/><Vertex X="53574" Y="17858" Z="0"/><Vertex X="53483" Y="17858" Z="0"/><Vertex X="53438" Y="17858" Z="0"/><Vertex X="53393" Y="17858" Z="0"/><Vertex X="53347" Y="17858" Z="0"/><Vertex X="53302" Y="17858" Z="0"/><Vertex X="53257" Y="17858" Z="0"/><Vertex X="53212" Y="17858" Z="0"/><Vertex X="53167" Y="17858" Z="0"/><Vertex X="53076" Y="17858" Z="0"/><Vertex X="52986" Y="17858" Z="0"/><Vertex X="52941" Y="17858" Z="0"/><Vertex X="52805" Y="17903" Z="0"/><Vertex X="52715" Y="17903" Z="0"/><Vertex X="52669" Y="17903" Z="0"/><Vertex X="52579" Y="17903" Z="0"/><Vertex X="52534" Y="17903" Z="0"/><Vertex X="52443" Y="17903" Z="0"/><Vertex X="52353" Y="17903" Z="0"/><Vertex X="52262" Y="17903" Z="0"/><Vertex X="52217" Y="17903" Z="0"/><Vertex X="52082" Y="17903" Z="0"/><Vertex X="52036" Y="17903" Z="0"/><Vertex X="51991" Y="17903" Z="0"/><Vertex X="51946" Y="17903" Z="0"/><Vertex X="51901" Y="17903" Z="0"/><Vertex X="51856" Y="17903" Z="0"/><Vertex X="51765" Y="17903" Z="0"/><Vertex X="51720" Y="17903" Z="0"/><Vertex X="51675" Y="17903" Z="0"/><Vertex X="51630" Y="17903" Z="0"/><Vertex X="51584" Y="17903" Z="0"/><Vertex X="51539" Y="17903" Z="0"/><Vertex X="51494" Y="17903" Z="0"/><Vertex X="51449" Y="17903" Z="0"/><Vertex X="51403" Y="17903" Z="0"/><Vertex X="51358" Y="17903" Z="0"/><Vertex X="51358" Y="17858" Z="0"/><Vertex X="51313" Y="17858" Z="0"/><Vertex X="51313" Y="17813" Z="0"/><Vertex X="51268" Y="17813" Z="0"/><Vertex X="51223" Y="17813" Z="0"/><Vertex X="51223" Y="17768" Z="0"/><Vertex X="51177" Y="17768" Z="0"/><Vertex X="51132" Y="17768" Z="0"/><Vertex X="51087" Y="17768" Z="0"/><Vertex X="51042" Y="17722" Z="0"/><Vertex X="50997" Y="17722" Z="0"/><Vertex X="50951" Y="17722" Z="0"/><Vertex X="50906" Y="17677" Z="0"/><Vertex X="50861" Y="17677" Z="0"/><Vertex X="50816" Y="17677" Z="0"/><Vertex X="50771" Y="17632" Z="0"/><Vertex X="50725" Y="17632" Z="0"/><Vertex X="50725" Y="17632" Z="0"/><Vertex X="50680" Y="17632" Z="0"/><Vertex X="50725" Y="17632" Z="0"/></Vertices></Region></Regions><Plots></Plots></Annotation></Annotations>
