<Annotations MicronsPerPixel="0.493400">
	<Annotation Id="1" Name="" ReadOnly="0" NameReadOnly="0" LineColorReadOnly="0" Incremental="0" Type="4" LineColor="65535" Visible="1" Selected="1" MarkupImagePath="" MacroName=""><Attributes></Attributes><Regions><RegionAttributeHeaders></RegionAttributeHeaders><Region Id="1" Type="0" Zoom="0.037306" Selected="0" ImageLocation="" ImageFocus="-1" Length="10971.3" Area="4620161.5" LengthMicrons="5413.2" AreaMicrons="1124748.6" Text="" NegativeROA="0" InputRegionId="0" Analyze="1" DisplayId="1"><Attributes></Attributes><Vertices><Vertex X="15977" Y="10829" Z="0"/><Vertex X="15950" Y="10803" Z="0"/><Vertex X="15950" Y="10776" Z="0"/><Vertex X="15950" Y="10749" Z="0"/><Vertex X="15950" Y="10722" Z="0"/><Vertex X="15950" Y="10695" Z="0"/><Vertex X="15950" Y="10668" Z="0"/><Vertex X="15950" Y="10615" Z="0"/><Vertex X="15950" Y="10588" Z="0"/><Vertex X="15950" Y="10561" Z="0"/><Vertex X="15950" Y="10534" Z="0"/><Vertex X="15950" Y="10508" Z="0"/><Vertex X="15950" Y="10481" Z="0"/><Vertex X="15950" Y="10454" Z="0"/><Vertex X="15923" Y="10400" Z="0"/><Vertex X="15923" Y="10374" Z="0"/><Vertex X="15923" Y="10347" Z="0"/><Vertex X="15923" Y="10320" Z="0"/><Vertex X="15923" Y="10293" Z="0"/><Vertex X="15923" Y="10266" Z="0"/><Vertex X="15923" Y="10213" Z="0"/><Vertex X="15923" Y="10186" Z="0"/><Vertex X="15923" Y="10159" Z="0"/><Vertex X="15896" Y="10132" Z="0"/><Vertex X="15896" Y="10106" Z="0"/><Vertex X="15896" Y="10079" Z="0"/><Vertex X="15896" Y="10052" Z="0"/><Vertex X="15869" Y="9998" Z="0"/><Vertex X="15869" Y="9972" Z="0"/><Vertex X="15869" Y="9945" Z="0"/><Vertex X="15869" Y="9918" Z="0"/><Vertex X="15869" Y="9891" Z="0"/><Vertex X="15869" Y="9864" Z="0"/><Vertex X="15869" Y="9838" Z="0"/><Vertex X="15869" Y="9811" Z="0"/><Vertex X="15869" Y="9784" Z="0"/><Vertex X="15869" Y="9757" Z="0"/><Vertex X="15869" Y="9730" Z="0"/><Vertex X="15869" Y="9703" Z="0"/><Vertex X="15843" Y="9703" Z="0"/><Vertex X="15843" Y="9677" Z="0"/><Vertex X="15843" Y="9650" Z="0"/><Vertex X="15816" Y="9650" Z="0"/><Vertex X="15816" Y="9623" Z="0"/><Vertex X="15816" Y="9596" Z="0"/><Vertex X="15816" Y="9569" Z="0"/><Vertex X="15789" Y="9569" Z="0"/><Vertex X="15789" Y="9543" Z="0"/><Vertex X="15789" Y="9516" Z="0"/><Vertex X="15789" Y="9489" Z="0"/><Vertex X="15762" Y="9489" Z="0"/><Vertex X="15762" Y="9462" Z="0"/><Vertex X="15762" Y="9409" Z="0"/><Vertex X="15735" Y="9409" Z="0"/><Vertex X="15735" Y="9382" Z="0"/><Vertex X="15709" Y="9355" Z="0"/><Vertex X="15709" Y="9328" Z="0"/><Vertex X="15709" Y="9301" Z="0"/><Vertex X="15709" Y="9275" Z="0"/><Vertex X="15682" Y="9275" Z="0"/><Vertex X="15682" Y="9221" Z="0"/><Vertex X="15682" Y="9194" Z="0"/><Vertex X="15655" Y="9194" Z="0"/><Vertex X="15655" Y="9167" Z="0"/><Vertex X="15655" Y="9141" Z="0"/><Vertex X="15655" Y="9114" Z="0"/><Vertex X="15628" Y="9087" Z="0"/><Vertex X="15628" Y="9060" Z="0"/><Vertex X="15628" Y="9033" Z="0"/><Vertex X="15628" Y="9007" Z="0"/><Vertex X="15628" Y="8980" Z="0"/><Vertex X="15628" Y="8953" Z="0"/><Vertex X="15628" Y="8926" Z="0"/><Vertex X="15628" Y="8899" Z="0"/><Vertex X="15628" Y="8872" Z="0"/><Vertex X="15628" Y="8846" Z="0"/><Vertex X="15655" Y="8819" Z="0"/><Vertex X="15655" Y="8792" Z="0"/><Vertex X="15682" Y="8792" Z="0"/><Vertex X="15682" Y="8765" Z="0"/><Vertex X="15682" Y="8738" Z="0"/><Vertex X="15682" Y="8712" Z="0"/><Vertex X="15709" Y="8685" Z="0"/><Vertex X="15709" Y="8658" Z="0"/><Vertex X="15709" Y="8631" Z="0"/><Vertex X="15735" Y="8604" Z="0"/><Vertex X="15735" Y="8578" Z="0"/><Vertex X="15762" Y="8578" Z="0"/><Vertex X="15762" Y="8551" Z="0"/><Vertex X="15762" Y="8524" Z="0"/><Vertex X="15789" Y="8524" Z="0"/><Vertex X="15789" Y="8497" Z="0"/><Vertex X="15816" Y="8497" Z="0"/><Vertex X="15816" Y="8470" Z="0"/><Vertex X="15843" Y="8470" Z="0"/><Vertex X="15843" Y="8444" Z="0"/><Vertex X="15843" Y="8417" Z="0"/><Vertex X="15843" Y="8390" Z="0"/><Vertex X="15869" Y="8363" Z="0"/><Vertex X="15869" Y="8336" Z="0"/><Vertex X="15896" Y="8336" Z="0"/><Vertex X="15896" Y="8310" Z="0"/><Vertex X="15896" Y="8283" Z="0"/><Vertex X="15896" Y="8256" Z="0"/><Vertex X="15923" Y="8229" Z="0"/><Vertex X="15923" Y="8202" Z="0"/><Vertex X="15923" Y="8176" Z="0"/><Vertex X="15950" Y="8149" Z="0"/><Vertex X="15977" Y="8122" Z="0"/><Vertex X="15977" Y="8095" Z="0"/><Vertex X="16003" Y="8015" Z="0"/><Vertex X="16030" Y="7961" Z="0"/><Vertex X="16030" Y="7934" Z="0"/><Vertex X="16030" Y="7907" Z="0"/><Vertex X="16057" Y="7907" Z="0"/><Vertex X="16057" Y="7881" Z="0"/><Vertex X="16057" Y="7854" Z="0"/><Vertex X="16057" Y="7827" Z="0"/><Vertex X="16057" Y="7800" Z="0"/><Vertex X="16084" Y="7800" Z="0"/><Vertex X="16111" Y="7773" Z="0"/><Vertex X="16137" Y="7773" Z="0"/><Vertex X="16137" Y="7747" Z="0"/><Vertex X="16164" Y="7720" Z="0"/><Vertex X="16191" Y="7693" Z="0"/><Vertex X="16218" Y="7666" Z="0"/><Vertex X="16245" Y="7613" Z="0"/><Vertex X="16298" Y="7613" Z="0"/><Vertex X="16352" Y="7586" Z="0"/><Vertex X="16379" Y="7559" Z="0"/><Vertex X="16405" Y="7559" Z="0"/><Vertex X="16432" Y="7559" Z="0"/><Vertex X="16432" Y="7532" Z="0"/><Vertex X="16459" Y="7532" Z="0"/><Vertex X="16486" Y="7532" Z="0"/><Vertex X="16513" Y="7532" Z="0"/><Vertex X="16513" Y="7559" Z="0"/><Vertex X="16539" Y="7559" Z="0"/><Vertex X="16566" Y="7586" Z="0"/><Vertex X="16593" Y="7586" Z="0"/><Vertex X="16593" Y="7639" Z="0"/><Vertex X="16593" Y="7666" Z="0"/><Vertex X="16620" Y="7693" Z="0"/><Vertex X="16620" Y="7720" Z="0"/><Vertex X="16620" Y="7747" Z="0"/><Vertex X="16647" Y="7773" Z="0"/><Vertex X="16647" Y="7800" Z="0"/><Vertex X="16647" Y="7827" Z="0"/><Vertex X="16647" Y="7854" Z="0"/><Vertex X="16647" Y="7881" Z="0"/><Vertex X="16647" Y="7907" Z="0"/><Vertex X="16647" Y="7934" Z="0"/><Vertex X="16620" Y="7934" Z="0"/><Vertex X="16620" Y="7961" Z="0"/><Vertex X="16620" Y="7988" Z="0"/><Vertex X="16593" Y="8015" Z="0"/><Vertex X="16593" Y="8042" Z="0"/><Vertex X="16593" Y="8068" Z="0"/><Vertex X="16593" Y="8095" Z="0"/><Vertex X="16593" Y="8122" Z="0"/><Vertex X="16593" Y="8149" Z="0"/><Vertex X="16593" Y="8176" Z="0"/><Vertex X="16593" Y="8229" Z="0"/><Vertex X="16593" Y="8256" Z="0"/><Vertex X="16593" Y="8283" Z="0"/><Vertex X="16593" Y="8310" Z="0"/><Vertex X="16593" Y="8336" Z="0"/><Vertex X="16593" Y="8363" Z="0"/><Vertex X="16620" Y="8363" Z="0"/><Vertex X="16620" Y="8390" Z="0"/><Vertex X="16647" Y="8444" Z="0"/><Vertex X="16647" Y="8470" Z="0"/><Vertex X="16674" Y="8470" Z="0"/><Vertex X="16674" Y="8497" Z="0"/><Vertex X="16700" Y="8497" Z="0"/><Vertex X="16727" Y="8497" Z="0"/><Vertex X="16727" Y="8524" Z="0"/><Vertex X="16754" Y="8524" Z="0"/><Vertex X="16754" Y="8551" Z="0"/><Vertex X="16781" Y="8551" Z="0"/><Vertex X="16781" Y="8578" Z="0"/><Vertex X="16808" Y="8631" Z="0"/><Vertex X="16834" Y="8631" Z="0"/><Vertex X="16861" Y="8658" Z="0"/><Vertex X="16861" Y="8685" Z="0"/><Vertex X="16861" Y="8712" Z="0"/><Vertex X="16888" Y="8712" Z="0"/><Vertex X="16942" Y="8712" Z="0"/><Vertex X="16942" Y="8738" Z="0"/><Vertex X="16968" Y="8765" Z="0"/><Vertex X="16995" Y="8765" Z="0"/><Vertex X="16995" Y="8792" Z="0"/><Vertex X="16995" Y="8846" Z="0"/><Vertex X="17022" Y="8846" Z="0"/><Vertex X="17049" Y="8872" Z="0"/><Vertex X="17049" Y="8899" Z="0"/><Vertex X="17076" Y="8926" Z="0"/><Vertex X="17076" Y="8953" Z="0"/><Vertex X="17076" Y="8980" Z="0"/><Vertex X="17129" Y="8980" Z="0"/><Vertex X="17129" Y="9033" Z="0"/><Vertex X="17129" Y="9060" Z="0"/><Vertex X="17156" Y="9087" Z="0"/><Vertex X="17156" Y="9114" Z="0"/><Vertex X="17156" Y="9141" Z="0"/><Vertex X="17156" Y="9167" Z="0"/><Vertex X="17156" Y="9194" Z="0"/><Vertex X="17156" Y="9221" Z="0"/><Vertex X="17156" Y="9248" Z="0"/><Vertex X="17156" Y="9275" Z="0"/><Vertex X="17183" Y="9275" Z="0"/><Vertex X="17183" Y="9301" Z="0"/><Vertex X="17183" Y="9328" Z="0"/><Vertex X="17183" Y="9355" Z="0"/><Vertex X="17210" Y="9355" Z="0"/><Vertex X="17210" Y="9382" Z="0"/><Vertex X="17210" Y="9409" Z="0"/><Vertex X="17210" Y="9435" Z="0"/><Vertex X="17210" Y="9462" Z="0"/><Vertex X="17210" Y="9489" Z="0"/><Vertex X="17210" Y="9516" Z="0"/><Vertex X="17210" Y="9569" Z="0"/><Vertex X="17210" Y="9650" Z="0"/><Vertex X="17236" Y="9650" Z="0"/><Vertex X="17236" Y="9677" Z="0"/><Vertex X="17236" Y="9703" Z="0"/><Vertex X="17236" Y="9730" Z="0"/><Vertex X="17263" Y="9757" Z="0"/><Vertex X="17263" Y="9811" Z="0"/><Vertex X="17263" Y="9838" Z="0"/><Vertex X="17290" Y="9864" Z="0"/><Vertex X="17290" Y="9891" Z="0"/><Vertex X="17290" Y="9918" Z="0"/><Vertex X="17317" Y="9945" Z="0"/><Vertex X="17317" Y="9972" Z="0"/><Vertex X="17317" Y="10025" Z="0"/><Vertex X="17344" Y="10025" Z="0"/><Vertex X="17344" Y="10052" Z="0"/><Vertex X="17370" Y="10079" Z="0"/><Vertex X="17370" Y="10106" Z="0"/><Vertex X="17370" Y="10132" Z="0"/><Vertex X="17397" Y="10159" Z="0"/><Vertex X="17397" Y="10186" Z="0"/><Vertex X="17397" Y="10240" Z="0"/><Vertex X="17424" Y="10240" Z="0"/><Vertex X="17424" Y="10266" Z="0"/><Vertex X="17424" Y="10293" Z="0"/><Vertex X="17424" Y="10320" Z="0"/><Vertex X="17424" Y="10347" Z="0"/><Vertex X="17424" Y="10374" Z="0"/><Vertex X="17424" Y="10427" Z="0"/><Vertex X="17424" Y="10481" Z="0"/><Vertex X="17424" Y="10508" Z="0"/><Vertex X="17424" Y="10534" Z="0"/><Vertex X="17424" Y="10561" Z="0"/><Vertex X="17424" Y="10588" Z="0"/><Vertex X="17451" Y="10668" Z="0"/><Vertex X="17451" Y="10695" Z="0"/><Vertex X="17451" Y="10749" Z="0"/><Vertex X="17478" Y="10749" Z="0"/><Vertex X="17478" Y="10776" Z="0"/><Vertex X="17478" Y="10803" Z="0"/><Vertex X="17478" Y="10856" Z="0"/><Vertex X="17478" Y="10883" Z="0"/><Vertex X="17478" Y="10910" Z="0"/><Vertex X="17478" Y="10937" Z="0"/><Vertex X="17531" Y="10963" Z="0"/><Vertex X="17531" Y="10990" Z="0"/><Vertex X="17531" Y="11017" Z="0"/><Vertex X="17531" Y="11044" Z="0"/><Vertex X="17531" Y="11071" Z="0"/><Vertex X="17531" Y="11097" Z="0"/><Vertex X="17531" Y="11124" Z="0"/><Vertex X="17531" Y="11151" Z="0"/><Vertex X="17504" Y="11151" Z="0"/><Vertex X="17504" Y="11178" Z="0"/><Vertex X="17478" Y="11178" Z="0"/><Vertex X="17478" Y="11205" Z="0"/><Vertex X="17478" Y="11231" Z="0"/><Vertex X="17451" Y="11231" Z="0"/><Vertex X="17451" Y="11258" Z="0"/><Vertex X="17424" Y="11258" Z="0"/><Vertex X="17397" Y="11258" Z="0"/><Vertex X="17397" Y="11285" Z="0"/><Vertex X="17370" Y="11312" Z="0"/><Vertex X="17344" Y="11312" Z="0"/><Vertex X="17317" Y="11312" Z="0"/><Vertex X="17290" Y="11339" Z="0"/><Vertex X="17263" Y="11339" Z="0"/><Vertex X="17263" Y="11392" Z="0"/><Vertex X="17236" Y="11392" Z="0"/><Vertex X="17210" Y="11392" Z="0"/><Vertex X="17183" Y="11392" Z="0"/><Vertex X="17156" Y="11392" Z="0"/><Vertex X="17129" Y="11392" Z="0"/><Vertex X="17102" Y="11392" Z="0"/><Vertex X="17076" Y="11392" Z="0"/><Vertex X="17049" Y="11392" Z="0"/><Vertex X="16995" Y="11392" Z="0"/><Vertex X="16968" Y="11392" Z="0"/><Vertex X="16915" Y="11392" Z="0"/><Vertex X="16888" Y="11392" Z="0"/><Vertex X="16834" Y="11392" Z="0"/><Vertex X="16808" Y="11392" Z="0"/><Vertex X="16781" Y="11392" Z="0"/><Vertex X="16754" Y="11392" Z="0"/><Vertex X="16700" Y="11392" Z="0"/><Vertex X="16647" Y="11392" Z="0"/><Vertex X="16620" Y="11392" Z="0"/><Vertex X="16593" Y="11392" Z="0"/><Vertex X="16566" Y="11392" Z="0"/><Vertex X="16513" Y="11392" Z="0"/><Vertex X="16486" Y="11392" Z="0"/><Vertex X="16459" Y="11392" Z="0"/><Vertex X="16405" Y="11392" Z="0"/><Vertex X="16352" Y="11392" Z="0"/><Vertex X="16298" Y="11365" Z="0"/><Vertex X="16271" Y="11365" Z="0"/><Vertex X="16245" Y="11365" Z="0"/><Vertex X="16218" Y="11365" Z="0"/><Vertex X="16191" Y="11339" Z="0"/><Vertex X="16164" Y="11339" Z="0"/><Vertex X="16137" Y="11312" Z="0"/><Vertex X="16137" Y="11285" Z="0"/><Vertex X="16084" Y="11285" Z="0"/><Vertex X="16084" Y="11258" Z="0"/><Vertex X="16084" Y="11231" Z="0"/><Vertex X="16084" Y="11205" Z="0"/><Vertex X="16084" Y="11151" Z="0"/><Vertex X="16084" Y="11124" Z="0"/><Vertex X="16084" Y="11097" Z="0"/><Vertex X="16084" Y="11071" Z="0"/><Vertex X="16084" Y="11044" Z="0"/><Vertex X="16084" Y="11017" Z="0"/><Vertex X="16084" Y="10990" Z="0"/><Vertex X="16084" Y="10963" Z="0"/><Vertex X="16084" Y="10937" Z="0"/><Vertex X="16111" Y="10910" Z="0"/><Vertex X="16111" Y="10883" Z="0"/><Vertex X="16111" Y="10856" Z="0"/><Vertex X="16111" Y="10829" Z="0"/><Vertex X="16111" Y="10803" Z="0"/><Vertex X="16111" Y="10776" Z="0"/><Vertex X="15977" Y="10829" Z="0"/></Vertices></Region><Region Id="2" Type="0" Zoom="0.037306" Selected="1" ImageLocation="" ImageFocus="-1" Length="33119.4" Area="34580659.0" LengthMicrons="16341.1" AreaMicrons="8418439.0" Text="" NegativeROA="0" InputRegionId="0" Analyze="1" DisplayId="2"><Attributes></Attributes><Vertices><Vertex X="25439" Y="3538" Z="0"/><Vertex X="25412" Y="3538" Z="0"/><Vertex X="25385" Y="3538" Z="0"/><Vertex X="25359" Y="3538" Z="0"/><Vertex X="25332" Y="3538" Z="0"/><Vertex X="25305" Y="3538" Z="0"/><Vertex X="25278" Y="3538" Z="0"/><Vertex X="25225" Y="3538" Z="0"/><Vertex X="25198" Y="3538" Z="0"/><Vertex X="25171" Y="3538" Z="0"/><Vertex X="25144" Y="3538" Z="0"/><Vertex X="25117" Y="3538" Z="0"/><Vertex X="25091" Y="3538" Z="0"/><Vertex X="25064" Y="3538" Z="0"/><Vertex X="25010" Y="3538" Z="0"/><Vertex X="25010" Y="3565" Z="0"/><Vertex X="24956" Y="3565" Z="0"/><Vertex X="24930" Y="3565" Z="0"/><Vertex X="24903" Y="3592" Z="0"/><Vertex X="24876" Y="3592" Z="0"/><Vertex X="24822" Y="3592" Z="0"/><Vertex X="24769" Y="3619" Z="0"/><Vertex X="24742" Y="3619" Z="0"/><Vertex X="24715" Y="3619" Z="0"/><Vertex X="24688" Y="3619" Z="0"/><Vertex X="24662" Y="3619" Z="0"/><Vertex X="24635" Y="3619" Z="0"/><Vertex X="24608" Y="3619" Z="0"/><Vertex X="24581" Y="3619" Z="0"/><Vertex X="24554" Y="3619" Z="0"/><Vertex X="24528" Y="3619" Z="0"/><Vertex X="24501" Y="3619" Z="0"/><Vertex X="24474" Y="3619" Z="0"/><Vertex X="24447" Y="3619" Z="0"/><Vertex X="24420" Y="3645" Z="0"/><Vertex X="24394" Y="3645" Z="0"/><Vertex X="24367" Y="3645" Z="0"/><Vertex X="24340" Y="3645" Z="0"/><Vertex X="24313" Y="3645" Z="0"/><Vertex X="24286" Y="3645" Z="0"/><Vertex X="24260" Y="3645" Z="0"/><Vertex X="24206" Y="3645" Z="0"/><Vertex X="24179" Y="3645" Z="0"/><Vertex X="24152" Y="3645" Z="0"/><Vertex X="24126" Y="3645" Z="0"/><Vertex X="24099" Y="3645" Z="0"/><Vertex X="24072" Y="3645" Z="0"/><Vertex X="24072" Y="3672" Z="0"/><Vertex X="24018" Y="3672" Z="0"/><Vertex X="23991" Y="3672" Z="0"/><Vertex X="23991" Y="3699" Z="0"/><Vertex X="23965" Y="3699" Z="0"/><Vertex X="23938" Y="3699" Z="0"/><Vertex X="23911" Y="3699" Z="0"/><Vertex X="23884" Y="3699" Z="0"/><Vertex X="23857" Y="3699" Z="0"/><Vertex X="23831" Y="3699" Z="0"/><Vertex X="23777" Y="3726" Z="0"/><Vertex X="23750" Y="3726" Z="0"/><Vertex X="23723" Y="3726" Z="0"/><Vertex X="23697" Y="3726" Z="0"/><Vertex X="23670" Y="3779" Z="0"/><Vertex X="23616" Y="3779" Z="0"/><Vertex X="23589" Y="3779" Z="0"/><Vertex X="23563" Y="3779" Z="0"/><Vertex X="23536" Y="3779" Z="0"/><Vertex X="23482" Y="3779" Z="0"/><Vertex X="23402" Y="3806" Z="0"/><Vertex X="23375" Y="3806" Z="0"/><Vertex X="23348" Y="3806" Z="0"/><Vertex X="23321" Y="3806" Z="0"/><Vertex X="23295" Y="3806" Z="0"/><Vertex X="23268" Y="3806" Z="0"/><Vertex X="23214" Y="3806" Z="0"/><Vertex X="23187" Y="3806" Z="0"/><Vertex X="23160" Y="3806" Z="0"/><Vertex X="23134" Y="3806" Z="0"/><Vertex X="23107" Y="3806" Z="0"/><Vertex X="23080" Y="3806" Z="0"/><Vertex X="23080" Y="3833" Z="0"/><Vertex X="23026" Y="3833" Z="0"/><Vertex X="23000" Y="3833" Z="0"/><Vertex X="23000" Y="3860" Z="0"/><Vertex X="22973" Y="3860" Z="0"/><Vertex X="22973" Y="3887" Z="0"/><Vertex X="22946" Y="3887" Z="0"/><Vertex X="22946" Y="3913" Z="0"/><Vertex X="22919" Y="3913" Z="0"/><Vertex X="22919" Y="3940" Z="0"/><Vertex X="22919" Y="3967" Z="0"/><Vertex X="22892" Y="3994" Z="0"/><Vertex X="22892" Y="4021" Z="0"/><Vertex X="22866" Y="4021" Z="0"/><Vertex X="22866" Y="4047" Z="0"/><Vertex X="22866" Y="4074" Z="0"/><Vertex X="22839" Y="4074" Z="0"/><Vertex X="22839" Y="4101" Z="0"/><Vertex X="22839" Y="4128" Z="0"/><Vertex X="22839" Y="4182" Z="0"/><Vertex X="22812" Y="4208" Z="0"/><Vertex X="22812" Y="4235" Z="0"/><Vertex X="22812" Y="4262" Z="0"/><Vertex X="22812" Y="4289" Z="0"/><Vertex X="22785" Y="4289" Z="0"/><Vertex X="22785" Y="4316" Z="0"/><Vertex X="22785" Y="4342" Z="0"/><Vertex X="22785" Y="4369" Z="0"/><Vertex X="22785" Y="4396" Z="0"/><Vertex X="22785" Y="4423" Z="0"/><Vertex X="22758" Y="4423" Z="0"/><Vertex X="22732" Y="4476" Z="0"/><Vertex X="22732" Y="4503" Z="0"/><Vertex X="22705" Y="4503" Z="0"/><Vertex X="22705" Y="4530" Z="0"/><Vertex X="22678" Y="4584" Z="0"/><Vertex X="22624" Y="4584" Z="0"/><Vertex X="22598" Y="4637" Z="0"/><Vertex X="22598" Y="4664" Z="0"/><Vertex X="22571" Y="4691" Z="0"/><Vertex X="22544" Y="4718" Z="0"/><Vertex X="22544" Y="4744" Z="0"/><Vertex X="22517" Y="4771" Z="0"/><Vertex X="22517" Y="4798" Z="0"/><Vertex X="22517" Y="4825" Z="0"/><Vertex X="22490" Y="4852" Z="0"/><Vertex X="22464" Y="4878" Z="0"/><Vertex X="22464" Y="4905" Z="0"/><Vertex X="22437" Y="4932" Z="0"/><Vertex X="22437" Y="4986" Z="0"/><Vertex X="22437" Y="5012" Z="0"/><Vertex X="22437" Y="5039" Z="0"/><Vertex X="22437" Y="5066" Z="0"/><Vertex X="22410" Y="5093" Z="0"/><Vertex X="22410" Y="5120" Z="0"/><Vertex X="22410" Y="5173" Z="0"/><Vertex X="22410" Y="5200" Z="0"/><Vertex X="22410" Y="5227" Z="0"/><Vertex X="22410" Y="5254" Z="0"/><Vertex X="22410" Y="5281" Z="0"/><Vertex X="22383" Y="5281" Z="0"/><Vertex X="22383" Y="5307" Z="0"/><Vertex X="22383" Y="5334" Z="0"/><Vertex X="22383" Y="5388" Z="0"/><Vertex X="22383" Y="5415" Z="0"/><Vertex X="22383" Y="5441" Z="0"/><Vertex X="22383" Y="5495" Z="0"/><Vertex X="22383" Y="5522" Z="0"/><Vertex X="22383" Y="5549" Z="0"/><Vertex X="22437" Y="5602" Z="0"/><Vertex X="22437" Y="5656" Z="0"/><Vertex X="22437" Y="5683" Z="0"/><Vertex X="22437" Y="5736" Z="0"/><Vertex X="22437" Y="5790" Z="0"/><Vertex X="22437" Y="5817" Z="0"/><Vertex X="22437" Y="5843" Z="0"/><Vertex X="22437" Y="5870" Z="0"/><Vertex X="22437" Y="5897" Z="0"/><Vertex X="22437" Y="5924" Z="0"/><Vertex X="22437" Y="5951" Z="0"/><Vertex X="22437" Y="6031" Z="0"/><Vertex X="22437" Y="6058" Z="0"/><Vertex X="22437" Y="6085" Z="0"/><Vertex X="22437" Y="6112" Z="0"/><Vertex X="22437" Y="6138" Z="0"/><Vertex X="22437" Y="6165" Z="0"/><Vertex X="22437" Y="6219" Z="0"/><Vertex X="22437" Y="6246" Z="0"/><Vertex X="22437" Y="6299" Z="0"/><Vertex X="22437" Y="6326" Z="0"/><Vertex X="22437" Y="6353" Z="0"/><Vertex X="22437" Y="6380" Z="0"/><Vertex X="22437" Y="6406" Z="0"/><Vertex X="22437" Y="6433" Z="0"/><Vertex X="22437" Y="6460" Z="0"/><Vertex X="22437" Y="6487" Z="0"/><Vertex X="22437" Y="6514" Z="0"/><Vertex X="22437" Y="6540" Z="0"/><Vertex X="22437" Y="6567" Z="0"/><Vertex X="22437" Y="6594" Z="0"/><Vertex X="22437" Y="6621" Z="0"/><Vertex X="22437" Y="6648" Z="0"/><Vertex X="22437" Y="6674" Z="0"/><Vertex X="22437" Y="6701" Z="0"/><Vertex X="22437" Y="6728" Z="0"/><Vertex X="22464" Y="6728" Z="0"/><Vertex X="22464" Y="6755" Z="0"/><Vertex X="22464" Y="6808" Z="0"/><Vertex X="22464" Y="6835" Z="0"/><Vertex X="22490" Y="6862" Z="0"/><Vertex X="22490" Y="6969" Z="0"/><Vertex X="22490" Y="7050" Z="0"/><Vertex X="22517" Y="7103" Z="0"/><Vertex X="22517" Y="7157" Z="0"/><Vertex X="22517" Y="7211" Z="0"/><Vertex X="22544" Y="7291" Z="0"/><Vertex X="22544" Y="7318" Z="0"/><Vertex X="22544" Y="7371" Z="0"/><Vertex X="22544" Y="7398" Z="0"/><Vertex X="22544" Y="7452" Z="0"/><Vertex X="22544" Y="7479" Z="0"/><Vertex X="22544" Y="7505" Z="0"/><Vertex X="22544" Y="7532" Z="0"/><Vertex X="22544" Y="7559" Z="0"/><Vertex X="22544" Y="7586" Z="0"/><Vertex X="22544" Y="7613" Z="0"/><Vertex X="22544" Y="7693" Z="0"/><Vertex X="22544" Y="7720" Z="0"/><Vertex X="22544" Y="7747" Z="0"/><Vertex X="22544" Y="7773" Z="0"/><Vertex X="22544" Y="7800" Z="0"/><Vertex X="22544" Y="7827" Z="0"/><Vertex X="22544" Y="7854" Z="0"/><Vertex X="22544" Y="7907" Z="0"/><Vertex X="22544" Y="7934" Z="0"/><Vertex X="22544" Y="7961" Z="0"/><Vertex X="22544" Y="7988" Z="0"/><Vertex X="22544" Y="8015" Z="0"/><Vertex X="22544" Y="8042" Z="0"/><Vertex X="22544" Y="8095" Z="0"/><Vertex X="22544" Y="8122" Z="0"/><Vertex X="22544" Y="8176" Z="0"/><Vertex X="22571" Y="8176" Z="0"/><Vertex X="22571" Y="8202" Z="0"/><Vertex X="22624" Y="8229" Z="0"/><Vertex X="22624" Y="8310" Z="0"/><Vertex X="22624" Y="8336" Z="0"/><Vertex X="22624" Y="8363" Z="0"/><Vertex X="22624" Y="8390" Z="0"/><Vertex X="22624" Y="8444" Z="0"/><Vertex X="22651" Y="8444" Z="0"/><Vertex X="22651" Y="8497" Z="0"/><Vertex X="22651" Y="8524" Z="0"/><Vertex X="22651" Y="8551" Z="0"/><Vertex X="22651" Y="8578" Z="0"/><Vertex X="22651" Y="8604" Z="0"/><Vertex X="22651" Y="8631" Z="0"/><Vertex X="22651" Y="8658" Z="0"/><Vertex X="22651" Y="8712" Z="0"/><Vertex X="22651" Y="8738" Z="0"/><Vertex X="22651" Y="8765" Z="0"/><Vertex X="22651" Y="8792" Z="0"/><Vertex X="22651" Y="8819" Z="0"/><Vertex X="22651" Y="8846" Z="0"/><Vertex X="22651" Y="8872" Z="0"/><Vertex X="22651" Y="8899" Z="0"/><Vertex X="22651" Y="8926" Z="0"/><Vertex X="22651" Y="8953" Z="0"/><Vertex X="22651" Y="8980" Z="0"/><Vertex X="22651" Y="9007" Z="0"/><Vertex X="22651" Y="9033" Z="0"/><Vertex X="22651" Y="9060" Z="0"/><Vertex X="22651" Y="9114" Z="0"/><Vertex X="22598" Y="9141" Z="0"/><Vertex X="22598" Y="9167" Z="0"/><Vertex X="22598" Y="9194" Z="0"/><Vertex X="22598" Y="9221" Z="0"/><Vertex X="22598" Y="9248" Z="0"/><Vertex X="22598" Y="9275" Z="0"/><Vertex X="22624" Y="9275" Z="0"/><Vertex X="22678" Y="9275" Z="0"/><Vertex X="22705" Y="9275" Z="0"/><Vertex X="22732" Y="9275" Z="0"/><Vertex X="22758" Y="9275" Z="0"/><Vertex X="22812" Y="9275" Z="0"/><Vertex X="22839" Y="9275" Z="0"/><Vertex X="22839" Y="9328" Z="0"/><Vertex X="22866" Y="9328" Z="0"/><Vertex X="22892" Y="9328" Z="0"/><Vertex X="22892" Y="9355" Z="0"/><Vertex X="22892" Y="9409" Z="0"/><Vertex X="22892" Y="9435" Z="0"/><Vertex X="22892" Y="9462" Z="0"/><Vertex X="22866" Y="9489" Z="0"/><Vertex X="22866" Y="9516" Z="0"/><Vertex X="22866" Y="9543" Z="0"/><Vertex X="22839" Y="9569" Z="0"/><Vertex X="22812" Y="9596" Z="0"/><Vertex X="22785" Y="9623" Z="0"/><Vertex X="22758" Y="9623" Z="0"/><Vertex X="22732" Y="9650" Z="0"/><Vertex X="22705" Y="9677" Z="0"/><Vertex X="22705" Y="9703" Z="0"/><Vertex X="22678" Y="9703" Z="0"/><Vertex X="22651" Y="9730" Z="0"/><Vertex X="22624" Y="9757" Z="0"/><Vertex X="22624" Y="9784" Z="0"/><Vertex X="22571" Y="9784" Z="0"/><Vertex X="22571" Y="9811" Z="0"/><Vertex X="22544" Y="9811" Z="0"/><Vertex X="22544" Y="9838" Z="0"/><Vertex X="22517" Y="9838" Z="0"/><Vertex X="22490" Y="9838" Z="0"/><Vertex X="22490" Y="9864" Z="0"/><Vertex X="22490" Y="9918" Z="0"/><Vertex X="22464" Y="9918" Z="0"/><Vertex X="22437" Y="9918" Z="0"/><Vertex X="22437" Y="9945" Z="0"/><Vertex X="22437" Y="9972" Z="0"/><Vertex X="22383" Y="9972" Z="0"/><Vertex X="22383" Y="9998" Z="0"/><Vertex X="22356" Y="9998" Z="0"/><Vertex X="22330" Y="10025" Z="0"/><Vertex X="22330" Y="10052" Z="0"/><Vertex X="22303" Y="10052" Z="0"/><Vertex X="22303" Y="10106" Z="0"/><Vertex X="22276" Y="10106" Z="0"/><Vertex X="22276" Y="10132" Z="0"/><Vertex X="22276" Y="10159" Z="0"/><Vertex X="22276" Y="10186" Z="0"/><Vertex X="22249" Y="10213" Z="0"/><Vertex X="22249" Y="10240" Z="0"/><Vertex X="22249" Y="10266" Z="0"/><Vertex X="22249" Y="10293" Z="0"/><Vertex X="22249" Y="10320" Z="0"/><Vertex X="22249" Y="10347" Z="0"/><Vertex X="22222" Y="10374" Z="0"/><Vertex X="22222" Y="10400" Z="0"/><Vertex X="22222" Y="10427" Z="0"/><Vertex X="22222" Y="10454" Z="0"/><Vertex X="22222" Y="10481" Z="0"/><Vertex X="22222" Y="10508" Z="0"/><Vertex X="22222" Y="10534" Z="0"/><Vertex X="22222" Y="10561" Z="0"/><Vertex X="22222" Y="10588" Z="0"/><Vertex X="22222" Y="10615" Z="0"/><Vertex X="22222" Y="10642" Z="0"/><Vertex X="22222" Y="10722" Z="0"/><Vertex X="22222" Y="10749" Z="0"/><Vertex X="22222" Y="10776" Z="0"/><Vertex X="22222" Y="10829" Z="0"/><Vertex X="22222" Y="10856" Z="0"/><Vertex X="22222" Y="10910" Z="0"/><Vertex X="22222" Y="10937" Z="0"/><Vertex X="22222" Y="10963" Z="0"/><Vertex X="22222" Y="10990" Z="0"/><Vertex X="22222" Y="11017" Z="0"/><Vertex X="22222" Y="11044" Z="0"/><Vertex X="22222" Y="11071" Z="0"/><Vertex X="22222" Y="11124" Z="0"/><Vertex X="22222" Y="11178" Z="0"/><Vertex X="22169" Y="11205" Z="0"/><Vertex X="22169" Y="11231" Z="0"/><Vertex X="22169" Y="11258" Z="0"/><Vertex X="22169" Y="11285" Z="0"/><Vertex X="22169" Y="11339" Z="0"/><Vertex X="22169" Y="11365" Z="0"/><Vertex X="22169" Y="11392" Z="0"/><Vertex X="22169" Y="11419" Z="0"/><Vertex X="22169" Y="11473" Z="0"/><Vertex X="22169" Y="11499" Z="0"/><Vertex X="22169" Y="11526" Z="0"/><Vertex X="22169" Y="11553" Z="0"/><Vertex X="22169" Y="11580" Z="0"/><Vertex X="22169" Y="11607" Z="0"/><Vertex X="22169" Y="11633" Z="0"/><Vertex X="22169" Y="11660" Z="0"/><Vertex X="22169" Y="11687" Z="0"/><Vertex X="22169" Y="11714" Z="0"/><Vertex X="22169" Y="11741" Z="0"/><Vertex X="22169" Y="11768" Z="0"/><Vertex X="22169" Y="11794" Z="0"/><Vertex X="22169" Y="11821" Z="0"/><Vertex X="22169" Y="11848" Z="0"/><Vertex X="22169" Y="11875" Z="0"/><Vertex X="22169" Y="11902" Z="0"/><Vertex X="22169" Y="11928" Z="0"/><Vertex X="22169" Y="11955" Z="0"/><Vertex X="22169" Y="11982" Z="0"/><Vertex X="22169" Y="12009" Z="0"/><Vertex X="22169" Y="12036" Z="0"/><Vertex X="22169" Y="12062" Z="0"/><Vertex X="22169" Y="12116" Z="0"/><Vertex X="22169" Y="12143" Z="0"/><Vertex X="22169" Y="12170" Z="0"/><Vertex X="22169" Y="12196" Z="0"/><Vertex X="22169" Y="12223" Z="0"/><Vertex X="22169" Y="12250" Z="0"/><Vertex X="22169" Y="12277" Z="0"/><Vertex X="22169" Y="12330" Z="0"/><Vertex X="22169" Y="12357" Z="0"/><Vertex X="22169" Y="12384" Z="0"/><Vertex X="22142" Y="12411" Z="0"/><Vertex X="22142" Y="12438" Z="0"/><Vertex X="22142" Y="12464" Z="0"/><Vertex X="22142" Y="12491" Z="0"/><Vertex X="22142" Y="12518" Z="0"/><Vertex X="22142" Y="12545" Z="0"/><Vertex X="22142" Y="12572" Z="0"/><Vertex X="22142" Y="12598" Z="0"/><Vertex X="22142" Y="12625" Z="0"/><Vertex X="22142" Y="12679" Z="0"/><Vertex X="22142" Y="12706" Z="0"/><Vertex X="22142" Y="12733" Z="0"/><Vertex X="22142" Y="12759" Z="0"/><Vertex X="22142" Y="12786" Z="0"/><Vertex X="22142" Y="12813" Z="0"/><Vertex X="22142" Y="12840" Z="0"/><Vertex X="22142" Y="12920" Z="0"/><Vertex X="22142" Y="12947" Z="0"/><Vertex X="22142" Y="12974" Z="0"/><Vertex X="22142" Y="13001" Z="0"/><Vertex X="22142" Y="13027" Z="0"/><Vertex X="22142" Y="13054" Z="0"/><Vertex X="22142" Y="13108" Z="0"/><Vertex X="22142" Y="13161" Z="0"/><Vertex X="22142" Y="13188" Z="0"/><Vertex X="22142" Y="13215" Z="0"/><Vertex X="22142" Y="13242" Z="0"/><Vertex X="22142" Y="13269" Z="0"/><Vertex X="22142" Y="13295" Z="0"/><Vertex X="22142" Y="13322" Z="0"/><Vertex X="22142" Y="13376" Z="0"/><Vertex X="22115" Y="13376" Z="0"/><Vertex X="22115" Y="13403" Z="0"/><Vertex X="22088" Y="13456" Z="0"/><Vertex X="22088" Y="13537" Z="0"/><Vertex X="22061" Y="13590" Z="0"/><Vertex X="22061" Y="13617" Z="0"/><Vertex X="22061" Y="13644" Z="0"/><Vertex X="22061" Y="13698" Z="0"/><Vertex X="22061" Y="13724" Z="0"/><Vertex X="22061" Y="13751" Z="0"/><Vertex X="22061" Y="13778" Z="0"/><Vertex X="22061" Y="13805" Z="0"/><Vertex X="22061" Y="13832" Z="0"/><Vertex X="22061" Y="13858" Z="0"/><Vertex X="22061" Y="13885" Z="0"/><Vertex X="22061" Y="13939" Z="0"/><Vertex X="22061" Y="13966" Z="0"/><Vertex X="22061" Y="13992" Z="0"/><Vertex X="22061" Y="14019" Z="0"/><Vertex X="22061" Y="14046" Z="0"/><Vertex X="22061" Y="14073" Z="0"/><Vertex X="22061" Y="14126" Z="0"/><Vertex X="22061" Y="14153" Z="0"/><Vertex X="22061" Y="14180" Z="0"/><Vertex X="22061" Y="14207" Z="0"/><Vertex X="22061" Y="14234" Z="0"/><Vertex X="22061" Y="14260" Z="0"/><Vertex X="22035" Y="14260" Z="0"/><Vertex X="22035" Y="14314" Z="0"/><Vertex X="22035" Y="14341" Z="0"/><Vertex X="22035" Y="14368" Z="0"/><Vertex X="22035" Y="14394" Z="0"/><Vertex X="22035" Y="14421" Z="0"/><Vertex X="22035" Y="14448" Z="0"/><Vertex X="22008" Y="14448" Z="0"/><Vertex X="22008" Y="14475" Z="0"/><Vertex X="22008" Y="14528" Z="0"/><Vertex X="22008" Y="14555" Z="0"/><Vertex X="21981" Y="14582" Z="0"/><Vertex X="21981" Y="14609" Z="0"/><Vertex X="21981" Y="14636" Z="0"/><Vertex X="21981" Y="14663" Z="0"/><Vertex X="21981" Y="14689" Z="0"/><Vertex X="21981" Y="14743" Z="0"/><Vertex X="21981" Y="14770" Z="0"/><Vertex X="21954" Y="14823" Z="0"/><Vertex X="21954" Y="14850" Z="0"/><Vertex X="21954" Y="14877" Z="0"/><Vertex X="21954" Y="14904" Z="0"/><Vertex X="21954" Y="14931" Z="0"/><Vertex X="21954" Y="14957" Z="0"/><Vertex X="21954" Y="14984" Z="0"/><Vertex X="21954" Y="15011" Z="0"/><Vertex X="21954" Y="15038" Z="0"/><Vertex X="21954" Y="15065" Z="0"/><Vertex X="21954" Y="15091" Z="0"/><Vertex X="21954" Y="15145" Z="0"/><Vertex X="21954" Y="15172" Z="0"/><Vertex X="21954" Y="15199" Z="0"/><Vertex X="21954" Y="15225" Z="0"/><Vertex X="21954" Y="15252" Z="0"/><Vertex X="21954" Y="15279" Z="0"/><Vertex X="21954" Y="15333" Z="0"/><Vertex X="21927" Y="15359" Z="0"/><Vertex X="21927" Y="15386" Z="0"/><Vertex X="21927" Y="15413" Z="0"/><Vertex X="21927" Y="15440" Z="0"/><Vertex X="21927" Y="15467" Z="0"/><Vertex X="21927" Y="15520" Z="0"/><Vertex X="21927" Y="15547" Z="0"/><Vertex X="21927" Y="15574" Z="0"/><Vertex X="21927" Y="15601" Z="0"/><Vertex X="21927" Y="15628" Z="0"/><Vertex X="21901" Y="15628" Z="0"/><Vertex X="21901" Y="15654" Z="0"/><Vertex X="21901" Y="15681" Z="0"/><Vertex X="21901" Y="15708" Z="0"/><Vertex X="21901" Y="15735" Z="0"/><Vertex X="21901" Y="15762" Z="0"/><Vertex X="21901" Y="15788" Z="0"/><Vertex X="21901" Y="15815" Z="0"/><Vertex X="21901" Y="15842" Z="0"/><Vertex X="21901" Y="15869" Z="0"/><Vertex X="21901" Y="15896" Z="0"/><Vertex X="21901" Y="15922" Z="0"/><Vertex X="21901" Y="15949" Z="0"/><Vertex X="21901" Y="15976" Z="0"/><Vertex X="21901" Y="16003" Z="0"/><Vertex X="21901" Y="16030" Z="0"/><Vertex X="21901" Y="16056" Z="0"/><Vertex X="21901" Y="16110" Z="0"/><Vertex X="21927" Y="16110" Z="0"/><Vertex X="21927" Y="16137" Z="0"/><Vertex X="21927" Y="16164" Z="0"/><Vertex X="21927" Y="16190" Z="0"/><Vertex X="21927" Y="16217" Z="0"/><Vertex X="21927" Y="16244" Z="0"/><Vertex X="21927" Y="16298" Z="0"/><Vertex X="21954" Y="16298" Z="0"/><Vertex X="21954" Y="16324" Z="0"/><Vertex X="21954" Y="16351" Z="0"/><Vertex X="21981" Y="16351" Z="0"/><Vertex X="21981" Y="16378" Z="0"/><Vertex X="22008" Y="16378" Z="0"/><Vertex X="22035" Y="16405" Z="0"/><Vertex X="22035" Y="16432" Z="0"/><Vertex X="22061" Y="16432" Z="0"/><Vertex X="22088" Y="16432" Z="0"/><Vertex X="22088" Y="16459" Z="0"/><Vertex X="22115" Y="16459" Z="0"/><Vertex X="22142" Y="16459" Z="0"/><Vertex X="22169" Y="16512" Z="0"/><Vertex X="22195" Y="16512" Z="0"/><Vertex X="22222" Y="16512" Z="0"/><Vertex X="22249" Y="16512" Z="0"/><Vertex X="22249" Y="16539" Z="0"/><Vertex X="22276" Y="16539" Z="0"/><Vertex X="22303" Y="16566" Z="0"/><Vertex X="22330" Y="16566" Z="0"/><Vertex X="22383" Y="16566" Z="0"/><Vertex X="22410" Y="16566" Z="0"/><Vertex X="22437" Y="16566" Z="0"/><Vertex X="22464" Y="16566" Z="0"/><Vertex X="22490" Y="16566" Z="0"/><Vertex X="22517" Y="16566" Z="0"/><Vertex X="22571" Y="16566" Z="0"/><Vertex X="22598" Y="16566" Z="0"/><Vertex X="22624" Y="16566" Z="0"/><Vertex X="22651" Y="16566" Z="0"/><Vertex X="22651" Y="16539" Z="0"/><Vertex X="22678" Y="16539" Z="0"/><Vertex X="22732" Y="16539" Z="0"/><Vertex X="22732" Y="16485" Z="0"/><Vertex X="22758" Y="16485" Z="0"/><Vertex X="22785" Y="16459" Z="0"/><Vertex X="22812" Y="16459" Z="0"/><Vertex X="22839" Y="16459" Z="0"/><Vertex X="22839" Y="16432" Z="0"/><Vertex X="22866" Y="16432" Z="0"/><Vertex X="22866" Y="16405" Z="0"/><Vertex X="22892" Y="16405" Z="0"/><Vertex X="22919" Y="16405" Z="0"/><Vertex X="22946" Y="16405" Z="0"/><Vertex X="22946" Y="16378" Z="0"/><Vertex X="22973" Y="16351" Z="0"/><Vertex X="23026" Y="16324" Z="0"/><Vertex X="23053" Y="16324" Z="0"/><Vertex X="23080" Y="16271" Z="0"/><Vertex X="23134" Y="16244" Z="0"/><Vertex X="23134" Y="16217" Z="0"/><Vertex X="23187" Y="16190" Z="0"/><Vertex X="23214" Y="16190" Z="0"/><Vertex X="23214" Y="16164" Z="0"/><Vertex X="23241" Y="16164" Z="0"/><Vertex X="23268" Y="16137" Z="0"/><Vertex X="23268" Y="16110" Z="0"/><Vertex X="23295" Y="16110" Z="0"/><Vertex X="23321" Y="16083" Z="0"/><Vertex X="23348" Y="16083" Z="0"/><Vertex X="23348" Y="16056" Z="0"/><Vertex X="23375" Y="16056" Z="0"/><Vertex X="23375" Y="16030" Z="0"/><Vertex X="23402" Y="16030" Z="0"/><Vertex X="23429" Y="16030" Z="0"/><Vertex X="23429" Y="16003" Z="0"/><Vertex X="23429" Y="15976" Z="0"/><Vertex X="23455" Y="15976" Z="0"/><Vertex X="23455" Y="15949" Z="0"/><Vertex X="23482" Y="15949" Z="0"/><Vertex X="23482" Y="15922" Z="0"/><Vertex X="23509" Y="15922" Z="0"/><Vertex X="23536" Y="15869" Z="0"/><Vertex X="23589" Y="15869" Z="0"/><Vertex X="23589" Y="15842" Z="0"/><Vertex X="23589" Y="15815" Z="0"/><Vertex X="23643" Y="15815" Z="0"/><Vertex X="23643" Y="15788" Z="0"/><Vertex X="23670" Y="15788" Z="0"/><Vertex X="23697" Y="15762" Z="0"/><Vertex X="23723" Y="15735" Z="0"/><Vertex X="23750" Y="15735" Z="0"/><Vertex X="23804" Y="15735" Z="0"/><Vertex X="23804" Y="15681" Z="0"/><Vertex X="23804" Y="15654" Z="0"/><Vertex X="23831" Y="15654" Z="0"/><Vertex X="23857" Y="15654" Z="0"/><Vertex X="23857" Y="15628" Z="0"/><Vertex X="23884" Y="15628" Z="0"/><Vertex X="23911" Y="15628" Z="0"/><Vertex X="23938" Y="15601" Z="0"/><Vertex X="23991" Y="15601" Z="0"/><Vertex X="23991" Y="15574" Z="0"/><Vertex X="24018" Y="15574" Z="0"/><Vertex X="24045" Y="15574" Z="0"/><Vertex X="24072" Y="15574" Z="0"/><Vertex X="24072" Y="15547" Z="0"/><Vertex X="24099" Y="15547" Z="0"/><Vertex X="24126" Y="15547" Z="0"/><Vertex X="24126" Y="15520" Z="0"/><Vertex X="24179" Y="15520" Z="0"/><Vertex X="24206" Y="15494" Z="0"/><Vertex X="24233" Y="15494" Z="0"/><Vertex X="24233" Y="15467" Z="0"/><Vertex X="24260" Y="15467" Z="0"/><Vertex X="24286" Y="15467" Z="0"/><Vertex X="24286" Y="15440" Z="0"/><Vertex X="24313" Y="15440" Z="0"/><Vertex X="24340" Y="15413" Z="0"/><Vertex X="24367" Y="15413" Z="0"/><Vertex X="24394" Y="15413" Z="0"/><Vertex X="24420" Y="15413" Z="0"/><Vertex X="24447" Y="15386" Z="0"/><Vertex X="24474" Y="15359" Z="0"/><Vertex X="24501" Y="15359" Z="0"/><Vertex X="24501" Y="15333" Z="0"/><Vertex X="24528" Y="15279" Z="0"/><Vertex X="24528" Y="15252" Z="0"/><Vertex X="24528" Y="15225" Z="0"/><Vertex X="24581" Y="15225" Z="0"/><Vertex X="24581" Y="15199" Z="0"/><Vertex X="24581" Y="15172" Z="0"/><Vertex X="24581" Y="15145" Z="0"/><Vertex X="24608" Y="15091" Z="0"/><Vertex X="24608" Y="15038" Z="0"/><Vertex X="24635" Y="14957" Z="0"/><Vertex X="24635" Y="14850" Z="0"/><Vertex X="24662" Y="14797" Z="0"/><Vertex X="24662" Y="14770" Z="0"/><Vertex X="24688" Y="14743" Z="0"/><Vertex X="24688" Y="14716" Z="0"/><Vertex X="24688" Y="14689" Z="0"/><Vertex X="24688" Y="14636" Z="0"/><Vertex X="24688" Y="14609" Z="0"/><Vertex X="24688" Y="14582" Z="0"/><Vertex X="24688" Y="14555" Z="0"/><Vertex X="24688" Y="14528" Z="0"/><Vertex X="24688" Y="14502" Z="0"/><Vertex X="24688" Y="14475" Z="0"/><Vertex X="24688" Y="14421" Z="0"/><Vertex X="24688" Y="14394" Z="0"/><Vertex X="24688" Y="14368" Z="0"/><Vertex X="24688" Y="14341" Z="0"/><Vertex X="24688" Y="14314" Z="0"/><Vertex X="24688" Y="14287" Z="0"/><Vertex X="24688" Y="14234" Z="0"/><Vertex X="24688" Y="14207" Z="0"/><Vertex X="24688" Y="14180" Z="0"/><Vertex X="24688" Y="14153" Z="0"/><Vertex X="24688" Y="14126" Z="0"/><Vertex X="24688" Y="14073" Z="0"/><Vertex X="24715" Y="14073" Z="0"/><Vertex X="24715" Y="14046" Z="0"/><Vertex X="24715" Y="14019" Z="0"/><Vertex X="24715" Y="13992" Z="0"/><Vertex X="24715" Y="13966" Z="0"/><Vertex X="24715" Y="13939" Z="0"/><Vertex X="24715" Y="13912" Z="0"/><Vertex X="24742" Y="13885" Z="0"/><Vertex X="24742" Y="13858" Z="0"/><Vertex X="24742" Y="13832" Z="0"/><Vertex X="24742" Y="13805" Z="0"/><Vertex X="24742" Y="13778" Z="0"/><Vertex X="24769" Y="13724" Z="0"/><Vertex X="24769" Y="13671" Z="0"/><Vertex X="24769" Y="13617" Z="0"/><Vertex X="24769" Y="13590" Z="0"/><Vertex X="24769" Y="13563" Z="0"/><Vertex X="24769" Y="13537" Z="0"/><Vertex X="24769" Y="13510" Z="0"/><Vertex X="24769" Y="13483" Z="0"/><Vertex X="24769" Y="13456" Z="0"/><Vertex X="24769" Y="13403" Z="0"/><Vertex X="24769" Y="13376" Z="0"/><Vertex X="24796" Y="13349" Z="0"/><Vertex X="24796" Y="13322" Z="0"/><Vertex X="24796" Y="13295" Z="0"/><Vertex X="24796" Y="13269" Z="0"/><Vertex X="24796" Y="13215" Z="0"/><Vertex X="24796" Y="13188" Z="0"/><Vertex X="24822" Y="13188" Z="0"/><Vertex X="24822" Y="13135" Z="0"/><Vertex X="24849" Y="13108" Z="0"/><Vertex X="24849" Y="13081" Z="0"/><Vertex X="24849" Y="13027" Z="0"/><Vertex X="24849" Y="13001" Z="0"/><Vertex X="24849" Y="12974" Z="0"/><Vertex X="24849" Y="12947" Z="0"/><Vertex X="24849" Y="12920" Z="0"/><Vertex X="24849" Y="12893" Z="0"/><Vertex X="24849" Y="12867" Z="0"/><Vertex X="24876" Y="12840" Z="0"/><Vertex X="24876" Y="12813" Z="0"/><Vertex X="24876" Y="12786" Z="0"/><Vertex X="24876" Y="12759" Z="0"/><Vertex X="24876" Y="12733" Z="0"/><Vertex X="24876" Y="12706" Z="0"/><Vertex X="24876" Y="12679" Z="0"/><Vertex X="24876" Y="12625" Z="0"/><Vertex X="24903" Y="12598" Z="0"/><Vertex X="24903" Y="12572" Z="0"/><Vertex X="24903" Y="12545" Z="0"/><Vertex X="24903" Y="12518" Z="0"/><Vertex X="24903" Y="12491" Z="0"/><Vertex X="24903" Y="12464" Z="0"/><Vertex X="24903" Y="12411" Z="0"/><Vertex X="24903" Y="12384" Z="0"/><Vertex X="24903" Y="12330" Z="0"/><Vertex X="24903" Y="12304" Z="0"/><Vertex X="24876" Y="12277" Z="0"/><Vertex X="24876" Y="12250" Z="0"/><Vertex X="24876" Y="12223" Z="0"/><Vertex X="24876" Y="12196" Z="0"/><Vertex X="24876" Y="12170" Z="0"/><Vertex X="24876" Y="12143" Z="0"/><Vertex X="24876" Y="12116" Z="0"/><Vertex X="24876" Y="12062" Z="0"/><Vertex X="24876" Y="12036" Z="0"/><Vertex X="24876" Y="12009" Z="0"/><Vertex X="24876" Y="11982" Z="0"/><Vertex X="24876" Y="11955" Z="0"/><Vertex X="24876" Y="11928" Z="0"/><Vertex X="24876" Y="11902" Z="0"/><Vertex X="24876" Y="11875" Z="0"/><Vertex X="24876" Y="11848" Z="0"/><Vertex X="24876" Y="11794" Z="0"/><Vertex X="24876" Y="11768" Z="0"/><Vertex X="24876" Y="11741" Z="0"/><Vertex X="24876" Y="11714" Z="0"/><Vertex X="24876" Y="11687" Z="0"/><Vertex X="24903" Y="11580" Z="0"/><Vertex X="24903" Y="11553" Z="0"/><Vertex X="24930" Y="11526" Z="0"/><Vertex X="24930" Y="11499" Z="0"/><Vertex X="24930" Y="11473" Z="0"/><Vertex X="24930" Y="11446" Z="0"/><Vertex X="24930" Y="11419" Z="0"/><Vertex X="24930" Y="11392" Z="0"/><Vertex X="24930" Y="11365" Z="0"/><Vertex X="24930" Y="11339" Z="0"/><Vertex X="24930" Y="11312" Z="0"/><Vertex X="24930" Y="11285" Z="0"/><Vertex X="24930" Y="11258" Z="0"/><Vertex X="24930" Y="11205" Z="0"/><Vertex X="24930" Y="11178" Z="0"/><Vertex X="24930" Y="11151" Z="0"/><Vertex X="24983" Y="11124" Z="0"/><Vertex X="24983" Y="11097" Z="0"/><Vertex X="24983" Y="11071" Z="0"/><Vertex X="24983" Y="11044" Z="0"/><Vertex X="24983" Y="10990" Z="0"/><Vertex X="25010" Y="10990" Z="0"/><Vertex X="25010" Y="10963" Z="0"/><Vertex X="25010" Y="10910" Z="0"/><Vertex X="25037" Y="10883" Z="0"/><Vertex X="25037" Y="10856" Z="0"/><Vertex X="25064" Y="10803" Z="0"/><Vertex X="25064" Y="10776" Z="0"/><Vertex X="25064" Y="10749" Z="0"/><Vertex X="25064" Y="10722" Z="0"/><Vertex X="25091" Y="10722" Z="0"/><Vertex X="25091" Y="10695" Z="0"/><Vertex X="25091" Y="10668" Z="0"/><Vertex X="25091" Y="10642" Z="0"/><Vertex X="25091" Y="10615" Z="0"/><Vertex X="25091" Y="10588" Z="0"/><Vertex X="25091" Y="10561" Z="0"/><Vertex X="25091" Y="10534" Z="0"/><Vertex X="25091" Y="10508" Z="0"/><Vertex X="25091" Y="10481" Z="0"/><Vertex X="25117" Y="10481" Z="0"/><Vertex X="25117" Y="10454" Z="0"/><Vertex X="25117" Y="10400" Z="0"/><Vertex X="25144" Y="10400" Z="0"/><Vertex X="25144" Y="10374" Z="0"/><Vertex X="25144" Y="10347" Z="0"/><Vertex X="25144" Y="10320" Z="0"/><Vertex X="25144" Y="10293" Z="0"/><Vertex X="25144" Y="10266" Z="0"/><Vertex X="25171" Y="10213" Z="0"/><Vertex X="25171" Y="10186" Z="0"/><Vertex X="25171" Y="10159" Z="0"/><Vertex X="25171" Y="10132" Z="0"/><Vertex X="25171" Y="10106" Z="0"/><Vertex X="25171" Y="10079" Z="0"/><Vertex X="25171" Y="10052" Z="0"/><Vertex X="25171" Y="10025" Z="0"/><Vertex X="25171" Y="9998" Z="0"/><Vertex X="25171" Y="9972" Z="0"/><Vertex X="25198" Y="9972" Z="0"/><Vertex X="25198" Y="9945" Z="0"/><Vertex X="25198" Y="9918" Z="0"/><Vertex X="25198" Y="9891" Z="0"/><Vertex X="25225" Y="9864" Z="0"/><Vertex X="25225" Y="9838" Z="0"/><Vertex X="25225" Y="9811" Z="0"/><Vertex X="25251" Y="9784" Z="0"/><Vertex X="25251" Y="9757" Z="0"/><Vertex X="25251" Y="9730" Z="0"/><Vertex X="25251" Y="9703" Z="0"/><Vertex X="25251" Y="9677" Z="0"/><Vertex X="25251" Y="9650" Z="0"/><Vertex X="25251" Y="9623" Z="0"/><Vertex X="25251" Y="9596" Z="0"/><Vertex X="25278" Y="9569" Z="0"/><Vertex X="25278" Y="9543" Z="0"/><Vertex X="25278" Y="9516" Z="0"/><Vertex X="25305" Y="9489" Z="0"/><Vertex X="25305" Y="9462" Z="0"/><Vertex X="25305" Y="9409" Z="0"/><Vertex X="25305" Y="9382" Z="0"/><Vertex X="25305" Y="9355" Z="0"/><Vertex X="25305" Y="9328" Z="0"/><Vertex X="25305" Y="9301" Z="0"/><Vertex X="25305" Y="9275" Z="0"/><Vertex X="25305" Y="9248" Z="0"/><Vertex X="25332" Y="9194" Z="0"/><Vertex X="25332" Y="9141" Z="0"/><Vertex X="25332" Y="9114" Z="0"/><Vertex X="25332" Y="9087" Z="0"/><Vertex X="25332" Y="9060" Z="0"/><Vertex X="25385" Y="9060" Z="0"/><Vertex X="25385" Y="9007" Z="0"/><Vertex X="25385" Y="8980" Z="0"/><Vertex X="25385" Y="8953" Z="0"/><Vertex X="25385" Y="8926" Z="0"/><Vertex X="25385" Y="8899" Z="0"/><Vertex X="25385" Y="8792" Z="0"/><Vertex X="25385" Y="8765" Z="0"/><Vertex X="25385" Y="8658" Z="0"/><Vertex X="25385" Y="8551" Z="0"/><Vertex X="25385" Y="8497" Z="0"/><Vertex X="25385" Y="8470" Z="0"/><Vertex X="25385" Y="8444" Z="0"/><Vertex X="25385" Y="8390" Z="0"/><Vertex X="25385" Y="8363" Z="0"/><Vertex X="25385" Y="8336" Z="0"/><Vertex X="25385" Y="8310" Z="0"/><Vertex X="25385" Y="8283" Z="0"/><Vertex X="25385" Y="8256" Z="0"/><Vertex X="25385" Y="8229" Z="0"/><Vertex X="25385" Y="8176" Z="0"/><Vertex X="25385" Y="8149" Z="0"/><Vertex X="25385" Y="8122" Z="0"/><Vertex X="25385" Y="8095" Z="0"/><Vertex X="25385" Y="8068" Z="0"/><Vertex X="25385" Y="8042" Z="0"/><Vertex X="25385" Y="7961" Z="0"/><Vertex X="25385" Y="7934" Z="0"/><Vertex X="25385" Y="7881" Z="0"/><Vertex X="25385" Y="7854" Z="0"/><Vertex X="25385" Y="7827" Z="0"/><Vertex X="25385" Y="7800" Z="0"/><Vertex X="25385" Y="7747" Z="0"/><Vertex X="25385" Y="7720" Z="0"/><Vertex X="25385" Y="7693" Z="0"/><Vertex X="25385" Y="7666" Z="0"/><Vertex X="25412" Y="7666" Z="0"/><Vertex X="25412" Y="7639" Z="0"/><Vertex X="25412" Y="7613" Z="0"/><Vertex X="25412" Y="7586" Z="0"/><Vertex X="25412" Y="7559" Z="0"/><Vertex X="25412" Y="7532" Z="0"/><Vertex X="25412" Y="7505" Z="0"/><Vertex X="25439" Y="7479" Z="0"/><Vertex X="25439" Y="7452" Z="0"/><Vertex X="25439" Y="7425" Z="0"/><Vertex X="25439" Y="7371" Z="0"/><Vertex X="25466" Y="7345" Z="0"/><Vertex X="25466" Y="7318" Z="0"/><Vertex X="25466" Y="7291" Z="0"/><Vertex X="25466" Y="7264" Z="0"/><Vertex X="25466" Y="7237" Z="0"/><Vertex X="25466" Y="7211" Z="0"/><Vertex X="25466" Y="7184" Z="0"/><Vertex X="25466" Y="7157" Z="0"/><Vertex X="25466" Y="7103" Z="0"/><Vertex X="25466" Y="7077" Z="0"/><Vertex X="25466" Y="7050" Z="0"/><Vertex X="25466" Y="6969" Z="0"/><Vertex X="25466" Y="6942" Z="0"/><Vertex X="25466" Y="6916" Z="0"/><Vertex X="25466" Y="6889" Z="0"/><Vertex X="25466" Y="6835" Z="0"/><Vertex X="25466" Y="6755" Z="0"/><Vertex X="25466" Y="6728" Z="0"/><Vertex X="25466" Y="6701" Z="0"/><Vertex X="25493" Y="6674" Z="0"/><Vertex X="25493" Y="6648" Z="0"/><Vertex X="25493" Y="6594" Z="0"/><Vertex X="25493" Y="6567" Z="0"/><Vertex X="25493" Y="6540" Z="0"/><Vertex X="25493" Y="6514" Z="0"/><Vertex X="25493" Y="6487" Z="0"/><Vertex X="25493" Y="6460" Z="0"/><Vertex X="25493" Y="6406" Z="0"/><Vertex X="25493" Y="6353" Z="0"/><Vertex X="25493" Y="6326" Z="0"/><Vertex X="25493" Y="6272" Z="0"/><Vertex X="25493" Y="6246" Z="0"/><Vertex X="25493" Y="6219" Z="0"/><Vertex X="25493" Y="6165" Z="0"/><Vertex X="25493" Y="6138" Z="0"/><Vertex X="25546" Y="6112" Z="0"/><Vertex X="25546" Y="6058" Z="0"/><Vertex X="25546" Y="5951" Z="0"/><Vertex X="25546" Y="5924" Z="0"/><Vertex X="25546" Y="5870" Z="0"/><Vertex X="25573" Y="5817" Z="0"/><Vertex X="25573" Y="5763" Z="0"/><Vertex X="25600" Y="5709" Z="0"/><Vertex X="25600" Y="5683" Z="0"/><Vertex X="25600" Y="5656" Z="0"/><Vertex X="25600" Y="5629" Z="0"/><Vertex X="25627" Y="5629" Z="0"/><Vertex X="25627" Y="5602" Z="0"/><Vertex X="25627" Y="5549" Z="0"/><Vertex X="25627" Y="5522" Z="0"/><Vertex X="25627" Y="5495" Z="0"/><Vertex X="25627" Y="5468" Z="0"/><Vertex X="25627" Y="5441" Z="0"/><Vertex X="25627" Y="5415" Z="0"/><Vertex X="25627" Y="5388" Z="0"/><Vertex X="25627" Y="5334" Z="0"/><Vertex X="25627" Y="5307" Z="0"/><Vertex X="25627" Y="5281" Z="0"/><Vertex X="25627" Y="5254" Z="0"/><Vertex X="25627" Y="5227" Z="0"/><Vertex X="25627" Y="5200" Z="0"/><Vertex X="25627" Y="5147" Z="0"/><Vertex X="25627" Y="5120" Z="0"/><Vertex X="25627" Y="5093" Z="0"/><Vertex X="25627" Y="5066" Z="0"/><Vertex X="25600" Y="5066" Z="0"/><Vertex X="25600" Y="5039" Z="0"/><Vertex X="25573" Y="5039" Z="0"/><Vertex X="25573" Y="5012" Z="0"/><Vertex X="25573" Y="4986" Z="0"/><Vertex X="25519" Y="4959" Z="0"/><Vertex X="25519" Y="4932" Z="0"/><Vertex X="25519" Y="4905" Z="0"/><Vertex X="25493" Y="4905" Z="0"/><Vertex X="25493" Y="4878" Z="0"/><Vertex X="25493" Y="4852" Z="0"/><Vertex X="25466" Y="4852" Z="0"/><Vertex X="25466" Y="4825" Z="0"/><Vertex X="25466" Y="4798" Z="0"/><Vertex X="25439" Y="4798" Z="0"/><Vertex X="25439" Y="4771" Z="0"/><Vertex X="25439" Y="4744" Z="0"/><Vertex X="25439" Y="4691" Z="0"/><Vertex X="25439" Y="4637" Z="0"/><Vertex X="25439" Y="4610" Z="0"/><Vertex X="25439" Y="4584" Z="0"/><Vertex X="25439" Y="4530" Z="0"/><Vertex X="25439" Y="4503" Z="0"/><Vertex X="25439" Y="4476" Z="0"/><Vertex X="25439" Y="4450" Z="0"/><Vertex X="25466" Y="4423" Z="0"/><Vertex X="25466" Y="4396" Z="0"/><Vertex X="25493" Y="4342" Z="0"/><Vertex X="25493" Y="4316" Z="0"/><Vertex X="25493" Y="4289" Z="0"/><Vertex X="25493" Y="4262" Z="0"/><Vertex X="25493" Y="4235" Z="0"/><Vertex X="25493" Y="4208" Z="0"/><Vertex X="25493" Y="4182" Z="0"/><Vertex X="25493" Y="4155" Z="0"/><Vertex X="25493" Y="4128" Z="0"/><Vertex X="25493" Y="4101" Z="0"/><Vertex X="25493" Y="4074" Z="0"/><Vertex X="25493" Y="4047" Z="0"/><Vertex X="25493" Y="4021" Z="0"/><Vertex X="25493" Y="3994" Z="0"/><Vertex X="25493" Y="3967" Z="0"/><Vertex X="25493" Y="3940" Z="0"/><Vertex X="25493" Y="3913" Z="0"/><Vertex X="25493" Y="3887" Z="0"/><Vertex X="25493" Y="3860" Z="0"/><Vertex X="25493" Y="3833" Z="0"/><Vertex X="25493" Y="3806" Z="0"/><Vertex X="25493" Y="3779" Z="0"/><Vertex X="25493" Y="3753" Z="0"/><Vertex X="25493" Y="3726" Z="0"/><Vertex X="25493" Y="3699" Z="0"/><Vertex X="25466" Y="3699" Z="0"/><Vertex X="25466" Y="3672" Z="0"/><Vertex X="25439" Y="3645" Z="0"/><Vertex X="25439" Y="3538" Z="0"/></Vertices></Region></Regions><Plots></Plots></Annotation></Annotations>
