<Annotations MicronsPerPixel="0.493400">
	<Annotation Id="1" Name="" ReadOnly="0" NameReadOnly="0" LineColorReadOnly="0" Incremental="0" Type="4" LineColor="65535" Visible="1" Selected="1" MarkupImagePath="" MacroName=""><Attributes></Attributes><Regions><RegionAttributeHeaders></RegionAttributeHeaders><Region Id="1" Type="0" Zoom="0.028900" Selected="0" ImageLocation="" ImageFocus="-1" Length="21732.8" Area="18267566.0" LengthMicrons="10723.0" AreaMicrons="4447121.4" Text="" NegativeROA="0" InputRegionId="0" Analyze="1" DisplayId="1"><Attributes></Attributes><Vertices><Vertex X="12077" Y="1868" Z="0"/><Vertex X="11488" Y="1834" Z="0"/><Vertex X="11212" Y="1834" Z="0"/><Vertex X="11142" Y="1834" Z="0"/><Vertex X="11038" Y="1834" Z="0"/><Vertex X="10935" Y="1834" Z="0"/><Vertex X="10865" Y="1834" Z="0"/><Vertex X="10796" Y="1834" Z="0"/><Vertex X="10692" Y="1834" Z="0"/><Vertex X="10623" Y="1903" Z="0"/><Vertex X="10554" Y="1903" Z="0"/><Vertex X="10519" Y="1972" Z="0"/><Vertex X="10416" Y="2042" Z="0"/><Vertex X="10346" Y="2145" Z="0"/><Vertex X="10346" Y="2215" Z="0"/><Vertex X="10277" Y="2284" Z="0"/><Vertex X="10277" Y="2353" Z="0"/><Vertex X="10277" Y="2457" Z="0"/><Vertex X="10277" Y="2491" Z="0"/><Vertex X="10277" Y="2561" Z="0"/><Vertex X="10277" Y="2664" Z="0"/><Vertex X="10277" Y="2699" Z="0"/><Vertex X="10277" Y="2768" Z="0"/><Vertex X="10312" Y="2872" Z="0"/><Vertex X="10312" Y="2907" Z="0"/><Vertex X="10312" Y="2976" Z="0"/><Vertex X="10381" Y="2976" Z="0"/><Vertex X="10381" Y="3010" Z="0"/><Vertex X="10381" Y="3080" Z="0"/><Vertex X="10416" Y="3080" Z="0"/><Vertex X="10416" Y="3149" Z="0"/><Vertex X="10485" Y="3253" Z="0"/><Vertex X="10485" Y="3287" Z="0"/><Vertex X="10554" Y="3287" Z="0"/><Vertex X="10554" Y="3391" Z="0"/><Vertex X="10589" Y="3460" Z="0"/><Vertex X="10658" Y="3495" Z="0"/><Vertex X="10658" Y="3564" Z="0"/><Vertex X="10727" Y="3633" Z="0"/><Vertex X="10762" Y="3633" Z="0"/><Vertex X="10762" Y="3668" Z="0"/><Vertex X="10831" Y="3668" Z="0"/><Vertex X="10900" Y="3737" Z="0"/><Vertex X="10935" Y="3737" Z="0"/><Vertex X="10935" Y="3806" Z="0"/><Vertex X="11004" Y="3806" Z="0"/><Vertex X="11073" Y="3806" Z="0"/><Vertex X="11073" Y="3841" Z="0"/><Vertex X="11108" Y="3841" Z="0"/><Vertex X="11177" Y="3910" Z="0"/><Vertex X="11246" Y="3910" Z="0"/><Vertex X="11246" Y="3945" Z="0"/><Vertex X="11281" Y="3945" Z="0"/><Vertex X="11281" Y="4014" Z="0"/><Vertex X="11385" Y="4014" Z="0"/><Vertex X="11385" Y="4083" Z="0"/><Vertex X="11488" Y="4083" Z="0"/><Vertex X="11558" Y="4187" Z="0"/><Vertex X="11661" Y="4221" Z="0"/><Vertex X="11765" Y="4291" Z="0"/><Vertex X="11869" Y="4360" Z="0"/><Vertex X="11904" Y="4360" Z="0"/><Vertex X="11904" Y="4429" Z="0"/><Vertex X="12007" Y="4429" Z="0"/><Vertex X="12111" Y="4429" Z="0"/><Vertex X="12180" Y="4429" Z="0"/><Vertex X="12284" Y="4429" Z="0"/><Vertex X="12388" Y="4498" Z="0"/><Vertex X="12492" Y="4498" Z="0"/><Vertex X="12561" Y="4498" Z="0"/><Vertex X="12665" Y="4498" Z="0"/><Vertex X="12769" Y="4498" Z="0"/><Vertex X="12872" Y="4498" Z="0"/><Vertex X="12907" Y="4498" Z="0"/><Vertex X="12976" Y="4498" Z="0"/><Vertex X="13045" Y="4498" Z="0"/><Vertex X="13080" Y="4498" Z="0"/><Vertex X="13149" Y="4498" Z="0"/><Vertex X="13184" Y="4498" Z="0"/><Vertex X="13253" Y="4498" Z="0"/><Vertex X="13322" Y="4498" Z="0"/><Vertex X="13391" Y="4498" Z="0"/><Vertex X="13495" Y="4498" Z="0"/><Vertex X="13599" Y="4498" Z="0"/><Vertex X="13668" Y="4498" Z="0"/><Vertex X="13737" Y="4533" Z="0"/><Vertex X="13807" Y="4533" Z="0"/><Vertex X="13876" Y="4602" Z="0"/><Vertex X="13945" Y="4602" Z="0"/><Vertex X="14049" Y="4671" Z="0"/><Vertex X="14153" Y="4671" Z="0"/><Vertex X="14153" Y="4741" Z="0"/><Vertex X="14222" Y="4741" Z="0"/><Vertex X="14326" Y="4810" Z="0"/><Vertex X="14395" Y="4810" Z="0"/><Vertex X="14430" Y="4844" Z="0"/><Vertex X="14499" Y="4844" Z="0"/><Vertex X="14568" Y="4914" Z="0"/><Vertex X="14603" Y="4914" Z="0"/><Vertex X="14672" Y="4983" Z="0"/><Vertex X="14741" Y="4983" Z="0"/><Vertex X="14810" Y="5052" Z="0"/><Vertex X="14845" Y="5052" Z="0"/><Vertex X="14914" Y="5052" Z="0"/><Vertex X="14914" Y="5087" Z="0"/><Vertex X="14949" Y="5087" Z="0"/><Vertex X="15018" Y="5087" Z="0"/><Vertex X="15087" Y="5156" Z="0"/><Vertex X="15122" Y="5156" Z="0"/><Vertex X="15225" Y="5156" Z="0"/><Vertex X="15225" Y="5225" Z="0"/><Vertex X="15295" Y="5225" Z="0"/><Vertex X="15329" Y="5225" Z="0"/><Vertex X="15398" Y="5294" Z="0"/><Vertex X="15468" Y="5294" Z="0"/><Vertex X="15502" Y="5294" Z="0"/><Vertex X="15571" Y="5294" Z="0"/><Vertex X="15641" Y="5329" Z="0"/><Vertex X="15675" Y="5329" Z="0"/><Vertex X="15744" Y="5329" Z="0"/><Vertex X="15779" Y="5329" Z="0"/><Vertex X="15848" Y="5329" Z="0"/><Vertex X="15917" Y="5329" Z="0"/><Vertex X="15952" Y="5329" Z="0"/><Vertex X="16021" Y="5329" Z="0"/><Vertex X="16056" Y="5329" Z="0"/><Vertex X="16125" Y="5398" Z="0"/><Vertex X="16194" Y="5398" Z="0"/><Vertex X="16229" Y="5398" Z="0"/><Vertex X="16298" Y="5398" Z="0"/><Vertex X="16367" Y="5398" Z="0"/><Vertex X="16402" Y="5398" Z="0"/><Vertex X="16471" Y="5398" Z="0"/><Vertex X="16471" Y="5467" Z="0"/><Vertex X="16506" Y="5467" Z="0"/><Vertex X="16575" Y="5467" Z="0"/><Vertex X="16644" Y="5467" Z="0"/><Vertex X="16644" Y="5502" Z="0"/><Vertex X="16679" Y="5502" Z="0"/><Vertex X="16748" Y="5502" Z="0"/><Vertex X="16783" Y="5502" Z="0"/><Vertex X="16886" Y="5502" Z="0"/><Vertex X="16886" Y="5571" Z="0"/><Vertex X="16956" Y="5571" Z="0"/><Vertex X="16990" Y="5571" Z="0"/><Vertex X="17059" Y="5571" Z="0"/><Vertex X="17094" Y="5571" Z="0"/><Vertex X="17163" Y="5571" Z="0"/><Vertex X="17232" Y="5571" Z="0"/><Vertex X="17267" Y="5571" Z="0"/><Vertex X="17336" Y="5571" Z="0"/><Vertex X="17371" Y="5571" Z="0"/><Vertex X="17440" Y="5571" Z="0"/><Vertex X="17509" Y="5571" Z="0"/><Vertex X="17544" Y="5571" Z="0"/><Vertex X="17613" Y="5571" Z="0"/><Vertex X="17648" Y="5571" Z="0"/><Vertex X="17717" Y="5571" Z="0"/><Vertex X="17821" Y="5571" Z="0"/><Vertex X="17855" Y="5571" Z="0"/><Vertex X="17924" Y="5571" Z="0"/><Vertex X="17959" Y="5571" Z="0"/><Vertex X="17959" Y="5536" Z="0"/><Vertex X="18028" Y="5536" Z="0"/><Vertex X="18028" Y="5502" Z="0"/><Vertex X="18097" Y="5502" Z="0"/><Vertex X="18097" Y="5433" Z="0"/><Vertex X="18097" Y="5363" Z="0"/><Vertex X="18132" Y="5363" Z="0"/><Vertex X="18132" Y="5329" Z="0"/><Vertex X="18132" Y="5260" Z="0"/><Vertex X="18132" Y="5190" Z="0"/><Vertex X="18132" Y="5121" Z="0"/><Vertex X="18201" Y="5017" Z="0"/><Vertex X="18201" Y="4983" Z="0"/><Vertex X="18201" Y="4914" Z="0"/><Vertex X="18201" Y="4844" Z="0"/><Vertex X="18201" Y="4775" Z="0"/><Vertex X="18201" Y="4671" Z="0"/><Vertex X="18167" Y="4568" Z="0"/><Vertex X="18167" Y="4498" Z="0"/><Vertex X="18167" Y="4394" Z="0"/><Vertex X="18167" Y="4291" Z="0"/><Vertex X="18167" Y="4221" Z="0"/><Vertex X="18167" Y="4152" Z="0"/><Vertex X="18132" Y="4152" Z="0"/><Vertex X="18132" Y="4048" Z="0"/><Vertex X="18132" Y="3979" Z="0"/><Vertex X="18063" Y="3875" Z="0"/><Vertex X="18063" Y="3806" Z="0"/><Vertex X="17994" Y="3737" Z="0"/><Vertex X="17924" Y="3702" Z="0"/><Vertex X="17855" Y="3633" Z="0"/><Vertex X="17821" Y="3564" Z="0"/><Vertex X="17751" Y="3495" Z="0"/><Vertex X="17648" Y="3495" Z="0"/><Vertex X="17648" Y="3460" Z="0"/><Vertex X="17578" Y="3460" Z="0"/><Vertex X="17509" Y="3391" Z="0"/><Vertex X="17440" Y="3391" Z="0"/><Vertex X="17405" Y="3391" Z="0"/><Vertex X="17336" Y="3322" Z="0"/><Vertex X="17267" Y="3322" Z="0"/><Vertex X="17232" Y="3322" Z="0"/><Vertex X="17163" Y="3322" Z="0"/><Vertex X="17094" Y="3322" Z="0"/><Vertex X="17059" Y="3253" Z="0"/><Vertex X="16990" Y="3253" Z="0"/><Vertex X="16921" Y="3253" Z="0"/><Vertex X="16852" Y="3253" Z="0"/><Vertex X="16852" Y="3218" Z="0"/><Vertex X="16748" Y="3218" Z="0"/><Vertex X="16679" Y="3218" Z="0"/><Vertex X="16679" Y="3149" Z="0"/><Vertex X="16644" Y="3149" Z="0"/><Vertex X="16575" Y="3149" Z="0"/><Vertex X="16575" Y="3114" Z="0"/><Vertex X="16540" Y="3114" Z="0"/><Vertex X="16471" Y="3045" Z="0"/><Vertex X="16367" Y="3045" Z="0"/><Vertex X="16367" Y="2976" Z="0"/><Vertex X="16333" Y="2976" Z="0"/><Vertex X="16263" Y="2976" Z="0"/><Vertex X="16263" Y="2941" Z="0"/><Vertex X="16194" Y="2941" Z="0"/><Vertex X="16160" Y="2872" Z="0"/><Vertex X="16090" Y="2872" Z="0"/><Vertex X="16021" Y="2803" Z="0"/><Vertex X="15952" Y="2803" Z="0"/><Vertex X="15848" Y="2734" Z="0"/><Vertex X="15744" Y="2734" Z="0"/><Vertex X="15744" Y="2699" Z="0"/><Vertex X="15641" Y="2699" Z="0"/><Vertex X="15571" Y="2699" Z="0"/><Vertex X="15502" Y="2699" Z="0"/><Vertex X="15398" Y="2630" Z="0"/><Vertex X="15329" Y="2630" Z="0"/><Vertex X="15260" Y="2630" Z="0"/><Vertex X="15156" Y="2630" Z="0"/><Vertex X="15018" Y="2630" Z="0"/><Vertex X="14879" Y="2561" Z="0"/><Vertex X="14810" Y="2561" Z="0"/><Vertex X="14706" Y="2561" Z="0"/><Vertex X="14603" Y="2561" Z="0"/><Vertex X="14603" Y="2491" Z="0"/><Vertex X="14568" Y="2491" Z="0"/><Vertex X="14499" Y="2491" Z="0"/><Vertex X="14430" Y="2422" Z="0"/><Vertex X="14395" Y="2422" Z="0"/><Vertex X="14326" Y="2422" Z="0"/><Vertex X="14326" Y="2388" Z="0"/><Vertex X="14257" Y="2388" Z="0"/><Vertex X="14222" Y="2388" Z="0"/><Vertex X="14153" Y="2318" Z="0"/><Vertex X="14084" Y="2318" Z="0"/><Vertex X="14049" Y="2318" Z="0"/><Vertex X="14049" Y="2249" Z="0"/><Vertex X="13980" Y="2249" Z="0"/><Vertex X="13945" Y="2249" Z="0"/><Vertex X="13876" Y="2215" Z="0"/><Vertex X="13807" Y="2215" Z="0"/><Vertex X="13772" Y="2145" Z="0"/><Vertex X="13703" Y="2145" Z="0"/><Vertex X="13634" Y="2076" Z="0"/><Vertex X="13599" Y="2076" Z="0"/><Vertex X="13530" Y="2007" Z="0"/><Vertex X="13461" Y="2007" Z="0"/><Vertex X="13391" Y="1972" Z="0"/><Vertex X="13357" Y="1972" Z="0"/><Vertex X="13288" Y="1972" Z="0"/><Vertex X="13288" Y="1903" Z="0"/><Vertex X="13218" Y="1903" Z="0"/><Vertex X="13115" Y="1903" Z="0"/><Vertex X="13045" Y="1834" Z="0"/><Vertex X="12976" Y="1834" Z="0"/><Vertex X="12872" Y="1834" Z="0"/><Vertex X="12872" Y="1799" Z="0"/><Vertex X="12769" Y="1799" Z="0"/><Vertex X="12699" Y="1799" Z="0"/><Vertex X="12630" Y="1799" Z="0"/><Vertex X="12526" Y="1799" Z="0"/><Vertex X="12457" Y="1799" Z="0"/><Vertex X="12388" Y="1799" Z="0"/><Vertex X="12284" Y="1799" Z="0"/><Vertex X="12215" Y="1799" Z="0"/><Vertex X="12146" Y="1799" Z="0"/><Vertex X="12042" Y="1799" Z="0"/><Vertex X="11973" Y="1834" Z="0"/><Vertex X="11904" Y="1834" Z="0"/><Vertex X="11904" Y="1765" Z="0"/><Vertex X="12077" Y="1868" Z="0"/></Vertices></Region><Region Id="2" Type="0" Zoom="0.032424" Selected="0" ImageLocation="" ImageFocus="-1" Length="18818.8" Area="11728544.0" LengthMicrons="9285.2" AreaMicrons="2855238.6" Text="" NegativeROA="0" InputRegionId="0" Analyze="1" DisplayId="2"><Attributes></Attributes><Vertices><Vertex X="5490" Y="21712" Z="0"/><Vertex X="5397" Y="21712" Z="0"/><Vertex X="5335" Y="21712" Z="0"/><Vertex X="5305" Y="21712" Z="0"/><Vertex X="5243" Y="21712" Z="0"/><Vertex X="5212" Y="21712" Z="0"/><Vertex X="5150" Y="21712" Z="0"/><Vertex X="5150" Y="21743" Z="0"/><Vertex X="5089" Y="21743" Z="0"/><Vertex X="5058" Y="21743" Z="0"/><Vertex X="4965" Y="21774" Z="0"/><Vertex X="4904" Y="21774" Z="0"/><Vertex X="4904" Y="21836" Z="0"/><Vertex X="4873" Y="21836" Z="0"/><Vertex X="4873" Y="21897" Z="0"/><Vertex X="4811" Y="21897" Z="0"/><Vertex X="4811" Y="21928" Z="0"/><Vertex X="4811" Y="21990" Z="0"/><Vertex X="4780" Y="21990" Z="0"/><Vertex X="4780" Y="22021" Z="0"/><Vertex X="4719" Y="22082" Z="0"/><Vertex X="4719" Y="22144" Z="0"/><Vertex X="4719" Y="22175" Z="0"/><Vertex X="4719" Y="22268" Z="0"/><Vertex X="4719" Y="22329" Z="0"/><Vertex X="4719" Y="22360" Z="0"/><Vertex X="4719" Y="22422" Z="0"/><Vertex X="4719" Y="22453" Z="0"/><Vertex X="4719" Y="22514" Z="0"/><Vertex X="4719" Y="22576" Z="0"/><Vertex X="4719" Y="22607" Z="0"/><Vertex X="4719" Y="22668" Z="0"/><Vertex X="4719" Y="22699" Z="0"/><Vertex X="4719" Y="22761" Z="0"/><Vertex X="4719" Y="22823" Z="0"/><Vertex X="4719" Y="22854" Z="0"/><Vertex X="4719" Y="22915" Z="0"/><Vertex X="4719" Y="22946" Z="0"/><Vertex X="4719" Y="23008" Z="0"/><Vertex X="4780" Y="23069" Z="0"/><Vertex X="4780" Y="23100" Z="0"/><Vertex X="4842" Y="23100" Z="0"/><Vertex X="4842" Y="23162" Z="0"/><Vertex X="4904" Y="23224" Z="0"/><Vertex X="4904" Y="23254" Z="0"/><Vertex X="4934" Y="23254" Z="0"/><Vertex X="4934" Y="23316" Z="0"/><Vertex X="4996" Y="23316" Z="0"/><Vertex X="4996" Y="23378" Z="0"/><Vertex X="5027" Y="23378" Z="0"/><Vertex X="5089" Y="23378" Z="0"/><Vertex X="5089" Y="23409" Z="0"/><Vertex X="5150" Y="23409" Z="0"/><Vertex X="5181" Y="23409" Z="0"/><Vertex X="5181" Y="23470" Z="0"/><Vertex X="5243" Y="23470" Z="0"/><Vertex X="5305" Y="23532" Z="0"/><Vertex X="5335" Y="23532" Z="0"/><Vertex X="5335" Y="23563" Z="0"/><Vertex X="5397" Y="23563" Z="0"/><Vertex X="5459" Y="23625" Z="0"/><Vertex X="5490" Y="23625" Z="0"/><Vertex X="5551" Y="23625" Z="0"/><Vertex X="5551" Y="23686" Z="0"/><Vertex X="5582" Y="23686" Z="0"/><Vertex X="5644" Y="23686" Z="0"/><Vertex X="5644" Y="23717" Z="0"/><Vertex X="5706" Y="23717" Z="0"/><Vertex X="5736" Y="23717" Z="0"/><Vertex X="5798" Y="23779" Z="0"/><Vertex X="5860" Y="23779" Z="0"/><Vertex X="5891" Y="23779" Z="0"/><Vertex X="5891" Y="23840" Z="0"/><Vertex X="5952" Y="23840" Z="0"/><Vertex X="5952" Y="23871" Z="0"/><Vertex X="5983" Y="23871" Z="0"/><Vertex X="6045" Y="23871" Z="0"/><Vertex X="6045" Y="23933" Z="0"/><Vertex X="6106" Y="23933" Z="0"/><Vertex X="6106" Y="23964" Z="0"/><Vertex X="6137" Y="23964" Z="0"/><Vertex X="6199" Y="23964" Z="0"/><Vertex X="6230" Y="23964" Z="0"/><Vertex X="6292" Y="23964" Z="0"/><Vertex X="6292" Y="24025" Z="0"/><Vertex X="6353" Y="24025" Z="0"/><Vertex X="6384" Y="24025" Z="0"/><Vertex X="6446" Y="24025" Z="0"/><Vertex X="6477" Y="24025" Z="0"/><Vertex X="6477" Y="24087" Z="0"/><Vertex X="6538" Y="24087" Z="0"/><Vertex X="6600" Y="24087" Z="0"/><Vertex X="6631" Y="24087" Z="0"/><Vertex X="6692" Y="24087" Z="0"/><Vertex X="6692" Y="24118" Z="0"/><Vertex X="6723" Y="24118" Z="0"/><Vertex X="6785" Y="24118" Z="0"/><Vertex X="6847" Y="24118" Z="0"/><Vertex X="6878" Y="24118" Z="0"/><Vertex X="6939" Y="24118" Z="0"/><Vertex X="6970" Y="24118" Z="0"/><Vertex X="7032" Y="24118" Z="0"/><Vertex X="7093" Y="24118" Z="0"/><Vertex X="7124" Y="24118" Z="0"/><Vertex X="7186" Y="24118" Z="0"/><Vertex X="7217" Y="24118" Z="0"/><Vertex X="7278" Y="24118" Z="0"/><Vertex X="7340" Y="24118" Z="0"/><Vertex X="7371" Y="24118" Z="0"/><Vertex X="7464" Y="24118" Z="0"/><Vertex X="7494" Y="24118" Z="0"/><Vertex X="7556" Y="24118" Z="0"/><Vertex X="7618" Y="24180" Z="0"/><Vertex X="7649" Y="24180" Z="0"/><Vertex X="7710" Y="24241" Z="0"/><Vertex X="7803" Y="24241" Z="0"/><Vertex X="7864" Y="24303" Z="0"/><Vertex X="7895" Y="24303" Z="0"/><Vertex X="7957" Y="24334" Z="0"/><Vertex X="8019" Y="24334" Z="0"/><Vertex X="8050" Y="24334" Z="0"/><Vertex X="8050" Y="24396" Z="0"/><Vertex X="8111" Y="24396" Z="0"/><Vertex X="8111" Y="24426" Z="0"/><Vertex X="8142" Y="24426" Z="0"/><Vertex X="8204" Y="24426" Z="0"/><Vertex X="8204" Y="24488" Z="0"/><Vertex X="8265" Y="24488" Z="0"/><Vertex X="8265" Y="24550" Z="0"/><Vertex X="8296" Y="24550" Z="0"/><Vertex X="8358" Y="24550" Z="0"/><Vertex X="8358" Y="24581" Z="0"/><Vertex X="8389" Y="24581" Z="0"/><Vertex X="8450" Y="24642" Z="0"/><Vertex X="8512" Y="24642" Z="0"/><Vertex X="8543" Y="24642" Z="0"/><Vertex X="8543" Y="24704" Z="0"/><Vertex X="8605" Y="24704" Z="0"/><Vertex X="8666" Y="24704" Z="0"/><Vertex X="8728" Y="24704" Z="0"/><Vertex X="8728" Y="24735" Z="0"/><Vertex X="8790" Y="24735" Z="0"/><Vertex X="8821" Y="24735" Z="0"/><Vertex X="8882" Y="24735" Z="0"/><Vertex X="8944" Y="24735" Z="0"/><Vertex X="8975" Y="24735" Z="0"/><Vertex X="8975" Y="24797" Z="0"/><Vertex X="9036" Y="24797" Z="0"/><Vertex X="9067" Y="24797" Z="0"/><Vertex X="9129" Y="24797" Z="0"/><Vertex X="9191" Y="24797" Z="0"/><Vertex X="9221" Y="24797" Z="0"/><Vertex X="9221" Y="24827" Z="0"/><Vertex X="9283" Y="24827" Z="0"/><Vertex X="9314" Y="24827" Z="0"/><Vertex X="9376" Y="24827" Z="0"/><Vertex X="9437" Y="24827" Z="0"/><Vertex X="9437" Y="24889" Z="0"/><Vertex X="9468" Y="24889" Z="0"/><Vertex X="9530" Y="24889" Z="0"/><Vertex X="9561" Y="24889" Z="0"/><Vertex X="9622" Y="24889" Z="0"/><Vertex X="9684" Y="24889" Z="0"/><Vertex X="9715" Y="24889" Z="0"/><Vertex X="9715" Y="24951" Z="0"/><Vertex X="9777" Y="24951" Z="0"/><Vertex X="9807" Y="24951" Z="0"/><Vertex X="9869" Y="24951" Z="0"/><Vertex X="9931" Y="24951" Z="0"/><Vertex X="9931" Y="24982" Z="0"/><Vertex X="9962" Y="24982" Z="0"/><Vertex X="10023" Y="24982" Z="0"/><Vertex X="10054" Y="24982" Z="0"/><Vertex X="10116" Y="24982" Z="0"/><Vertex X="10116" Y="25043" Z="0"/><Vertex X="10178" Y="25043" Z="0"/><Vertex X="10208" Y="25043" Z="0"/><Vertex X="10270" Y="25043" Z="0"/><Vertex X="10301" Y="25043" Z="0"/><Vertex X="10363" Y="25043" Z="0"/><Vertex X="10424" Y="25043" Z="0"/><Vertex X="10455" Y="25043" Z="0"/><Vertex X="10517" Y="25043" Z="0"/><Vertex X="10548" Y="25043" Z="0"/><Vertex X="10609" Y="25043" Z="0"/><Vertex X="10702" Y="25043" Z="0"/><Vertex X="10733" Y="25043" Z="0"/><Vertex X="10794" Y="25043" Z="0"/><Vertex X="10856" Y="25043" Z="0"/><Vertex X="10887" Y="25043" Z="0"/><Vertex X="10949" Y="25043" Z="0"/><Vertex X="10979" Y="25043" Z="0"/><Vertex X="11041" Y="25043" Z="0"/><Vertex X="11041" Y="25012" Z="0"/><Vertex X="11103" Y="25012" Z="0"/><Vertex X="11103" Y="24982" Z="0"/><Vertex X="11134" Y="24982" Z="0"/><Vertex X="11134" Y="24920" Z="0"/><Vertex X="11195" Y="24920" Z="0"/><Vertex X="11195" Y="24858" Z="0"/><Vertex X="11195" Y="24827" Z="0"/><Vertex X="11195" Y="24766" Z="0"/><Vertex X="11195" Y="24735" Z="0"/><Vertex X="11195" Y="24673" Z="0"/><Vertex X="11195" Y="24611" Z="0"/><Vertex X="11195" Y="24550" Z="0"/><Vertex X="11195" Y="24488" Z="0"/><Vertex X="11195" Y="24457" Z="0"/><Vertex X="11195" Y="24396" Z="0"/><Vertex X="11195" Y="24334" Z="0"/><Vertex X="11195" Y="24303" Z="0"/><Vertex X="11165" Y="24241" Z="0"/><Vertex X="11165" Y="24180" Z="0"/><Vertex X="11165" Y="24149" Z="0"/><Vertex X="11103" Y="24149" Z="0"/><Vertex X="11103" Y="24087" Z="0"/><Vertex X="11103" Y="24056" Z="0"/><Vertex X="11072" Y="24056" Z="0"/><Vertex X="11072" Y="23995" Z="0"/><Vertex X="11072" Y="23933" Z="0"/><Vertex X="11010" Y="23933" Z="0"/><Vertex X="11010" Y="23902" Z="0"/><Vertex X="10979" Y="23902" Z="0"/><Vertex X="10979" Y="23840" Z="0"/><Vertex X="10918" Y="23840" Z="0"/><Vertex X="10918" Y="23810" Z="0"/><Vertex X="10856" Y="23810" Z="0"/><Vertex X="10856" Y="23748" Z="0"/><Vertex X="10825" Y="23748" Z="0"/><Vertex X="10825" Y="23686" Z="0"/><Vertex X="10764" Y="23686" Z="0"/><Vertex X="10764" Y="23655" Z="0"/><Vertex X="10733" Y="23655" Z="0"/><Vertex X="10671" Y="23594" Z="0"/><Vertex X="10609" Y="23532" Z="0"/><Vertex X="10548" Y="23532" Z="0"/><Vertex X="10548" Y="23501" Z="0"/><Vertex X="10517" Y="23501" Z="0"/><Vertex X="10455" Y="23440" Z="0"/><Vertex X="10393" Y="23440" Z="0"/><Vertex X="10393" Y="23378" Z="0"/><Vertex X="10363" Y="23378" Z="0"/><Vertex X="10270" Y="23378" Z="0"/><Vertex X="10270" Y="23347" Z="0"/><Vertex X="10239" Y="23347" Z="0"/><Vertex X="10178" Y="23347" Z="0"/><Vertex X="10116" Y="23285" Z="0"/><Vertex X="10085" Y="23285" Z="0"/><Vertex X="10023" Y="23285" Z="0"/><Vertex X="10023" Y="23224" Z="0"/><Vertex X="9962" Y="23224" Z="0"/><Vertex X="9931" Y="23224" Z="0"/><Vertex X="9931" Y="23193" Z="0"/><Vertex X="9869" Y="23193" Z="0"/><Vertex X="9838" Y="23193" Z="0"/><Vertex X="9838" Y="23131" Z="0"/><Vertex X="9777" Y="23131" Z="0"/><Vertex X="9715" Y="23069" Z="0"/><Vertex X="9684" Y="23069" Z="0"/><Vertex X="9684" Y="23039" Z="0"/><Vertex X="9622" Y="23039" Z="0"/><Vertex X="9561" Y="23039" Z="0"/><Vertex X="9561" Y="22977" Z="0"/><Vertex X="9530" Y="22977" Z="0"/><Vertex X="9468" Y="22915" Z="0"/><Vertex X="9407" Y="22915" Z="0"/><Vertex X="9407" Y="22884" Z="0"/><Vertex X="9376" Y="22884" Z="0"/><Vertex X="9314" Y="22884" Z="0"/><Vertex X="9252" Y="22823" Z="0"/><Vertex X="9221" Y="22823" Z="0"/><Vertex X="9160" Y="22823" Z="0"/><Vertex X="9160" Y="22761" Z="0"/><Vertex X="9098" Y="22761" Z="0"/><Vertex X="9036" Y="22761" Z="0"/><Vertex X="8975" Y="22761" Z="0"/><Vertex X="8944" Y="22761" Z="0"/><Vertex X="8944" Y="22730" Z="0"/><Vertex X="8882" Y="22730" Z="0"/><Vertex X="8851" Y="22730" Z="0"/><Vertex X="8759" Y="22730" Z="0"/><Vertex X="8697" Y="22668" Z="0"/><Vertex X="8635" Y="22668" Z="0"/><Vertex X="8574" Y="22668" Z="0"/><Vertex X="8512" Y="22607" Z="0"/><Vertex X="8481" Y="22607" Z="0"/><Vertex X="8420" Y="22607" Z="0"/><Vertex X="8358" Y="22607" Z="0"/><Vertex X="8358" Y="22576" Z="0"/><Vertex X="8327" Y="22576" Z="0"/><Vertex X="8265" Y="22576" Z="0"/><Vertex X="8235" Y="22576" Z="0"/><Vertex X="8235" Y="22514" Z="0"/><Vertex X="8173" Y="22514" Z="0"/><Vertex X="8111" Y="22514" Z="0"/><Vertex X="8080" Y="22453" Z="0"/><Vertex X="8019" Y="22453" Z="0"/><Vertex X="7957" Y="22453" Z="0"/><Vertex X="7957" Y="22422" Z="0"/><Vertex X="7926" Y="22422" Z="0"/><Vertex X="7864" Y="22422" Z="0"/><Vertex X="7834" Y="22422" Z="0"/><Vertex X="7772" Y="22422" Z="0"/><Vertex X="7710" Y="22360" Z="0"/><Vertex X="7679" Y="22360" Z="0"/><Vertex X="7618" Y="22360" Z="0"/><Vertex X="7587" Y="22360" Z="0"/><Vertex X="7525" Y="22360" Z="0"/><Vertex X="7464" Y="22360" Z="0"/><Vertex X="7433" Y="22298" Z="0"/><Vertex X="7371" Y="22298" Z="0"/><Vertex X="7309" Y="22298" Z="0"/><Vertex X="7278" Y="22298" Z="0"/><Vertex X="7217" Y="22298" Z="0"/><Vertex X="7186" Y="22268" Z="0"/><Vertex X="7124" Y="22268" Z="0"/><Vertex X="7063" Y="22268" Z="0"/><Vertex X="7032" Y="22268" Z="0"/><Vertex X="7032" Y="22206" Z="0"/><Vertex X="6970" Y="22206" Z="0"/><Vertex X="6939" Y="22206" Z="0"/><Vertex X="6878" Y="22206" Z="0"/><Vertex X="6816" Y="22206" Z="0"/><Vertex X="6785" Y="22206" Z="0"/><Vertex X="6723" Y="22144" Z="0"/><Vertex X="6662" Y="22144" Z="0"/><Vertex X="6631" Y="22144" Z="0"/><Vertex X="6631" Y="22113" Z="0"/><Vertex X="6569" Y="22113" Z="0"/><Vertex X="6538" Y="22113" Z="0"/><Vertex X="6538" Y="22052" Z="0"/><Vertex X="6477" Y="22052" Z="0"/><Vertex X="6415" Y="21990" Z="0"/><Vertex X="6384" Y="21990" Z="0"/><Vertex X="6384" Y="21959" Z="0"/><Vertex X="6322" Y="21959" Z="0"/><Vertex X="6261" Y="21897" Z="0"/><Vertex X="6199" Y="21836" Z="0"/><Vertex X="6168" Y="21836" Z="0"/><Vertex X="6168" Y="21805" Z="0"/><Vertex X="6106" Y="21805" Z="0"/><Vertex X="6045" Y="21743" Z="0"/><Vertex X="6014" Y="21743" Z="0"/><Vertex X="5952" Y="21743" Z="0"/><Vertex X="5952" Y="21682" Z="0"/><Vertex X="5921" Y="21682" Z="0"/><Vertex X="5860" Y="21682" Z="0"/><Vertex X="5860" Y="21651" Z="0"/><Vertex X="5798" Y="21651" Z="0"/><Vertex X="5767" Y="21651" Z="0"/><Vertex X="5706" Y="21651" Z="0"/><Vertex X="5675" Y="21651" Z="0"/><Vertex X="5613" Y="21651" Z="0"/><Vertex X="5520" Y="21651" Z="0"/><Vertex X="5490" Y="21651" Z="0"/><Vertex X="5490" Y="21589" Z="0"/><Vertex X="5490" Y="21712" Z="0"/></Vertices></Region><Region Id="3" Type="0" Zoom="0.117002" Selected="0" ImageLocation="" ImageFocus="-1" Length="17735.8" Area="12470155.5" LengthMicrons="8750.9" AreaMicrons="3035779.1" Text="" NegativeROA="0" InputRegionId="0" Analyze="1" DisplayId="3"><Attributes></Attributes><Vertices><Vertex X="4419" Y="16393" Z="0"/><Vertex X="4419" Y="16410" Z="0"/><Vertex X="4410" Y="16410" Z="0"/><Vertex X="4410" Y="16419" Z="0"/><Vertex X="4385" Y="16419" Z="0"/><Vertex X="4359" Y="16436" Z="0"/><Vertex X="4342" Y="16436" Z="0"/><Vertex X="4333" Y="16453" Z="0"/><Vertex X="4316" Y="16453" Z="0"/><Vertex X="4299" Y="16470" Z="0"/><Vertex X="4273" Y="16487" Z="0"/><Vertex X="4239" Y="16504" Z="0"/><Vertex X="4214" Y="16513" Z="0"/><Vertex X="4162" Y="16573" Z="0"/><Vertex X="4137" Y="16624" Z="0"/><Vertex X="4111" Y="16658" Z="0"/><Vertex X="4103" Y="16701" Z="0"/><Vertex X="4085" Y="16735" Z="0"/><Vertex X="4085" Y="16752" Z="0"/><Vertex X="4051" Y="16829" Z="0"/><Vertex X="4017" Y="16872" Z="0"/><Vertex X="3983" Y="16906" Z="0"/><Vertex X="3940" Y="16940" Z="0"/><Vertex X="3906" Y="16975" Z="0"/><Vertex X="3889" Y="17009" Z="0"/><Vertex X="3863" Y="17034" Z="0"/><Vertex X="3863" Y="17043" Z="0"/><Vertex X="3846" Y="17086" Z="0"/><Vertex X="3829" Y="17103" Z="0"/><Vertex X="3829" Y="17128" Z="0"/><Vertex X="3812" Y="17154" Z="0"/><Vertex X="3812" Y="17180" Z="0"/><Vertex X="3812" Y="17188" Z="0"/><Vertex X="3795" Y="17214" Z="0"/><Vertex X="3795" Y="17231" Z="0"/><Vertex X="3795" Y="17248" Z="0"/><Vertex X="3795" Y="17274" Z="0"/><Vertex X="3795" Y="17299" Z="0"/><Vertex X="3778" Y="17316" Z="0"/><Vertex X="3778" Y="17342" Z="0"/><Vertex X="3778" Y="17368" Z="0"/><Vertex X="3778" Y="17385" Z="0"/><Vertex X="3778" Y="17410" Z="0"/><Vertex X="3761" Y="17436" Z="0"/><Vertex X="3761" Y="17462" Z="0"/><Vertex X="3761" Y="17479" Z="0"/><Vertex X="3761" Y="17496" Z="0"/><Vertex X="3744" Y="17513" Z="0"/><Vertex X="3744" Y="17522" Z="0"/><Vertex X="3744" Y="17547" Z="0"/><Vertex X="3744" Y="17556" Z="0"/><Vertex X="3735" Y="17573" Z="0"/><Vertex X="3735" Y="17590" Z="0"/><Vertex X="3735" Y="17598" Z="0"/><Vertex X="3718" Y="17616" Z="0"/><Vertex X="3718" Y="17633" Z="0"/><Vertex X="3718" Y="17641" Z="0"/><Vertex X="3718" Y="17667" Z="0"/><Vertex X="3701" Y="17667" Z="0"/><Vertex X="3701" Y="17701" Z="0"/><Vertex X="3701" Y="17718" Z="0"/><Vertex X="3701" Y="17735" Z="0"/><Vertex X="3701" Y="17752" Z="0"/><Vertex X="3701" Y="17761" Z="0"/><Vertex X="3701" Y="17786" Z="0"/><Vertex X="3701" Y="17812" Z="0"/><Vertex X="3701" Y="17829" Z="0"/><Vertex X="3701" Y="17846" Z="0"/><Vertex X="3701" Y="17872" Z="0"/><Vertex X="3701" Y="17881" Z="0"/><Vertex X="3701" Y="17898" Z="0"/><Vertex X="3709" Y="17923" Z="0"/><Vertex X="3709" Y="17932" Z="0"/><Vertex X="3709" Y="17949" Z="0"/><Vertex X="3709" Y="17957" Z="0"/><Vertex X="3726" Y="17975" Z="0"/><Vertex X="3726" Y="17992" Z="0"/><Vertex X="3726" Y="18009" Z="0"/><Vertex X="3744" Y="18026" Z="0"/><Vertex X="3744" Y="18043" Z="0"/><Vertex X="3752" Y="18043" Z="0"/><Vertex X="3752" Y="18051" Z="0"/><Vertex X="3769" Y="18069" Z="0"/><Vertex X="3769" Y="18086" Z="0"/><Vertex X="3786" Y="18086" Z="0"/><Vertex X="3786" Y="18094" Z="0"/><Vertex X="3795" Y="18094" Z="0"/><Vertex X="3795" Y="18111" Z="0"/><Vertex X="3812" Y="18111" Z="0"/><Vertex X="3812" Y="18128" Z="0"/><Vertex X="3829" Y="18128" Z="0"/><Vertex X="3829" Y="18137" Z="0"/><Vertex X="3838" Y="18137" Z="0"/><Vertex X="3838" Y="18154" Z="0"/><Vertex X="3863" Y="18154" Z="0"/><Vertex X="3880" Y="18163" Z="0"/><Vertex X="3880" Y="18180" Z="0"/><Vertex X="3923" Y="18180" Z="0"/><Vertex X="3940" Y="18197" Z="0"/><Vertex X="3949" Y="18197" Z="0"/><Vertex X="3974" Y="18214" Z="0"/><Vertex X="3991" Y="18222" Z="0"/><Vertex X="4009" Y="18222" Z="0"/><Vertex X="4026" Y="18239" Z="0"/><Vertex X="4034" Y="18239" Z="0"/><Vertex X="4051" Y="18239" Z="0"/><Vertex X="4068" Y="18257" Z="0"/><Vertex X="4077" Y="18257" Z="0"/><Vertex X="4111" Y="18274" Z="0"/><Vertex X="4128" Y="18274" Z="0"/><Vertex X="4145" Y="18274" Z="0"/><Vertex X="4171" Y="18282" Z="0"/><Vertex X="4188" Y="18282" Z="0"/><Vertex X="4197" Y="18282" Z="0"/><Vertex X="4214" Y="18299" Z="0"/><Vertex X="4231" Y="18299" Z="0"/><Vertex X="4239" Y="18299" Z="0"/><Vertex X="4256" Y="18299" Z="0"/><Vertex X="4273" Y="18299" Z="0"/><Vertex X="4299" Y="18316" Z="0"/><Vertex X="4325" Y="18316" Z="0"/><Vertex X="4342" Y="18316" Z="0"/><Vertex X="4350" Y="18316" Z="0"/><Vertex X="4368" Y="18316" Z="0"/><Vertex X="4385" Y="18316" Z="0"/><Vertex X="4393" Y="18316" Z="0"/><Vertex X="4410" Y="18316" Z="0"/><Vertex X="4419" Y="18316" Z="0"/><Vertex X="4453" Y="18316" Z="0"/><Vertex X="4479" Y="18333" Z="0"/><Vertex X="4504" Y="18333" Z="0"/><Vertex X="4513" Y="18333" Z="0"/><Vertex X="4538" Y="18351" Z="0"/><Vertex X="4556" Y="18351" Z="0"/><Vertex X="4564" Y="18351" Z="0"/><Vertex X="4581" Y="18359" Z="0"/><Vertex X="4598" Y="18359" Z="0"/><Vertex X="4607" Y="18359" Z="0"/><Vertex X="4632" Y="18359" Z="0"/><Vertex X="4641" Y="18359" Z="0"/><Vertex X="4667" Y="18376" Z="0"/><Vertex X="4692" Y="18376" Z="0"/><Vertex X="4718" Y="18376" Z="0"/><Vertex X="4735" Y="18376" Z="0"/><Vertex X="4761" Y="18376" Z="0"/><Vertex X="4786" Y="18376" Z="0"/><Vertex X="4803" Y="18376" Z="0"/><Vertex X="4829" Y="18376" Z="0"/><Vertex X="4855" Y="18376" Z="0"/><Vertex X="4872" Y="18376" Z="0"/><Vertex X="4897" Y="18376" Z="0"/><Vertex X="4923" Y="18376" Z="0"/><Vertex X="4940" Y="18376" Z="0"/><Vertex X="4974" Y="18376" Z="0"/><Vertex X="5000" Y="18376" Z="0"/><Vertex X="5026" Y="18368" Z="0"/><Vertex X="5043" Y="18368" Z="0"/><Vertex X="5060" Y="18368" Z="0"/><Vertex X="5077" Y="18359" Z="0"/><Vertex X="5094" Y="18359" Z="0"/><Vertex X="5120" Y="18359" Z="0"/><Vertex X="5145" Y="18342" Z="0"/><Vertex X="5154" Y="18342" Z="0"/><Vertex X="5171" Y="18325" Z="0"/><Vertex X="5188" Y="18325" Z="0"/><Vertex X="5197" Y="18308" Z="0"/><Vertex X="5214" Y="18308" Z="0"/><Vertex X="5231" Y="18299" Z="0"/><Vertex X="5239" Y="18299" Z="0"/><Vertex X="5256" Y="18282" Z="0"/><Vertex X="5291" Y="18282" Z="0"/><Vertex X="5308" Y="18265" Z="0"/><Vertex X="5316" Y="18265" Z="0"/><Vertex X="5333" Y="18265" Z="0"/><Vertex X="5350" Y="18248" Z="0"/><Vertex X="5359" Y="18248" Z="0"/><Vertex X="5385" Y="18231" Z="0"/><Vertex X="5402" Y="18231" Z="0"/><Vertex X="5410" Y="18231" Z="0"/><Vertex X="5427" Y="18222" Z="0"/><Vertex X="5444" Y="18222" Z="0"/><Vertex X="5453" Y="18222" Z="0"/><Vertex X="5470" Y="18205" Z="0"/><Vertex X="5487" Y="18205" Z="0"/><Vertex X="5496" Y="18205" Z="0"/><Vertex X="5496" Y="18188" Z="0"/><Vertex X="5521" Y="18188" Z="0"/><Vertex X="5538" Y="18188" Z="0"/><Vertex X="5547" Y="18171" Z="0"/><Vertex X="5564" Y="18171" Z="0"/><Vertex X="5581" Y="18163" Z="0"/><Vertex X="5590" Y="18163" Z="0"/><Vertex X="5607" Y="18145" Z="0"/><Vertex X="5624" Y="18145" Z="0"/><Vertex X="5632" Y="18128" Z="0"/><Vertex X="5650" Y="18128" Z="0"/><Vertex X="5667" Y="18128" Z="0"/><Vertex X="5675" Y="18111" Z="0"/><Vertex X="5692" Y="18111" Z="0"/><Vertex X="5709" Y="18111" Z="0"/><Vertex X="5726" Y="18094" Z="0"/><Vertex X="5752" Y="18094" Z="0"/><Vertex X="5778" Y="18094" Z="0"/><Vertex X="5803" Y="18077" Z="0"/><Vertex X="5829" Y="18077" Z="0"/><Vertex X="5863" Y="18069" Z="0"/><Vertex X="5897" Y="18069" Z="0"/><Vertex X="5932" Y="18051" Z="0"/><Vertex X="5966" Y="18051" Z="0"/><Vertex X="6009" Y="18026" Z="0"/><Vertex X="6051" Y="18026" Z="0"/><Vertex X="6103" Y="18009" Z="0"/><Vertex X="6145" Y="18009" Z="0"/><Vertex X="6197" Y="17992" Z="0"/><Vertex X="6239" Y="17992" Z="0"/><Vertex X="6291" Y="17975" Z="0"/><Vertex X="6333" Y="17975" Z="0"/><Vertex X="6367" Y="17957" Z="0"/><Vertex X="6410" Y="17957" Z="0"/><Vertex X="6444" Y="17932" Z="0"/><Vertex X="6479" Y="17932" Z="0"/><Vertex X="6513" Y="17923" Z="0"/><Vertex X="6547" Y="17923" Z="0"/><Vertex X="6581" Y="17906" Z="0"/><Vertex X="6607" Y="17906" Z="0"/><Vertex X="6658" Y="17881" Z="0"/><Vertex X="6684" Y="17881" Z="0"/><Vertex X="6709" Y="17872" Z="0"/><Vertex X="6735" Y="17872" Z="0"/><Vertex X="6761" Y="17855" Z="0"/><Vertex X="6778" Y="17855" Z="0"/><Vertex X="6803" Y="17838" Z="0"/><Vertex X="6829" Y="17838" Z="0"/><Vertex X="6855" Y="17821" Z="0"/><Vertex X="6872" Y="17821" Z="0"/><Vertex X="6897" Y="17804" Z="0"/><Vertex X="6923" Y="17804" Z="0"/><Vertex X="6940" Y="17786" Z="0"/><Vertex X="6966" Y="17786" Z="0"/><Vertex X="6991" Y="17769" Z="0"/><Vertex X="7008" Y="17769" Z="0"/><Vertex X="7017" Y="17752" Z="0"/><Vertex X="7034" Y="17752" Z="0"/><Vertex X="7051" Y="17735" Z="0"/><Vertex X="7060" Y="17735" Z="0"/><Vertex X="7077" Y="17718" Z="0"/><Vertex X="7094" Y="17718" Z="0"/><Vertex X="7111" Y="17701" Z="0"/><Vertex X="7120" Y="17701" Z="0"/><Vertex X="7137" Y="17701" Z="0"/><Vertex X="7154" Y="17684" Z="0"/><Vertex X="7162" Y="17684" Z="0"/><Vertex X="7179" Y="17684" Z="0"/><Vertex X="7197" Y="17675" Z="0"/><Vertex X="7222" Y="17675" Z="0"/><Vertex X="7222" Y="17658" Z="0"/><Vertex X="7248" Y="17658" Z="0"/><Vertex X="7256" Y="17658" Z="0"/><Vertex X="7282" Y="17641" Z="0"/><Vertex X="7299" Y="17641" Z="0"/><Vertex X="7308" Y="17641" Z="0"/><Vertex X="7342" Y="17624" Z="0"/><Vertex X="7359" Y="17624" Z="0"/><Vertex X="7376" Y="17624" Z="0"/><Vertex X="7385" Y="17624" Z="0"/><Vertex X="7402" Y="17616" Z="0"/><Vertex X="7410" Y="17616" Z="0"/><Vertex X="7427" Y="17616" Z="0"/><Vertex X="7444" Y="17616" Z="0"/><Vertex X="7453" Y="17616" Z="0"/><Vertex X="7470" Y="17616" Z="0"/><Vertex X="7479" Y="17616" Z="0"/><Vertex X="7496" Y="17616" Z="0"/><Vertex X="7513" Y="17616" Z="0"/><Vertex X="7538" Y="17616" Z="0"/><Vertex X="7547" Y="17616" Z="0"/><Vertex X="7564" Y="17616" Z="0"/><Vertex X="7590" Y="17616" Z="0"/><Vertex X="7607" Y="17616" Z="0"/><Vertex X="7650" Y="17616" Z="0"/><Vertex X="7667" Y="17616" Z="0"/><Vertex X="7692" Y="17616" Z="0"/><Vertex X="7718" Y="17616" Z="0"/><Vertex X="7735" Y="17616" Z="0"/><Vertex X="7761" Y="17616" Z="0"/><Vertex X="7795" Y="17616" Z="0"/><Vertex X="7829" Y="17624" Z="0"/><Vertex X="7863" Y="17624" Z="0"/><Vertex X="7889" Y="17624" Z="0"/><Vertex X="7914" Y="17624" Z="0"/><Vertex X="7940" Y="17624" Z="0"/><Vertex X="7957" Y="17624" Z="0"/><Vertex X="7983" Y="17624" Z="0"/><Vertex X="8008" Y="17633" Z="0"/><Vertex X="8026" Y="17633" Z="0"/><Vertex X="8051" Y="17633" Z="0"/><Vertex X="8077" Y="17633" Z="0"/><Vertex X="8094" Y="17633" Z="0"/><Vertex X="8120" Y="17633" Z="0"/><Vertex X="8145" Y="17633" Z="0"/><Vertex X="8162" Y="17633" Z="0"/><Vertex X="8188" Y="17633" Z="0"/><Vertex X="8214" Y="17633" Z="0"/><Vertex X="8222" Y="17633" Z="0"/><Vertex X="8239" Y="17633" Z="0"/><Vertex X="8256" Y="17633" Z="0"/><Vertex X="8265" Y="17633" Z="0"/><Vertex X="8282" Y="17633" Z="0"/><Vertex X="8291" Y="17633" Z="0"/><Vertex X="8308" Y="17633" Z="0"/><Vertex X="8325" Y="17633" Z="0"/><Vertex X="8350" Y="17633" Z="0"/><Vertex X="8359" Y="17633" Z="0"/><Vertex X="8385" Y="17633" Z="0"/><Vertex X="8410" Y="17633" Z="0"/><Vertex X="8419" Y="17633" Z="0"/><Vertex X="8436" Y="17633" Z="0"/><Vertex X="8453" Y="17633" Z="0"/><Vertex X="8461" Y="17633" Z="0"/><Vertex X="8479" Y="17633" Z="0"/><Vertex X="8487" Y="17633" Z="0"/><Vertex X="8504" Y="17633" Z="0"/><Vertex X="8521" Y="17633" Z="0"/><Vertex X="8530" Y="17633" Z="0"/><Vertex X="8547" Y="17633" Z="0"/><Vertex X="8555" Y="17633" Z="0"/><Vertex X="8573" Y="17633" Z="0"/><Vertex X="8598" Y="17650" Z="0"/><Vertex X="8607" Y="17650" Z="0"/><Vertex X="8624" Y="17650" Z="0"/><Vertex X="8649" Y="17667" Z="0"/><Vertex X="8667" Y="17667" Z="0"/><Vertex X="8692" Y="17667" Z="0"/><Vertex X="8744" Y="17684" Z="0"/><Vertex X="8761" Y="17684" Z="0"/><Vertex X="8786" Y="17684" Z="0"/><Vertex X="8855" Y="17684" Z="0"/><Vertex X="8880" Y="17701" Z="0"/><Vertex X="8923" Y="17701" Z="0"/><Vertex X="8966" Y="17701" Z="0"/><Vertex X="8983" Y="17718" Z="0"/><Vertex X="9008" Y="17718" Z="0"/><Vertex X="9034" Y="17718" Z="0"/><Vertex X="9051" Y="17718" Z="0"/><Vertex X="9060" Y="17718" Z="0"/><Vertex X="9077" Y="17718" Z="0"/><Vertex X="9085" Y="17718" Z="0"/><Vertex X="9102" Y="17727" Z="0"/><Vertex X="9120" Y="17727" Z="0"/><Vertex X="9128" Y="17727" Z="0"/><Vertex X="9145" Y="17727" Z="0"/><Vertex X="9162" Y="17727" Z="0"/><Vertex X="9188" Y="17744" Z="0"/><Vertex X="9205" Y="17744" Z="0"/><Vertex X="9214" Y="17744" Z="0"/><Vertex X="9231" Y="17744" Z="0"/><Vertex X="9239" Y="17744" Z="0"/><Vertex X="9256" Y="17744" Z="0"/><Vertex X="9282" Y="17744" Z="0"/><Vertex X="9299" Y="17744" Z="0"/><Vertex X="9308" Y="17744" Z="0"/><Vertex X="9325" Y="17744" Z="0"/><Vertex X="9350" Y="17744" Z="0"/><Vertex X="9367" Y="17744" Z="0"/><Vertex X="9419" Y="17744" Z="0"/><Vertex X="9436" Y="17744" Z="0"/><Vertex X="9461" Y="17735" Z="0"/><Vertex X="9487" Y="17735" Z="0"/><Vertex X="9504" Y="17735" Z="0"/><Vertex X="9530" Y="17735" Z="0"/><Vertex X="9555" Y="17735" Z="0"/><Vertex X="9573" Y="17735" Z="0"/><Vertex X="9598" Y="17735" Z="0"/><Vertex X="9624" Y="17744" Z="0"/><Vertex X="9649" Y="17744" Z="0"/><Vertex X="9667" Y="17744" Z="0"/><Vertex X="9692" Y="17761" Z="0"/><Vertex X="9718" Y="17761" Z="0"/><Vertex X="9735" Y="17761" Z="0"/><Vertex X="9761" Y="17778" Z="0"/><Vertex X="9786" Y="17778" Z="0"/><Vertex X="9812" Y="17778" Z="0"/><Vertex X="9829" Y="17795" Z="0"/><Vertex X="9855" Y="17795" Z="0"/><Vertex X="9914" Y="17812" Z="0"/><Vertex X="9940" Y="17812" Z="0"/><Vertex X="9974" Y="17829" Z="0"/><Vertex X="10008" Y="17829" Z="0"/><Vertex X="10043" Y="17829" Z="0"/><Vertex X="10111" Y="17846" Z="0"/><Vertex X="10137" Y="17846" Z="0"/><Vertex X="10179" Y="17846" Z="0"/><Vertex X="10214" Y="17846" Z="0"/><Vertex X="10248" Y="17846" Z="0"/><Vertex X="10273" Y="17846" Z="0"/><Vertex X="10308" Y="17846" Z="0"/><Vertex X="10333" Y="17846" Z="0"/><Vertex X="10367" Y="17846" Z="0"/><Vertex X="10393" Y="17846" Z="0"/><Vertex X="10427" Y="17846" Z="0"/><Vertex X="10461" Y="17846" Z="0"/><Vertex X="10496" Y="17846" Z="0"/><Vertex X="10513" Y="17846" Z="0"/><Vertex X="10538" Y="17838" Z="0"/><Vertex X="10555" Y="17838" Z="0"/><Vertex X="10564" Y="17838" Z="0"/><Vertex X="10581" Y="17838" Z="0"/><Vertex X="10590" Y="17838" Z="0"/><Vertex X="10607" Y="17838" Z="0"/><Vertex X="10632" Y="17821" Z="0"/><Vertex X="10658" Y="17821" Z="0"/><Vertex X="10675" Y="17821" Z="0"/><Vertex X="10675" Y="17804" Z="0"/><Vertex X="10701" Y="17804" Z="0"/><Vertex X="10709" Y="17804" Z="0"/><Vertex X="10709" Y="17795" Z="0"/><Vertex X="10726" Y="17795" Z="0"/><Vertex X="10743" Y="17778" Z="0"/><Vertex X="10752" Y="17778" Z="0"/><Vertex X="10769" Y="17752" Z="0"/><Vertex X="10786" Y="17735" Z="0"/><Vertex X="10803" Y="17727" Z="0"/><Vertex X="10820" Y="17710" Z="0"/><Vertex X="10829" Y="17692" Z="0"/><Vertex X="10846" Y="17667" Z="0"/><Vertex X="10863" Y="17641" Z="0"/><Vertex X="10863" Y="17624" Z="0"/><Vertex X="10880" Y="17607" Z="0"/><Vertex X="10897" Y="17581" Z="0"/><Vertex X="10897" Y="17573" Z="0"/><Vertex X="10906" Y="17556" Z="0"/><Vertex X="10906" Y="17530" Z="0"/><Vertex X="10923" Y="17487" Z="0"/><Vertex X="10923" Y="17462" Z="0"/><Vertex X="10940" Y="17436" Z="0"/><Vertex X="10940" Y="17410" Z="0"/><Vertex X="10940" Y="17393" Z="0"/><Vertex X="10940" Y="17342" Z="0"/><Vertex X="10940" Y="17325" Z="0"/><Vertex X="10940" Y="17299" Z="0"/><Vertex X="10940" Y="17265" Z="0"/><Vertex X="10940" Y="17231" Z="0"/><Vertex X="10940" Y="17214" Z="0"/><Vertex X="10940" Y="17188" Z="0"/><Vertex X="10940" Y="17163" Z="0"/><Vertex X="10940" Y="17137" Z="0"/><Vertex X="10940" Y="17111" Z="0"/><Vertex X="10940" Y="17094" Z="0"/><Vertex X="10940" Y="17043" Z="0"/><Vertex X="10940" Y="17026" Z="0"/><Vertex X="10940" Y="17000" Z="0"/><Vertex X="10940" Y="16983" Z="0"/><Vertex X="10940" Y="16966" Z="0"/><Vertex X="10940" Y="16949" Z="0"/><Vertex X="10940" Y="16932" Z="0"/><Vertex X="10932" Y="16906" Z="0"/><Vertex X="10914" Y="16881" Z="0"/><Vertex X="10914" Y="16863" Z="0"/><Vertex X="10897" Y="16838" Z="0"/><Vertex X="10897" Y="16821" Z="0"/><Vertex X="10872" Y="16804" Z="0"/><Vertex X="10872" Y="16787" Z="0"/><Vertex X="10855" Y="16769" Z="0"/><Vertex X="10837" Y="16727" Z="0"/><Vertex X="10837" Y="16718" Z="0"/><Vertex X="10820" Y="16684" Z="0"/><Vertex X="10803" Y="16667" Z="0"/><Vertex X="10803" Y="16658" Z="0"/><Vertex X="10786" Y="16641" Z="0"/><Vertex X="10786" Y="16624" Z="0"/><Vertex X="10761" Y="16598" Z="0"/><Vertex X="10735" Y="16581" Z="0"/><Vertex X="10735" Y="16573" Z="0"/><Vertex X="10709" Y="16539" Z="0"/><Vertex X="10692" Y="16522" Z="0"/><Vertex X="10658" Y="16496" Z="0"/><Vertex X="10658" Y="16479" Z="0"/><Vertex X="10624" Y="16462" Z="0"/><Vertex X="10598" Y="16462" Z="0"/><Vertex X="10581" Y="16428" Z="0"/><Vertex X="10555" Y="16410" Z="0"/><Vertex X="10538" Y="16410" Z="0"/><Vertex X="10504" Y="16376" Z="0"/><Vertex X="10487" Y="16359" Z="0"/><Vertex X="10461" Y="16342" Z="0"/><Vertex X="10436" Y="16325" Z="0"/><Vertex X="10402" Y="16325" Z="0"/><Vertex X="10367" Y="16299" Z="0"/><Vertex X="10350" Y="16299" Z="0"/><Vertex X="10325" Y="16274" Z="0"/><Vertex X="10299" Y="16274" Z="0"/><Vertex X="10265" Y="16248" Z="0"/><Vertex X="10231" Y="16231" Z="0"/><Vertex X="10196" Y="16231" Z="0"/><Vertex X="10162" Y="16205" Z="0"/><Vertex X="10128" Y="16188" Z="0"/><Vertex X="10094" Y="16188" Z="0"/><Vertex X="10068" Y="16163" Z="0"/><Vertex X="10043" Y="16145" Z="0"/><Vertex X="10017" Y="16145" Z="0"/><Vertex X="9983" Y="16120" Z="0"/><Vertex X="9957" Y="16120" Z="0"/><Vertex X="9889" Y="16103" Z="0"/><Vertex X="9855" Y="16086" Z="0"/><Vertex X="9786" Y="16069" Z="0"/><Vertex X="9761" Y="16069" Z="0"/><Vertex X="9726" Y="16051" Z="0"/><Vertex X="9675" Y="16043" Z="0"/><Vertex X="9658" Y="16043" Z="0"/><Vertex X="9624" Y="16026" Z="0"/><Vertex X="9590" Y="16026" Z="0"/><Vertex X="9555" Y="16009" Z="0"/><Vertex X="9521" Y="16009" Z="0"/><Vertex X="9487" Y="16009" Z="0"/><Vertex X="9453" Y="15992" Z="0"/><Vertex X="9427" Y="15992" Z="0"/><Vertex X="9393" Y="15992" Z="0"/><Vertex X="9359" Y="15992" Z="0"/><Vertex X="9308" Y="15975" Z="0"/><Vertex X="9282" Y="15975" Z="0"/><Vertex X="9248" Y="15975" Z="0"/><Vertex X="9214" Y="15975" Z="0"/><Vertex X="9196" Y="15975" Z="0"/><Vertex X="9171" Y="15975" Z="0"/><Vertex X="9137" Y="15975" Z="0"/><Vertex X="9085" Y="15975" Z="0"/><Vertex X="9060" Y="15975" Z="0"/><Vertex X="9043" Y="15975" Z="0"/><Vertex X="9017" Y="15975" Z="0"/><Vertex X="8974" Y="15975" Z="0"/><Vertex X="8949" Y="15975" Z="0"/><Vertex X="8923" Y="15975" Z="0"/><Vertex X="8906" Y="15975" Z="0"/><Vertex X="8855" Y="15957" Z="0"/><Vertex X="8820" Y="15957" Z="0"/><Vertex X="8803" Y="15957" Z="0"/><Vertex X="8769" Y="15957" Z="0"/><Vertex X="8744" Y="15940" Z="0"/><Vertex X="8692" Y="15940" Z="0"/><Vertex X="8658" Y="15940" Z="0"/><Vertex X="8632" Y="15923" Z="0"/><Vertex X="8590" Y="15923" Z="0"/><Vertex X="8564" Y="15923" Z="0"/><Vertex X="8538" Y="15906" Z="0"/><Vertex X="8521" Y="15906" Z="0"/><Vertex X="8496" Y="15906" Z="0"/><Vertex X="8470" Y="15906" Z="0"/><Vertex X="8453" Y="15889" Z="0"/><Vertex X="8427" Y="15889" Z="0"/><Vertex X="8402" Y="15889" Z="0"/><Vertex X="8376" Y="15872" Z="0"/><Vertex X="8359" Y="15872" Z="0"/><Vertex X="8308" Y="15872" Z="0"/><Vertex X="8291" Y="15863" Z="0"/><Vertex X="8248" Y="15863" Z="0"/><Vertex X="8239" Y="15863" Z="0"/><Vertex X="8214" Y="15846" Z="0"/><Vertex X="8171" Y="15846" Z="0"/><Vertex X="8145" Y="15846" Z="0"/><Vertex X="8120" Y="15846" Z="0"/><Vertex X="8102" Y="15846" Z="0"/><Vertex X="8077" Y="15846" Z="0"/><Vertex X="8051" Y="15829" Z="0"/><Vertex X="8026" Y="15829" Z="0"/><Vertex X="8008" Y="15829" Z="0"/><Vertex X="7983" Y="15829" Z="0"/><Vertex X="7949" Y="15829" Z="0"/><Vertex X="7932" Y="15829" Z="0"/><Vertex X="7897" Y="15829" Z="0"/><Vertex X="7829" Y="15838" Z="0"/><Vertex X="7812" Y="15838" Z="0"/><Vertex X="7778" Y="15838" Z="0"/><Vertex X="7744" Y="15855" Z="0"/><Vertex X="7709" Y="15855" Z="0"/><Vertex X="7675" Y="15855" Z="0"/><Vertex X="7641" Y="15872" Z="0"/><Vertex X="7615" Y="15872" Z="0"/><Vertex X="7581" Y="15889" Z="0"/><Vertex X="7547" Y="15889" Z="0"/><Vertex X="7513" Y="15906" Z="0"/><Vertex X="7479" Y="15906" Z="0"/><Vertex X="7444" Y="15923" Z="0"/><Vertex X="7427" Y="15923" Z="0"/><Vertex X="7402" Y="15940" Z="0"/><Vertex X="7376" Y="15940" Z="0"/><Vertex X="7333" Y="15957" Z="0"/><Vertex X="7308" Y="15966" Z="0"/><Vertex X="7282" Y="15966" Z="0"/><Vertex X="7256" Y="15983" Z="0"/><Vertex X="7239" Y="15983" Z="0"/><Vertex X="7222" Y="16000" Z="0"/><Vertex X="7197" Y="16000" Z="0"/><Vertex X="7154" Y="16017" Z="0"/><Vertex X="7128" Y="16034" Z="0"/><Vertex X="7111" Y="16034" Z="0"/><Vertex X="7103" Y="16051" Z="0"/><Vertex X="7051" Y="16060" Z="0"/><Vertex X="7026" Y="16060" Z="0"/><Vertex X="7008" Y="16060" Z="0"/><Vertex X="6983" Y="16077" Z="0"/><Vertex X="6957" Y="16077" Z="0"/><Vertex X="6914" Y="16094" Z="0"/><Vertex X="6855" Y="16111" Z="0"/><Vertex X="6820" Y="16128" Z="0"/><Vertex X="6795" Y="16128" Z="0"/><Vertex X="6726" Y="16145" Z="0"/><Vertex X="6692" Y="16163" Z="0"/><Vertex X="6667" Y="16163" Z="0"/><Vertex X="6607" Y="16180" Z="0"/><Vertex X="6564" Y="16180" Z="0"/><Vertex X="6538" Y="16180" Z="0"/><Vertex X="6496" Y="16197" Z="0"/><Vertex X="6453" Y="16197" Z="0"/><Vertex X="6427" Y="16197" Z="0"/><Vertex X="6402" Y="16214" Z="0"/><Vertex X="6385" Y="16214" Z="0"/><Vertex X="6333" Y="16214" Z="0"/><Vertex X="6325" Y="16214" Z="0"/><Vertex X="6308" Y="16214" Z="0"/><Vertex X="6291" Y="16214" Z="0"/><Vertex X="6282" Y="16214" Z="0"/><Vertex X="6265" Y="16231" Z="0"/><Vertex X="6239" Y="16231" Z="0"/><Vertex X="6231" Y="16231" Z="0"/><Vertex X="6214" Y="16231" Z="0"/><Vertex X="6188" Y="16231" Z="0"/><Vertex X="6171" Y="16231" Z="0"/><Vertex X="6162" Y="16231" Z="0"/><Vertex X="6137" Y="16231" Z="0"/><Vertex X="6120" Y="16231" Z="0"/><Vertex X="6103" Y="16231" Z="0"/><Vertex X="6077" Y="16231" Z="0"/><Vertex X="6051" Y="16231" Z="0"/><Vertex X="6034" Y="16231" Z="0"/><Vertex X="6000" Y="16231" Z="0"/><Vertex X="5983" Y="16231" Z="0"/><Vertex X="5974" Y="16231" Z="0"/><Vertex X="5957" Y="16222" Z="0"/><Vertex X="5940" Y="16222" Z="0"/><Vertex X="5932" Y="16222" Z="0"/><Vertex X="5914" Y="16222" Z="0"/><Vertex X="5906" Y="16222" Z="0"/><Vertex X="5872" Y="16222" Z="0"/><Vertex X="5863" Y="16222" Z="0"/><Vertex X="5846" Y="16222" Z="0"/><Vertex X="5820" Y="16222" Z="0"/><Vertex X="5786" Y="16222" Z="0"/><Vertex X="5769" Y="16222" Z="0"/><Vertex X="5752" Y="16205" Z="0"/><Vertex X="5726" Y="16205" Z="0"/><Vertex X="5718" Y="16205" Z="0"/><Vertex X="5701" Y="16205" Z="0"/><Vertex X="5658" Y="16205" Z="0"/><Vertex X="5632" Y="16205" Z="0"/><Vertex X="5607" Y="16205" Z="0"/><Vertex X="5590" Y="16205" Z="0"/><Vertex X="5538" Y="16205" Z="0"/><Vertex X="5521" Y="16205" Z="0"/><Vertex X="5496" Y="16205" Z="0"/><Vertex X="5470" Y="16205" Z="0"/><Vertex X="5453" Y="16205" Z="0"/><Vertex X="5427" Y="16205" Z="0"/><Vertex X="5402" Y="16205" Z="0"/><Vertex X="5385" Y="16205" Z="0"/><Vertex X="5359" Y="16205" Z="0"/><Vertex X="5333" Y="16205" Z="0"/><Vertex X="5291" Y="16214" Z="0"/><Vertex X="5265" Y="16214" Z="0"/><Vertex X="5248" Y="16214" Z="0"/><Vertex X="5222" Y="16214" Z="0"/><Vertex X="5205" Y="16214" Z="0"/><Vertex X="5197" Y="16214" Z="0"/><Vertex X="5179" Y="16214" Z="0"/><Vertex X="5145" Y="16214" Z="0"/><Vertex X="5120" Y="16214" Z="0"/><Vertex X="5103" Y="16214" Z="0"/><Vertex X="5085" Y="16214" Z="0"/><Vertex X="5068" Y="16214" Z="0"/><Vertex X="5060" Y="16214" Z="0"/><Vertex X="5043" Y="16214" Z="0"/><Vertex X="5017" Y="16214" Z="0"/><Vertex X="5000" Y="16214" Z="0"/><Vertex X="4983" Y="16214" Z="0"/><Vertex X="4932" Y="16214" Z="0"/><Vertex X="4915" Y="16214" Z="0"/><Vertex X="4889" Y="16214" Z="0"/><Vertex X="4863" Y="16214" Z="0"/><Vertex X="4846" Y="16214" Z="0"/><Vertex X="4820" Y="16214" Z="0"/><Vertex X="4803" Y="16214" Z="0"/><Vertex X="4786" Y="16214" Z="0"/><Vertex X="4752" Y="16214" Z="0"/><Vertex X="4744" Y="16214" Z="0"/><Vertex X="4726" Y="16214" Z="0"/><Vertex X="4718" Y="16214" Z="0"/><Vertex X="4701" Y="16231" Z="0"/><Vertex X="4675" Y="16231" Z="0"/><Vertex X="4650" Y="16240" Z="0"/><Vertex X="4641" Y="16240" Z="0"/><Vertex X="4607" Y="16257" Z="0"/><Vertex X="4590" Y="16257" Z="0"/><Vertex X="4573" Y="16257" Z="0"/><Vertex X="4547" Y="16274" Z="0"/><Vertex X="4530" Y="16291" Z="0"/><Vertex X="4513" Y="16291" Z="0"/><Vertex X="4513" Y="16299" Z="0"/><Vertex X="4496" Y="16299" Z="0"/><Vertex X="4487" Y="16316" Z="0"/><Vertex X="4470" Y="16316" Z="0"/><Vertex X="4453" Y="16334" Z="0"/><Vertex X="4444" Y="16334" Z="0"/><Vertex X="4444" Y="16342" Z="0"/><Vertex X="4427" Y="16342" Z="0"/><Vertex X="4427" Y="16359" Z="0"/><Vertex X="4419" Y="16359" Z="0"/><Vertex X="4419" Y="16376" Z="0"/><Vertex X="4402" Y="16376" Z="0"/><Vertex X="4419" Y="16393" Z="0"/></Vertices></Region></Regions><Plots></Plots></Annotation></Annotations>
