<Annotations MicronsPerPixel="0.493400">
	<Annotation Id="1" Name="" ReadOnly="0" NameReadOnly="0" LineColorReadOnly="0" Incremental="0" Type="4" LineColor="16711935" Visible="1" Selected="1" MarkupImagePath="" MacroName=""><Attributes></Attributes><Regions><RegionAttributeHeaders></RegionAttributeHeaders><Region Id="1" Type="0" Zoom="0.034388" Selected="0" ImageLocation="" ImageFocus="-1" Length="11438.6" Area="6003189.0" LengthMicrons="5643.8" AreaMicrons="1461437.7" Text="" NegativeROA="0" InputRegionId="0" Analyze="1" DisplayId="1"><Attributes></Attributes><Vertices><Vertex X="2762" Y="1367" Z="0"/><Vertex X="2704" Y="1367" Z="0"/><Vertex X="2704" Y="1425" Z="0"/><Vertex X="2617" Y="1599" Z="0"/><Vertex X="2617" Y="1628" Z="0"/><Vertex X="2559" Y="1687" Z="0"/><Vertex X="2559" Y="1745" Z="0"/><Vertex X="2500" Y="1745" Z="0"/><Vertex X="2500" Y="1803" Z="0"/><Vertex X="2471" Y="1803" Z="0"/><Vertex X="2471" Y="1890" Z="0"/><Vertex X="2413" Y="1890" Z="0"/><Vertex X="2413" Y="1919" Z="0"/><Vertex X="2355" Y="1919" Z="0"/><Vertex X="2093" Y="1977" Z="0"/><Vertex X="2064" Y="2036" Z="0"/><Vertex X="2006" Y="2036" Z="0"/><Vertex X="1948" Y="2036" Z="0"/><Vertex X="1919" Y="2094" Z="0"/><Vertex X="1861" Y="2094" Z="0"/><Vertex X="1803" Y="2152" Z="0"/><Vertex X="1715" Y="2210" Z="0"/><Vertex X="1657" Y="2239" Z="0"/><Vertex X="1483" Y="2443" Z="0"/><Vertex X="1483" Y="2501" Z="0"/><Vertex X="1425" Y="2559" Z="0"/><Vertex X="1425" Y="2617" Z="0"/><Vertex X="1425" Y="2704" Z="0"/><Vertex X="1425" Y="2821" Z="0"/><Vertex X="1425" Y="2908" Z="0"/><Vertex X="1425" Y="2995" Z="0"/><Vertex X="1425" Y="3053" Z="0"/><Vertex X="1454" Y="3053" Z="0"/><Vertex X="1454" Y="3141" Z="0"/><Vertex X="1454" Y="3199" Z="0"/><Vertex X="1512" Y="3315" Z="0"/><Vertex X="1512" Y="3373" Z="0"/><Vertex X="1512" Y="3402" Z="0"/><Vertex X="1570" Y="3460" Z="0"/><Vertex X="1570" Y="3519" Z="0"/><Vertex X="1570" Y="3548" Z="0"/><Vertex X="1599" Y="3664" Z="0"/><Vertex X="1657" Y="3664" Z="0"/><Vertex X="1657" Y="3722" Z="0"/><Vertex X="1686" Y="3722" Z="0"/><Vertex X="1686" Y="3780" Z="0"/><Vertex X="1744" Y="3780" Z="0"/><Vertex X="1803" Y="3780" Z="0"/><Vertex X="1803" Y="3809" Z="0"/><Vertex X="2093" Y="3809" Z="0"/><Vertex X="2122" Y="3809" Z="0"/><Vertex X="2181" Y="3809" Z="0"/><Vertex X="2239" Y="3809" Z="0"/><Vertex X="2268" Y="3809" Z="0"/><Vertex X="2326" Y="3809" Z="0"/><Vertex X="2355" Y="3809" Z="0"/><Vertex X="2413" Y="3809" Z="0"/><Vertex X="2471" Y="3809" Z="0"/><Vertex X="2500" Y="3780" Z="0"/><Vertex X="2762" Y="3751" Z="0"/><Vertex X="2762" Y="3693" Z="0"/><Vertex X="2820" Y="3693" Z="0"/><Vertex X="2820" Y="3635" Z="0"/><Vertex X="2878" Y="3635" Z="0"/><Vertex X="2878" Y="3606" Z="0"/><Vertex X="2908" Y="3606" Z="0"/><Vertex X="2908" Y="3519" Z="0"/><Vertex X="2966" Y="3519" Z="0"/><Vertex X="2966" Y="3431" Z="0"/><Vertex X="3024" Y="3431" Z="0"/><Vertex X="3140" Y="3286" Z="0"/><Vertex X="3140" Y="3257" Z="0"/><Vertex X="3227" Y="3257" Z="0"/><Vertex X="3227" Y="3199" Z="0"/><Vertex X="3257" Y="3199" Z="0"/><Vertex X="3257" Y="3141" Z="0"/><Vertex X="3315" Y="3141" Z="0"/><Vertex X="3315" Y="3112" Z="0"/><Vertex X="3373" Y="3112" Z="0"/><Vertex X="3518" Y="2966" Z="0"/><Vertex X="3518" Y="2937" Z="0"/><Vertex X="3576" Y="2937" Z="0"/><Vertex X="3635" Y="2879" Z="0"/><Vertex X="3693" Y="2879" Z="0"/><Vertex X="3693" Y="2821" Z="0"/><Vertex X="3780" Y="2821" Z="0"/><Vertex X="3954" Y="2763" Z="0"/><Vertex X="3984" Y="2733" Z="0"/><Vertex X="4042" Y="2733" Z="0"/><Vertex X="4042" Y="2675" Z="0"/><Vertex X="4100" Y="2675" Z="0"/><Vertex X="4129" Y="2617" Z="0"/><Vertex X="4187" Y="2559" Z="0"/><Vertex X="4245" Y="2530" Z="0"/><Vertex X="4332" Y="2443" Z="0"/><Vertex X="4362" Y="2443" Z="0"/><Vertex X="4362" Y="2355" Z="0"/><Vertex X="4420" Y="2355" Z="0"/><Vertex X="4420" Y="2297" Z="0"/><Vertex X="4478" Y="2210" Z="0"/><Vertex X="4478" Y="2181" Z="0"/><Vertex X="4478" Y="2123" Z="0"/><Vertex X="4478" Y="2036" Z="0"/><Vertex X="4478" Y="1948" Z="0"/><Vertex X="4536" Y="1890" Z="0"/><Vertex X="4536" Y="1832" Z="0"/><Vertex X="4536" Y="1774" Z="0"/><Vertex X="4536" Y="1745" Z="0"/><Vertex X="4536" Y="1687" Z="0"/><Vertex X="4507" Y="1658" Z="0"/><Vertex X="4507" Y="1599" Z="0"/><Vertex X="4449" Y="1599" Z="0"/><Vertex X="4420" Y="1541" Z="0"/><Vertex X="4362" Y="1541" Z="0"/><Vertex X="4362" Y="1483" Z="0"/><Vertex X="4303" Y="1483" Z="0"/><Vertex X="4303" Y="1425" Z="0"/><Vertex X="4245" Y="1338" Z="0"/><Vertex X="4245" Y="1250" Z="0"/><Vertex X="4216" Y="1105" Z="0"/><Vertex X="4216" Y="1018" Z="0"/><Vertex X="4158" Y="1018" Z="0"/><Vertex X="4158" Y="960" Z="0"/><Vertex X="4100" Y="872" Z="0"/><Vertex X="4071" Y="785" Z="0"/><Vertex X="3867" Y="582" Z="0"/><Vertex X="3809" Y="582" Z="0"/><Vertex X="3809" Y="523" Z="0"/><Vertex X="3751" Y="523" Z="0"/><Vertex X="3693" Y="465" Z="0"/><Vertex X="3605" Y="465" Z="0"/><Vertex X="3576" Y="465" Z="0"/><Vertex X="3518" Y="436" Z="0"/><Vertex X="3489" Y="436" Z="0"/><Vertex X="3431" Y="436" Z="0"/><Vertex X="3373" Y="436" Z="0"/><Vertex X="3344" Y="436" Z="0"/><Vertex X="3286" Y="436" Z="0"/><Vertex X="3227" Y="494" Z="0"/><Vertex X="3198" Y="553" Z="0"/><Vertex X="3140" Y="553" Z="0"/><Vertex X="3140" Y="582" Z="0"/><Vertex X="3111" Y="582" Z="0"/><Vertex X="3111" Y="640" Z="0"/><Vertex X="3111" Y="698" Z="0"/><Vertex X="3053" Y="727" Z="0"/><Vertex X="3053" Y="785" Z="0"/><Vertex X="3053" Y="872" Z="0"/><Vertex X="2966" Y="960" Z="0"/><Vertex X="2966" Y="989" Z="0"/><Vertex X="2966" Y="1076" Z="0"/><Vertex X="2908" Y="1134" Z="0"/><Vertex X="2908" Y="1221" Z="0"/><Vertex X="2849" Y="1338" Z="0"/><Vertex X="2849" Y="1396" Z="0"/><Vertex X="2849" Y="1425" Z="0"/><Vertex X="2762" Y="1367" Z="0"/></Vertices></Region><Region Id="2" Type="0" Zoom="0.034388" Selected="0" ImageLocation="" ImageFocus="-1" Length="18675.5" Area="16556687.5" LengthMicrons="9214.5" AreaMicrons="4030619.1" Text="" NegativeROA="0" InputRegionId="0" Analyze="1" DisplayId="2"><Attributes></Attributes><Vertices><Vertex X="7909" Y="13987" Z="0"/><Vertex X="7997" Y="14016" Z="0"/><Vertex X="8055" Y="14016" Z="0"/><Vertex X="8084" Y="14016" Z="0"/><Vertex X="8084" Y="14075" Z="0"/><Vertex X="8142" Y="14075" Z="0"/><Vertex X="8171" Y="14075" Z="0"/><Vertex X="8171" Y="14133" Z="0"/><Vertex X="8229" Y="14133" Z="0"/><Vertex X="8316" Y="14133" Z="0"/><Vertex X="8375" Y="14133" Z="0"/><Vertex X="8404" Y="14133" Z="0"/><Vertex X="8462" Y="14133" Z="0"/><Vertex X="8665" Y="14133" Z="0"/><Vertex X="8724" Y="14133" Z="0"/><Vertex X="8811" Y="14133" Z="0"/><Vertex X="8869" Y="14133" Z="0"/><Vertex X="8956" Y="14133" Z="0"/><Vertex X="9014" Y="14104" Z="0"/><Vertex X="9102" Y="14104" Z="0"/><Vertex X="9160" Y="14104" Z="0"/><Vertex X="9189" Y="14104" Z="0"/><Vertex X="9247" Y="14104" Z="0"/><Vertex X="9276" Y="13987" Z="0"/><Vertex X="9334" Y="13987" Z="0"/><Vertex X="9334" Y="13958" Z="0"/><Vertex X="9392" Y="13958" Z="0"/><Vertex X="9421" Y="13900" Z="0"/><Vertex X="9480" Y="13842" Z="0"/><Vertex X="9596" Y="13784" Z="0"/><Vertex X="9596" Y="13755" Z="0"/><Vertex X="9625" Y="13755" Z="0"/><Vertex X="9625" Y="13697" Z="0"/><Vertex X="9683" Y="13697" Z="0"/><Vertex X="9683" Y="13667" Z="0"/><Vertex X="9712" Y="13667" Z="0"/><Vertex X="9712" Y="13551" Z="0"/><Vertex X="9770" Y="13551" Z="0"/><Vertex X="9770" Y="13522" Z="0"/><Vertex X="9770" Y="13464" Z="0"/><Vertex X="9770" Y="13435" Z="0"/><Vertex X="9770" Y="13377" Z="0"/><Vertex X="9829" Y="13231" Z="0"/><Vertex X="9829" Y="13173" Z="0"/><Vertex X="9858" Y="13173" Z="0"/><Vertex X="9858" Y="13144" Z="0"/><Vertex X="9858" Y="13086" Z="0"/><Vertex X="9916" Y="13086" Z="0"/><Vertex X="9916" Y="13057" Z="0"/><Vertex X="9916" Y="12853" Z="0"/><Vertex X="9916" Y="12795" Z="0"/><Vertex X="9916" Y="12737" Z="0"/><Vertex X="9916" Y="12708" Z="0"/><Vertex X="9916" Y="12650" Z="0"/><Vertex X="9916" Y="12562" Z="0"/><Vertex X="9916" Y="12504" Z="0"/><Vertex X="9916" Y="12475" Z="0"/><Vertex X="9916" Y="12417" Z="0"/><Vertex X="9916" Y="12213" Z="0"/><Vertex X="9974" Y="12155" Z="0"/><Vertex X="9974" Y="12068" Z="0"/><Vertex X="9974" Y="12039" Z="0"/><Vertex X="10032" Y="11952" Z="0"/><Vertex X="10032" Y="11748" Z="0"/><Vertex X="10032" Y="11661" Z="0"/><Vertex X="10061" Y="11632" Z="0"/><Vertex X="10061" Y="11545" Z="0"/><Vertex X="10061" Y="11457" Z="0"/><Vertex X="10148" Y="11225" Z="0"/><Vertex X="10148" Y="11138" Z="0"/><Vertex X="10148" Y="11079" Z="0"/><Vertex X="10148" Y="11050" Z="0"/><Vertex X="10148" Y="10992" Z="0"/><Vertex X="10032" Y="10905" Z="0"/><Vertex X="10003" Y="10905" Z="0"/><Vertex X="10003" Y="10847" Z="0"/><Vertex X="9945" Y="10847" Z="0"/><Vertex X="9887" Y="10818" Z="0"/><Vertex X="9712" Y="10643" Z="0"/><Vertex X="9654" Y="10614" Z="0"/><Vertex X="9596" Y="10556" Z="0"/><Vertex X="9538" Y="10498" Z="0"/><Vertex X="9509" Y="10469" Z="0"/><Vertex X="9363" Y="10469" Z="0"/><Vertex X="9305" Y="10469" Z="0"/><Vertex X="9276" Y="10469" Z="0"/><Vertex X="9218" Y="10469" Z="0"/><Vertex X="9189" Y="10469" Z="0"/><Vertex X="8811" Y="10469" Z="0"/><Vertex X="8753" Y="10469" Z="0"/><Vertex X="8724" Y="10469" Z="0"/><Vertex X="8636" Y="10469" Z="0"/><Vertex X="8549" Y="10469" Z="0"/><Vertex X="8520" Y="10469" Z="0"/><Vertex X="8404" Y="10411" Z="0"/><Vertex X="8404" Y="10352" Z="0"/><Vertex X="8404" Y="10323" Z="0"/><Vertex X="8404" Y="10265" Z="0"/><Vertex X="8433" Y="10207" Z="0"/><Vertex X="8491" Y="10149" Z="0"/><Vertex X="8549" Y="10149" Z="0"/><Vertex X="8549" Y="10120" Z="0"/><Vertex X="8694" Y="10062" Z="0"/><Vertex X="8724" Y="10062" Z="0"/><Vertex X="8724" Y="10032" Z="0"/><Vertex X="8782" Y="10032" Z="0"/><Vertex X="8782" Y="9829" Z="0"/><Vertex X="8782" Y="9800" Z="0"/><Vertex X="8782" Y="9742" Z="0"/><Vertex X="8782" Y="9684" Z="0"/><Vertex X="8753" Y="9654" Z="0"/><Vertex X="8753" Y="9596" Z="0"/><Vertex X="8694" Y="9596" Z="0"/><Vertex X="8636" Y="9538" Z="0"/><Vertex X="8607" Y="9538" Z="0"/><Vertex X="8491" Y="9451" Z="0"/><Vertex X="8491" Y="9393" Z="0"/><Vertex X="8462" Y="9393" Z="0"/><Vertex X="8462" Y="9364" Z="0"/><Vertex X="8404" Y="9364" Z="0"/><Vertex X="8404" Y="9306" Z="0"/><Vertex X="8345" Y="9306" Z="0"/><Vertex X="8142" Y="9160" Z="0"/><Vertex X="8142" Y="9102" Z="0"/><Vertex X="8113" Y="9102" Z="0"/><Vertex X="8055" Y="9044" Z="0"/><Vertex X="7997" Y="9044" Z="0"/><Vertex X="7909" Y="9044" Z="0"/><Vertex X="7851" Y="9044" Z="0"/><Vertex X="7822" Y="9044" Z="0"/><Vertex X="7764" Y="9044" Z="0"/><Vertex X="7618" Y="9044" Z="0"/><Vertex X="7589" Y="9044" Z="0"/><Vertex X="7531" Y="9044" Z="0"/><Vertex X="7502" Y="9044" Z="0"/><Vertex X="7444" Y="9044" Z="0"/><Vertex X="7386" Y="9044" Z="0"/><Vertex X="7357" Y="9044" Z="0"/><Vertex X="7124" Y="9044" Z="0"/><Vertex X="7095" Y="9044" Z="0"/><Vertex X="7037" Y="9044" Z="0"/><Vertex X="6950" Y="9044" Z="0"/><Vertex X="6891" Y="9044" Z="0"/><Vertex X="6891" Y="9073" Z="0"/><Vertex X="6862" Y="9073" Z="0"/><Vertex X="6804" Y="9073" Z="0"/><Vertex X="6804" Y="9131" Z="0"/><Vertex X="6775" Y="9131" Z="0"/><Vertex X="6717" Y="9131" Z="0"/><Vertex X="6717" Y="9160" Z="0"/><Vertex X="6630" Y="9160" Z="0"/><Vertex X="6572" Y="9160" Z="0"/><Vertex X="6543" Y="9160" Z="0"/><Vertex X="6484" Y="9131" Z="0"/><Vertex X="6455" Y="9131" Z="0"/><Vertex X="6484" Y="9131" Z="0"/><Vertex X="6426" Y="9131" Z="0"/><Vertex X="6368" Y="9131" Z="0"/><Vertex X="6339" Y="9073" Z="0"/><Vertex X="6194" Y="9015" Z="0"/><Vertex X="6135" Y="9015" Z="0"/><Vertex X="6077" Y="9015" Z="0"/><Vertex X="5990" Y="9015" Z="0"/><Vertex X="5961" Y="9015" Z="0"/><Vertex X="5874" Y="9015" Z="0"/><Vertex X="5816" Y="9015" Z="0"/><Vertex X="5757" Y="9015" Z="0"/><Vertex X="5670" Y="9131" Z="0"/><Vertex X="5583" Y="9131" Z="0"/><Vertex X="5583" Y="9160" Z="0"/><Vertex X="5554" Y="9160" Z="0"/><Vertex X="5554" Y="9218" Z="0"/><Vertex X="5496" Y="9218" Z="0"/><Vertex X="5496" Y="9306" Z="0"/><Vertex X="5496" Y="9335" Z="0"/><Vertex X="5467" Y="9335" Z="0"/><Vertex X="5467" Y="9422" Z="0"/><Vertex X="5467" Y="9451" Z="0"/><Vertex X="5408" Y="9596" Z="0"/><Vertex X="5408" Y="9654" Z="0"/><Vertex X="5408" Y="9742" Z="0"/><Vertex X="5408" Y="9829" Z="0"/><Vertex X="5408" Y="9887" Z="0"/><Vertex X="5408" Y="9945" Z="0"/><Vertex X="5408" Y="10120" Z="0"/><Vertex X="5408" Y="10178" Z="0"/><Vertex X="5408" Y="10265" Z="0"/><Vertex X="5467" Y="10294" Z="0"/><Vertex X="5467" Y="10381" Z="0"/><Vertex X="5525" Y="10381" Z="0"/><Vertex X="5554" Y="10585" Z="0"/><Vertex X="5554" Y="10672" Z="0"/><Vertex X="5612" Y="10730" Z="0"/><Vertex X="5612" Y="10818" Z="0"/><Vertex X="5670" Y="10818" Z="0"/><Vertex X="5670" Y="10905" Z="0"/><Vertex X="5699" Y="10963" Z="0"/><Vertex X="5757" Y="11050" Z="0"/><Vertex X="5757" Y="11079" Z="0"/><Vertex X="5816" Y="11079" Z="0"/><Vertex X="5816" Y="11138" Z="0"/><Vertex X="5845" Y="11196" Z="0"/><Vertex X="5845" Y="11225" Z="0"/><Vertex X="5903" Y="11225" Z="0"/><Vertex X="5903" Y="11283" Z="0"/><Vertex X="5961" Y="11370" Z="0"/><Vertex X="5961" Y="11399" Z="0"/><Vertex X="5990" Y="11399" Z="0"/><Vertex X="5990" Y="11457" Z="0"/><Vertex X="5990" Y="11486" Z="0"/><Vertex X="6048" Y="11545" Z="0"/><Vertex X="6048" Y="11603" Z="0"/><Vertex X="6048" Y="11690" Z="0"/><Vertex X="6048" Y="11748" Z="0"/><Vertex X="6048" Y="11777" Z="0"/><Vertex X="6048" Y="11835" Z="0"/><Vertex X="6048" Y="11865" Z="0"/><Vertex X="6048" Y="11923" Z="0"/><Vertex X="6048" Y="11981" Z="0"/><Vertex X="6048" Y="12010" Z="0"/><Vertex X="6019" Y="12010" Z="0"/><Vertex X="6019" Y="12068" Z="0"/><Vertex X="6019" Y="12155" Z="0"/><Vertex X="6019" Y="12213" Z="0"/><Vertex X="6048" Y="12243" Z="0"/><Vertex X="6048" Y="12301" Z="0"/><Vertex X="6106" Y="12446" Z="0"/><Vertex X="6164" Y="12504" Z="0"/><Vertex X="6164" Y="12533" Z="0"/><Vertex X="6194" Y="12592" Z="0"/><Vertex X="6252" Y="12650" Z="0"/><Vertex X="6310" Y="12650" Z="0"/><Vertex X="6368" Y="12650" Z="0"/><Vertex X="6368" Y="12679" Z="0"/><Vertex X="6426" Y="12679" Z="0"/><Vertex X="6484" Y="12679" Z="0"/><Vertex X="6513" Y="12679" Z="0"/><Vertex X="6688" Y="12679" Z="0"/><Vertex X="6746" Y="12679" Z="0"/><Vertex X="6775" Y="12679" Z="0"/><Vertex X="6833" Y="12737" Z="0"/><Vertex X="6891" Y="12737" Z="0"/><Vertex X="6979" Y="12795" Z="0"/><Vertex X="7037" Y="12853" Z="0"/><Vertex X="7095" Y="12882" Z="0"/><Vertex X="7124" Y="12882" Z="0"/><Vertex X="7182" Y="12940" Z="0"/><Vertex X="7182" Y="12999" Z="0"/><Vertex X="7270" Y="13086" Z="0"/><Vertex X="7328" Y="13144" Z="0"/><Vertex X="7386" Y="13173" Z="0"/><Vertex X="7648" Y="13900" Z="0"/><Vertex X="7677" Y="13900" Z="0"/><Vertex X="7677" Y="13929" Z="0"/><Vertex X="7706" Y="13929" Z="0"/><Vertex X="7822" Y="13929" Z="0"/><Vertex X="7851" Y="13929" Z="0"/><Vertex X="7851" Y="13987" Z="0"/><Vertex X="7909" Y="13987" Z="0"/></Vertices></Region><Region Id="3" Type="0" Zoom="0.034388" Selected="0" ImageLocation="" ImageFocus="-1" Length="26034.4" Area="25433773.5" LengthMicrons="12845.4" AreaMicrons="6191688.6" Text="" NegativeROA="0" InputRegionId="0" Analyze="1" DisplayId="3"><Attributes></Attributes><Vertices><Vertex X="8724" Y="16488" Z="0"/><Vertex X="8694" Y="16488" Z="0"/><Vertex X="8694" Y="16546" Z="0"/><Vertex X="8694" Y="16575" Z="0"/><Vertex X="8636" Y="16575" Z="0"/><Vertex X="8607" Y="16663" Z="0"/><Vertex X="8549" Y="16721" Z="0"/><Vertex X="8491" Y="16779" Z="0"/><Vertex X="8462" Y="16779" Z="0"/><Vertex X="8462" Y="16837" Z="0"/><Vertex X="8404" Y="16837" Z="0"/><Vertex X="8345" Y="16837" Z="0"/><Vertex X="8345" Y="16866" Z="0"/><Vertex X="8258" Y="16866" Z="0"/><Vertex X="8171" Y="16924" Z="0"/><Vertex X="8171" Y="16953" Z="0"/><Vertex X="8113" Y="16953" Z="0"/><Vertex X="8055" Y="17012" Z="0"/><Vertex X="7997" Y="17012" Z="0"/><Vertex X="7967" Y="17070" Z="0"/><Vertex X="7880" Y="17070" Z="0"/><Vertex X="7822" Y="17157" Z="0"/><Vertex X="7764" Y="17157" Z="0"/><Vertex X="7618" Y="17302" Z="0"/><Vertex X="7618" Y="17331" Z="0"/><Vertex X="7560" Y="17331" Z="0"/><Vertex X="7560" Y="17390" Z="0"/><Vertex X="7502" Y="17390" Z="0"/><Vertex X="7502" Y="17419" Z="0"/><Vertex X="7502" Y="17477" Z="0"/><Vertex X="7473" Y="17622" Z="0"/><Vertex X="7473" Y="17680" Z="0"/><Vertex X="7473" Y="17739" Z="0"/><Vertex X="7473" Y="17826" Z="0"/><Vertex X="7473" Y="17884" Z="0"/><Vertex X="7589" Y="18088" Z="0"/><Vertex X="7589" Y="18204" Z="0"/><Vertex X="7677" Y="18204" Z="0"/><Vertex X="7677" Y="18291" Z="0"/><Vertex X="7735" Y="18349" Z="0"/><Vertex X="7793" Y="18349" Z="0"/><Vertex X="7851" Y="18437" Z="0"/><Vertex X="7880" Y="18437" Z="0"/><Vertex X="7938" Y="18495" Z="0"/><Vertex X="8258" Y="18698" Z="0"/><Vertex X="8287" Y="18698" Z="0"/><Vertex X="8345" Y="18727" Z="0"/><Vertex X="8404" Y="18727" Z="0"/><Vertex X="8404" Y="18785" Z="0"/><Vertex X="8462" Y="18785" Z="0"/><Vertex X="8462" Y="18844" Z="0"/><Vertex X="8549" Y="18844" Z="0"/><Vertex X="8607" Y="18873" Z="0"/><Vertex X="8927" Y="18989" Z="0"/><Vertex X="9014" Y="18989" Z="0"/><Vertex X="9014" Y="19047" Z="0"/><Vertex X="9072" Y="19047" Z="0"/><Vertex X="9131" Y="19047" Z="0"/><Vertex X="9131" Y="19076" Z="0"/><Vertex X="9218" Y="19076" Z="0"/><Vertex X="9421" Y="19193" Z="0"/><Vertex X="9450" Y="19193" Z="0"/><Vertex X="9450" Y="19222" Z="0"/><Vertex X="9509" Y="19222" Z="0"/><Vertex X="9567" Y="19280" Z="0"/><Vertex X="9625" Y="19280" Z="0"/><Vertex X="9683" Y="19280" Z="0"/><Vertex X="9887" Y="19338" Z="0"/><Vertex X="9974" Y="19338" Z="0"/><Vertex X="10032" Y="19338" Z="0"/><Vertex X="10119" Y="19338" Z="0"/><Vertex X="10177" Y="19338" Z="0"/><Vertex X="10207" Y="19338" Z="0"/><Vertex X="10410" Y="19338" Z="0"/><Vertex X="10468" Y="19338" Z="0"/><Vertex X="10497" Y="19338" Z="0"/><Vertex X="10556" Y="19338" Z="0"/><Vertex X="10614" Y="19338" Z="0"/><Vertex X="10643" Y="19338" Z="0"/><Vertex X="10730" Y="19338" Z="0"/><Vertex X="10730" Y="19309" Z="0"/><Vertex X="10817" Y="19309" Z="0"/><Vertex X="10846" Y="19309" Z="0"/><Vertex X="11137" Y="19164" Z="0"/><Vertex X="11195" Y="19164" Z="0"/><Vertex X="11195" Y="19105" Z="0"/><Vertex X="11283" Y="19105" Z="0"/><Vertex X="11283" Y="19076" Z="0"/><Vertex X="11370" Y="19076" Z="0"/><Vertex X="11370" Y="19018" Z="0"/><Vertex X="11457" Y="19018" Z="0"/><Vertex X="11486" Y="18960" Z="0"/><Vertex X="11748" Y="18873" Z="0"/><Vertex X="11748" Y="18785" Z="0"/><Vertex X="11806" Y="18785" Z="0"/><Vertex X="11806" Y="18727" Z="0"/><Vertex X="11893" Y="18727" Z="0"/><Vertex X="11893" Y="18698" Z="0"/><Vertex X="11980" Y="18698" Z="0"/><Vertex X="12039" Y="18640" Z="0"/><Vertex X="12271" Y="18466" Z="0"/><Vertex X="12388" Y="18407" Z="0"/><Vertex X="12446" Y="18407" Z="0"/><Vertex X="12475" Y="18407" Z="0"/><Vertex X="12475" Y="18378" Z="0"/><Vertex X="12562" Y="18378" Z="0"/><Vertex X="12591" Y="18378" Z="0"/><Vertex X="12649" Y="18320" Z="0"/><Vertex X="12707" Y="18320" Z="0"/><Vertex X="12707" Y="18262" Z="0"/><Vertex X="12911" Y="18204" Z="0"/><Vertex X="12998" Y="18175" Z="0"/><Vertex X="13056" Y="18117" Z="0"/><Vertex X="13115" Y="18117" Z="0"/><Vertex X="13115" Y="18058" Z="0"/><Vertex X="13202" Y="18058" Z="0"/><Vertex X="13260" Y="18029" Z="0"/><Vertex X="13318" Y="18029" Z="0"/><Vertex X="13405" Y="17971" Z="0"/><Vertex X="13638" Y="17826" Z="0"/><Vertex X="13696" Y="17826" Z="0"/><Vertex X="13696" Y="17797" Z="0"/><Vertex X="13783" Y="17797" Z="0"/><Vertex X="13871" Y="17739" Z="0"/><Vertex X="13958" Y="17739" Z="0"/><Vertex X="13958" Y="17680" Z="0"/><Vertex X="14016" Y="17680" Z="0"/><Vertex X="14220" Y="17535" Z="0"/><Vertex X="14220" Y="17506" Z="0"/><Vertex X="14278" Y="17448" Z="0"/><Vertex X="14278" Y="17361" Z="0"/><Vertex X="14336" Y="17361" Z="0"/><Vertex X="14336" Y="17302" Z="0"/><Vertex X="14365" Y="17302" Z="0"/><Vertex X="14365" Y="17215" Z="0"/><Vertex X="14481" Y="17099" Z="0"/><Vertex X="14481" Y="17041" Z="0"/><Vertex X="14510" Y="16983" Z="0"/><Vertex X="14510" Y="16953" Z="0"/><Vertex X="14569" Y="16953" Z="0"/><Vertex X="14627" Y="16895" Z="0"/><Vertex X="14656" Y="16837" Z="0"/><Vertex X="14743" Y="16721" Z="0"/><Vertex X="14801" Y="16721" Z="0"/><Vertex X="14801" Y="16663" Z="0"/><Vertex X="14859" Y="16663" Z="0"/><Vertex X="14859" Y="16605" Z="0"/><Vertex X="14888" Y="16605" Z="0"/><Vertex X="14947" Y="16546" Z="0"/><Vertex X="15005" Y="16488" Z="0"/><Vertex X="15092" Y="16343" Z="0"/><Vertex X="15092" Y="16314" Z="0"/><Vertex X="15150" Y="16256" Z="0"/><Vertex X="15208" Y="16168" Z="0"/><Vertex X="15296" Y="16081" Z="0"/><Vertex X="15354" Y="15994" Z="0"/><Vertex X="15383" Y="15936" Z="0"/><Vertex X="15441" Y="15819" Z="0"/><Vertex X="15499" Y="15819" Z="0"/><Vertex X="15499" Y="15761" Z="0"/><Vertex X="15557" Y="15674" Z="0"/><Vertex X="15557" Y="15587" Z="0"/><Vertex X="15586" Y="15587" Z="0"/><Vertex X="15586" Y="15558" Z="0"/><Vertex X="15644" Y="15441" Z="0"/><Vertex X="15644" Y="15412" Z="0"/><Vertex X="15703" Y="15354" Z="0"/><Vertex X="15703" Y="15296" Z="0"/><Vertex X="15703" Y="15267" Z="0"/><Vertex X="15732" Y="15267" Z="0"/><Vertex X="15732" Y="15209" Z="0"/><Vertex X="15790" Y="15121" Z="0"/><Vertex X="15790" Y="15063" Z="0"/><Vertex X="15790" Y="14976" Z="0"/><Vertex X="15848" Y="14976" Z="0"/><Vertex X="15848" Y="14918" Z="0"/><Vertex X="15848" Y="14831" Z="0"/><Vertex X="15877" Y="14831" Z="0"/><Vertex X="15877" Y="14743" Z="0"/><Vertex X="15935" Y="14685" Z="0"/><Vertex X="15993" Y="14540" Z="0"/><Vertex X="15993" Y="14511" Z="0"/><Vertex X="16052" Y="14424" Z="0"/><Vertex X="16052" Y="14365" Z="0"/><Vertex X="16110" Y="14278" Z="0"/><Vertex X="16110" Y="14249" Z="0"/><Vertex X="16139" Y="14191" Z="0"/><Vertex X="16139" Y="14104" Z="0"/><Vertex X="16139" Y="14045" Z="0"/><Vertex X="16139" Y="13987" Z="0"/><Vertex X="16139" Y="13900" Z="0"/><Vertex X="16139" Y="13842" Z="0"/><Vertex X="16139" Y="13813" Z="0"/><Vertex X="16139" Y="13697" Z="0"/><Vertex X="16081" Y="13667" Z="0"/><Vertex X="16023" Y="13667" Z="0"/><Vertex X="16023" Y="13609" Z="0"/><Vertex X="15964" Y="13609" Z="0"/><Vertex X="15906" Y="13609" Z="0"/><Vertex X="15906" Y="13551" Z="0"/><Vertex X="15848" Y="13551" Z="0"/><Vertex X="15674" Y="13406" Z="0"/><Vertex X="15586" Y="13406" Z="0"/><Vertex X="15586" Y="13377" Z="0"/><Vertex X="15499" Y="13377" Z="0"/><Vertex X="15441" Y="13319" Z="0"/><Vertex X="15441" Y="13260" Z="0"/><Vertex X="15354" Y="13260" Z="0"/><Vertex X="15208" Y="13231" Z="0"/><Vertex X="15121" Y="13231" Z="0"/><Vertex X="15063" Y="13231" Z="0"/><Vertex X="14976" Y="13231" Z="0"/><Vertex X="14917" Y="13231" Z="0"/><Vertex X="14859" Y="13231" Z="0"/><Vertex X="14830" Y="13231" Z="0"/><Vertex X="14772" Y="13231" Z="0"/><Vertex X="14743" Y="13231" Z="0"/><Vertex X="14685" Y="13231" Z="0"/><Vertex X="14510" Y="13231" Z="0"/><Vertex X="14452" Y="13231" Z="0"/><Vertex X="14394" Y="13231" Z="0"/><Vertex X="14365" Y="13260" Z="0"/><Vertex X="14307" Y="13260" Z="0"/><Vertex X="14220" Y="13260" Z="0"/><Vertex X="14161" Y="13260" Z="0"/><Vertex X="14074" Y="13260" Z="0"/><Vertex X="13842" Y="13348" Z="0"/><Vertex X="13754" Y="13348" Z="0"/><Vertex X="13696" Y="13348" Z="0"/><Vertex X="13638" Y="13348" Z="0"/><Vertex X="13551" Y="13348" Z="0"/><Vertex X="13318" Y="13348" Z="0"/><Vertex X="13260" Y="13406" Z="0"/><Vertex X="13173" Y="13406" Z="0"/><Vertex X="13173" Y="13435" Z="0"/><Vertex X="13115" Y="13435" Z="0"/><Vertex X="13115" Y="13493" Z="0"/><Vertex X="13056" Y="13580" Z="0"/><Vertex X="12911" Y="13842" Z="0"/><Vertex X="12911" Y="13900" Z="0"/><Vertex X="12911" Y="13929" Z="0"/><Vertex X="12853" Y="13987" Z="0"/><Vertex X="12853" Y="14045" Z="0"/><Vertex X="12853" Y="14075" Z="0"/><Vertex X="12853" Y="14133" Z="0"/><Vertex X="12824" Y="14191" Z="0"/><Vertex X="12707" Y="14394" Z="0"/><Vertex X="12707" Y="14453" Z="0"/><Vertex X="12678" Y="14453" Z="0"/><Vertex X="12678" Y="14482" Z="0"/><Vertex X="12620" Y="14569" Z="0"/><Vertex X="12620" Y="14627" Z="0"/><Vertex X="12504" Y="14802" Z="0"/><Vertex X="12504" Y="14831" Z="0"/><Vertex X="12475" Y="14831" Z="0"/><Vertex X="12475" Y="14889" Z="0"/><Vertex X="12475" Y="14918" Z="0"/><Vertex X="12417" Y="14976" Z="0"/><Vertex X="12358" Y="15238" Z="0"/><Vertex X="12358" Y="15267" Z="0"/><Vertex X="12358" Y="15325" Z="0"/><Vertex X="12358" Y="15383" Z="0"/><Vertex X="12358" Y="15412" Z="0"/><Vertex X="12329" Y="15558" Z="0"/><Vertex X="12271" Y="15616" Z="0"/><Vertex X="12271" Y="15645" Z="0"/><Vertex X="12213" Y="15645" Z="0"/><Vertex X="12126" Y="15790" Z="0"/><Vertex X="12126" Y="15848" Z="0"/><Vertex X="12097" Y="15848" Z="0"/><Vertex X="12097" Y="15878" Z="0"/><Vertex X="12039" Y="15878" Z="0"/><Vertex X="12039" Y="15936" Z="0"/><Vertex X="12039" Y="15965" Z="0"/><Vertex X="11980" Y="15965" Z="0"/><Vertex X="11806" Y="16081" Z="0"/><Vertex X="11806" Y="16110" Z="0"/><Vertex X="11719" Y="16110" Z="0"/><Vertex X="11661" Y="16110" Z="0"/><Vertex X="11573" Y="16168" Z="0"/><Vertex X="11253" Y="16226" Z="0"/><Vertex X="11166" Y="16285" Z="0"/><Vertex X="11079" Y="16285" Z="0"/><Vertex X="10992" Y="16285" Z="0"/><Vertex X="10963" Y="16343" Z="0"/><Vertex X="10585" Y="16372" Z="0"/><Vertex X="10497" Y="16372" Z="0"/><Vertex X="10439" Y="16372" Z="0"/><Vertex X="10439" Y="16430" Z="0"/><Vertex X="10381" Y="16430" Z="0"/><Vertex X="10294" Y="16430" Z="0"/><Vertex X="10090" Y="16488" Z="0"/><Vertex X="9974" Y="16488" Z="0"/><Vertex X="9916" Y="16488" Z="0"/><Vertex X="9829" Y="16488" Z="0"/><Vertex X="9770" Y="16488" Z="0"/><Vertex X="9770" Y="16459" Z="0"/><Vertex X="9509" Y="16372" Z="0"/><Vertex X="9450" Y="16372" Z="0"/><Vertex X="9450" Y="16314" Z="0"/><Vertex X="9421" Y="16314" Z="0"/><Vertex X="9363" Y="16314" Z="0"/><Vertex X="9160" Y="16314" Z="0"/><Vertex X="9102" Y="16314" Z="0"/><Vertex X="9043" Y="16314" Z="0"/><Vertex X="9043" Y="16343" Z="0"/><Vertex X="8985" Y="16343" Z="0"/><Vertex X="8927" Y="16343" Z="0"/><Vertex X="8927" Y="16372" Z="0"/><Vertex X="8840" Y="16372" Z="0"/><Vertex X="8840" Y="16430" Z="0"/><Vertex X="8782" Y="16430" Z="0"/><Vertex X="8724" Y="16430" Z="0"/><Vertex X="8724" Y="16314" Z="0"/><Vertex X="8724" Y="16459" Z="0"/><Vertex X="8724" Y="16488" Z="0"/></Vertices></Region><Region Id="4" Type="0" Zoom="0.034388" Selected="0" ImageLocation="" ImageFocus="-1" Length="13206.1" Area="8133212.5" LengthMicrons="6515.9" AreaMicrons="1979978.3" Text="" NegativeROA="0" InputRegionId="0" Analyze="1" DisplayId="4"><Attributes></Attributes><Vertices><Vertex X="16662" Y="21693" Z="0"/><Vertex X="16604" Y="21693" Z="0"/><Vertex X="16575" Y="21693" Z="0"/><Vertex X="16517" Y="21752" Z="0"/><Vertex X="16343" Y="21781" Z="0"/><Vertex X="16284" Y="21839" Z="0"/><Vertex X="16226" Y="21839" Z="0"/><Vertex X="16168" Y="21897" Z="0"/><Vertex X="16139" Y="21897" Z="0"/><Vertex X="16081" Y="21984" Z="0"/><Vertex X="16023" Y="22042" Z="0"/><Vertex X="15877" Y="22159" Z="0"/><Vertex X="15877" Y="22188" Z="0"/><Vertex X="15877" Y="22275" Z="0"/><Vertex X="15877" Y="22333" Z="0"/><Vertex X="15848" Y="22391" Z="0"/><Vertex X="15848" Y="22420" Z="0"/><Vertex X="15848" Y="22479" Z="0"/><Vertex X="15848" Y="22624" Z="0"/><Vertex X="15848" Y="22711" Z="0"/><Vertex X="15906" Y="22769" Z="0"/><Vertex X="15906" Y="22828" Z="0"/><Vertex X="15965" Y="22828" Z="0"/><Vertex X="15965" Y="22886" Z="0"/><Vertex X="16023" Y="22944" Z="0"/><Vertex X="16197" Y="23031" Z="0"/><Vertex X="16255" Y="23089" Z="0"/><Vertex X="16314" Y="23089" Z="0"/><Vertex X="16401" Y="23147" Z="0"/><Vertex X="16488" Y="23147" Z="0"/><Vertex X="16546" Y="23147" Z="0"/><Vertex X="16633" Y="23206" Z="0"/><Vertex X="16721" Y="23206" Z="0"/><Vertex X="16750" Y="23206" Z="0"/><Vertex X="16808" Y="23264" Z="0"/><Vertex X="16866" Y="23264" Z="0"/><Vertex X="17011" Y="23293" Z="0"/><Vertex X="17040" Y="23293" Z="0"/><Vertex X="17099" Y="23293" Z="0"/><Vertex X="17157" Y="23293" Z="0"/><Vertex X="17186" Y="23293" Z="0"/><Vertex X="17244" Y="23293" Z="0"/><Vertex X="17273" Y="23293" Z="0"/><Vertex X="17360" Y="23293" Z="0"/><Vertex X="17448" Y="23293" Z="0"/><Vertex X="17506" Y="23293" Z="0"/><Vertex X="17593" Y="23293" Z="0"/><Vertex X="17680" Y="23351" Z="0"/><Vertex X="17709" Y="23351" Z="0"/><Vertex X="17767" Y="23351" Z="0"/><Vertex X="17826" Y="23351" Z="0"/><Vertex X="17884" Y="23351" Z="0"/><Vertex X="17971" Y="23351" Z="0"/><Vertex X="18087" Y="23351" Z="0"/><Vertex X="18175" Y="23293" Z="0"/><Vertex X="18262" Y="23206" Z="0"/><Vertex X="18349" Y="23147" Z="0"/><Vertex X="18407" Y="23089" Z="0"/><Vertex X="18436" Y="23031" Z="0"/><Vertex X="18494" Y="23031" Z="0"/><Vertex X="18494" Y="23002" Z="0"/><Vertex X="18640" Y="22944" Z="0"/><Vertex X="18669" Y="22944" Z="0"/><Vertex X="18727" Y="22886" Z="0"/><Vertex X="18785" Y="22886" Z="0"/><Vertex X="18843" Y="22857" Z="0"/><Vertex X="18931" Y="22798" Z="0"/><Vertex X="18989" Y="22740" Z="0"/><Vertex X="18989" Y="22682" Z="0"/><Vertex X="19018" Y="22653" Z="0"/><Vertex X="19076" Y="22595" Z="0"/><Vertex X="19163" Y="22508" Z="0"/><Vertex X="19221" Y="22449" Z="0"/><Vertex X="19221" Y="22391" Z="0"/><Vertex X="19251" Y="22391" Z="0"/><Vertex X="19251" Y="22362" Z="0"/><Vertex X="19309" Y="22304" Z="0"/><Vertex X="19309" Y="22217" Z="0"/><Vertex X="19367" Y="22217" Z="0"/><Vertex X="19512" Y="21955" Z="0"/><Vertex X="19541" Y="21897" Z="0"/><Vertex X="19541" Y="21839" Z="0"/><Vertex X="19600" Y="21839" Z="0"/><Vertex X="19658" Y="21810" Z="0"/><Vertex X="19687" Y="21810" Z="0"/><Vertex X="19774" Y="21693" Z="0"/><Vertex X="19832" Y="21664" Z="0"/><Vertex X="19890" Y="21664" Z="0"/><Vertex X="19890" Y="21606" Z="0"/><Vertex X="19919" Y="21606" Z="0"/><Vertex X="19919" Y="21577" Z="0"/><Vertex X="19978" Y="21577" Z="0"/><Vertex X="19978" Y="21519" Z="0"/><Vertex X="20065" Y="21519" Z="0"/><Vertex X="20094" Y="21432" Z="0"/><Vertex X="20152" Y="21432" Z="0"/><Vertex X="20152" Y="21374" Z="0"/><Vertex X="20181" Y="21374" Z="0"/><Vertex X="20239" Y="21315" Z="0"/><Vertex X="20297" Y="21315" Z="0"/><Vertex X="20297" Y="21286" Z="0"/><Vertex X="20327" Y="21286" Z="0"/><Vertex X="20385" Y="21228" Z="0"/><Vertex X="20472" Y="21170" Z="0"/><Vertex X="20472" Y="21141" Z="0"/><Vertex X="20472" Y="21083" Z="0"/><Vertex X="20472" Y="21054" Z="0"/><Vertex X="20472" Y="20966" Z="0"/><Vertex X="20472" Y="20908" Z="0"/><Vertex X="20472" Y="20763" Z="0"/><Vertex X="20472" Y="20705" Z="0"/><Vertex X="20472" Y="20617" Z="0"/><Vertex X="20472" Y="20559" Z="0"/><Vertex X="20414" Y="20530" Z="0"/><Vertex X="20356" Y="20472" Z="0"/><Vertex X="20297" Y="20472" Z="0"/><Vertex X="20297" Y="20414" Z="0"/><Vertex X="20239" Y="20414" Z="0"/><Vertex X="20152" Y="20356" Z="0"/><Vertex X="20094" Y="20356" Z="0"/><Vertex X="20065" Y="20356" Z="0"/><Vertex X="20007" Y="20356" Z="0"/><Vertex X="19978" Y="20356" Z="0"/><Vertex X="19919" Y="20356" Z="0"/><Vertex X="19861" Y="20356" Z="0"/><Vertex X="19687" Y="20327" Z="0"/><Vertex X="19600" Y="20327" Z="0"/><Vertex X="19541" Y="20327" Z="0"/><Vertex X="19483" Y="20327" Z="0"/><Vertex X="19396" Y="20327" Z="0"/><Vertex X="19309" Y="20327" Z="0"/><Vertex X="19251" Y="20327" Z="0"/><Vertex X="19076" Y="20327" Z="0"/><Vertex X="19018" Y="20385" Z="0"/><Vertex X="18960" Y="20385" Z="0"/><Vertex X="18873" Y="20443" Z="0"/><Vertex X="18814" Y="20443" Z="0"/><Vertex X="18727" Y="20443" Z="0"/><Vertex X="18669" Y="20501" Z="0"/><Vertex X="18553" Y="20501" Z="0"/><Vertex X="18553" Y="20530" Z="0"/><Vertex X="18494" Y="20530" Z="0"/><Vertex X="18465" Y="20530" Z="0"/><Vertex X="18465" Y="20588" Z="0"/><Vertex X="18407" Y="20588" Z="0"/><Vertex X="18349" Y="20647" Z="0"/><Vertex X="18291" Y="20647" Z="0"/><Vertex X="18116" Y="20676" Z="0"/><Vertex X="18058" Y="20734" Z="0"/><Vertex X="18000" Y="20734" Z="0"/><Vertex X="18000" Y="20792" Z="0"/><Vertex X="17942" Y="20792" Z="0"/><Vertex X="17884" Y="20850" Z="0"/><Vertex X="17826" Y="20879" Z="0"/><Vertex X="17767" Y="20937" Z="0"/><Vertex X="17709" Y="20995" Z="0"/><Vertex X="17680" Y="21083" Z="0"/><Vertex X="17622" Y="21170" Z="0"/><Vertex X="17622" Y="21199" Z="0"/><Vertex X="17535" Y="21199" Z="0"/><Vertex X="17535" Y="21286" Z="0"/><Vertex X="17477" Y="21286" Z="0"/><Vertex X="17477" Y="21374" Z="0"/><Vertex X="17448" Y="21374" Z="0"/><Vertex X="17448" Y="21403" Z="0"/><Vertex X="17389" Y="21403" Z="0"/><Vertex X="17302" Y="21519" Z="0"/><Vertex X="17244" Y="21548" Z="0"/><Vertex X="17186" Y="21548" Z="0"/><Vertex X="17186" Y="21606" Z="0"/><Vertex X="17157" Y="21606" Z="0"/><Vertex X="17099" Y="21664" Z="0"/><Vertex X="17011" Y="21693" Z="0"/><Vertex X="16953" Y="21693" Z="0"/><Vertex X="16953" Y="21752" Z="0"/><Vertex X="16895" Y="21752" Z="0"/><Vertex X="16866" Y="21752" Z="0"/><Vertex X="16779" Y="21752" Z="0"/><Vertex X="16721" Y="21752" Z="0"/><Vertex X="16662" Y="21752" Z="0"/><Vertex X="16662" Y="21693" Z="0"/><Vertex X="16662" Y="21693" Z="0"/></Vertices></Region></Regions><Plots></Plots></Annotation></Annotations>
