<Annotations MicronsPerPixel="0.493400">
	<Annotation Id="1" Name="" ReadOnly="0" NameReadOnly="0" LineColorReadOnly="0" Incremental="0" Type="4" LineColor="65280" Visible="1" Selected="1" MarkupImagePath="" MacroName=""><Attributes></Attributes><Regions><RegionAttributeHeaders></RegionAttributeHeaders><Region Id="1" Type="0" Zoom="0.031952" Selected="0" ImageLocation="" ImageFocus="-1" Length="52567.9" Area="52933418.5" LengthMicrons="25937.0" AreaMicrons="12886300.2" Text="" NegativeROA="0" InputRegionId="0" Analyze="1" DisplayId="1"><Attributes></Attributes><Vertices><Vertex X="28574" Y="18434" Z="0"/><Vertex X="28574" Y="18371" Z="0"/><Vertex X="28511" Y="18309" Z="0"/><Vertex X="28511" Y="18277" Z="0"/><Vertex X="28511" Y="18215" Z="0"/><Vertex X="28511" Y="18184" Z="0"/><Vertex X="28480" Y="18121" Z="0"/><Vertex X="28480" Y="18058" Z="0"/><Vertex X="28480" Y="17996" Z="0"/><Vertex X="28480" Y="17933" Z="0"/><Vertex X="28418" Y="17871" Z="0"/><Vertex X="28418" Y="17839" Z="0"/><Vertex X="28418" Y="17745" Z="0"/><Vertex X="28418" Y="17651" Z="0"/><Vertex X="28418" Y="17589" Z="0"/><Vertex X="28418" Y="17495" Z="0"/><Vertex X="28418" Y="17401" Z="0"/><Vertex X="28355" Y="17307" Z="0"/><Vertex X="28355" Y="17245" Z="0"/><Vertex X="28355" Y="17151" Z="0"/><Vertex X="28355" Y="17057" Z="0"/><Vertex X="28355" Y="16994" Z="0"/><Vertex X="28355" Y="16869" Z="0"/><Vertex X="28355" Y="16775" Z="0"/><Vertex X="28355" Y="16713" Z="0"/><Vertex X="28355" Y="16681" Z="0"/><Vertex X="28355" Y="16556" Z="0"/><Vertex X="28355" Y="16462" Z="0"/><Vertex X="28355" Y="16431" Z="0"/><Vertex X="28292" Y="16337" Z="0"/><Vertex X="28292" Y="16243" Z="0"/><Vertex X="28292" Y="16181" Z="0"/><Vertex X="28292" Y="16118" Z="0"/><Vertex X="28292" Y="16055" Z="0"/><Vertex X="28230" Y="16024" Z="0"/><Vertex X="28230" Y="15899" Z="0"/><Vertex X="28230" Y="15836" Z="0"/><Vertex X="28230" Y="15805" Z="0"/><Vertex X="28230" Y="15742" Z="0"/><Vertex X="28230" Y="15680" Z="0"/><Vertex X="28167" Y="15555" Z="0"/><Vertex X="28167" Y="15461" Z="0"/><Vertex X="28167" Y="15398" Z="0"/><Vertex X="28136" Y="15336" Z="0"/><Vertex X="28136" Y="15304" Z="0"/><Vertex X="28136" Y="15179" Z="0"/><Vertex X="28136" Y="15148" Z="0"/><Vertex X="28073" Y="15085" Z="0"/><Vertex X="28073" Y="14991" Z="0"/><Vertex X="28073" Y="14929" Z="0"/><Vertex X="28073" Y="14835" Z="0"/><Vertex X="28011" Y="14772" Z="0"/><Vertex X="28011" Y="14710" Z="0"/><Vertex X="28011" Y="14647" Z="0"/><Vertex X="27948" Y="14584" Z="0"/><Vertex X="27948" Y="14522" Z="0"/><Vertex X="27948" Y="14397" Z="0"/><Vertex X="27886" Y="14271" Z="0"/><Vertex X="27886" Y="14240" Z="0"/><Vertex X="27886" Y="14178" Z="0"/><Vertex X="27854" Y="14115" Z="0"/><Vertex X="27854" Y="14052" Z="0"/><Vertex X="27854" Y="13990" Z="0"/><Vertex X="27854" Y="13958" Z="0"/><Vertex X="27854" Y="13865" Z="0"/><Vertex X="27854" Y="13802" Z="0"/><Vertex X="27792" Y="13739" Z="0"/><Vertex X="27792" Y="13677" Z="0"/><Vertex X="27792" Y="13520" Z="0"/><Vertex X="27729" Y="13520" Z="0"/><Vertex X="27729" Y="13458" Z="0"/><Vertex X="27729" Y="13395" Z="0"/><Vertex X="27729" Y="13332" Z="0"/><Vertex X="27729" Y="13239" Z="0"/><Vertex X="27698" Y="13176" Z="0"/><Vertex X="27698" Y="13113" Z="0"/><Vertex X="27698" Y="13051" Z="0"/><Vertex X="27698" Y="12988" Z="0"/><Vertex X="27698" Y="12894" Z="0"/><Vertex X="27635" Y="12832" Z="0"/><Vertex X="27635" Y="12738" Z="0"/><Vertex X="27635" Y="12644" Z="0"/><Vertex X="27635" Y="12581" Z="0"/><Vertex X="27573" Y="12581" Z="0"/><Vertex X="27573" Y="12425" Z="0"/><Vertex X="27573" Y="12362" Z="0"/><Vertex X="27573" Y="12268" Z="0"/><Vertex X="27541" Y="12268" Z="0"/><Vertex X="27541" Y="12175" Z="0"/><Vertex X="27541" Y="12112" Z="0"/><Vertex X="27479" Y="12049" Z="0"/><Vertex X="27479" Y="11955" Z="0"/><Vertex X="27479" Y="11893" Z="0"/><Vertex X="27479" Y="11830" Z="0"/><Vertex X="27479" Y="11799" Z="0"/><Vertex X="27416" Y="11736" Z="0"/><Vertex X="27416" Y="11642" Z="0"/><Vertex X="27416" Y="11580" Z="0"/><Vertex X="27416" Y="11486" Z="0"/><Vertex X="27353" Y="11486" Z="0"/><Vertex X="27353" Y="11392" Z="0"/><Vertex X="27353" Y="11329" Z="0"/><Vertex X="27322" Y="11236" Z="0"/><Vertex X="27322" Y="11142" Z="0"/><Vertex X="27322" Y="11079" Z="0"/><Vertex X="27260" Y="11017" Z="0"/><Vertex X="27260" Y="10891" Z="0"/><Vertex X="27260" Y="10829" Z="0"/><Vertex X="27260" Y="10797" Z="0"/><Vertex X="27197" Y="10704" Z="0"/><Vertex X="27197" Y="10641" Z="0"/><Vertex X="27197" Y="10610" Z="0"/><Vertex X="27134" Y="10484" Z="0"/><Vertex X="27134" Y="10453" Z="0"/><Vertex X="27134" Y="10391" Z="0"/><Vertex X="27134" Y="10328" Z="0"/><Vertex X="27072" Y="10234" Z="0"/><Vertex X="27072" Y="10172" Z="0"/><Vertex X="27072" Y="10078" Z="0"/><Vertex X="27072" Y="10015" Z="0"/><Vertex X="27009" Y="9890" Z="0"/><Vertex X="27009" Y="9733" Z="0"/><Vertex X="26978" Y="9733" Z="0"/><Vertex X="26978" Y="9671" Z="0"/><Vertex X="26978" Y="9639" Z="0"/><Vertex X="26978" Y="9546" Z="0"/><Vertex X="26915" Y="9483" Z="0"/><Vertex X="26915" Y="9420" Z="0"/><Vertex X="26915" Y="9326" Z="0"/><Vertex X="26915" Y="9264" Z="0"/><Vertex X="26915" Y="9233" Z="0"/><Vertex X="26915" Y="9139" Z="0"/><Vertex X="26853" Y="9045" Z="0"/><Vertex X="26853" Y="8982" Z="0"/><Vertex X="26853" Y="8888" Z="0"/><Vertex X="26790" Y="8794" Z="0"/><Vertex X="26790" Y="8732" Z="0"/><Vertex X="26790" Y="8638" Z="0"/><Vertex X="26728" Y="8544" Z="0"/><Vertex X="26728" Y="8450" Z="0"/><Vertex X="26728" Y="8419" Z="0"/><Vertex X="26696" Y="8356" Z="0"/><Vertex X="26696" Y="8294" Z="0"/><Vertex X="26696" Y="8262" Z="0"/><Vertex X="26696" Y="8200" Z="0"/><Vertex X="26696" Y="8137" Z="0"/><Vertex X="26634" Y="8043" Z="0"/><Vertex X="26634" Y="7949" Z="0"/><Vertex X="26634" Y="7918" Z="0"/><Vertex X="26634" Y="7824" Z="0"/><Vertex X="26571" Y="7730" Z="0"/><Vertex X="26571" Y="7636" Z="0"/><Vertex X="26571" Y="7605" Z="0"/><Vertex X="26571" Y="7543" Z="0"/><Vertex X="26571" Y="7511" Z="0"/><Vertex X="26571" Y="7449" Z="0"/><Vertex X="26571" Y="7323" Z="0"/><Vertex X="26571" Y="7292" Z="0"/><Vertex X="26508" Y="7198" Z="0"/><Vertex X="26508" Y="7136" Z="0"/><Vertex X="26508" Y="7104" Z="0"/><Vertex X="26508" Y="7011" Z="0"/><Vertex X="26508" Y="6948" Z="0"/><Vertex X="26508" Y="6917" Z="0"/><Vertex X="26508" Y="6854" Z="0"/><Vertex X="26508" Y="6823" Z="0"/><Vertex X="26508" Y="6760" Z="0"/><Vertex X="26508" Y="6698" Z="0"/><Vertex X="26508" Y="6666" Z="0"/><Vertex X="26508" Y="6604" Z="0"/><Vertex X="26446" Y="6541" Z="0"/><Vertex X="26446" Y="6510" Z="0"/><Vertex X="26446" Y="6447" Z="0"/><Vertex X="26446" Y="6416" Z="0"/><Vertex X="26446" Y="6322" Z="0"/><Vertex X="26415" Y="6322" Z="0"/><Vertex X="26415" Y="6228" Z="0"/><Vertex X="26415" Y="6165" Z="0"/><Vertex X="26415" Y="6072" Z="0"/><Vertex X="26415" Y="6009" Z="0"/><Vertex X="26352" Y="6009" Z="0"/><Vertex X="26352" Y="5946" Z="0"/><Vertex X="26352" Y="5853" Z="0"/><Vertex X="26352" Y="5759" Z="0"/><Vertex X="26289" Y="5696" Z="0"/><Vertex X="26289" Y="5602" Z="0"/><Vertex X="26289" Y="5508" Z="0"/><Vertex X="26289" Y="5477" Z="0"/><Vertex X="26227" Y="5414" Z="0"/><Vertex X="26227" Y="5352" Z="0"/><Vertex X="26227" Y="5320" Z="0"/><Vertex X="26227" Y="5258" Z="0"/><Vertex X="26164" Y="5195" Z="0"/><Vertex X="26164" Y="5164" Z="0"/><Vertex X="26164" Y="5101" Z="0"/><Vertex X="26164" Y="5039" Z="0"/><Vertex X="26133" Y="5008" Z="0"/><Vertex X="26133" Y="4945" Z="0"/><Vertex X="26133" Y="4882" Z="0"/><Vertex X="26133" Y="4820" Z="0"/><Vertex X="26070" Y="4726" Z="0"/><Vertex X="26070" Y="4663" Z="0"/><Vertex X="26070" Y="4632" Z="0"/><Vertex X="26070" Y="4538" Z="0"/><Vertex X="26070" Y="4475" Z="0"/><Vertex X="26070" Y="4413" Z="0"/><Vertex X="26008" Y="4382" Z="0"/><Vertex X="26008" Y="4319" Z="0"/><Vertex X="26008" Y="4288" Z="0"/><Vertex X="26008" Y="4225" Z="0"/><Vertex X="26008" Y="4162" Z="0"/><Vertex X="25976" Y="4069" Z="0"/><Vertex X="25976" Y="4006" Z="0"/><Vertex X="25976" Y="3975" Z="0"/><Vertex X="25976" Y="3912" Z="0"/><Vertex X="25976" Y="3881" Z="0"/><Vertex X="25976" Y="3818" Z="0"/><Vertex X="25976" Y="3724" Z="0"/><Vertex X="25976" Y="3630" Z="0"/><Vertex X="25914" Y="3537" Z="0"/><Vertex X="25914" Y="3474" Z="0"/><Vertex X="25914" Y="3380" Z="0"/><Vertex X="25914" Y="3286" Z="0"/><Vertex X="25914" Y="3255" Z="0"/><Vertex X="25851" Y="3255" Z="0"/><Vertex X="25851" Y="3192" Z="0"/><Vertex X="25851" Y="3130" Z="0"/><Vertex X="25851" Y="3098" Z="0"/><Vertex X="25851" Y="3036" Z="0"/><Vertex X="25789" Y="3036" Z="0"/><Vertex X="25789" Y="3005" Z="0"/><Vertex X="25789" Y="2942" Z="0"/><Vertex X="25757" Y="2879" Z="0"/><Vertex X="25757" Y="2848" Z="0"/><Vertex X="25757" Y="2785" Z="0"/><Vertex X="25757" Y="2754" Z="0"/><Vertex X="25695" Y="2754" Z="0"/><Vertex X="25695" Y="2692" Z="0"/><Vertex X="25695" Y="2629" Z="0"/><Vertex X="25632" Y="2598" Z="0"/><Vertex X="25632" Y="2535" Z="0"/><Vertex X="25632" Y="2472" Z="0"/><Vertex X="25601" Y="2441" Z="0"/><Vertex X="25601" Y="2379" Z="0"/><Vertex X="25538" Y="2316" Z="0"/><Vertex X="25538" Y="2285" Z="0"/><Vertex X="25476" Y="2191" Z="0"/><Vertex X="25476" Y="2128" Z="0"/><Vertex X="25476" Y="2097" Z="0"/><Vertex X="25413" Y="2097" Z="0"/><Vertex X="25413" Y="2034" Z="0"/><Vertex X="25413" Y="2003" Z="0"/><Vertex X="25413" Y="1940" Z="0"/><Vertex X="25382" Y="1940" Z="0"/><Vertex X="25382" Y="1878" Z="0"/><Vertex X="25382" Y="1847" Z="0"/><Vertex X="25382" Y="1784" Z="0"/><Vertex X="25319" Y="1784" Z="0"/><Vertex X="25319" Y="1753" Z="0"/><Vertex X="25319" Y="1690" Z="0"/><Vertex X="25319" Y="1627" Z="0"/><Vertex X="25288" Y="1627" Z="0"/><Vertex X="25288" Y="1596" Z="0"/><Vertex X="25288" Y="1534" Z="0"/><Vertex X="25225" Y="1534" Z="0"/><Vertex X="25225" Y="1502" Z="0"/><Vertex X="25225" Y="1408" Z="0"/><Vertex X="25163" Y="1346" Z="0"/><Vertex X="25163" Y="1283" Z="0"/><Vertex X="25131" Y="1252" Z="0"/><Vertex X="25131" Y="1189" Z="0"/><Vertex X="25069" Y="1189" Z="0"/><Vertex X="25069" Y="1127" Z="0"/><Vertex X="25069" Y="1095" Z="0"/><Vertex X="25006" Y="1095" Z="0"/><Vertex X="25006" Y="1033" Z="0"/><Vertex X="24975" Y="1002" Z="0"/><Vertex X="24975" Y="939" Z="0"/><Vertex X="24912" Y="939" Z="0"/><Vertex X="24912" Y="876" Z="0"/><Vertex X="24850" Y="845" Z="0"/><Vertex X="24850" Y="782" Z="0"/><Vertex X="24818" Y="782" Z="0"/><Vertex X="24818" Y="720" Z="0"/><Vertex X="24756" Y="720" Z="0"/><Vertex X="24756" Y="689" Z="0"/><Vertex X="24693" Y="689" Z="0"/><Vertex X="24693" Y="626" Z="0"/><Vertex X="24662" Y="626" Z="0"/><Vertex X="24662" Y="595" Z="0"/><Vertex X="24599" Y="595" Z="0"/><Vertex X="24537" Y="563" Z="0"/><Vertex X="24505" Y="563" Z="0"/><Vertex X="24443" Y="563" Z="0"/><Vertex X="24412" Y="563" Z="0"/><Vertex X="24349" Y="563" Z="0"/><Vertex X="24286" Y="563" Z="0"/><Vertex X="24255" Y="563" Z="0"/><Vertex X="24192" Y="563" Z="0"/><Vertex X="24161" Y="563" Z="0"/><Vertex X="24099" Y="563" Z="0"/><Vertex X="24099" Y="595" Z="0"/><Vertex X="24036" Y="595" Z="0"/><Vertex X="24005" Y="595" Z="0"/><Vertex X="23942" Y="595" Z="0"/><Vertex X="23911" Y="595" Z="0"/><Vertex X="23911" Y="657" Z="0"/><Vertex X="23848" Y="657" Z="0"/><Vertex X="23786" Y="657" Z="0"/><Vertex X="23754" Y="720" Z="0"/><Vertex X="23723" Y="720" Z="0"/><Vertex X="23660" Y="720" Z="0"/><Vertex X="23598" Y="751" Z="0"/><Vertex X="23535" Y="814" Z="0"/><Vertex X="23504" Y="876" Z="0"/><Vertex X="23441" Y="939" Z="0"/><Vertex X="23379" Y="1033" Z="0"/><Vertex X="23316" Y="1095" Z="0"/><Vertex X="23316" Y="1189" Z="0"/><Vertex X="23254" Y="1189" Z="0"/><Vertex X="23254" Y="1283" Z="0"/><Vertex X="23254" Y="1314" Z="0"/><Vertex X="23222" Y="1314" Z="0"/><Vertex X="23222" Y="1408" Z="0"/><Vertex X="23222" Y="1471" Z="0"/><Vertex X="23222" Y="1502" Z="0"/><Vertex X="23222" Y="1565" Z="0"/><Vertex X="23222" Y="1627" Z="0"/><Vertex X="23222" Y="1721" Z="0"/><Vertex X="23222" Y="1784" Z="0"/><Vertex X="23222" Y="1815" Z="0"/><Vertex X="23222" Y="1878" Z="0"/><Vertex X="23222" Y="1972" Z="0"/><Vertex X="23222" Y="2034" Z="0"/><Vertex X="23222" Y="2128" Z="0"/><Vertex X="23222" Y="2222" Z="0"/><Vertex X="23222" Y="2253" Z="0"/><Vertex X="23222" Y="2347" Z="0"/><Vertex X="23222" Y="2410" Z="0"/><Vertex X="23222" Y="2504" Z="0"/><Vertex X="23222" Y="2598" Z="0"/><Vertex X="23222" Y="2629" Z="0"/><Vertex X="23222" Y="2723" Z="0"/><Vertex X="23222" Y="2785" Z="0"/><Vertex X="23222" Y="2817" Z="0"/><Vertex X="23222" Y="2911" Z="0"/><Vertex X="23222" Y="2973" Z="0"/><Vertex X="23222" Y="3036" Z="0"/><Vertex X="23222" Y="3098" Z="0"/><Vertex X="23222" Y="3130" Z="0"/><Vertex X="23222" Y="3224" Z="0"/><Vertex X="23222" Y="3286" Z="0"/><Vertex X="23222" Y="3317" Z="0"/><Vertex X="23222" Y="3411" Z="0"/><Vertex X="23222" Y="3505" Z="0"/><Vertex X="23285" Y="3537" Z="0"/><Vertex X="23285" Y="3630" Z="0"/><Vertex X="23285" Y="3724" Z="0"/><Vertex X="23285" Y="3787" Z="0"/><Vertex X="23285" Y="3881" Z="0"/><Vertex X="23285" Y="3975" Z="0"/><Vertex X="23285" Y="4006" Z="0"/><Vertex X="23285" Y="4100" Z="0"/><Vertex X="23347" Y="4162" Z="0"/><Vertex X="23347" Y="4194" Z="0"/><Vertex X="23347" Y="4288" Z="0"/><Vertex X="23347" Y="4382" Z="0"/><Vertex X="23347" Y="4444" Z="0"/><Vertex X="23347" Y="4569" Z="0"/><Vertex X="23410" Y="4632" Z="0"/><Vertex X="23410" Y="4726" Z="0"/><Vertex X="23410" Y="4757" Z="0"/><Vertex X="23410" Y="4820" Z="0"/><Vertex X="23473" Y="4882" Z="0"/><Vertex X="23473" Y="4976" Z="0"/><Vertex X="23473" Y="5101" Z="0"/><Vertex X="23473" Y="5164" Z="0"/><Vertex X="23504" Y="5227" Z="0"/><Vertex X="23504" Y="5320" Z="0"/><Vertex X="23504" Y="5383" Z="0"/><Vertex X="23504" Y="5477" Z="0"/><Vertex X="23504" Y="5571" Z="0"/><Vertex X="23567" Y="5571" Z="0"/><Vertex X="23567" Y="5602" Z="0"/><Vertex X="23567" Y="5665" Z="0"/><Vertex X="23567" Y="5696" Z="0"/><Vertex X="23567" Y="5759" Z="0"/><Vertex X="23567" Y="5853" Z="0"/><Vertex X="23629" Y="5853" Z="0"/><Vertex X="23629" Y="5884" Z="0"/><Vertex X="23629" Y="5946" Z="0"/><Vertex X="23629" Y="6040" Z="0"/><Vertex X="23629" Y="6072" Z="0"/><Vertex X="23629" Y="6134" Z="0"/><Vertex X="23660" Y="6134" Z="0"/><Vertex X="23660" Y="6165" Z="0"/><Vertex X="23660" Y="6228" Z="0"/><Vertex X="23660" Y="6322" Z="0"/><Vertex X="23723" Y="6385" Z="0"/><Vertex X="23723" Y="6447" Z="0"/><Vertex X="23723" Y="6541" Z="0"/><Vertex X="23723" Y="6604" Z="0"/><Vertex X="23786" Y="6604" Z="0"/><Vertex X="23786" Y="6698" Z="0"/><Vertex X="23786" Y="6760" Z="0"/><Vertex X="23848" Y="6823" Z="0"/><Vertex X="23848" Y="6917" Z="0"/><Vertex X="23848" Y="7011" Z="0"/><Vertex X="23879" Y="7104" Z="0"/><Vertex X="23879" Y="7167" Z="0"/><Vertex X="23942" Y="7261" Z="0"/><Vertex X="23942" Y="7355" Z="0"/><Vertex X="23942" Y="7386" Z="0"/><Vertex X="24005" Y="7386" Z="0"/><Vertex X="24005" Y="7480" Z="0"/><Vertex X="24005" Y="7574" Z="0"/><Vertex X="24067" Y="7668" Z="0"/><Vertex X="24067" Y="7730" Z="0"/><Vertex X="24067" Y="7824" Z="0"/><Vertex X="24130" Y="7887" Z="0"/><Vertex X="24130" Y="7949" Z="0"/><Vertex X="24130" Y="8043" Z="0"/><Vertex X="24161" Y="8137" Z="0"/><Vertex X="24161" Y="8169" Z="0"/><Vertex X="24161" Y="8231" Z="0"/><Vertex X="24224" Y="8231" Z="0"/><Vertex X="24224" Y="8294" Z="0"/><Vertex X="24224" Y="8356" Z="0"/><Vertex X="24224" Y="8419" Z="0"/><Vertex X="24286" Y="8419" Z="0"/><Vertex X="24286" Y="8450" Z="0"/><Vertex X="24286" Y="8513" Z="0"/><Vertex X="24286" Y="8607" Z="0"/><Vertex X="24318" Y="8701" Z="0"/><Vertex X="24318" Y="8763" Z="0"/><Vertex X="24318" Y="8857" Z="0"/><Vertex X="24380" Y="8920" Z="0"/><Vertex X="24380" Y="9014" Z="0"/><Vertex X="24380" Y="9076" Z="0"/><Vertex X="24443" Y="9139" Z="0"/><Vertex X="24443" Y="9170" Z="0"/><Vertex X="24443" Y="9233" Z="0"/><Vertex X="24505" Y="9295" Z="0"/><Vertex X="24505" Y="9326" Z="0"/><Vertex X="24505" Y="9389" Z="0"/><Vertex X="24505" Y="9452" Z="0"/><Vertex X="24568" Y="9483" Z="0"/><Vertex X="24568" Y="9546" Z="0"/><Vertex X="24568" Y="9608" Z="0"/><Vertex X="24599" Y="9639" Z="0"/><Vertex X="24599" Y="9702" Z="0"/><Vertex X="24599" Y="9765" Z="0"/><Vertex X="24662" Y="9796" Z="0"/><Vertex X="24662" Y="9859" Z="0"/><Vertex X="24662" Y="9890" Z="0"/><Vertex X="24662" Y="10015" Z="0"/><Vertex X="24662" Y="10078" Z="0"/><Vertex X="24725" Y="10078" Z="0"/><Vertex X="24725" Y="10203" Z="0"/><Vertex X="24725" Y="10234" Z="0"/><Vertex X="24725" Y="10297" Z="0"/><Vertex X="24725" Y="10328" Z="0"/><Vertex X="24725" Y="10391" Z="0"/><Vertex X="24787" Y="10453" Z="0"/><Vertex X="24787" Y="10516" Z="0"/><Vertex X="24787" Y="10610" Z="0"/><Vertex X="24787" Y="10704" Z="0"/><Vertex X="24787" Y="10766" Z="0"/><Vertex X="24818" Y="10766" Z="0"/><Vertex X="24818" Y="10860" Z="0"/><Vertex X="24818" Y="10954" Z="0"/><Vertex X="24818" Y="11017" Z="0"/><Vertex X="24818" Y="11110" Z="0"/><Vertex X="24818" Y="11204" Z="0"/><Vertex X="24818" Y="11236" Z="0"/><Vertex X="24818" Y="11298" Z="0"/><Vertex X="24818" Y="11361" Z="0"/><Vertex X="24881" Y="11392" Z="0"/><Vertex X="24881" Y="11486" Z="0"/><Vertex X="24881" Y="11549" Z="0"/><Vertex X="24881" Y="11580" Z="0"/><Vertex X="24944" Y="11642" Z="0"/><Vertex X="24944" Y="11736" Z="0"/><Vertex X="24944" Y="11768" Z="0"/><Vertex X="24944" Y="11830" Z="0"/><Vertex X="24975" Y="11893" Z="0"/><Vertex X="24975" Y="11924" Z="0"/><Vertex X="24975" Y="11987" Z="0"/><Vertex X="24975" Y="12018" Z="0"/><Vertex X="25037" Y="12081" Z="0"/><Vertex X="25037" Y="12143" Z="0"/><Vertex X="25037" Y="12175" Z="0"/><Vertex X="25037" Y="12237" Z="0"/><Vertex X="25037" Y="12300" Z="0"/><Vertex X="25037" Y="12331" Z="0"/><Vertex X="25100" Y="12394" Z="0"/><Vertex X="25100" Y="12456" Z="0"/><Vertex X="25100" Y="12519" Z="0"/><Vertex X="25100" Y="12613" Z="0"/><Vertex X="25100" Y="12707" Z="0"/><Vertex X="25100" Y="12738" Z="0"/><Vertex X="25163" Y="12800" Z="0"/><Vertex X="25163" Y="12894" Z="0"/><Vertex X="25163" Y="12957" Z="0"/><Vertex X="25163" Y="13051" Z="0"/><Vertex X="25163" Y="13145" Z="0"/><Vertex X="25163" Y="13239" Z="0"/><Vertex X="25163" Y="13301" Z="0"/><Vertex X="25225" Y="13364" Z="0"/><Vertex X="25225" Y="13395" Z="0"/><Vertex X="25225" Y="13458" Z="0"/><Vertex X="25225" Y="13520" Z="0"/><Vertex X="25225" Y="13552" Z="0"/><Vertex X="25225" Y="13614" Z="0"/><Vertex X="25225" Y="13677" Z="0"/><Vertex X="25257" Y="13771" Z="0"/><Vertex X="25257" Y="13833" Z="0"/><Vertex X="25257" Y="13927" Z="0"/><Vertex X="25257" Y="13958" Z="0"/><Vertex X="25257" Y="14021" Z="0"/><Vertex X="25257" Y="14052" Z="0"/><Vertex X="25257" Y="14146" Z="0"/><Vertex X="25319" Y="14240" Z="0"/><Vertex X="25319" Y="14303" Z="0"/><Vertex X="25319" Y="14365" Z="0"/><Vertex X="25319" Y="14428" Z="0"/><Vertex X="25319" Y="14459" Z="0"/><Vertex X="25319" Y="14522" Z="0"/><Vertex X="25382" Y="14584" Z="0"/><Vertex X="25382" Y="14616" Z="0"/><Vertex X="25382" Y="14678" Z="0"/><Vertex X="25382" Y="14710" Z="0"/><Vertex X="25382" Y="14772" Z="0"/><Vertex X="25444" Y="14835" Z="0"/><Vertex X="25444" Y="14866" Z="0"/><Vertex X="25444" Y="14929" Z="0"/><Vertex X="25444" Y="15023" Z="0"/><Vertex X="25507" Y="15116" Z="0"/><Vertex X="25507" Y="15148" Z="0"/><Vertex X="25507" Y="15210" Z="0"/><Vertex X="25507" Y="15242" Z="0"/><Vertex X="25507" Y="15304" Z="0"/><Vertex X="25538" Y="15304" Z="0"/><Vertex X="25538" Y="15367" Z="0"/><Vertex X="25538" Y="15429" Z="0"/><Vertex X="25538" Y="15555" Z="0"/><Vertex X="25601" Y="15555" Z="0"/><Vertex X="25601" Y="15680" Z="0"/><Vertex X="25601" Y="15742" Z="0"/><Vertex X="25601" Y="15805" Z="0"/><Vertex X="25663" Y="15899" Z="0"/><Vertex X="25663" Y="15961" Z="0"/><Vertex X="25663" Y="16024" Z="0"/><Vertex X="25663" Y="16055" Z="0"/><Vertex X="25695" Y="16118" Z="0"/><Vertex X="25695" Y="16149" Z="0"/><Vertex X="25695" Y="16212" Z="0"/><Vertex X="25695" Y="16274" Z="0"/><Vertex X="25757" Y="16306" Z="0"/><Vertex X="25757" Y="16368" Z="0"/><Vertex X="25757" Y="16431" Z="0"/><Vertex X="25757" Y="16462" Z="0"/><Vertex X="25820" Y="16525" Z="0"/><Vertex X="25820" Y="16587" Z="0"/><Vertex X="25820" Y="16619" Z="0"/><Vertex X="25820" Y="16681" Z="0"/><Vertex X="25882" Y="16744" Z="0"/><Vertex X="25882" Y="16838" Z="0"/><Vertex X="25882" Y="16869" Z="0"/><Vertex X="25882" Y="16932" Z="0"/><Vertex X="25945" Y="16994" Z="0"/><Vertex X="25945" Y="17026" Z="0"/><Vertex X="25945" Y="17088" Z="0"/><Vertex X="25945" Y="17151" Z="0"/><Vertex X="25976" Y="17182" Z="0"/><Vertex X="25976" Y="17245" Z="0"/><Vertex X="25976" Y="17307" Z="0"/><Vertex X="25976" Y="17339" Z="0"/><Vertex X="25976" Y="17432" Z="0"/><Vertex X="26039" Y="17432" Z="0"/><Vertex X="26039" Y="17526" Z="0"/><Vertex X="26039" Y="17589" Z="0"/><Vertex X="26039" Y="17651" Z="0"/><Vertex X="26102" Y="17714" Z="0"/><Vertex X="26102" Y="17745" Z="0"/><Vertex X="26102" Y="17808" Z="0"/><Vertex X="26102" Y="17839" Z="0"/><Vertex X="26133" Y="17839" Z="0"/><Vertex X="26133" Y="17902" Z="0"/><Vertex X="26133" Y="17996" Z="0"/><Vertex X="26133" Y="18027" Z="0"/><Vertex X="26133" Y="18090" Z="0"/><Vertex X="26195" Y="18090" Z="0"/><Vertex X="26195" Y="18121" Z="0"/><Vertex X="26195" Y="18184" Z="0"/><Vertex X="26258" Y="18246" Z="0"/><Vertex X="26258" Y="18309" Z="0"/><Vertex X="26289" Y="18309" Z="0"/><Vertex X="26289" Y="18403" Z="0"/><Vertex X="26383" Y="18496" Z="0"/><Vertex X="26383" Y="18590" Z="0"/><Vertex X="26446" Y="18590" Z="0"/><Vertex X="26446" Y="18653" Z="0"/><Vertex X="26477" Y="18653" Z="0"/><Vertex X="26477" Y="18716" Z="0"/><Vertex X="26540" Y="18778" Z="0"/><Vertex X="26540" Y="18809" Z="0"/><Vertex X="26602" Y="18809" Z="0"/><Vertex X="26602" Y="18872" Z="0"/><Vertex X="26665" Y="18966" Z="0"/><Vertex X="26665" Y="19029" Z="0"/><Vertex X="26696" Y="19091" Z="0"/><Vertex X="26696" Y="19185" Z="0"/><Vertex X="26759" Y="19248" Z="0"/><Vertex X="26759" Y="19279" Z="0"/><Vertex X="26759" Y="19342" Z="0"/><Vertex X="26821" Y="19404" Z="0"/><Vertex X="26821" Y="19435" Z="0"/><Vertex X="26821" Y="19498" Z="0"/><Vertex X="26821" Y="19529" Z="0"/><Vertex X="26884" Y="19529" Z="0"/><Vertex X="26853" Y="19592" Z="0"/><Vertex X="26853" Y="19654" Z="0"/><Vertex X="26853" Y="19748" Z="0"/><Vertex X="26853" Y="19811" Z="0"/><Vertex X="26853" Y="19905" Z="0"/><Vertex X="26853" Y="19999" Z="0"/><Vertex X="26853" Y="20030" Z="0"/><Vertex X="26853" Y="20093" Z="0"/><Vertex X="26853" Y="20124" Z="0"/><Vertex X="26853" Y="20187" Z="0"/><Vertex X="26884" Y="20187" Z="0"/><Vertex X="26884" Y="20249" Z="0"/><Vertex X="26884" Y="20280" Z="0"/><Vertex X="26947" Y="20280" Z="0"/><Vertex X="26947" Y="20343" Z="0"/><Vertex X="27009" Y="20343" Z="0"/><Vertex X="27009" Y="20374" Z="0"/><Vertex X="27040" Y="20374" Z="0"/><Vertex X="27103" Y="20374" Z="0"/><Vertex X="27103" Y="20437" Z="0"/><Vertex X="27134" Y="20437" Z="0"/><Vertex X="27197" Y="20437" Z="0"/><Vertex X="27197" Y="20499" Z="0"/><Vertex X="27260" Y="20499" Z="0"/><Vertex X="27260" Y="20531" Z="0"/><Vertex X="27291" Y="20531" Z="0"/><Vertex X="27291" Y="20593" Z="0"/><Vertex X="27353" Y="20656" Z="0"/><Vertex X="27416" Y="20687" Z="0"/><Vertex X="27416" Y="20750" Z="0"/><Vertex X="27447" Y="20750" Z="0"/><Vertex X="27447" Y="20812" Z="0"/><Vertex X="27510" Y="20844" Z="0"/><Vertex X="27510" Y="20938" Z="0"/><Vertex X="27573" Y="21000" Z="0"/><Vertex X="27573" Y="21032" Z="0"/><Vertex X="27573" Y="21094" Z="0"/><Vertex X="27604" Y="21094" Z="0"/><Vertex X="27604" Y="21125" Z="0"/><Vertex X="27604" Y="21188" Z="0"/><Vertex X="27604" Y="21282" Z="0"/><Vertex X="27604" Y="21313" Z="0"/><Vertex X="27604" Y="21407" Z="0"/><Vertex X="27604" Y="21470" Z="0"/><Vertex X="27604" Y="21501" Z="0"/><Vertex X="27604" Y="21595" Z="0"/><Vertex X="27604" Y="21689" Z="0"/><Vertex X="27604" Y="21751" Z="0"/><Vertex X="27604" Y="21845" Z="0"/><Vertex X="27666" Y="21939" Z="0"/><Vertex X="27666" Y="21970" Z="0"/><Vertex X="27666" Y="22033" Z="0"/><Vertex X="27729" Y="22033" Z="0"/><Vertex X="27729" Y="22064" Z="0"/><Vertex X="27729" Y="22127" Z="0"/><Vertex X="27760" Y="22127" Z="0"/><Vertex X="27760" Y="22190" Z="0"/><Vertex X="27823" Y="22221" Z="0"/><Vertex X="27823" Y="22283" Z="0"/><Vertex X="27886" Y="22346" Z="0"/><Vertex X="27886" Y="22377" Z="0"/><Vertex X="27948" Y="22377" Z="0"/><Vertex X="27948" Y="22440" Z="0"/><Vertex X="27979" Y="22503" Z="0"/><Vertex X="28042" Y="22565" Z="0"/><Vertex X="28105" Y="22565" Z="0"/><Vertex X="28105" Y="22596" Z="0"/><Vertex X="28136" Y="22596" Z="0"/><Vertex X="28198" Y="22596" Z="0"/><Vertex X="28198" Y="22659" Z="0"/><Vertex X="28230" Y="22659" Z="0"/><Vertex X="28292" Y="22659" Z="0"/><Vertex X="28355" Y="22659" Z="0"/><Vertex X="28386" Y="22659" Z="0"/><Vertex X="28449" Y="22659" Z="0"/><Vertex X="28480" Y="22659" Z="0"/><Vertex X="28543" Y="22659" Z="0"/><Vertex X="28605" Y="22659" Z="0"/><Vertex X="28637" Y="22659" Z="0"/><Vertex X="28699" Y="22659" Z="0"/><Vertex X="28699" Y="22628" Z="0"/><Vertex X="28731" Y="22628" Z="0"/><Vertex X="28824" Y="22628" Z="0"/><Vertex X="28887" Y="22628" Z="0"/><Vertex X="28950" Y="22565" Z="0"/><Vertex X="28981" Y="22565" Z="0"/><Vertex X="29043" Y="22565" Z="0"/><Vertex X="29043" Y="22534" Z="0"/><Vertex X="29075" Y="22534" Z="0"/><Vertex X="29075" Y="22471" Z="0"/><Vertex X="29137" Y="22409" Z="0"/><Vertex X="29137" Y="22377" Z="0"/><Vertex X="29200" Y="22377" Z="0"/><Vertex X="29200" Y="22315" Z="0"/><Vertex X="29231" Y="22252" Z="0"/><Vertex X="29231" Y="22221" Z="0"/><Vertex X="29231" Y="22158" Z="0"/><Vertex X="29294" Y="22158" Z="0"/><Vertex X="29294" Y="22127" Z="0"/><Vertex X="29294" Y="22033" Z="0"/><Vertex X="29294" Y="21939" Z="0"/><Vertex X="29356" Y="21908" Z="0"/><Vertex X="29356" Y="21814" Z="0"/><Vertex X="29356" Y="21751" Z="0"/><Vertex X="29388" Y="21751" Z="0"/><Vertex X="29388" Y="21720" Z="0"/><Vertex X="29388" Y="21657" Z="0"/><Vertex X="29450" Y="21657" Z="0"/><Vertex X="29450" Y="21595" Z="0"/><Vertex X="29513" Y="21564" Z="0"/><Vertex X="29513" Y="21501" Z="0"/><Vertex X="29576" Y="21438" Z="0"/><Vertex X="29576" Y="21407" Z="0"/><Vertex X="29576" Y="21345" Z="0"/><Vertex X="29607" Y="21251" Z="0"/><Vertex X="29607" Y="21188" Z="0"/><Vertex X="29607" Y="21125" Z="0"/><Vertex X="29607" Y="21032" Z="0"/><Vertex X="29607" Y="21000" Z="0"/><Vertex X="29607" Y="20938" Z="0"/><Vertex X="29607" Y="20906" Z="0"/><Vertex X="29607" Y="20844" Z="0"/><Vertex X="29607" Y="20781" Z="0"/><Vertex X="29607" Y="20719" Z="0"/><Vertex X="29607" Y="20625" Z="0"/><Vertex X="29607" Y="20531" Z="0"/><Vertex X="29607" Y="20468" Z="0"/><Vertex X="29607" Y="20406" Z="0"/><Vertex X="29607" Y="20343" Z="0"/><Vertex X="29544" Y="20343" Z="0"/><Vertex X="29544" Y="20312" Z="0"/><Vertex X="29513" Y="20249" Z="0"/><Vertex X="29513" Y="20218" Z="0"/><Vertex X="29450" Y="20218" Z="0"/><Vertex X="29450" Y="20155" Z="0"/><Vertex X="29388" Y="20061" Z="0"/><Vertex X="29325" Y="19967" Z="0"/><Vertex X="29263" Y="19905" Z="0"/><Vertex X="29263" Y="19842" Z="0"/><Vertex X="29231" Y="19842" Z="0"/><Vertex X="29231" Y="19780" Z="0"/><Vertex X="29231" Y="19748" Z="0"/><Vertex X="29169" Y="19686" Z="0"/><Vertex X="29169" Y="19592" Z="0"/><Vertex X="29106" Y="19561" Z="0"/><Vertex X="29106" Y="19467" Z="0"/><Vertex X="29075" Y="19404" Z="0"/><Vertex X="29075" Y="19373" Z="0"/><Vertex X="29075" Y="19310" Z="0"/><Vertex X="29075" Y="19248" Z="0"/><Vertex X="29012" Y="19185" Z="0"/><Vertex X="29012" Y="19122" Z="0"/><Vertex X="29012" Y="19060" Z="0"/><Vertex X="28950" Y="19029" Z="0"/><Vertex X="28950" Y="18935" Z="0"/><Vertex X="28950" Y="18872" Z="0"/><Vertex X="28887" Y="18841" Z="0"/><Vertex X="28824" Y="18778" Z="0"/><Vertex X="28793" Y="18778" Z="0"/><Vertex X="28793" Y="18716" Z="0"/><Vertex X="28731" Y="18716" Z="0"/><Vertex X="28731" Y="18684" Z="0"/><Vertex X="28699" Y="18684" Z="0"/><Vertex X="28637" Y="18684" Z="0"/><Vertex X="28637" Y="18622" Z="0"/><Vertex X="28637" Y="18559" Z="0"/><Vertex X="28574" Y="18559" Z="0"/><Vertex X="28574" Y="18528" Z="0"/><Vertex X="28574" Y="18434" Z="0"/></Vertices></Region><Region Id="2" Type="0" Zoom="0.031952" Selected="0" ImageLocation="" ImageFocus="-1" Length="33987.5" Area="30873287.5" LengthMicrons="16769.4" AreaMicrons="7515903.2" Text="" NegativeROA="0" InputRegionId="0" Analyze="1" DisplayId="2"><Attributes></Attributes><Vertices><Vertex X="10547" Y="10766" Z="0"/><Vertex X="10484" Y="10860" Z="0"/><Vertex X="10422" Y="10954" Z="0"/><Vertex X="10422" Y="10985" Z="0"/><Vertex X="10359" Y="11048" Z="0"/><Vertex X="10359" Y="11110" Z="0"/><Vertex X="10359" Y="11142" Z="0"/><Vertex X="10359" Y="11204" Z="0"/><Vertex X="10328" Y="11298" Z="0"/><Vertex X="10328" Y="11329" Z="0"/><Vertex X="10328" Y="11423" Z="0"/><Vertex X="10328" Y="11517" Z="0"/><Vertex X="10328" Y="11580" Z="0"/><Vertex X="10265" Y="11611" Z="0"/><Vertex X="10265" Y="11674" Z="0"/><Vertex X="10265" Y="11736" Z="0"/><Vertex X="10265" Y="11830" Z="0"/><Vertex X="10265" Y="11862" Z="0"/><Vertex X="10265" Y="11924" Z="0"/><Vertex X="10265" Y="11987" Z="0"/><Vertex X="10265" Y="12018" Z="0"/><Vertex X="10265" Y="12081" Z="0"/><Vertex X="10265" Y="12112" Z="0"/><Vertex X="10265" Y="12175" Z="0"/><Vertex X="10265" Y="12237" Z="0"/><Vertex X="10265" Y="12300" Z="0"/><Vertex X="10265" Y="12394" Z="0"/><Vertex X="10265" Y="12456" Z="0"/><Vertex X="10297" Y="12519" Z="0"/><Vertex X="10297" Y="12581" Z="0"/><Vertex X="10297" Y="12644" Z="0"/><Vertex X="10297" Y="12675" Z="0"/><Vertex X="10297" Y="12738" Z="0"/><Vertex X="10297" Y="12800" Z="0"/><Vertex X="10297" Y="12894" Z="0"/><Vertex X="10297" Y="12988" Z="0"/><Vertex X="10297" Y="13113" Z="0"/><Vertex X="10297" Y="13145" Z="0"/><Vertex X="10297" Y="13239" Z="0"/><Vertex X="10297" Y="13301" Z="0"/><Vertex X="10297" Y="13395" Z="0"/><Vertex X="10297" Y="13458" Z="0"/><Vertex X="10297" Y="13489" Z="0"/><Vertex X="10297" Y="13552" Z="0"/><Vertex X="10297" Y="13645" Z="0"/><Vertex X="10328" Y="13708" Z="0"/><Vertex X="10328" Y="13739" Z="0"/><Vertex X="10328" Y="13802" Z="0"/><Vertex X="10328" Y="13865" Z="0"/><Vertex X="10328" Y="13896" Z="0"/><Vertex X="10391" Y="13958" Z="0"/><Vertex X="10391" Y="14021" Z="0"/><Vertex X="10391" Y="14052" Z="0"/><Vertex X="10391" Y="14115" Z="0"/><Vertex X="10453" Y="14209" Z="0"/><Vertex X="10453" Y="14240" Z="0"/><Vertex X="10453" Y="14303" Z="0"/><Vertex X="10516" Y="14397" Z="0"/><Vertex X="10516" Y="14459" Z="0"/><Vertex X="10516" Y="14490" Z="0"/><Vertex X="10516" Y="14553" Z="0"/><Vertex X="10578" Y="14616" Z="0"/><Vertex X="10578" Y="14647" Z="0"/><Vertex X="10578" Y="14710" Z="0"/><Vertex X="10578" Y="14772" Z="0"/><Vertex X="10578" Y="14835" Z="0"/><Vertex X="10578" Y="14897" Z="0"/><Vertex X="10641" Y="14991" Z="0"/><Vertex X="10641" Y="15054" Z="0"/><Vertex X="10641" Y="15148" Z="0"/><Vertex X="10641" Y="15210" Z="0"/><Vertex X="10641" Y="15242" Z="0"/><Vertex X="10641" Y="15304" Z="0"/><Vertex X="10672" Y="15398" Z="0"/><Vertex X="10672" Y="15492" Z="0"/><Vertex X="10735" Y="15555" Z="0"/><Vertex X="10735" Y="15586" Z="0"/><Vertex X="10735" Y="15648" Z="0"/><Vertex X="10735" Y="15680" Z="0"/><Vertex X="10797" Y="15742" Z="0"/><Vertex X="10797" Y="15868" Z="0"/><Vertex X="10797" Y="15961" Z="0"/><Vertex X="10860" Y="15993" Z="0"/><Vertex X="10860" Y="16087" Z="0"/><Vertex X="10891" Y="16149" Z="0"/><Vertex X="10891" Y="16181" Z="0"/><Vertex X="10891" Y="16243" Z="0"/><Vertex X="10954" Y="16243" Z="0"/><Vertex X="10954" Y="16306" Z="0"/><Vertex X="10954" Y="16337" Z="0"/><Vertex X="10954" Y="16400" Z="0"/><Vertex X="10954" Y="16431" Z="0"/><Vertex X="10954" Y="16493" Z="0"/><Vertex X="10954" Y="16556" Z="0"/><Vertex X="10954" Y="16587" Z="0"/><Vertex X="10954" Y="16650" Z="0"/><Vertex X="10954" Y="16681" Z="0"/><Vertex X="10954" Y="16775" Z="0"/><Vertex X="10954" Y="16838" Z="0"/><Vertex X="10954" Y="16869" Z="0"/><Vertex X="10954" Y="16932" Z="0"/><Vertex X="10954" Y="16994" Z="0"/><Vertex X="10954" Y="17026" Z="0"/><Vertex X="10954" Y="17088" Z="0"/><Vertex X="10954" Y="17151" Z="0"/><Vertex X="10954" Y="17245" Z="0"/><Vertex X="10954" Y="17307" Z="0"/><Vertex X="10954" Y="17370" Z="0"/><Vertex X="10954" Y="17464" Z="0"/><Vertex X="11016" Y="17558" Z="0"/><Vertex X="11016" Y="17589" Z="0"/><Vertex X="11016" Y="17683" Z="0"/><Vertex X="11079" Y="17745" Z="0"/><Vertex X="11079" Y="17777" Z="0"/><Vertex X="11079" Y="17839" Z="0"/><Vertex X="11079" Y="17933" Z="0"/><Vertex X="11079" Y="17996" Z="0"/><Vertex X="11110" Y="18058" Z="0"/><Vertex X="11110" Y="18152" Z="0"/><Vertex X="11110" Y="18184" Z="0"/><Vertex X="11110" Y="18246" Z="0"/><Vertex X="11110" Y="18309" Z="0"/><Vertex X="11110" Y="18340" Z="0"/><Vertex X="11110" Y="18403" Z="0"/><Vertex X="11173" Y="18496" Z="0"/><Vertex X="11173" Y="18559" Z="0"/><Vertex X="11173" Y="18590" Z="0"/><Vertex X="11173" Y="18653" Z="0"/><Vertex X="11173" Y="18716" Z="0"/><Vertex X="11236" Y="18747" Z="0"/><Vertex X="11236" Y="18809" Z="0"/><Vertex X="11236" Y="18872" Z="0"/><Vertex X="11236" Y="18903" Z="0"/><Vertex X="11298" Y="18966" Z="0"/><Vertex X="11298" Y="19060" Z="0"/><Vertex X="11298" Y="19122" Z="0"/><Vertex X="11361" Y="19216" Z="0"/><Vertex X="11361" Y="19310" Z="0"/><Vertex X="11361" Y="19373" Z="0"/><Vertex X="11392" Y="19498" Z="0"/><Vertex X="11392" Y="19529" Z="0"/><Vertex X="11486" Y="19623" Z="0"/><Vertex X="11486" Y="19686" Z="0"/><Vertex X="11548" Y="19842" Z="0"/><Vertex X="11611" Y="19936" Z="0"/><Vertex X="11705" Y="20061" Z="0"/><Vertex X="11705" Y="20124" Z="0"/><Vertex X="11768" Y="20187" Z="0"/><Vertex X="11768" Y="20249" Z="0"/><Vertex X="11799" Y="20312" Z="0"/><Vertex X="11799" Y="20343" Z="0"/><Vertex X="11861" Y="20437" Z="0"/><Vertex X="11924" Y="20562" Z="0"/><Vertex X="11987" Y="20625" Z="0"/><Vertex X="11987" Y="20656" Z="0"/><Vertex X="12049" Y="20781" Z="0"/><Vertex X="12081" Y="20844" Z="0"/><Vertex X="12081" Y="20938" Z="0"/><Vertex X="12143" Y="21032" Z="0"/><Vertex X="12143" Y="21125" Z="0"/><Vertex X="12143" Y="21188" Z="0"/><Vertex X="12206" Y="21282" Z="0"/><Vertex X="12206" Y="21376" Z="0"/><Vertex X="12268" Y="21470" Z="0"/><Vertex X="12268" Y="21532" Z="0"/><Vertex X="12268" Y="21595" Z="0"/><Vertex X="12331" Y="21657" Z="0"/><Vertex X="12331" Y="21720" Z="0"/><Vertex X="12331" Y="21751" Z="0"/><Vertex X="12394" Y="21814" Z="0"/><Vertex X="12394" Y="21877" Z="0"/><Vertex X="12425" Y="21908" Z="0"/><Vertex X="12425" Y="22033" Z="0"/><Vertex X="12487" Y="22064" Z="0"/><Vertex X="12487" Y="22127" Z="0"/><Vertex X="12487" Y="22190" Z="0"/><Vertex X="12550" Y="22221" Z="0"/><Vertex X="12550" Y="22283" Z="0"/><Vertex X="12550" Y="22346" Z="0"/><Vertex X="12613" Y="22440" Z="0"/><Vertex X="12613" Y="22503" Z="0"/><Vertex X="12675" Y="22534" Z="0"/><Vertex X="12675" Y="22596" Z="0"/><Vertex X="12675" Y="22659" Z="0"/><Vertex X="12706" Y="22690" Z="0"/><Vertex X="12706" Y="22753" Z="0"/><Vertex X="12706" Y="22815" Z="0"/><Vertex X="12769" Y="22847" Z="0"/><Vertex X="12769" Y="22909" Z="0"/><Vertex X="12769" Y="23003" Z="0"/><Vertex X="12832" Y="23003" Z="0"/><Vertex X="12832" Y="23128" Z="0"/><Vertex X="12832" Y="23160" Z="0"/><Vertex X="12832" Y="23222" Z="0"/><Vertex X="12863" Y="23222" Z="0"/><Vertex X="12863" Y="23316" Z="0"/><Vertex X="12926" Y="23410" Z="0"/><Vertex X="12926" Y="23473" Z="0"/><Vertex X="12988" Y="23567" Z="0"/><Vertex X="12988" Y="23629" Z="0"/><Vertex X="13051" Y="23660" Z="0"/><Vertex X="13051" Y="23723" Z="0"/><Vertex X="13082" Y="23723" Z="0"/><Vertex X="13082" Y="23786" Z="0"/><Vertex X="13176" Y="23786" Z="0"/><Vertex X="13239" Y="23817" Z="0"/><Vertex X="13270" Y="23817" Z="0"/><Vertex X="13270" Y="23880" Z="0"/><Vertex X="13364" Y="23880" Z="0"/><Vertex X="13364" Y="23942" Z="0"/><Vertex X="13458" Y="23942" Z="0"/><Vertex X="13458" Y="23973" Z="0"/><Vertex X="13583" Y="24036" Z="0"/><Vertex X="13645" Y="24036" Z="0"/><Vertex X="13677" Y="24036" Z="0"/><Vertex X="13739" Y="24099" Z="0"/><Vertex X="13833" Y="24099" Z="0"/><Vertex X="13896" Y="24161" Z="0"/><Vertex X="13958" Y="24161" Z="0"/><Vertex X="13990" Y="24161" Z="0"/><Vertex X="14084" Y="24161" Z="0"/><Vertex X="14177" Y="24193" Z="0"/><Vertex X="14271" Y="24193" Z="0"/><Vertex X="14334" Y="24255" Z="0"/><Vertex X="14397" Y="24255" Z="0"/><Vertex X="14397" Y="24318" Z="0"/><Vertex X="14459" Y="24318" Z="0"/><Vertex X="14490" Y="24318" Z="0"/><Vertex X="14490" Y="24349" Z="0"/><Vertex X="14553" Y="24412" Z="0"/><Vertex X="14584" Y="24412" Z="0"/><Vertex X="14647" Y="24474" Z="0"/><Vertex X="14709" Y="24506" Z="0"/><Vertex X="14772" Y="24506" Z="0"/><Vertex X="14866" Y="24506" Z="0"/><Vertex X="14991" Y="24568" Z="0"/><Vertex X="15054" Y="24568" Z="0"/><Vertex X="15085" Y="24568" Z="0"/><Vertex X="15242" Y="24568" Z="0"/><Vertex X="15273" Y="24568" Z="0"/><Vertex X="15335" Y="24568" Z="0"/><Vertex X="15367" Y="24568" Z="0"/><Vertex X="15429" Y="24568" Z="0"/><Vertex X="15523" Y="24568" Z="0"/><Vertex X="15586" Y="24568" Z="0"/><Vertex X="15586" Y="24474" Z="0"/><Vertex X="15648" Y="24474" Z="0"/><Vertex X="15648" Y="24412" Z="0"/><Vertex X="15648" Y="24380" Z="0"/><Vertex X="15648" Y="24286" Z="0"/><Vertex X="15648" Y="24193" Z="0"/><Vertex X="15648" Y="24067" Z="0"/><Vertex X="15617" Y="23942" Z="0"/><Vertex X="15617" Y="23911" Z="0"/><Vertex X="15555" Y="23786" Z="0"/><Vertex X="15555" Y="23754" Z="0"/><Vertex X="15523" Y="23660" Z="0"/><Vertex X="15523" Y="23567" Z="0"/><Vertex X="15429" Y="23473" Z="0"/><Vertex X="15367" Y="23316" Z="0"/><Vertex X="15367" Y="23222" Z="0"/><Vertex X="15304" Y="23128" Z="0"/><Vertex X="15304" Y="23097" Z="0"/><Vertex X="15210" Y="23035" Z="0"/><Vertex X="15210" Y="22941" Z="0"/><Vertex X="15116" Y="22847" Z="0"/><Vertex X="15116" Y="22784" Z="0"/><Vertex X="15022" Y="22596" Z="0"/><Vertex X="14960" Y="22503" Z="0"/><Vertex X="14960" Y="22440" Z="0"/><Vertex X="14897" Y="22252" Z="0"/><Vertex X="14835" Y="22127" Z="0"/><Vertex X="14835" Y="22033" Z="0"/><Vertex X="14772" Y="21970" Z="0"/><Vertex X="14772" Y="21877" Z="0"/><Vertex X="14709" Y="21783" Z="0"/><Vertex X="14616" Y="21657" Z="0"/><Vertex X="14616" Y="21564" Z="0"/><Vertex X="14522" Y="21501" Z="0"/><Vertex X="14522" Y="21407" Z="0"/><Vertex X="14459" Y="21376" Z="0"/><Vertex X="14428" Y="21251" Z="0"/><Vertex X="14428" Y="21188" Z="0"/><Vertex X="14365" Y="21032" Z="0"/><Vertex X="14303" Y="20938" Z="0"/><Vertex X="14303" Y="20875" Z="0"/><Vertex X="14240" Y="20656" Z="0"/><Vertex X="14177" Y="20562" Z="0"/><Vertex X="14177" Y="20499" Z="0"/><Vertex X="14115" Y="20406" Z="0"/><Vertex X="14084" Y="20218" Z="0"/><Vertex X="14084" Y="20155" Z="0"/><Vertex X="14021" Y="20061" Z="0"/><Vertex X="14021" Y="19967" Z="0"/><Vertex X="14021" Y="19905" Z="0"/><Vertex X="13958" Y="19717" Z="0"/><Vertex X="13958" Y="19623" Z="0"/><Vertex X="13896" Y="19561" Z="0"/><Vertex X="13896" Y="19467" Z="0"/><Vertex X="13896" Y="19373" Z="0"/><Vertex X="13833" Y="19342" Z="0"/><Vertex X="13833" Y="19248" Z="0"/><Vertex X="13833" Y="19154" Z="0"/><Vertex X="13833" Y="19091" Z="0"/><Vertex X="13833" Y="19029" Z="0"/><Vertex X="13771" Y="18903" Z="0"/><Vertex X="13771" Y="18809" Z="0"/><Vertex X="13771" Y="18716" Z="0"/><Vertex X="13771" Y="18684" Z="0"/><Vertex X="13771" Y="18622" Z="0"/><Vertex X="13771" Y="18559" Z="0"/><Vertex X="13771" Y="18465" Z="0"/><Vertex X="13771" Y="18434" Z="0"/><Vertex X="13771" Y="18277" Z="0"/><Vertex X="13771" Y="18215" Z="0"/><Vertex X="13739" Y="18121" Z="0"/><Vertex X="13739" Y="18058" Z="0"/><Vertex X="13739" Y="17964" Z="0"/><Vertex X="13677" Y="17902" Z="0"/><Vertex X="13677" Y="17871" Z="0"/><Vertex X="13677" Y="17808" Z="0"/><Vertex X="13614" Y="17745" Z="0"/><Vertex X="13614" Y="17651" Z="0"/><Vertex X="13552" Y="17558" Z="0"/><Vertex X="13552" Y="17495" Z="0"/><Vertex X="13552" Y="17432" Z="0"/><Vertex X="13489" Y="17370" Z="0"/><Vertex X="13489" Y="17339" Z="0"/><Vertex X="13489" Y="17276" Z="0"/><Vertex X="13458" Y="17182" Z="0"/><Vertex X="13458" Y="17088" Z="0"/><Vertex X="13364" Y="16994" Z="0"/><Vertex X="13301" Y="16838" Z="0"/><Vertex X="13301" Y="16744" Z="0"/><Vertex X="13239" Y="16650" Z="0"/><Vertex X="13176" Y="16493" Z="0"/><Vertex X="13113" Y="16306" Z="0"/><Vertex X="13051" Y="16181" Z="0"/><Vertex X="13051" Y="16087" Z="0"/><Vertex X="12988" Y="15993" Z="0"/><Vertex X="12957" Y="15742" Z="0"/><Vertex X="12957" Y="15648" Z="0"/><Vertex X="12957" Y="15617" Z="0"/><Vertex X="12894" Y="15429" Z="0"/><Vertex X="12894" Y="15398" Z="0"/><Vertex X="12832" Y="15273" Z="0"/><Vertex X="12832" Y="15210" Z="0"/><Vertex X="12832" Y="15116" Z="0"/><Vertex X="12769" Y="14991" Z="0"/><Vertex X="12769" Y="14897" Z="0"/><Vertex X="12769" Y="14803" Z="0"/><Vertex X="12706" Y="14710" Z="0"/><Vertex X="12706" Y="14647" Z="0"/><Vertex X="12706" Y="14616" Z="0"/><Vertex X="12644" Y="14490" Z="0"/><Vertex X="12644" Y="14397" Z="0"/><Vertex X="12613" Y="14271" Z="0"/><Vertex X="12613" Y="14084" Z="0"/><Vertex X="12613" Y="14021" Z="0"/><Vertex X="12613" Y="13927" Z="0"/><Vertex X="12550" Y="13771" Z="0"/><Vertex X="12550" Y="13677" Z="0"/><Vertex X="12550" Y="13583" Z="0"/><Vertex X="12487" Y="13458" Z="0"/><Vertex X="12487" Y="13332" Z="0"/><Vertex X="12487" Y="13145" Z="0"/><Vertex X="12487" Y="13113" Z="0"/><Vertex X="12487" Y="13020" Z="0"/><Vertex X="12487" Y="12926" Z="0"/><Vertex X="12487" Y="12800" Z="0"/><Vertex X="12487" Y="12738" Z="0"/><Vertex X="12487" Y="12644" Z="0"/><Vertex X="12487" Y="12613" Z="0"/><Vertex X="12487" Y="12519" Z="0"/><Vertex X="12425" Y="12425" Z="0"/><Vertex X="12425" Y="12394" Z="0"/><Vertex X="12425" Y="12300" Z="0"/><Vertex X="12425" Y="12237" Z="0"/><Vertex X="12425" Y="12143" Z="0"/><Vertex X="12362" Y="12081" Z="0"/><Vertex X="12362" Y="11987" Z="0"/><Vertex X="12362" Y="11924" Z="0"/><Vertex X="12331" Y="11830" Z="0"/><Vertex X="12268" Y="11705" Z="0"/><Vertex X="12268" Y="11674" Z="0"/><Vertex X="12206" Y="11549" Z="0"/><Vertex X="12143" Y="11455" Z="0"/><Vertex X="12112" Y="11361" Z="0"/><Vertex X="12049" Y="11361" Z="0"/><Vertex X="12049" Y="11267" Z="0"/><Vertex X="11955" Y="11173" Z="0"/><Vertex X="11893" Y="11110" Z="0"/><Vertex X="11861" Y="11079" Z="0"/><Vertex X="11799" Y="11017" Z="0"/><Vertex X="11736" Y="10954" Z="0"/><Vertex X="11642" Y="10954" Z="0"/><Vertex X="11611" Y="10891" Z="0"/><Vertex X="11548" Y="10860" Z="0"/><Vertex X="11486" Y="10860" Z="0"/><Vertex X="11486" Y="10797" Z="0"/><Vertex X="11455" Y="10735" Z="0"/><Vertex X="11392" Y="10735" Z="0"/><Vertex X="11361" Y="10735" Z="0"/><Vertex X="11298" Y="10735" Z="0"/><Vertex X="11173" Y="10735" Z="0"/><Vertex X="11048" Y="10735" Z="0"/><Vertex X="10954" Y="10735" Z="0"/><Vertex X="10891" Y="10735" Z="0"/><Vertex X="10829" Y="10735" Z="0"/><Vertex X="10766" Y="10766" Z="0"/><Vertex X="10641" Y="10829" Z="0"/><Vertex X="10578" Y="10829" Z="0"/><Vertex X="10547" Y="10829" Z="0"/><Vertex X="10484" Y="10766" Z="0"/><Vertex X="10484" Y="10704" Z="0"/><Vertex X="10359" Y="10704" Z="0"/><Vertex X="10547" Y="10766" Z="0"/></Vertices></Region><Region Id="3" Type="0" Zoom="0.031952" Selected="0" ImageLocation="" ImageFocus="-1" Length="30283.6" Area="25278331.5" LengthMicrons="14941.9" AreaMicrons="6153847.2" Text="" NegativeROA="0" InputRegionId="0" Analyze="1" DisplayId="3"><Attributes></Attributes><Vertices><Vertex X="15961" Y="6885" Z="0"/><Vertex X="15867" Y="6948" Z="0"/><Vertex X="15805" Y="6948" Z="0"/><Vertex X="15742" Y="6948" Z="0"/><Vertex X="15648" Y="6979" Z="0"/><Vertex X="15648" Y="7042" Z="0"/><Vertex X="15555" Y="7042" Z="0"/><Vertex X="15523" Y="7073" Z="0"/><Vertex X="15523" Y="7167" Z="0"/><Vertex X="15461" Y="7261" Z="0"/><Vertex X="15398" Y="7261" Z="0"/><Vertex X="15398" Y="7323" Z="0"/><Vertex X="15335" Y="7480" Z="0"/><Vertex X="15335" Y="7543" Z="0"/><Vertex X="15335" Y="7605" Z="0"/><Vertex X="15335" Y="7730" Z="0"/><Vertex X="15335" Y="7856" Z="0"/><Vertex X="15335" Y="7887" Z="0"/><Vertex X="15335" Y="7981" Z="0"/><Vertex X="15335" Y="8075" Z="0"/><Vertex X="15335" Y="8200" Z="0"/><Vertex X="15335" Y="8231" Z="0"/><Vertex X="15335" Y="8325" Z="0"/><Vertex X="15335" Y="8388" Z="0"/><Vertex X="15335" Y="8481" Z="0"/><Vertex X="15335" Y="8544" Z="0"/><Vertex X="15335" Y="8638" Z="0"/><Vertex X="15335" Y="8701" Z="0"/><Vertex X="15367" Y="8763" Z="0"/><Vertex X="15367" Y="8857" Z="0"/><Vertex X="15367" Y="8951" Z="0"/><Vertex X="15429" Y="8982" Z="0"/><Vertex X="15429" Y="9107" Z="0"/><Vertex X="15492" Y="9139" Z="0"/><Vertex X="15492" Y="9201" Z="0"/><Vertex X="15492" Y="9233" Z="0"/><Vertex X="15555" Y="9295" Z="0"/><Vertex X="15555" Y="9389" Z="0"/><Vertex X="15586" Y="9452" Z="0"/><Vertex X="15586" Y="9514" Z="0"/><Vertex X="15586" Y="9546" Z="0"/><Vertex X="15648" Y="9671" Z="0"/><Vertex X="15648" Y="9702" Z="0"/><Vertex X="15648" Y="9765" Z="0"/><Vertex X="15711" Y="9827" Z="0"/><Vertex X="15711" Y="9952" Z="0"/><Vertex X="15774" Y="9984" Z="0"/><Vertex X="15774" Y="10046" Z="0"/><Vertex X="15774" Y="10109" Z="0"/><Vertex X="15836" Y="10203" Z="0"/><Vertex X="15836" Y="10265" Z="0"/><Vertex X="15836" Y="10297" Z="0"/><Vertex X="15867" Y="10359" Z="0"/><Vertex X="15867" Y="10391" Z="0"/><Vertex X="15930" Y="10516" Z="0"/><Vertex X="15930" Y="10578" Z="0"/><Vertex X="15930" Y="10641" Z="0"/><Vertex X="15993" Y="10672" Z="0"/><Vertex X="15993" Y="10766" Z="0"/><Vertex X="16055" Y="10766" Z="0"/><Vertex X="16055" Y="10860" Z="0"/><Vertex X="16118" Y="10954" Z="0"/><Vertex X="16118" Y="11017" Z="0"/><Vertex X="16149" Y="11079" Z="0"/><Vertex X="16149" Y="11142" Z="0"/><Vertex X="16149" Y="11204" Z="0"/><Vertex X="16212" Y="11204" Z="0"/><Vertex X="16212" Y="11298" Z="0"/><Vertex X="16212" Y="11392" Z="0"/><Vertex X="16274" Y="11455" Z="0"/><Vertex X="16274" Y="11549" Z="0"/><Vertex X="16274" Y="11611" Z="0"/><Vertex X="16337" Y="11705" Z="0"/><Vertex X="16337" Y="11799" Z="0"/><Vertex X="16337" Y="11862" Z="0"/><Vertex X="16368" Y="11924" Z="0"/><Vertex X="16368" Y="11987" Z="0"/><Vertex X="16368" Y="12018" Z="0"/><Vertex X="16431" Y="12143" Z="0"/><Vertex X="16431" Y="12206" Z="0"/><Vertex X="16431" Y="12268" Z="0"/><Vertex X="16493" Y="12268" Z="0"/><Vertex X="16493" Y="12362" Z="0"/><Vertex X="16556" Y="12487" Z="0"/><Vertex X="16556" Y="12519" Z="0"/><Vertex X="16587" Y="12581" Z="0"/><Vertex X="16587" Y="12644" Z="0"/><Vertex X="16587" Y="12675" Z="0"/><Vertex X="16681" Y="12800" Z="0"/><Vertex X="16744" Y="12863" Z="0"/><Vertex X="16806" Y="12957" Z="0"/><Vertex X="16806" Y="13020" Z="0"/><Vertex X="16806" Y="13051" Z="0"/><Vertex X="16869" Y="13113" Z="0"/><Vertex X="16900" Y="13207" Z="0"/><Vertex X="16963" Y="13301" Z="0"/><Vertex X="16963" Y="13364" Z="0"/><Vertex X="17025" Y="13458" Z="0"/><Vertex X="17025" Y="13520" Z="0"/><Vertex X="17088" Y="13583" Z="0"/><Vertex X="17088" Y="13677" Z="0"/><Vertex X="17151" Y="13802" Z="0"/><Vertex X="17151" Y="13865" Z="0"/><Vertex X="17213" Y="13958" Z="0"/><Vertex X="17213" Y="14021" Z="0"/><Vertex X="17213" Y="14115" Z="0"/><Vertex X="17245" Y="14178" Z="0"/><Vertex X="17245" Y="14209" Z="0"/><Vertex X="17245" Y="14271" Z="0"/><Vertex X="17307" Y="14365" Z="0"/><Vertex X="17307" Y="14459" Z="0"/><Vertex X="17401" Y="14584" Z="0"/><Vertex X="17464" Y="14678" Z="0"/><Vertex X="17526" Y="14741" Z="0"/><Vertex X="17526" Y="14803" Z="0"/><Vertex X="17526" Y="14835" Z="0"/><Vertex X="17558" Y="14960" Z="0"/><Vertex X="17558" Y="14991" Z="0"/><Vertex X="17620" Y="15116" Z="0"/><Vertex X="17620" Y="15179" Z="0"/><Vertex X="17683" Y="15273" Z="0"/><Vertex X="17683" Y="15336" Z="0"/><Vertex X="17683" Y="15398" Z="0"/><Vertex X="17745" Y="15492" Z="0"/><Vertex X="17745" Y="15617" Z="0"/><Vertex X="17745" Y="15680" Z="0"/><Vertex X="17745" Y="15774" Z="0"/><Vertex X="17745" Y="15805" Z="0"/><Vertex X="17745" Y="15868" Z="0"/><Vertex X="17808" Y="15993" Z="0"/><Vertex X="17808" Y="16055" Z="0"/><Vertex X="17839" Y="16055" Z="0"/><Vertex X="17839" Y="16149" Z="0"/><Vertex X="17839" Y="16243" Z="0"/><Vertex X="17902" Y="16337" Z="0"/><Vertex X="17902" Y="16368" Z="0"/><Vertex X="17902" Y="16431" Z="0"/><Vertex X="17902" Y="16462" Z="0"/><Vertex X="17902" Y="16525" Z="0"/><Vertex X="17964" Y="16587" Z="0"/><Vertex X="17964" Y="16619" Z="0"/><Vertex X="17964" Y="16681" Z="0"/><Vertex X="17964" Y="16775" Z="0"/><Vertex X="17996" Y="16775" Z="0"/><Vertex X="17996" Y="16932" Z="0"/><Vertex X="17996" Y="17057" Z="0"/><Vertex X="18058" Y="17057" Z="0"/><Vertex X="18058" Y="17119" Z="0"/><Vertex X="18058" Y="17213" Z="0"/><Vertex X="18121" Y="17339" Z="0"/><Vertex X="18121" Y="17432" Z="0"/><Vertex X="18183" Y="17495" Z="0"/><Vertex X="18183" Y="17558" Z="0"/><Vertex X="18183" Y="17620" Z="0"/><Vertex X="18215" Y="17620" Z="0"/><Vertex X="18215" Y="17683" Z="0"/><Vertex X="18277" Y="17808" Z="0"/><Vertex X="18277" Y="17839" Z="0"/><Vertex X="18340" Y="17839" Z="0"/><Vertex X="18340" Y="17933" Z="0"/><Vertex X="18403" Y="18027" Z="0"/><Vertex X="18403" Y="18090" Z="0"/><Vertex X="18434" Y="18090" Z="0"/><Vertex X="18434" Y="18152" Z="0"/><Vertex X="18496" Y="18152" Z="0"/><Vertex X="18496" Y="18215" Z="0"/><Vertex X="18528" Y="18215" Z="0"/><Vertex X="18528" Y="18246" Z="0"/><Vertex X="18590" Y="18309" Z="0"/><Vertex X="18590" Y="18371" Z="0"/><Vertex X="18653" Y="18371" Z="0"/><Vertex X="18715" Y="18403" Z="0"/><Vertex X="18747" Y="18403" Z="0"/><Vertex X="18809" Y="18465" Z="0"/><Vertex X="18903" Y="18465" Z="0"/><Vertex X="18903" Y="18528" Z="0"/><Vertex X="18966" Y="18528" Z="0"/><Vertex X="19060" Y="18528" Z="0"/><Vertex X="19060" Y="18559" Z="0"/><Vertex X="19122" Y="18559" Z="0"/><Vertex X="19185" Y="18559" Z="0"/><Vertex X="19279" Y="18559" Z="0"/><Vertex X="19373" Y="18622" Z="0"/><Vertex X="19404" Y="18622" Z="0"/><Vertex X="19404" Y="18684" Z="0"/><Vertex X="19467" Y="18684" Z="0"/><Vertex X="19529" Y="18684" Z="0"/><Vertex X="19561" Y="18684" Z="0"/><Vertex X="19654" Y="18684" Z="0"/><Vertex X="19748" Y="18684" Z="0"/><Vertex X="19811" Y="18684" Z="0"/><Vertex X="19873" Y="18716" Z="0"/><Vertex X="19905" Y="18716" Z="0"/><Vertex X="19967" Y="18716" Z="0"/><Vertex X="20030" Y="18716" Z="0"/><Vertex X="20061" Y="18716" Z="0"/><Vertex X="20124" Y="18716" Z="0"/><Vertex X="20155" Y="18716" Z="0"/><Vertex X="20155" Y="18653" Z="0"/><Vertex X="20218" Y="18590" Z="0"/><Vertex X="20280" Y="18559" Z="0"/><Vertex X="20280" Y="18496" Z="0"/><Vertex X="20280" Y="18465" Z="0"/><Vertex X="20312" Y="18403" Z="0"/><Vertex X="20312" Y="18309" Z="0"/><Vertex X="20312" Y="18246" Z="0"/><Vertex X="20312" Y="18184" Z="0"/><Vertex X="20312" Y="18152" Z="0"/><Vertex X="20312" Y="18058" Z="0"/><Vertex X="20312" Y="17964" Z="0"/><Vertex X="20312" Y="17902" Z="0"/><Vertex X="20312" Y="17808" Z="0"/><Vertex X="20312" Y="17777" Z="0"/><Vertex X="20249" Y="17714" Z="0"/><Vertex X="20249" Y="17651" Z="0"/><Vertex X="20249" Y="17558" Z="0"/><Vertex X="20249" Y="17495" Z="0"/><Vertex X="20186" Y="17464" Z="0"/><Vertex X="20186" Y="17307" Z="0"/><Vertex X="20186" Y="17245" Z="0"/><Vertex X="20124" Y="17088" Z="0"/><Vertex X="20030" Y="16932" Z="0"/><Vertex X="20030" Y="16869" Z="0"/><Vertex X="19967" Y="16744" Z="0"/><Vertex X="19967" Y="16681" Z="0"/><Vertex X="19905" Y="16587" Z="0"/><Vertex X="19905" Y="16493" Z="0"/><Vertex X="19842" Y="16431" Z="0"/><Vertex X="19842" Y="16337" Z="0"/><Vertex X="19780" Y="16274" Z="0"/><Vertex X="19780" Y="16243" Z="0"/><Vertex X="19748" Y="16181" Z="0"/><Vertex X="19748" Y="16087" Z="0"/><Vertex X="19686" Y="16024" Z="0"/><Vertex X="19686" Y="15930" Z="0"/><Vertex X="19623" Y="15930" Z="0"/><Vertex X="19623" Y="15836" Z="0"/><Vertex X="19623" Y="15805" Z="0"/><Vertex X="19592" Y="15805" Z="0"/><Vertex X="19592" Y="15648" Z="0"/><Vertex X="19529" Y="15586" Z="0"/><Vertex X="19529" Y="15492" Z="0"/><Vertex X="19529" Y="15461" Z="0"/><Vertex X="19467" Y="15336" Z="0"/><Vertex X="19467" Y="15304" Z="0"/><Vertex X="19404" Y="15242" Z="0"/><Vertex X="19404" Y="15148" Z="0"/><Vertex X="19341" Y="15148" Z="0"/><Vertex X="19341" Y="15054" Z="0"/><Vertex X="19279" Y="14929" Z="0"/><Vertex X="19279" Y="14866" Z="0"/><Vertex X="19216" Y="14866" Z="0"/><Vertex X="19216" Y="14772" Z="0"/><Vertex X="19216" Y="14678" Z="0"/><Vertex X="19216" Y="14616" Z="0"/><Vertex X="19154" Y="14616" Z="0"/><Vertex X="19154" Y="14522" Z="0"/><Vertex X="19154" Y="14428" Z="0"/><Vertex X="19154" Y="14365" Z="0"/><Vertex X="19122" Y="14365" Z="0"/><Vertex X="19122" Y="14240" Z="0"/><Vertex X="19122" Y="14178" Z="0"/><Vertex X="19122" Y="14084" Z="0"/><Vertex X="19122" Y="14021" Z="0"/><Vertex X="19060" Y="13958" Z="0"/><Vertex X="19060" Y="13896" Z="0"/><Vertex X="19060" Y="13771" Z="0"/><Vertex X="19060" Y="13708" Z="0"/><Vertex X="18997" Y="13645" Z="0"/><Vertex X="18997" Y="13614" Z="0"/><Vertex X="18997" Y="13552" Z="0"/><Vertex X="18997" Y="13489" Z="0"/><Vertex X="18997" Y="13395" Z="0"/><Vertex X="18997" Y="13301" Z="0"/><Vertex X="18997" Y="13270" Z="0"/><Vertex X="18997" Y="13176" Z="0"/><Vertex X="18997" Y="13113" Z="0"/><Vertex X="18997" Y="13020" Z="0"/><Vertex X="18997" Y="12957" Z="0"/><Vertex X="18935" Y="12894" Z="0"/><Vertex X="18935" Y="12800" Z="0"/><Vertex X="18935" Y="12738" Z="0"/><Vertex X="18903" Y="12675" Z="0"/><Vertex X="18903" Y="12644" Z="0"/><Vertex X="18903" Y="12581" Z="0"/><Vertex X="18903" Y="12487" Z="0"/><Vertex X="18841" Y="12487" Z="0"/><Vertex X="18841" Y="12394" Z="0"/><Vertex X="18841" Y="12331" Z="0"/><Vertex X="18778" Y="12206" Z="0"/><Vertex X="18778" Y="12112" Z="0"/><Vertex X="18778" Y="12049" Z="0"/><Vertex X="18715" Y="12018" Z="0"/><Vertex X="18715" Y="11893" Z="0"/><Vertex X="18684" Y="11862" Z="0"/><Vertex X="18684" Y="11799" Z="0"/><Vertex X="18684" Y="11736" Z="0"/><Vertex X="18622" Y="11705" Z="0"/><Vertex X="18622" Y="11580" Z="0"/><Vertex X="18622" Y="11549" Z="0"/><Vertex X="18559" Y="11486" Z="0"/><Vertex X="18559" Y="11423" Z="0"/><Vertex X="18559" Y="11392" Z="0"/><Vertex X="18559" Y="11329" Z="0"/><Vertex X="18528" Y="11236" Z="0"/><Vertex X="18528" Y="11204" Z="0"/><Vertex X="18465" Y="11142" Z="0"/><Vertex X="18465" Y="11048" Z="0"/><Vertex X="18465" Y="11017" Z="0"/><Vertex X="18403" Y="11017" Z="0"/><Vertex X="18403" Y="10923" Z="0"/><Vertex X="18403" Y="10860" Z="0"/><Vertex X="18371" Y="10860" Z="0"/><Vertex X="18371" Y="10766" Z="0"/><Vertex X="18371" Y="10704" Z="0"/><Vertex X="18309" Y="10704" Z="0"/><Vertex X="18309" Y="10641" Z="0"/><Vertex X="18246" Y="10547" Z="0"/><Vertex X="18246" Y="10453" Z="0"/><Vertex X="18183" Y="10359" Z="0"/><Vertex X="18183" Y="10297" Z="0"/><Vertex X="18183" Y="10265" Z="0"/><Vertex X="18121" Y="10109" Z="0"/><Vertex X="18121" Y="10046" Z="0"/><Vertex X="18090" Y="9952" Z="0"/><Vertex X="18090" Y="9921" Z="0"/><Vertex X="18090" Y="9827" Z="0"/><Vertex X="18027" Y="9733" Z="0"/><Vertex X="18027" Y="9671" Z="0"/><Vertex X="18027" Y="9577" Z="0"/><Vertex X="18027" Y="9514" Z="0"/><Vertex X="17964" Y="9452" Z="0"/><Vertex X="17964" Y="9358" Z="0"/><Vertex X="17964" Y="9326" Z="0"/><Vertex X="17964" Y="9264" Z="0"/><Vertex X="17964" Y="9170" Z="0"/><Vertex X="17964" Y="9107" Z="0"/><Vertex X="17964" Y="9076" Z="0"/><Vertex X="17964" Y="8920" Z="0"/><Vertex X="17964" Y="8888" Z="0"/><Vertex X="17964" Y="8732" Z="0"/><Vertex X="17964" Y="8701" Z="0"/><Vertex X="17964" Y="8638" Z="0"/><Vertex X="17964" Y="8544" Z="0"/><Vertex X="17964" Y="8481" Z="0"/><Vertex X="17964" Y="8450" Z="0"/><Vertex X="17964" Y="8356" Z="0"/><Vertex X="17902" Y="8294" Z="0"/><Vertex X="17902" Y="8231" Z="0"/><Vertex X="17902" Y="8137" Z="0"/><Vertex X="17902" Y="8075" Z="0"/><Vertex X="17902" Y="8012" Z="0"/><Vertex X="17839" Y="7918" Z="0"/><Vertex X="17839" Y="7856" Z="0"/><Vertex X="17839" Y="7824" Z="0"/><Vertex X="17808" Y="7824" Z="0"/><Vertex X="17808" Y="7730" Z="0"/><Vertex X="17808" Y="7636" Z="0"/><Vertex X="17745" Y="7574" Z="0"/><Vertex X="17745" Y="7480" Z="0"/><Vertex X="17683" Y="7417" Z="0"/><Vertex X="17683" Y="7386" Z="0"/><Vertex X="17620" Y="7261" Z="0"/><Vertex X="17589" Y="7198" Z="0"/><Vertex X="17526" Y="7136" Z="0"/><Vertex X="17464" Y="7073" Z="0"/><Vertex X="17401" Y="7011" Z="0"/><Vertex X="17338" Y="6948" Z="0"/><Vertex X="17307" Y="6885" Z="0"/><Vertex X="17245" Y="6854" Z="0"/><Vertex X="17151" Y="6854" Z="0"/><Vertex X="17057" Y="6791" Z="0"/><Vertex X="16932" Y="6729" Z="0"/><Vertex X="16838" Y="6729" Z="0"/><Vertex X="16775" Y="6729" Z="0"/><Vertex X="16712" Y="6729" Z="0"/><Vertex X="16619" Y="6760" Z="0"/><Vertex X="16587" Y="6760" Z="0"/><Vertex X="16525" Y="6760" Z="0"/><Vertex X="16462" Y="6760" Z="0"/><Vertex X="16431" Y="6760" Z="0"/><Vertex X="16431" Y="6823" Z="0"/><Vertex X="16274" Y="6823" Z="0"/><Vertex X="16180" Y="6823" Z="0"/><Vertex X="16149" Y="6823" Z="0"/><Vertex X="16087" Y="6854" Z="0"/><Vertex X="15993" Y="6854" Z="0"/><Vertex X="15993" Y="6823" Z="0"/><Vertex X="15993" Y="6698" Z="0"/><Vertex X="15961" Y="6885" Z="0"/></Vertices></Region></Regions><Plots></Plots></Annotation></Annotations>
