<Annotations MicronsPerPixel="0.493400">
	<Annotation Id="1" Name="" ReadOnly="0" NameReadOnly="0" LineColorReadOnly="0" Incremental="0" Type="4" LineColor="255" Visible="1" Selected="1" MarkupImagePath="" MacroName=""><Attributes></Attributes><Regions><RegionAttributeHeaders></RegionAttributeHeaders><Region Id="1" Type="0" Zoom="0.050852" Selected="0" ImageLocation="" ImageFocus="-1" Length="26483.8" Area="23572940.5" LengthMicrons="13067.1" AreaMicrons="5738680.7" Text="" NegativeROA="0" InputRegionId="0" Analyze="1" DisplayId="1"><Attributes></Attributes><Vertices><Vertex X="7001" Y="6175" Z="0"/><Vertex X="6962" Y="6175" Z="0"/><Vertex X="6922" Y="6175" Z="0"/><Vertex X="6863" Y="6175" Z="0"/><Vertex X="6844" Y="6175" Z="0"/><Vertex X="6804" Y="6175" Z="0"/><Vertex X="6765" Y="6175" Z="0"/><Vertex X="6745" Y="6175" Z="0"/><Vertex X="6706" Y="6175" Z="0"/><Vertex X="6686" Y="6175" Z="0"/><Vertex X="6647" Y="6175" Z="0"/><Vertex X="6608" Y="6175" Z="0"/><Vertex X="6588" Y="6175" Z="0"/><Vertex X="6549" Y="6175" Z="0"/><Vertex X="6529" Y="6175" Z="0"/><Vertex X="6470" Y="6175" Z="0"/><Vertex X="6431" Y="6194" Z="0"/><Vertex X="6391" Y="6234" Z="0"/><Vertex X="6391" Y="6253" Z="0"/><Vertex X="6372" Y="6293" Z="0"/><Vertex X="6372" Y="6352" Z="0"/><Vertex X="6372" Y="6371" Z="0"/><Vertex X="6372" Y="6430" Z="0"/><Vertex X="6372" Y="6470" Z="0"/><Vertex X="6372" Y="6489" Z="0"/><Vertex X="6372" Y="6529" Z="0"/><Vertex X="6372" Y="6548" Z="0"/><Vertex X="6372" Y="6588" Z="0"/><Vertex X="6372" Y="6647" Z="0"/><Vertex X="6372" Y="6686" Z="0"/><Vertex X="6372" Y="6706" Z="0"/><Vertex X="6372" Y="6745" Z="0"/><Vertex X="6372" Y="6784" Z="0"/><Vertex X="6372" Y="6804" Z="0"/><Vertex X="6372" Y="6843" Z="0"/><Vertex X="6372" Y="6883" Z="0"/><Vertex X="6372" Y="6902" Z="0"/><Vertex X="6411" Y="6942" Z="0"/><Vertex X="6411" Y="6981" Z="0"/><Vertex X="6411" Y="7001" Z="0"/><Vertex X="6411" Y="7040" Z="0"/><Vertex X="6411" Y="7060" Z="0"/><Vertex X="6411" Y="7099" Z="0"/><Vertex X="6411" Y="7138" Z="0"/><Vertex X="6411" Y="7158" Z="0"/><Vertex X="6411" Y="7197" Z="0"/><Vertex X="6450" Y="7237" Z="0"/><Vertex X="6450" Y="7256" Z="0"/><Vertex X="6450" Y="7296" Z="0"/><Vertex X="6450" Y="7335" Z="0"/><Vertex X="6450" Y="7374" Z="0"/><Vertex X="6450" Y="7433" Z="0"/><Vertex X="6450" Y="7473" Z="0"/><Vertex X="6450" Y="7532" Z="0"/><Vertex X="6450" Y="7591" Z="0"/><Vertex X="6450" Y="7630" Z="0"/><Vertex X="6450" Y="7689" Z="0"/><Vertex X="6450" Y="7728" Z="0"/><Vertex X="6450" Y="7748" Z="0"/><Vertex X="6450" Y="7787" Z="0"/><Vertex X="6450" Y="7807" Z="0"/><Vertex X="6450" Y="7846" Z="0"/><Vertex X="6450" Y="7886" Z="0"/><Vertex X="6450" Y="7945" Z="0"/><Vertex X="6450" Y="8004" Z="0"/><Vertex X="6450" Y="8063" Z="0"/><Vertex X="6450" Y="8082" Z="0"/><Vertex X="6470" Y="8082" Z="0"/><Vertex X="6470" Y="8141" Z="0"/><Vertex X="6470" Y="8200" Z="0"/><Vertex X="6509" Y="8200" Z="0"/><Vertex X="6509" Y="8240" Z="0"/><Vertex X="6509" Y="8279" Z="0"/><Vertex X="6549" Y="8279" Z="0"/><Vertex X="6549" Y="8318" Z="0"/><Vertex X="6568" Y="8338" Z="0"/><Vertex X="6568" Y="8377" Z="0"/><Vertex X="6608" Y="8377" Z="0"/><Vertex X="6608" Y="8417" Z="0"/><Vertex X="6647" Y="8436" Z="0"/><Vertex X="6647" Y="8476" Z="0"/><Vertex X="6667" Y="8476" Z="0"/><Vertex X="6667" Y="8515" Z="0"/><Vertex X="6706" Y="8535" Z="0"/><Vertex X="6706" Y="8574" Z="0"/><Vertex X="6745" Y="8574" Z="0"/><Vertex X="6745" Y="8613" Z="0"/><Vertex X="6785" Y="8633" Z="0"/><Vertex X="6785" Y="8672" Z="0"/><Vertex X="6804" Y="8672" Z="0"/><Vertex X="6804" Y="8712" Z="0"/><Vertex X="6844" Y="8731" Z="0"/><Vertex X="6844" Y="8771" Z="0"/><Vertex X="6883" Y="8771" Z="0"/><Vertex X="6883" Y="8790" Z="0"/><Vertex X="6903" Y="8830" Z="0"/><Vertex X="6942" Y="8869" Z="0"/><Vertex X="6981" Y="8869" Z="0"/><Vertex X="6981" Y="8908" Z="0"/><Vertex X="7001" Y="8908" Z="0"/><Vertex X="7060" Y="8908" Z="0"/><Vertex X="7099" Y="8928" Z="0"/><Vertex X="7119" Y="8928" Z="0"/><Vertex X="7158" Y="8928" Z="0"/><Vertex X="7198" Y="8928" Z="0"/><Vertex X="7217" Y="8928" Z="0"/><Vertex X="7257" Y="8928" Z="0"/><Vertex X="7276" Y="8928" Z="0"/><Vertex X="7316" Y="8928" Z="0"/><Vertex X="7375" Y="8928" Z="0"/><Vertex X="7394" Y="8928" Z="0"/><Vertex X="7453" Y="8928" Z="0"/><Vertex X="7512" Y="8928" Z="0"/><Vertex X="7552" Y="8928" Z="0"/><Vertex X="7611" Y="8928" Z="0"/><Vertex X="7670" Y="8928" Z="0"/><Vertex X="7709" Y="8928" Z="0"/><Vertex X="7748" Y="8928" Z="0"/><Vertex X="7807" Y="8928" Z="0"/><Vertex X="7847" Y="8928" Z="0"/><Vertex X="7886" Y="8928" Z="0"/><Vertex X="7925" Y="8889" Z="0"/><Vertex X="7945" Y="8889" Z="0"/><Vertex X="8004" Y="8889" Z="0"/><Vertex X="8063" Y="8849" Z="0"/><Vertex X="8083" Y="8849" Z="0"/><Vertex X="8122" Y="8849" Z="0"/><Vertex X="8161" Y="8810" Z="0"/><Vertex X="8181" Y="8810" Z="0"/><Vertex X="8220" Y="8810" Z="0"/><Vertex X="8260" Y="8810" Z="0"/><Vertex X="8279" Y="8771" Z="0"/><Vertex X="8319" Y="8771" Z="0"/><Vertex X="8358" Y="8771" Z="0"/><Vertex X="8377" Y="8771" Z="0"/><Vertex X="8417" Y="8771" Z="0"/><Vertex X="8436" Y="8771" Z="0"/><Vertex X="8476" Y="8771" Z="0"/><Vertex X="8554" Y="8771" Z="0"/><Vertex X="8613" Y="8771" Z="0"/><Vertex X="8653" Y="8771" Z="0"/><Vertex X="8692" Y="8771" Z="0"/><Vertex X="8712" Y="8771" Z="0"/><Vertex X="8751" Y="8771" Z="0"/><Vertex X="8790" Y="8771" Z="0"/><Vertex X="8849" Y="8771" Z="0"/><Vertex X="8889" Y="8771" Z="0"/><Vertex X="8908" Y="8771" Z="0"/><Vertex X="8948" Y="8771" Z="0"/><Vertex X="8987" Y="8771" Z="0"/><Vertex X="9007" Y="8771" Z="0"/><Vertex X="9046" Y="8771" Z="0"/><Vertex X="9066" Y="8771" Z="0"/><Vertex X="9125" Y="8771" Z="0"/><Vertex X="9184" Y="8771" Z="0"/><Vertex X="9223" Y="8771" Z="0"/><Vertex X="9282" Y="8771" Z="0"/><Vertex X="9341" Y="8771" Z="0"/><Vertex X="9380" Y="8771" Z="0"/><Vertex X="9420" Y="8790" Z="0"/><Vertex X="9479" Y="8790" Z="0"/><Vertex X="9498" Y="8790" Z="0"/><Vertex X="9557" Y="8790" Z="0"/><Vertex X="9616" Y="8790" Z="0"/><Vertex X="9675" Y="8830" Z="0"/><Vertex X="9734" Y="8830" Z="0"/><Vertex X="9754" Y="8830" Z="0"/><Vertex X="9833" Y="8830" Z="0"/><Vertex X="9852" Y="8869" Z="0"/><Vertex X="9911" Y="8869" Z="0"/><Vertex X="9951" Y="8869" Z="0"/><Vertex X="9990" Y="8869" Z="0"/><Vertex X="10029" Y="8889" Z="0"/><Vertex X="10069" Y="8889" Z="0"/><Vertex X="10088" Y="8889" Z="0"/><Vertex X="10128" Y="8889" Z="0"/><Vertex X="10167" Y="8928" Z="0"/><Vertex X="10187" Y="8928" Z="0"/><Vertex X="10226" Y="8928" Z="0"/><Vertex X="10265" Y="8967" Z="0"/><Vertex X="10285" Y="8967" Z="0"/><Vertex X="10324" Y="8967" Z="0"/><Vertex X="10364" Y="9007" Z="0"/><Vertex X="10383" Y="9007" Z="0"/><Vertex X="10423" Y="9007" Z="0"/><Vertex X="10462" Y="9046" Z="0"/><Vertex X="10482" Y="9046" Z="0"/><Vertex X="10521" Y="9046" Z="0"/><Vertex X="10541" Y="9046" Z="0"/><Vertex X="10580" Y="9046" Z="0"/><Vertex X="10619" Y="9046" Z="0"/><Vertex X="10659" Y="9065" Z="0"/><Vertex X="10718" Y="9065" Z="0"/><Vertex X="10777" Y="9065" Z="0"/><Vertex X="10796" Y="9065" Z="0"/><Vertex X="10796" Y="9105" Z="0"/><Vertex X="10855" Y="9105" Z="0"/><Vertex X="10895" Y="9105" Z="0"/><Vertex X="10914" Y="9105" Z="0"/><Vertex X="10973" Y="9105" Z="0"/><Vertex X="11032" Y="9105" Z="0"/><Vertex X="11072" Y="9144" Z="0"/><Vertex X="11150" Y="9144" Z="0"/><Vertex X="11209" Y="9144" Z="0"/><Vertex X="11249" Y="9144" Z="0"/><Vertex X="11308" Y="9144" Z="0"/><Vertex X="11367" Y="9144" Z="0"/><Vertex X="11386" Y="9144" Z="0"/><Vertex X="11445" Y="9144" Z="0"/><Vertex X="11485" Y="9144" Z="0"/><Vertex X="11524" Y="9144" Z="0"/><Vertex X="11583" Y="9144" Z="0"/><Vertex X="11622" Y="9144" Z="0"/><Vertex X="11642" Y="9144" Z="0"/><Vertex X="11681" Y="9144" Z="0"/><Vertex X="11701" Y="9144" Z="0"/><Vertex X="11780" Y="9144" Z="0"/><Vertex X="11839" Y="9144" Z="0"/><Vertex X="11858" Y="9144" Z="0"/><Vertex X="11898" Y="9144" Z="0"/><Vertex X="11957" Y="9144" Z="0"/><Vertex X="11976" Y="9144" Z="0"/><Vertex X="12015" Y="9144" Z="0"/><Vertex X="12035" Y="9144" Z="0"/><Vertex X="12074" Y="9144" Z="0"/><Vertex X="12114" Y="9144" Z="0"/><Vertex X="12133" Y="9144" Z="0"/><Vertex X="12173" Y="9144" Z="0"/><Vertex X="12192" Y="9144" Z="0"/><Vertex X="12251" Y="9144" Z="0"/><Vertex X="12310" Y="9144" Z="0"/><Vertex X="12409" Y="9144" Z="0"/><Vertex X="12468" Y="9144" Z="0"/><Vertex X="12527" Y="9144" Z="0"/><Vertex X="12566" Y="9144" Z="0"/><Vertex X="12625" Y="9144" Z="0"/><Vertex X="12684" Y="9144" Z="0"/><Vertex X="12723" Y="9144" Z="0"/><Vertex X="12782" Y="9144" Z="0"/><Vertex X="12841" Y="9183" Z="0"/><Vertex X="12881" Y="9183" Z="0"/><Vertex X="12940" Y="9183" Z="0"/><Vertex X="12999" Y="9183" Z="0"/><Vertex X="13038" Y="9183" Z="0"/><Vertex X="13097" Y="9223" Z="0"/><Vertex X="13156" Y="9223" Z="0"/><Vertex X="13195" Y="9223" Z="0"/><Vertex X="13254" Y="9223" Z="0"/><Vertex X="13353" Y="9223" Z="0"/><Vertex X="13412" Y="9223" Z="0"/><Vertex X="13471" Y="9223" Z="0"/><Vertex X="13490" Y="9223" Z="0"/><Vertex X="13549" Y="9223" Z="0"/><Vertex X="13589" Y="9223" Z="0"/><Vertex X="13608" Y="9223" Z="0"/><Vertex X="13648" Y="9223" Z="0"/><Vertex X="13726" Y="9223" Z="0"/><Vertex X="13766" Y="9223" Z="0"/><Vertex X="13825" Y="9223" Z="0"/><Vertex X="13864" Y="9223" Z="0"/><Vertex X="13923" Y="9223" Z="0"/><Vertex X="13962" Y="9223" Z="0"/><Vertex X="14002" Y="9223" Z="0"/><Vertex X="14021" Y="9223" Z="0"/><Vertex X="14061" Y="9223" Z="0"/><Vertex X="14080" Y="9223" Z="0"/><Vertex X="14120" Y="9242" Z="0"/><Vertex X="14159" Y="9242" Z="0"/><Vertex X="14179" Y="9242" Z="0"/><Vertex X="14218" Y="9242" Z="0"/><Vertex X="14238" Y="9242" Z="0"/><Vertex X="14297" Y="9242" Z="0"/><Vertex X="14336" Y="9242" Z="0"/><Vertex X="14356" Y="9242" Z="0"/><Vertex X="14395" Y="9242" Z="0"/><Vertex X="14434" Y="9242" Z="0"/><Vertex X="14454" Y="9242" Z="0"/><Vertex X="14493" Y="9242" Z="0"/><Vertex X="14533" Y="9242" Z="0"/><Vertex X="14592" Y="9242" Z="0"/><Vertex X="14670" Y="9282" Z="0"/><Vertex X="14729" Y="9282" Z="0"/><Vertex X="14788" Y="9282" Z="0"/><Vertex X="14847" Y="9282" Z="0"/><Vertex X="14906" Y="9282" Z="0"/><Vertex X="14965" Y="9282" Z="0"/><Vertex X="15083" Y="9321" Z="0"/><Vertex X="15142" Y="9321" Z="0"/><Vertex X="15182" Y="9321" Z="0"/><Vertex X="15221" Y="9321" Z="0"/><Vertex X="15260" Y="9360" Z="0"/><Vertex X="15280" Y="9360" Z="0"/><Vertex X="15319" Y="9360" Z="0"/><Vertex X="15359" Y="9400" Z="0"/><Vertex X="15378" Y="9400" Z="0"/><Vertex X="15418" Y="9400" Z="0"/><Vertex X="15457" Y="9400" Z="0"/><Vertex X="15477" Y="9439" Z="0"/><Vertex X="15516" Y="9439" Z="0"/><Vertex X="15555" Y="9439" Z="0"/><Vertex X="15575" Y="9478" Z="0"/><Vertex X="15634" Y="9478" Z="0"/><Vertex X="15673" Y="9498" Z="0"/><Vertex X="15732" Y="9498" Z="0"/><Vertex X="15771" Y="9498" Z="0"/><Vertex X="15830" Y="9498" Z="0"/><Vertex X="15889" Y="9537" Z="0"/><Vertex X="15929" Y="9537" Z="0"/><Vertex X="15988" Y="9537" Z="0"/><Vertex X="16047" Y="9537" Z="0"/><Vertex X="16086" Y="9537" Z="0"/><Vertex X="16125" Y="9537" Z="0"/><Vertex X="16165" Y="9537" Z="0"/><Vertex X="16184" Y="9537" Z="0"/><Vertex X="16224" Y="9537" Z="0"/><Vertex X="16263" Y="9537" Z="0"/><Vertex X="16302" Y="9537" Z="0"/><Vertex X="16342" Y="9537" Z="0"/><Vertex X="16381" Y="9537" Z="0"/><Vertex X="16420" Y="9537" Z="0"/><Vertex X="16440" Y="9537" Z="0"/><Vertex X="16499" Y="9537" Z="0"/><Vertex X="16538" Y="9518" Z="0"/><Vertex X="16578" Y="9518" Z="0"/><Vertex X="16597" Y="9518" Z="0"/><Vertex X="16637" Y="9518" Z="0"/><Vertex X="16656" Y="9518" Z="0"/><Vertex X="16696" Y="9518" Z="0"/><Vertex X="16735" Y="9498" Z="0"/><Vertex X="16755" Y="9498" Z="0"/><Vertex X="16794" Y="9498" Z="0"/><Vertex X="16833" Y="9498" Z="0"/><Vertex X="16853" Y="9498" Z="0"/><Vertex X="16892" Y="9459" Z="0"/><Vertex X="16932" Y="9459" Z="0"/><Vertex X="16951" Y="9459" Z="0"/><Vertex X="16951" Y="9400" Z="0"/><Vertex X="17010" Y="9400" Z="0"/><Vertex X="17010" Y="9380" Z="0"/><Vertex X="17030" Y="9380" Z="0"/><Vertex X="17030" Y="9321" Z="0"/><Vertex X="17069" Y="9242" Z="0"/><Vertex X="17069" Y="9203" Z="0"/><Vertex X="17069" Y="9183" Z="0"/><Vertex X="17069" Y="9144" Z="0"/><Vertex X="17069" Y="9085" Z="0"/><Vertex X="17069" Y="8987" Z="0"/><Vertex X="17069" Y="8948" Z="0"/><Vertex X="17069" Y="8908" Z="0"/><Vertex X="17069" Y="8849" Z="0"/><Vertex X="17069" Y="8790" Z="0"/><Vertex X="17030" Y="8790" Z="0"/><Vertex X="17030" Y="8692" Z="0"/><Vertex X="16991" Y="8653" Z="0"/><Vertex X="16991" Y="8613" Z="0"/><Vertex X="16991" Y="8554" Z="0"/><Vertex X="16971" Y="8515" Z="0"/><Vertex X="16971" Y="8476" Z="0"/><Vertex X="16932" Y="8417" Z="0"/><Vertex X="16932" Y="8377" Z="0"/><Vertex X="16892" Y="8377" Z="0"/><Vertex X="16892" Y="8358" Z="0"/><Vertex X="16873" Y="8358" Z="0"/><Vertex X="16873" Y="8318" Z="0"/><Vertex X="16833" Y="8318" Z="0"/><Vertex X="16833" Y="8279" Z="0"/><Vertex X="16794" Y="8279" Z="0"/><Vertex X="16794" Y="8259" Z="0"/><Vertex X="16755" Y="8259" Z="0"/><Vertex X="16755" Y="8220" Z="0"/><Vertex X="16696" Y="8220" Z="0"/><Vertex X="16696" Y="8200" Z="0"/><Vertex X="16637" Y="8200" Z="0"/><Vertex X="16637" Y="8161" Z="0"/><Vertex X="16597" Y="8161" Z="0"/><Vertex X="16597" Y="8122" Z="0"/><Vertex X="16538" Y="8122" Z="0"/><Vertex X="16538" Y="8102" Z="0"/><Vertex X="16479" Y="8102" Z="0"/><Vertex X="16479" Y="8063" Z="0"/><Vertex X="16460" Y="8063" Z="0"/><Vertex X="16420" Y="8023" Z="0"/><Vertex X="16381" Y="8023" Z="0"/><Vertex X="16361" Y="8004" Z="0"/><Vertex X="16322" Y="8004" Z="0"/><Vertex X="16322" Y="7964" Z="0"/><Vertex X="16283" Y="7964" Z="0"/><Vertex X="16243" Y="7964" Z="0"/><Vertex X="16243" Y="7925" Z="0"/><Vertex X="16184" Y="7925" Z="0"/><Vertex X="16125" Y="7905" Z="0"/><Vertex X="16086" Y="7905" Z="0"/><Vertex X="16086" Y="7866" Z="0"/><Vertex X="16027" Y="7866" Z="0"/><Vertex X="15968" Y="7827" Z="0"/><Vertex X="15929" Y="7827" Z="0"/><Vertex X="15929" Y="7807" Z="0"/><Vertex X="15870" Y="7807" Z="0"/><Vertex X="15830" Y="7768" Z="0"/><Vertex X="15791" Y="7768" Z="0"/><Vertex X="15771" Y="7768" Z="0"/><Vertex X="15732" Y="7728" Z="0"/><Vertex X="15653" Y="7728" Z="0"/><Vertex X="15653" Y="7689" Z="0"/><Vertex X="15575" Y="7689" Z="0"/><Vertex X="15555" Y="7689" Z="0"/><Vertex X="15516" Y="7669" Z="0"/><Vertex X="15496" Y="7669" Z="0"/><Vertex X="15418" Y="7630" Z="0"/><Vertex X="15378" Y="7630" Z="0"/><Vertex X="15339" Y="7630" Z="0"/><Vertex X="15319" Y="7591" Z="0"/><Vertex X="15280" Y="7591" Z="0"/><Vertex X="15221" Y="7551" Z="0"/><Vertex X="15182" Y="7551" Z="0"/><Vertex X="15123" Y="7512" Z="0"/><Vertex X="15083" Y="7512" Z="0"/><Vertex X="15044" Y="7512" Z="0"/><Vertex X="14985" Y="7473" Z="0"/><Vertex X="14926" Y="7453" Z="0"/><Vertex X="14887" Y="7453" Z="0"/><Vertex X="14887" Y="7414" Z="0"/><Vertex X="14828" Y="7414" Z="0"/><Vertex X="14788" Y="7414" Z="0"/><Vertex X="14749" Y="7374" Z="0"/><Vertex X="14729" Y="7374" Z="0"/><Vertex X="14690" Y="7374" Z="0"/><Vertex X="14670" Y="7335" Z="0"/><Vertex X="14631" Y="7335" Z="0"/><Vertex X="14592" Y="7335" Z="0"/><Vertex X="14572" Y="7315" Z="0"/><Vertex X="14533" Y="7315" Z="0"/><Vertex X="14493" Y="7315" Z="0"/><Vertex X="14474" Y="7276" Z="0"/><Vertex X="14434" Y="7276" Z="0"/><Vertex X="14395" Y="7276" Z="0"/><Vertex X="14356" Y="7217" Z="0"/><Vertex X="14316" Y="7217" Z="0"/><Vertex X="14257" Y="7217" Z="0"/><Vertex X="14198" Y="7178" Z="0"/><Vertex X="14139" Y="7138" Z="0"/><Vertex X="14100" Y="7138" Z="0"/><Vertex X="14080" Y="7138" Z="0"/><Vertex X="14041" Y="7119" Z="0"/><Vertex X="13982" Y="7119" Z="0"/><Vertex X="13943" Y="7119" Z="0"/><Vertex X="13903" Y="7079" Z="0"/><Vertex X="13864" Y="7079" Z="0"/><Vertex X="13825" Y="7079" Z="0"/><Vertex X="13766" Y="7040" Z="0"/><Vertex X="13726" Y="7040" Z="0"/><Vertex X="13687" Y="7040" Z="0"/><Vertex X="13628" Y="7001" Z="0"/><Vertex X="13569" Y="7001" Z="0"/><Vertex X="13510" Y="7001" Z="0"/><Vertex X="13412" Y="7001" Z="0"/><Vertex X="13353" Y="6981" Z="0"/><Vertex X="13294" Y="6981" Z="0"/><Vertex X="13195" Y="6981" Z="0"/><Vertex X="13136" Y="6981" Z="0"/><Vertex X="13038" Y="6981" Z="0"/><Vertex X="12979" Y="6981" Z="0"/><Vertex X="12881" Y="6981" Z="0"/><Vertex X="12822" Y="6981" Z="0"/><Vertex X="12743" Y="6981" Z="0"/><Vertex X="12684" Y="6981" Z="0"/><Vertex X="12605" Y="6981" Z="0"/><Vertex X="12527" Y="6981" Z="0"/><Vertex X="12409" Y="6981" Z="0"/><Vertex X="12350" Y="6981" Z="0"/><Vertex X="12271" Y="6981" Z="0"/><Vertex X="12232" Y="6981" Z="0"/><Vertex X="12192" Y="6981" Z="0"/><Vertex X="12153" Y="6981" Z="0"/><Vertex X="12114" Y="6981" Z="0"/><Vertex X="12055" Y="6981" Z="0"/><Vertex X="12015" Y="6942" Z="0"/><Vertex X="11976" Y="6942" Z="0"/><Vertex X="11917" Y="6942" Z="0"/><Vertex X="11858" Y="6942" Z="0"/><Vertex X="11780" Y="6902" Z="0"/><Vertex X="11760" Y="6902" Z="0"/><Vertex X="11721" Y="6902" Z="0"/><Vertex X="11681" Y="6863" Z="0"/><Vertex X="11622" Y="6863" Z="0"/><Vertex X="11603" Y="6824" Z="0"/><Vertex X="11524" Y="6804" Z="0"/><Vertex X="11426" Y="6765" Z="0"/><Vertex X="11327" Y="6725" Z="0"/><Vertex X="11308" Y="6725" Z="0"/><Vertex X="11268" Y="6686" Z="0"/><Vertex X="11209" Y="6686" Z="0"/><Vertex X="11131" Y="6647" Z="0"/><Vertex X="11072" Y="6607" Z="0"/><Vertex X="10993" Y="6588" Z="0"/><Vertex X="10954" Y="6588" Z="0"/><Vertex X="10914" Y="6548" Z="0"/><Vertex X="10895" Y="6548" Z="0"/><Vertex X="10855" Y="6509" Z="0"/><Vertex X="10816" Y="6509" Z="0"/><Vertex X="10796" Y="6509" Z="0"/><Vertex X="10718" Y="6470" Z="0"/><Vertex X="10698" Y="6470" Z="0"/><Vertex X="10659" Y="6450" Z="0"/><Vertex X="10600" Y="6450" Z="0"/><Vertex X="10521" Y="6450" Z="0"/><Vertex X="10462" Y="6411" Z="0"/><Vertex X="10423" Y="6411" Z="0"/><Vertex X="10403" Y="6411" Z="0"/><Vertex X="10364" Y="6411" Z="0"/><Vertex X="10305" Y="6371" Z="0"/><Vertex X="10265" Y="6371" Z="0"/><Vertex X="10206" Y="6371" Z="0"/><Vertex X="10167" Y="6371" Z="0"/><Vertex X="10049" Y="6332" Z="0"/><Vertex X="9970" Y="6332" Z="0"/><Vertex X="9911" Y="6332" Z="0"/><Vertex X="9872" Y="6332" Z="0"/><Vertex X="9754" Y="6332" Z="0"/><Vertex X="9715" Y="6332" Z="0"/><Vertex X="9656" Y="6332" Z="0"/><Vertex X="9597" Y="6332" Z="0"/><Vertex X="9557" Y="6293" Z="0"/><Vertex X="9498" Y="6293" Z="0"/><Vertex X="9439" Y="6293" Z="0"/><Vertex X="9341" Y="6293" Z="0"/><Vertex X="9282" Y="6293" Z="0"/><Vertex X="9243" Y="6293" Z="0"/><Vertex X="9184" Y="6293" Z="0"/><Vertex X="9105" Y="6293" Z="0"/><Vertex X="9026" Y="6293" Z="0"/><Vertex X="8987" Y="6293" Z="0"/><Vertex X="8869" Y="6293" Z="0"/><Vertex X="8790" Y="6293" Z="0"/><Vertex X="8751" Y="6293" Z="0"/><Vertex X="8653" Y="6293" Z="0"/><Vertex X="8633" Y="6293" Z="0"/><Vertex X="8554" Y="6293" Z="0"/><Vertex X="8515" Y="6293" Z="0"/><Vertex X="8456" Y="6293" Z="0"/><Vertex X="8397" Y="6293" Z="0"/><Vertex X="8358" Y="6293" Z="0"/><Vertex X="8299" Y="6293" Z="0"/><Vertex X="8220" Y="6293" Z="0"/><Vertex X="8161" Y="6293" Z="0"/><Vertex X="8102" Y="6293" Z="0"/><Vertex X="8063" Y="6253" Z="0"/><Vertex X="8004" Y="6253" Z="0"/><Vertex X="7945" Y="6253" Z="0"/><Vertex X="7906" Y="6253" Z="0"/><Vertex X="7847" Y="6234" Z="0"/><Vertex X="7788" Y="6234" Z="0"/><Vertex X="7748" Y="6234" Z="0"/><Vertex X="7709" Y="6234" Z="0"/><Vertex X="7670" Y="6194" Z="0"/><Vertex X="7611" Y="6194" Z="0"/><Vertex X="7591" Y="6194" Z="0"/><Vertex X="7493" Y="6194" Z="0"/><Vertex X="7453" Y="6194" Z="0"/><Vertex X="7394" Y="6194" Z="0"/><Vertex X="7394" Y="6155" Z="0"/><Vertex X="7355" Y="6155" Z="0"/><Vertex X="7316" Y="6155" Z="0"/><Vertex X="7276" Y="6155" Z="0"/><Vertex X="7257" Y="6155" Z="0"/><Vertex X="7217" Y="6155" Z="0"/><Vertex X="7198" Y="6155" Z="0"/><Vertex X="7158" Y="6155" Z="0"/><Vertex X="7119" Y="6155" Z="0"/><Vertex X="7099" Y="6155" Z="0"/><Vertex X="7060" Y="6155" Z="0"/><Vertex X="7040" Y="6155" Z="0"/><Vertex X="7001" Y="6155" Z="0"/><Vertex X="7001" Y="6175" Z="0"/><Vertex X="7001" Y="6175" Z="0"/></Vertices></Region><Region Id="2" Type="0" Zoom="0.050852" Selected="0" ImageLocation="" ImageFocus="-1" Length="9650.9" Area="3669370.5" LengthMicrons="4761.8" AreaMicrons="893284.6" Text="" NegativeROA="0" InputRegionId="0" Analyze="1" DisplayId="2"><Attributes></Attributes><Vertices><Vertex X="6608" Y="590" Z="0"/><Vertex X="6549" Y="590" Z="0"/><Vertex X="6490" Y="590" Z="0"/><Vertex X="6450" Y="610" Z="0"/><Vertex X="6391" Y="610" Z="0"/><Vertex X="6391" Y="649" Z="0"/><Vertex X="6332" Y="649" Z="0"/><Vertex X="6332" Y="669" Z="0"/><Vertex X="6293" Y="669" Z="0"/><Vertex X="6293" Y="708" Z="0"/><Vertex X="6234" Y="708" Z="0"/><Vertex X="6175" Y="747" Z="0"/><Vertex X="6175" Y="806" Z="0"/><Vertex X="6155" Y="846" Z="0"/><Vertex X="6155" Y="865" Z="0"/><Vertex X="6116" Y="905" Z="0"/><Vertex X="6116" Y="983" Z="0"/><Vertex X="6116" Y="1042" Z="0"/><Vertex X="6116" Y="1062" Z="0"/><Vertex X="6116" Y="1101" Z="0"/><Vertex X="6116" Y="1160" Z="0"/><Vertex X="6116" Y="1180" Z="0"/><Vertex X="6155" Y="1180" Z="0"/><Vertex X="6155" Y="1239" Z="0"/><Vertex X="6195" Y="1239" Z="0"/><Vertex X="6195" Y="1278" Z="0"/><Vertex X="6234" Y="1337" Z="0"/><Vertex X="6293" Y="1337" Z="0"/><Vertex X="6293" Y="1396" Z="0"/><Vertex X="6352" Y="1396" Z="0"/><Vertex X="6352" Y="1436" Z="0"/><Vertex X="6391" Y="1495" Z="0"/><Vertex X="6450" Y="1495" Z="0"/><Vertex X="6509" Y="1593" Z="0"/><Vertex X="6549" Y="1593" Z="0"/><Vertex X="6627" Y="1632" Z="0"/><Vertex X="6647" Y="1672" Z="0"/><Vertex X="6686" Y="1672" Z="0"/><Vertex X="6726" Y="1711" Z="0"/><Vertex X="6765" Y="1711" Z="0"/><Vertex X="6824" Y="1711" Z="0"/><Vertex X="6824" Y="1731" Z="0"/><Vertex X="6883" Y="1731" Z="0"/><Vertex X="6922" Y="1770" Z="0"/><Vertex X="6981" Y="1770" Z="0"/><Vertex X="7040" Y="1809" Z="0"/><Vertex X="7080" Y="1809" Z="0"/><Vertex X="7119" Y="1809" Z="0"/><Vertex X="7119" Y="1848" Z="0"/><Vertex X="7178" Y="1848" Z="0"/><Vertex X="7198" Y="1848" Z="0"/><Vertex X="7257" Y="1848" Z="0"/><Vertex X="7316" Y="1848" Z="0"/><Vertex X="7316" Y="1868" Z="0"/><Vertex X="7355" Y="1868" Z="0"/><Vertex X="7434" Y="1868" Z="0"/><Vertex X="7453" Y="1868" Z="0"/><Vertex X="7493" Y="1868" Z="0"/><Vertex X="7512" Y="1868" Z="0"/><Vertex X="7552" Y="1868" Z="0"/><Vertex X="7591" Y="1907" Z="0"/><Vertex X="7611" Y="1907" Z="0"/><Vertex X="7650" Y="1907" Z="0"/><Vertex X="7689" Y="1907" Z="0"/><Vertex X="7709" Y="1907" Z="0"/><Vertex X="7748" Y="1907" Z="0"/><Vertex X="7788" Y="1947" Z="0"/><Vertex X="7827" Y="1947" Z="0"/><Vertex X="7886" Y="1986" Z="0"/><Vertex X="7925" Y="1986" Z="0"/><Vertex X="7945" Y="1986" Z="0"/><Vertex X="7984" Y="1986" Z="0"/><Vertex X="8024" Y="2006" Z="0"/><Vertex X="8043" Y="2006" Z="0"/><Vertex X="8083" Y="2006" Z="0"/><Vertex X="8102" Y="2006" Z="0"/><Vertex X="8142" Y="2045" Z="0"/><Vertex X="8201" Y="2045" Z="0"/><Vertex X="8240" Y="2045" Z="0"/><Vertex X="8279" Y="2045" Z="0"/><Vertex X="8319" Y="2084" Z="0"/><Vertex X="8358" Y="2084" Z="0"/><Vertex X="8397" Y="2084" Z="0"/><Vertex X="8417" Y="2084" Z="0"/><Vertex X="8456" Y="2084" Z="0"/><Vertex X="8476" Y="2084" Z="0"/><Vertex X="8515" Y="2084" Z="0"/><Vertex X="8554" Y="2084" Z="0"/><Vertex X="8594" Y="2084" Z="0"/><Vertex X="8633" Y="2084" Z="0"/><Vertex X="8672" Y="2084" Z="0"/><Vertex X="8692" Y="2084" Z="0"/><Vertex X="8751" Y="2084" Z="0"/><Vertex X="8771" Y="2084" Z="0"/><Vertex X="8810" Y="2084" Z="0"/><Vertex X="8849" Y="2084" Z="0"/><Vertex X="8869" Y="2084" Z="0"/><Vertex X="8908" Y="2084" Z="0"/><Vertex X="8948" Y="2065" Z="0"/><Vertex X="8967" Y="2065" Z="0"/><Vertex X="9007" Y="2025" Z="0"/><Vertex X="9046" Y="2025" Z="0"/><Vertex X="9066" Y="2025" Z="0"/><Vertex X="9105" Y="2006" Z="0"/><Vertex X="9144" Y="2006" Z="0"/><Vertex X="9164" Y="2006" Z="0"/><Vertex X="9203" Y="1966" Z="0"/><Vertex X="9243" Y="1966" Z="0"/><Vertex X="9262" Y="1966" Z="0"/><Vertex X="9302" Y="1966" Z="0"/><Vertex X="9321" Y="1927" Z="0"/><Vertex X="9380" Y="1927" Z="0"/><Vertex X="9439" Y="1927" Z="0"/><Vertex X="9498" Y="1888" Z="0"/><Vertex X="9538" Y="1888" Z="0"/><Vertex X="9597" Y="1888" Z="0"/><Vertex X="9636" Y="1888" Z="0"/><Vertex X="9675" Y="1888" Z="0"/><Vertex X="9675" Y="1868" Z="0"/><Vertex X="9734" Y="1868" Z="0"/><Vertex X="9793" Y="1868" Z="0"/><Vertex X="9793" Y="1829" Z="0"/><Vertex X="9833" Y="1829" Z="0"/><Vertex X="9833" Y="1790" Z="0"/><Vertex X="9892" Y="1770" Z="0"/><Vertex X="9931" Y="1770" Z="0"/><Vertex X="9931" Y="1711" Z="0"/><Vertex X="9951" Y="1652" Z="0"/><Vertex X="9951" Y="1613" Z="0"/><Vertex X="9951" Y="1554" Z="0"/><Vertex X="9951" Y="1514" Z="0"/><Vertex X="9911" Y="1495" Z="0"/><Vertex X="9872" Y="1455" Z="0"/><Vertex X="9833" Y="1416" Z="0"/><Vertex X="9715" Y="1396" Z="0"/><Vertex X="9675" Y="1357" Z="0"/><Vertex X="9656" Y="1357" Z="0"/><Vertex X="9616" Y="1357" Z="0"/><Vertex X="9577" Y="1318" Z="0"/><Vertex X="9557" Y="1318" Z="0"/><Vertex X="9518" Y="1318" Z="0"/><Vertex X="9479" Y="1278" Z="0"/><Vertex X="9459" Y="1278" Z="0"/><Vertex X="9420" Y="1278" Z="0"/><Vertex X="9380" Y="1239" Z="0"/><Vertex X="9361" Y="1239" Z="0"/><Vertex X="9321" Y="1239" Z="0"/><Vertex X="9282" Y="1219" Z="0"/><Vertex X="9262" Y="1219" Z="0"/><Vertex X="9223" Y="1180" Z="0"/><Vertex X="9184" Y="1180" Z="0"/><Vertex X="9164" Y="1141" Z="0"/><Vertex X="9125" Y="1141" Z="0"/><Vertex X="9085" Y="1141" Z="0"/><Vertex X="9066" Y="1101" Z="0"/><Vertex X="9026" Y="1101" Z="0"/><Vertex X="8987" Y="1101" Z="0"/><Vertex X="8987" Y="1082" Z="0"/><Vertex X="8948" Y="1082" Z="0"/><Vertex X="8908" Y="1082" Z="0"/><Vertex X="8908" Y="1042" Z="0"/><Vertex X="8849" Y="1042" Z="0"/><Vertex X="8830" Y="1042" Z="0"/><Vertex X="8790" Y="1003" Z="0"/><Vertex X="8751" Y="1003" Z="0"/><Vertex X="8731" Y="1003" Z="0"/><Vertex X="8672" Y="964" Z="0"/><Vertex X="8613" Y="964" Z="0"/><Vertex X="8574" Y="944" Z="0"/><Vertex X="8535" Y="944" Z="0"/><Vertex X="8535" Y="905" Z="0"/><Vertex X="8495" Y="905" Z="0"/><Vertex X="8456" Y="865" Z="0"/><Vertex X="8417" Y="865" Z="0"/><Vertex X="8358" Y="865" Z="0"/><Vertex X="8319" Y="865" Z="0"/><Vertex X="8260" Y="826" Z="0"/><Vertex X="8201" Y="826" Z="0"/><Vertex X="8181" Y="826" Z="0"/><Vertex X="8122" Y="826" Z="0"/><Vertex X="8043" Y="826" Z="0"/><Vertex X="8024" Y="826" Z="0"/><Vertex X="7945" Y="826" Z="0"/><Vertex X="7886" Y="826" Z="0"/><Vertex X="7847" Y="826" Z="0"/><Vertex X="7807" Y="826" Z="0"/><Vertex X="7748" Y="787" Z="0"/><Vertex X="7729" Y="787" Z="0"/><Vertex X="7689" Y="787" Z="0"/><Vertex X="7650" Y="787" Z="0"/><Vertex X="7630" Y="767" Z="0"/><Vertex X="7552" Y="767" Z="0"/><Vertex X="7493" Y="728" Z="0"/><Vertex X="7434" Y="728" Z="0"/><Vertex X="7434" Y="688" Z="0"/><Vertex X="7394" Y="688" Z="0"/><Vertex X="7355" Y="688" Z="0"/><Vertex X="7355" Y="669" Z="0"/><Vertex X="7316" Y="669" Z="0"/><Vertex X="7296" Y="669" Z="0"/><Vertex X="7237" Y="669" Z="0"/><Vertex X="7178" Y="669" Z="0"/><Vertex X="7139" Y="669" Z="0"/><Vertex X="7080" Y="669" Z="0"/><Vertex X="7060" Y="669" Z="0"/><Vertex X="7021" Y="669" Z="0"/><Vertex X="6981" Y="669" Z="0"/><Vertex X="6962" Y="669" Z="0"/><Vertex X="6922" Y="669" Z="0"/><Vertex X="6903" Y="669" Z="0"/><Vertex X="6863" Y="669" Z="0"/><Vertex X="6824" Y="669" Z="0"/><Vertex X="6785" Y="669" Z="0"/><Vertex X="6726" Y="629" Z="0"/><Vertex X="6667" Y="629" Z="0"/><Vertex X="6647" Y="629" Z="0"/><Vertex X="6588" Y="629" Z="0"/><Vertex X="6608" Y="590" Z="0"/></Vertices></Region><Region Id="3" Type="0" Zoom="0.050852" Selected="0" ImageLocation="" ImageFocus="-1" Length="8268.9" Area="3991036.0" LengthMicrons="4079.9" AreaMicrons="971592.0" Text="" NegativeROA="0" InputRegionId="0" Analyze="1" DisplayId="3"><Attributes></Attributes><Vertices><Vertex X="6037" Y="9537" Z="0"/><Vertex X="5998" Y="9537" Z="0"/><Vertex X="5959" Y="9537" Z="0"/><Vertex X="5900" Y="9537" Z="0"/><Vertex X="5841" Y="9537" Z="0"/><Vertex X="5821" Y="9537" Z="0"/><Vertex X="5782" Y="9537" Z="0"/><Vertex X="5742" Y="9557" Z="0"/><Vertex X="5703" Y="9557" Z="0"/><Vertex X="5644" Y="9557" Z="0"/><Vertex X="5585" Y="9596" Z="0"/><Vertex X="5447" Y="9596" Z="0"/><Vertex X="5369" Y="9655" Z="0"/><Vertex X="5310" Y="9655" Z="0"/><Vertex X="5231" Y="9675" Z="0"/><Vertex X="5192" Y="9734" Z="0"/><Vertex X="5152" Y="9793" Z="0"/><Vertex X="5152" Y="9872" Z="0"/><Vertex X="5152" Y="9891" Z="0"/><Vertex X="5113" Y="9931" Z="0"/><Vertex X="5113" Y="9970" Z="0"/><Vertex X="5113" Y="10009" Z="0"/><Vertex X="5113" Y="10049" Z="0"/><Vertex X="5113" Y="10108" Z="0"/><Vertex X="5133" Y="10186" Z="0"/><Vertex X="5133" Y="10226" Z="0"/><Vertex X="5133" Y="10245" Z="0"/><Vertex X="5133" Y="10324" Z="0"/><Vertex X="5133" Y="10363" Z="0"/><Vertex X="5133" Y="10422" Z="0"/><Vertex X="5133" Y="10442" Z="0"/><Vertex X="5133" Y="10521" Z="0"/><Vertex X="5172" Y="10560" Z="0"/><Vertex X="5172" Y="10639" Z="0"/><Vertex X="5211" Y="10678" Z="0"/><Vertex X="5211" Y="10698" Z="0"/><Vertex X="5211" Y="10737" Z="0"/><Vertex X="5211" Y="10776" Z="0"/><Vertex X="5211" Y="10816" Z="0"/><Vertex X="5211" Y="10875" Z="0"/><Vertex X="5211" Y="10914" Z="0"/><Vertex X="5211" Y="10953" Z="0"/><Vertex X="5211" Y="11032" Z="0"/><Vertex X="5211" Y="11052" Z="0"/><Vertex X="5211" Y="11091" Z="0"/><Vertex X="5211" Y="11111" Z="0"/><Vertex X="5231" Y="11150" Z="0"/><Vertex X="5231" Y="11209" Z="0"/><Vertex X="5270" Y="11209" Z="0"/><Vertex X="5270" Y="11268" Z="0"/><Vertex X="5310" Y="11288" Z="0"/><Vertex X="5349" Y="11366" Z="0"/><Vertex X="5349" Y="11445" Z="0"/><Vertex X="5369" Y="11445" Z="0"/><Vertex X="5369" Y="11504" Z="0"/><Vertex X="5369" Y="11543" Z="0"/><Vertex X="5369" Y="11583" Z="0"/><Vertex X="5369" Y="11642" Z="0"/><Vertex X="5369" Y="11661" Z="0"/><Vertex X="5369" Y="11701" Z="0"/><Vertex X="5369" Y="11760" Z="0"/><Vertex X="5369" Y="11779" Z="0"/><Vertex X="5408" Y="11779" Z="0"/><Vertex X="5467" Y="11819" Z="0"/><Vertex X="5467" Y="11838" Z="0"/><Vertex X="5526" Y="11838" Z="0"/><Vertex X="5565" Y="11878" Z="0"/><Vertex X="5605" Y="11878" Z="0"/><Vertex X="5664" Y="11917" Z="0"/><Vertex X="5703" Y="11917" Z="0"/><Vertex X="5723" Y="11956" Z="0"/><Vertex X="5782" Y="11956" Z="0"/><Vertex X="5821" Y="11956" Z="0"/><Vertex X="5860" Y="11956" Z="0"/><Vertex X="5919" Y="11956" Z="0"/><Vertex X="5959" Y="11937" Z="0"/><Vertex X="6037" Y="11897" Z="0"/><Vertex X="6077" Y="11897" Z="0"/><Vertex X="6116" Y="11858" Z="0"/><Vertex X="6136" Y="11858" Z="0"/><Vertex X="6175" Y="11819" Z="0"/><Vertex X="6214" Y="11819" Z="0"/><Vertex X="6254" Y="11760" Z="0"/><Vertex X="6273" Y="11720" Z="0"/><Vertex X="6273" Y="11681" Z="0"/><Vertex X="6332" Y="11681" Z="0"/><Vertex X="6372" Y="11642" Z="0"/><Vertex X="6431" Y="11583" Z="0"/><Vertex X="6490" Y="11524" Z="0"/><Vertex X="6549" Y="11465" Z="0"/><Vertex X="6568" Y="11406" Z="0"/><Vertex X="6627" Y="11366" Z="0"/><Vertex X="6667" Y="11327" Z="0"/><Vertex X="6706" Y="11327" Z="0"/><Vertex X="6726" Y="11307" Z="0"/><Vertex X="6785" Y="11307" Z="0"/><Vertex X="6844" Y="11307" Z="0"/><Vertex X="6844" Y="11268" Z="0"/><Vertex X="6883" Y="11268" Z="0"/><Vertex X="6922" Y="11229" Z="0"/><Vertex X="6981" Y="11229" Z="0"/><Vertex X="7040" Y="11209" Z="0"/><Vertex X="7099" Y="11209" Z="0"/><Vertex X="7178" Y="11170" Z="0"/><Vertex X="7198" Y="11130" Z="0"/><Vertex X="7257" Y="11091" Z="0"/><Vertex X="7316" Y="11052" Z="0"/><Vertex X="7375" Y="11012" Z="0"/><Vertex X="7414" Y="10973" Z="0"/><Vertex X="7414" Y="10934" Z="0"/><Vertex X="7434" Y="10934" Z="0"/><Vertex X="7434" Y="10914" Z="0"/><Vertex X="7434" Y="10875" Z="0"/><Vertex X="7434" Y="10816" Z="0"/><Vertex X="7473" Y="10776" Z="0"/><Vertex X="7473" Y="10737" Z="0"/><Vertex X="7473" Y="10698" Z="0"/><Vertex X="7453" Y="10678" Z="0"/><Vertex X="7453" Y="10639" Z="0"/><Vertex X="7434" Y="10599" Z="0"/><Vertex X="7394" Y="10560" Z="0"/><Vertex X="7394" Y="10521" Z="0"/><Vertex X="7355" Y="10521" Z="0"/><Vertex X="7316" Y="10481" Z="0"/><Vertex X="7276" Y="10462" Z="0"/><Vertex X="7217" Y="10422" Z="0"/><Vertex X="7178" Y="10383" Z="0"/><Vertex X="7139" Y="10324" Z="0"/><Vertex X="7099" Y="10285" Z="0"/><Vertex X="7080" Y="10226" Z="0"/><Vertex X="7040" Y="10167" Z="0"/><Vertex X="6981" Y="10108" Z="0"/><Vertex X="6942" Y="10068" Z="0"/><Vertex X="6942" Y="10029" Z="0"/><Vertex X="6903" Y="10029" Z="0"/><Vertex X="6903" Y="9990" Z="0"/><Vertex X="6903" Y="9950" Z="0"/><Vertex X="6883" Y="9950" Z="0"/><Vertex X="6883" Y="9931" Z="0"/><Vertex X="6883" Y="9891" Z="0"/><Vertex X="6883" Y="9872" Z="0"/><Vertex X="6883" Y="9832" Z="0"/><Vertex X="6883" Y="9793" Z="0"/><Vertex X="6844" Y="9773" Z="0"/><Vertex X="6844" Y="9734" Z="0"/><Vertex X="6804" Y="9734" Z="0"/><Vertex X="6804" Y="9695" Z="0"/><Vertex X="6785" Y="9695" Z="0"/><Vertex X="6785" Y="9675" Z="0"/><Vertex X="6745" Y="9675" Z="0"/><Vertex X="6745" Y="9636" Z="0"/><Vertex X="6706" Y="9636" Z="0"/><Vertex X="6667" Y="9596" Z="0"/><Vertex X="6608" Y="9596" Z="0"/><Vertex X="6588" Y="9596" Z="0"/><Vertex X="6588" Y="9577" Z="0"/><Vertex X="6529" Y="9577" Z="0"/><Vertex X="6470" Y="9577" Z="0"/><Vertex X="6450" Y="9577" Z="0"/><Vertex X="6411" Y="9577" Z="0"/><Vertex X="6352" Y="9577" Z="0"/><Vertex X="6313" Y="9577" Z="0"/><Vertex X="6273" Y="9577" Z="0"/><Vertex X="6195" Y="9577" Z="0"/><Vertex X="6155" Y="9577" Z="0"/><Vertex X="6096" Y="9577" Z="0"/><Vertex X="6057" Y="9577" Z="0"/><Vertex X="6037" Y="9537" Z="0"/></Vertices></Region></Regions><Plots></Plots></Annotation></Annotations>
