<Annotations MicronsPerPixel="0.493400">
	<Annotation Id="1" Name="" ReadOnly="0" NameReadOnly="0" LineColorReadOnly="0" Incremental="0" Type="4" LineColor="16776960" Visible="1" Selected="1" MarkupImagePath="" MacroName=""><Attributes></Attributes><Regions><RegionAttributeHeaders></RegionAttributeHeaders><Region Id="1" Type="0" Zoom="0.030347" Selected="0" ImageLocation="" ImageFocus="-1" Length="18524.8" Area="11833610.5" LengthMicrons="9140.1" AreaMicrons="2880816.4" Text="" NegativeROA="0" InputRegionId="0" Analyze="1" DisplayId="1"><Attributes></Attributes><Vertices><Vertex X="10412" Y="23264" Z="0"/><Vertex X="10379" Y="23264" Z="0"/><Vertex X="10314" Y="23264" Z="0"/><Vertex X="10248" Y="23264" Z="0"/><Vertex X="10182" Y="23231" Z="0"/><Vertex X="10083" Y="23231" Z="0"/><Vertex X="10017" Y="23231" Z="0"/><Vertex X="9984" Y="23231" Z="0"/><Vertex X="9918" Y="23231" Z="0"/><Vertex X="9918" Y="23297" Z="0"/><Vertex X="9918" Y="23330" Z="0"/><Vertex X="9918" Y="23429" Z="0"/><Vertex X="9852" Y="23429" Z="0"/><Vertex X="9852" Y="23528" Z="0"/><Vertex X="9852" Y="23594" Z="0"/><Vertex X="9852" Y="23692" Z="0"/><Vertex X="9885" Y="23791" Z="0"/><Vertex X="9885" Y="23824" Z="0"/><Vertex X="9951" Y="23890" Z="0"/><Vertex X="9951" Y="23956" Z="0"/><Vertex X="10017" Y="24022" Z="0"/><Vertex X="10017" Y="24055" Z="0"/><Vertex X="10050" Y="24055" Z="0"/><Vertex X="10050" Y="24121" Z="0"/><Vertex X="10116" Y="24121" Z="0"/><Vertex X="10116" Y="24154" Z="0"/><Vertex X="10182" Y="24154" Z="0"/><Vertex X="10182" Y="24220" Z="0"/><Vertex X="10215" Y="24220" Z="0"/><Vertex X="10215" Y="24286" Z="0"/><Vertex X="10281" Y="24286" Z="0"/><Vertex X="10281" Y="24319" Z="0"/><Vertex X="10314" Y="24319" Z="0"/><Vertex X="10379" Y="24319" Z="0"/><Vertex X="10445" Y="24319" Z="0"/><Vertex X="10478" Y="24384" Z="0"/><Vertex X="10544" Y="24384" Z="0"/><Vertex X="10610" Y="24450" Z="0"/><Vertex X="10643" Y="24450" Z="0"/><Vertex X="10643" Y="24483" Z="0"/><Vertex X="10709" Y="24483" Z="0"/><Vertex X="10808" Y="24483" Z="0"/><Vertex X="10808" Y="24549" Z="0"/><Vertex X="10874" Y="24549" Z="0"/><Vertex X="10973" Y="24615" Z="0"/><Vertex X="11038" Y="24615" Z="0"/><Vertex X="11038" Y="24648" Z="0"/><Vertex X="11071" Y="24648" Z="0"/><Vertex X="11170" Y="24714" Z="0"/><Vertex X="11269" Y="24714" Z="0"/><Vertex X="11368" Y="24780" Z="0"/><Vertex X="11434" Y="24780" Z="0"/><Vertex X="11434" Y="24846" Z="0"/><Vertex X="11500" Y="24846" Z="0"/><Vertex X="11566" Y="24912" Z="0"/><Vertex X="11599" Y="24912" Z="0"/><Vertex X="11665" Y="24912" Z="0"/><Vertex X="11730" Y="24945" Z="0"/><Vertex X="11763" Y="24945" Z="0"/><Vertex X="11829" Y="24945" Z="0"/><Vertex X="11862" Y="24945" Z="0"/><Vertex X="11928" Y="24945" Z="0"/><Vertex X="12027" Y="24945" Z="0"/><Vertex X="12060" Y="24945" Z="0"/><Vertex X="12060" Y="25011" Z="0"/><Vertex X="12126" Y="25011" Z="0"/><Vertex X="12192" Y="25011" Z="0"/><Vertex X="12192" Y="25076" Z="0"/><Vertex X="12225" Y="25076" Z="0"/><Vertex X="12291" Y="25076" Z="0"/><Vertex X="12357" Y="25076" Z="0"/><Vertex X="12455" Y="25076" Z="0"/><Vertex X="12521" Y="25076" Z="0"/><Vertex X="12554" Y="25076" Z="0"/><Vertex X="12653" Y="25076" Z="0"/><Vertex X="12752" Y="25076" Z="0"/><Vertex X="12818" Y="25076" Z="0"/><Vertex X="12917" Y="25076" Z="0"/><Vertex X="12983" Y="25076" Z="0"/><Vertex X="13016" Y="25076" Z="0"/><Vertex X="13081" Y="25076" Z="0"/><Vertex X="13114" Y="25076" Z="0"/><Vertex X="13180" Y="25076" Z="0"/><Vertex X="13246" Y="25076" Z="0"/><Vertex X="13279" Y="25076" Z="0"/><Vertex X="13345" Y="25076" Z="0"/><Vertex X="13378" Y="25076" Z="0"/><Vertex X="13510" Y="25076" Z="0"/><Vertex X="13609" Y="25076" Z="0"/><Vertex X="13642" Y="25076" Z="0"/><Vertex X="13741" Y="25076" Z="0"/><Vertex X="13839" Y="25109" Z="0"/><Vertex X="13872" Y="25109" Z="0"/><Vertex X="13971" Y="25109" Z="0"/><Vertex X="14070" Y="25175" Z="0"/><Vertex X="14169" Y="25175" Z="0"/><Vertex X="14169" Y="25241" Z="0"/><Vertex X="14235" Y="25241" Z="0"/><Vertex X="14367" Y="25241" Z="0"/><Vertex X="14465" Y="25307" Z="0"/><Vertex X="14498" Y="25307" Z="0"/><Vertex X="14564" Y="25307" Z="0"/><Vertex X="14663" Y="25307" Z="0"/><Vertex X="14696" Y="25307" Z="0"/><Vertex X="14696" Y="25340" Z="0"/><Vertex X="14762" Y="25340" Z="0"/><Vertex X="14861" Y="25340" Z="0"/><Vertex X="14927" Y="25340" Z="0"/><Vertex X="15026" Y="25406" Z="0"/><Vertex X="15092" Y="25406" Z="0"/><Vertex X="15157" Y="25406" Z="0"/><Vertex X="15256" Y="25472" Z="0"/><Vertex X="15322" Y="25472" Z="0"/><Vertex X="15388" Y="25472" Z="0"/><Vertex X="15487" Y="25538" Z="0"/><Vertex X="15586" Y="25538" Z="0"/><Vertex X="15685" Y="25538" Z="0"/><Vertex X="15718" Y="25604" Z="0"/><Vertex X="15784" Y="25604" Z="0"/><Vertex X="15816" Y="25604" Z="0"/><Vertex X="15882" Y="25604" Z="0"/><Vertex X="15981" Y="25604" Z="0"/><Vertex X="16047" Y="25604" Z="0"/><Vertex X="16113" Y="25604" Z="0"/><Vertex X="16179" Y="25604" Z="0"/><Vertex X="16245" Y="25604" Z="0"/><Vertex X="16245" Y="25637" Z="0"/><Vertex X="16344" Y="25637" Z="0"/><Vertex X="16410" Y="25637" Z="0"/><Vertex X="16476" Y="25637" Z="0"/><Vertex X="16541" Y="25637" Z="0"/><Vertex X="16640" Y="25637" Z="0"/><Vertex X="16706" Y="25637" Z="0"/><Vertex X="16772" Y="25637" Z="0"/><Vertex X="16838" Y="25571" Z="0"/><Vertex X="16871" Y="25571" Z="0"/><Vertex X="16871" Y="25505" Z="0"/><Vertex X="16937" Y="25505" Z="0"/><Vertex X="16937" Y="25472" Z="0"/><Vertex X="16970" Y="25472" Z="0"/><Vertex X="16970" Y="25406" Z="0"/><Vertex X="17036" Y="25406" Z="0"/><Vertex X="17036" Y="25373" Z="0"/><Vertex X="17102" Y="25373" Z="0"/><Vertex X="17102" Y="25307" Z="0"/><Vertex X="17135" Y="25307" Z="0"/><Vertex X="17135" Y="25241" Z="0"/><Vertex X="17135" Y="25208" Z="0"/><Vertex X="17200" Y="25142" Z="0"/><Vertex X="17200" Y="25076" Z="0"/><Vertex X="17200" Y="25043" Z="0"/><Vertex X="17200" Y="24978" Z="0"/><Vertex X="17200" Y="24945" Z="0"/><Vertex X="17200" Y="24846" Z="0"/><Vertex X="17168" Y="24747" Z="0"/><Vertex X="17168" Y="24648" Z="0"/><Vertex X="17168" Y="24615" Z="0"/><Vertex X="17102" Y="24615" Z="0"/><Vertex X="17102" Y="24549" Z="0"/><Vertex X="17069" Y="24483" Z="0"/><Vertex X="17069" Y="24450" Z="0"/><Vertex X="17003" Y="24450" Z="0"/><Vertex X="17003" Y="24384" Z="0"/><Vertex X="16937" Y="24384" Z="0"/><Vertex X="16937" Y="24352" Z="0"/><Vertex X="16904" Y="24352" Z="0"/><Vertex X="16904" Y="24286" Z="0"/><Vertex X="16838" Y="24286" Z="0"/><Vertex X="16838" Y="24220" Z="0"/><Vertex X="16805" Y="24220" Z="0"/><Vertex X="16805" Y="24187" Z="0"/><Vertex X="16739" Y="24187" Z="0"/><Vertex X="16640" Y="24121" Z="0"/><Vertex X="16574" Y="24121" Z="0"/><Vertex X="16574" Y="24055" Z="0"/><Vertex X="16508" Y="24055" Z="0"/><Vertex X="16443" Y="24055" Z="0"/><Vertex X="16443" Y="24022" Z="0"/><Vertex X="16410" Y="24022" Z="0"/><Vertex X="16311" Y="24022" Z="0"/><Vertex X="16311" Y="23956" Z="0"/><Vertex X="16278" Y="23956" Z="0"/><Vertex X="16179" Y="23956" Z="0"/><Vertex X="16113" Y="23956" Z="0"/><Vertex X="16113" Y="23923" Z="0"/><Vertex X="16080" Y="23923" Z="0"/><Vertex X="16014" Y="23923" Z="0"/><Vertex X="15948" Y="23923" Z="0"/><Vertex X="15915" Y="23857" Z="0"/><Vertex X="15849" Y="23857" Z="0"/><Vertex X="15784" Y="23791" Z="0"/><Vertex X="15751" Y="23791" Z="0"/><Vertex X="15751" Y="23725" Z="0"/><Vertex X="15685" Y="23725" Z="0"/><Vertex X="15619" Y="23692" Z="0"/><Vertex X="15586" Y="23692" Z="0"/><Vertex X="15520" Y="23627" Z="0"/><Vertex X="15454" Y="23627" Z="0"/><Vertex X="15421" Y="23561" Z="0"/><Vertex X="15322" Y="23561" Z="0"/><Vertex X="15223" Y="23561" Z="0"/><Vertex X="15223" Y="23528" Z="0"/><Vertex X="15157" Y="23528" Z="0"/><Vertex X="15059" Y="23528" Z="0"/><Vertex X="15059" Y="23462" Z="0"/><Vertex X="14960" Y="23462" Z="0"/><Vertex X="14894" Y="23462" Z="0"/><Vertex X="14894" Y="23396" Z="0"/><Vertex X="14795" Y="23396" Z="0"/><Vertex X="14696" Y="23396" Z="0"/><Vertex X="14630" Y="23396" Z="0"/><Vertex X="14564" Y="23396" Z="0"/><Vertex X="14465" Y="23330" Z="0"/><Vertex X="14367" Y="23330" Z="0"/><Vertex X="14301" Y="23330" Z="0"/><Vertex X="14202" Y="23330" Z="0"/><Vertex X="14103" Y="23330" Z="0"/><Vertex X="14037" Y="23330" Z="0"/><Vertex X="13938" Y="23330" Z="0"/><Vertex X="13905" Y="23330" Z="0"/><Vertex X="13806" Y="23330" Z="0"/><Vertex X="13708" Y="23330" Z="0"/><Vertex X="13642" Y="23330" Z="0"/><Vertex X="13543" Y="23330" Z="0"/><Vertex X="13477" Y="23330" Z="0"/><Vertex X="13411" Y="23330" Z="0"/><Vertex X="13345" Y="23330" Z="0"/><Vertex X="13279" Y="23330" Z="0"/><Vertex X="13246" Y="23330" Z="0"/><Vertex X="13147" Y="23330" Z="0"/><Vertex X="13049" Y="23330" Z="0"/><Vertex X="12983" Y="23330" Z="0"/><Vertex X="12884" Y="23330" Z="0"/><Vertex X="12785" Y="23330" Z="0"/><Vertex X="12752" Y="23330" Z="0"/><Vertex X="12653" Y="23330" Z="0"/><Vertex X="12554" Y="23330" Z="0"/><Vertex X="12521" Y="23297" Z="0"/><Vertex X="12422" Y="23297" Z="0"/><Vertex X="12324" Y="23297" Z="0"/><Vertex X="12258" Y="23231" Z="0"/><Vertex X="12159" Y="23231" Z="0"/><Vertex X="12060" Y="23231" Z="0"/><Vertex X="11994" Y="23231" Z="0"/><Vertex X="11895" Y="23165" Z="0"/><Vertex X="11796" Y="23165" Z="0"/><Vertex X="11697" Y="23165" Z="0"/><Vertex X="11632" Y="23165" Z="0"/><Vertex X="11566" Y="23165" Z="0"/><Vertex X="11533" Y="23165" Z="0"/><Vertex X="11467" Y="23165" Z="0"/><Vertex X="11401" Y="23165" Z="0"/><Vertex X="11368" Y="23165" Z="0"/><Vertex X="11302" Y="23165" Z="0"/><Vertex X="11203" Y="23165" Z="0"/><Vertex X="11137" Y="23165" Z="0"/><Vertex X="11071" Y="23165" Z="0"/><Vertex X="11006" Y="23198" Z="0"/><Vertex X="10973" Y="23198" Z="0"/><Vertex X="10907" Y="23198" Z="0"/><Vertex X="10874" Y="23198" Z="0"/><Vertex X="10808" Y="23198" Z="0"/><Vertex X="10742" Y="23198" Z="0"/><Vertex X="10709" Y="23198" Z="0"/><Vertex X="10643" Y="23198" Z="0"/><Vertex X="10577" Y="23198" Z="0"/><Vertex X="10511" Y="23198" Z="0"/><Vertex X="10445" Y="23198" Z="0"/><Vertex X="10412" Y="23198" Z="0"/><Vertex X="10412" Y="23264" Z="0"/></Vertices></Region><Region Id="2" Type="0" Zoom="0.030347" Selected="0" ImageLocation="" ImageFocus="-1" Length="30751.1" Area="27110696.0" LengthMicrons="15172.6" AreaMicrons="6599924.5" Text="" NegativeROA="0" InputRegionId="0" Analyze="1" DisplayId="2"><Attributes></Attributes><Vertices><Vertex X="10050" Y="18980" Z="0"/><Vertex X="10017" Y="18980" Z="0"/><Vertex X="9951" Y="19046" Z="0"/><Vertex X="9885" Y="19046" Z="0"/><Vertex X="9852" Y="19046" Z="0"/><Vertex X="9753" Y="19046" Z="0"/><Vertex X="9687" Y="19046" Z="0"/><Vertex X="9622" Y="19046" Z="0"/><Vertex X="9556" Y="19112" Z="0"/><Vertex X="9523" Y="19112" Z="0"/><Vertex X="9424" Y="19112" Z="0"/><Vertex X="9424" Y="19178" Z="0"/><Vertex X="9358" Y="19178" Z="0"/><Vertex X="9325" Y="19178" Z="0"/><Vertex X="9325" Y="19211" Z="0"/><Vertex X="9259" Y="19211" Z="0"/><Vertex X="9259" Y="19277" Z="0"/><Vertex X="9226" Y="19277" Z="0"/><Vertex X="9226" Y="19310" Z="0"/><Vertex X="9160" Y="19376" Z="0"/><Vertex X="9094" Y="19442" Z="0"/><Vertex X="9028" Y="19508" Z="0"/><Vertex X="9028" Y="19541" Z="0"/><Vertex X="8995" Y="19541" Z="0"/><Vertex X="8930" Y="19606" Z="0"/><Vertex X="8930" Y="19705" Z="0"/><Vertex X="8864" Y="19771" Z="0"/><Vertex X="8864" Y="19837" Z="0"/><Vertex X="8864" Y="19903" Z="0"/><Vertex X="8798" Y="19903" Z="0"/><Vertex X="8798" Y="19936" Z="0"/><Vertex X="8798" Y="20035" Z="0"/><Vertex X="8798" Y="20134" Z="0"/><Vertex X="8798" Y="20200" Z="0"/><Vertex X="8798" Y="20265" Z="0"/><Vertex X="8798" Y="20298" Z="0"/><Vertex X="8798" Y="20364" Z="0"/><Vertex X="8798" Y="20430" Z="0"/><Vertex X="8798" Y="20463" Z="0"/><Vertex X="8798" Y="20529" Z="0"/><Vertex X="8831" Y="20529" Z="0"/><Vertex X="8831" Y="20562" Z="0"/><Vertex X="8831" Y="20628" Z="0"/><Vertex X="8897" Y="20628" Z="0"/><Vertex X="8897" Y="20694" Z="0"/><Vertex X="8930" Y="20727" Z="0"/><Vertex X="8995" Y="20727" Z="0"/><Vertex X="8995" Y="20793" Z="0"/><Vertex X="9094" Y="20793" Z="0"/><Vertex X="9160" Y="20793" Z="0"/><Vertex X="9226" Y="20793" Z="0"/><Vertex X="9292" Y="20793" Z="0"/><Vertex X="9325" Y="20793" Z="0"/><Vertex X="9391" Y="20793" Z="0"/><Vertex X="9457" Y="20859" Z="0"/><Vertex X="9490" Y="20859" Z="0"/><Vertex X="9556" Y="20859" Z="0"/><Vertex X="9589" Y="20859" Z="0"/><Vertex X="9654" Y="20859" Z="0"/><Vertex X="9720" Y="20924" Z="0"/><Vertex X="9753" Y="20924" Z="0"/><Vertex X="9819" Y="20924" Z="0"/><Vertex X="9885" Y="20924" Z="0"/><Vertex X="9951" Y="20957" Z="0"/><Vertex X="10050" Y="20957" Z="0"/><Vertex X="10149" Y="21023" Z="0"/><Vertex X="10248" Y="21023" Z="0"/><Vertex X="10314" Y="21089" Z="0"/><Vertex X="10412" Y="21089" Z="0"/><Vertex X="10478" Y="21089" Z="0"/><Vertex X="10511" Y="21089" Z="0"/><Vertex X="10577" Y="21089" Z="0"/><Vertex X="10610" Y="21089" Z="0"/><Vertex X="10676" Y="21089" Z="0"/><Vertex X="10742" Y="21089" Z="0"/><Vertex X="10808" Y="21089" Z="0"/><Vertex X="10907" Y="21089" Z="0"/><Vertex X="10973" Y="21089" Z="0"/><Vertex X="11006" Y="21089" Z="0"/><Vertex X="11104" Y="21089" Z="0"/><Vertex X="11137" Y="21089" Z="0"/><Vertex X="11203" Y="21089" Z="0"/><Vertex X="11269" Y="21089" Z="0"/><Vertex X="11302" Y="21089" Z="0"/><Vertex X="11368" Y="21089" Z="0"/><Vertex X="11434" Y="21056" Z="0"/><Vertex X="11467" Y="21056" Z="0"/><Vertex X="11566" Y="21056" Z="0"/><Vertex X="11665" Y="21056" Z="0"/><Vertex X="11697" Y="21056" Z="0"/><Vertex X="11796" Y="21023" Z="0"/><Vertex X="11862" Y="21023" Z="0"/><Vertex X="11895" Y="21023" Z="0"/><Vertex X="11961" Y="20957" Z="0"/><Vertex X="12027" Y="20957" Z="0"/><Vertex X="12060" Y="20957" Z="0"/><Vertex X="12126" Y="20892" Z="0"/><Vertex X="12159" Y="20892" Z="0"/><Vertex X="12225" Y="20892" Z="0"/><Vertex X="12291" Y="20826" Z="0"/><Vertex X="12324" Y="20826" Z="0"/><Vertex X="12389" Y="20826" Z="0"/><Vertex X="12455" Y="20760" Z="0"/><Vertex X="12488" Y="20760" Z="0"/><Vertex X="12554" Y="20760" Z="0"/><Vertex X="12620" Y="20727" Z="0"/><Vertex X="12653" Y="20727" Z="0"/><Vertex X="12719" Y="20727" Z="0"/><Vertex X="12785" Y="20661" Z="0"/><Vertex X="12818" Y="20661" Z="0"/><Vertex X="12884" Y="20661" Z="0"/><Vertex X="12950" Y="20595" Z="0"/><Vertex X="12983" Y="20595" Z="0"/><Vertex X="13049" Y="20595" Z="0"/><Vertex X="13114" Y="20595" Z="0"/><Vertex X="13147" Y="20529" Z="0"/><Vertex X="13213" Y="20529" Z="0"/><Vertex X="13279" Y="20529" Z="0"/><Vertex X="13312" Y="20529" Z="0"/><Vertex X="13378" Y="20529" Z="0"/><Vertex X="13411" Y="20529" Z="0"/><Vertex X="13477" Y="20463" Z="0"/><Vertex X="13543" Y="20463" Z="0"/><Vertex X="13576" Y="20463" Z="0"/><Vertex X="13642" Y="20463" Z="0"/><Vertex X="13708" Y="20463" Z="0"/><Vertex X="13741" Y="20430" Z="0"/><Vertex X="13839" Y="20430" Z="0"/><Vertex X="13905" Y="20430" Z="0"/><Vertex X="13938" Y="20430" Z="0"/><Vertex X="14004" Y="20364" Z="0"/><Vertex X="14070" Y="20364" Z="0"/><Vertex X="14103" Y="20364" Z="0"/><Vertex X="14169" Y="20364" Z="0"/><Vertex X="14202" Y="20364" Z="0"/><Vertex X="14268" Y="20364" Z="0"/><Vertex X="14334" Y="20364" Z="0"/><Vertex X="14367" Y="20298" Z="0"/><Vertex X="14433" Y="20298" Z="0"/><Vertex X="14498" Y="20298" Z="0"/><Vertex X="14531" Y="20298" Z="0"/><Vertex X="14597" Y="20298" Z="0"/><Vertex X="14630" Y="20298" Z="0"/><Vertex X="14696" Y="20298" Z="0"/><Vertex X="14762" Y="20298" Z="0"/><Vertex X="14795" Y="20298" Z="0"/><Vertex X="14861" Y="20298" Z="0"/><Vertex X="14894" Y="20298" Z="0"/><Vertex X="14960" Y="20298" Z="0"/><Vertex X="15026" Y="20298" Z="0"/><Vertex X="15059" Y="20298" Z="0"/><Vertex X="15125" Y="20298" Z="0"/><Vertex X="15157" Y="20298" Z="0"/><Vertex X="15223" Y="20298" Z="0"/><Vertex X="15289" Y="20233" Z="0"/><Vertex X="15322" Y="20233" Z="0"/><Vertex X="15388" Y="20233" Z="0"/><Vertex X="15520" Y="20233" Z="0"/><Vertex X="15553" Y="20233" Z="0"/><Vertex X="15619" Y="20233" Z="0"/><Vertex X="15718" Y="20233" Z="0"/><Vertex X="15751" Y="20233" Z="0"/><Vertex X="15849" Y="20233" Z="0"/><Vertex X="15882" Y="20233" Z="0"/><Vertex X="15981" Y="20233" Z="0"/><Vertex X="15981" Y="20200" Z="0"/><Vertex X="16080" Y="20200" Z="0"/><Vertex X="16146" Y="20200" Z="0"/><Vertex X="16212" Y="20200" Z="0"/><Vertex X="16278" Y="20200" Z="0"/><Vertex X="16344" Y="20200" Z="0"/><Vertex X="16443" Y="20200" Z="0"/><Vertex X="16541" Y="20200" Z="0"/><Vertex X="16607" Y="20200" Z="0"/><Vertex X="16706" Y="20200" Z="0"/><Vertex X="16805" Y="20200" Z="0"/><Vertex X="16871" Y="20200" Z="0"/><Vertex X="16970" Y="20200" Z="0"/><Vertex X="17069" Y="20265" Z="0"/><Vertex X="17135" Y="20265" Z="0"/><Vertex X="17233" Y="20331" Z="0"/><Vertex X="17332" Y="20331" Z="0"/><Vertex X="17332" Y="20397" Z="0"/><Vertex X="17431" Y="20397" Z="0"/><Vertex X="17464" Y="20397" Z="0"/><Vertex X="17530" Y="20496" Z="0"/><Vertex X="17596" Y="20496" Z="0"/><Vertex X="17629" Y="20529" Z="0"/><Vertex X="17695" Y="20529" Z="0"/><Vertex X="17827" Y="20595" Z="0"/><Vertex X="17892" Y="20595" Z="0"/><Vertex X="17925" Y="20661" Z="0"/><Vertex X="17991" Y="20661" Z="0"/><Vertex X="18057" Y="20661" Z="0"/><Vertex X="18090" Y="20727" Z="0"/><Vertex X="18156" Y="20727" Z="0"/><Vertex X="18255" Y="20793" Z="0"/><Vertex X="18321" Y="20793" Z="0"/><Vertex X="18321" Y="20826" Z="0"/><Vertex X="18387" Y="20826" Z="0"/><Vertex X="18453" Y="20892" Z="0"/><Vertex X="18486" Y="20892" Z="0"/><Vertex X="18486" Y="20957" Z="0"/><Vertex X="18552" Y="20957" Z="0"/><Vertex X="18617" Y="20957" Z="0"/><Vertex X="18617" Y="20990" Z="0"/><Vertex X="18650" Y="20990" Z="0"/><Vertex X="18716" Y="20990" Z="0"/><Vertex X="18716" Y="21056" Z="0"/><Vertex X="18749" Y="21056" Z="0"/><Vertex X="18815" Y="21056" Z="0"/><Vertex X="18881" Y="21056" Z="0"/><Vertex X="18881" Y="21122" Z="0"/><Vertex X="18914" Y="21122" Z="0"/><Vertex X="18980" Y="21122" Z="0"/><Vertex X="19013" Y="21122" Z="0"/><Vertex X="19013" Y="21155" Z="0"/><Vertex X="19079" Y="21155" Z="0"/><Vertex X="19178" Y="21221" Z="0"/><Vertex X="19276" Y="21221" Z="0"/><Vertex X="19276" Y="21287" Z="0"/><Vertex X="19309" Y="21287" Z="0"/><Vertex X="19375" Y="21287" Z="0"/><Vertex X="19375" Y="21320" Z="0"/><Vertex X="19408" Y="21320" Z="0"/><Vertex X="19474" Y="21320" Z="0"/><Vertex X="19474" Y="21386" Z="0"/><Vertex X="19540" Y="21386" Z="0"/><Vertex X="19540" Y="21419" Z="0"/><Vertex X="19573" Y="21419" Z="0"/><Vertex X="19639" Y="21419" Z="0"/><Vertex X="19672" Y="21419" Z="0"/><Vertex X="19672" Y="21485" Z="0"/><Vertex X="19771" Y="21485" Z="0"/><Vertex X="19837" Y="21485" Z="0"/><Vertex X="19903" Y="21485" Z="0"/><Vertex X="20001" Y="21485" Z="0"/><Vertex X="20100" Y="21485" Z="0"/><Vertex X="20166" Y="21485" Z="0"/><Vertex X="20232" Y="21485" Z="0"/><Vertex X="20265" Y="21485" Z="0"/><Vertex X="20331" Y="21485" Z="0"/><Vertex X="20397" Y="21485" Z="0"/><Vertex X="20430" Y="21485" Z="0"/><Vertex X="20496" Y="21485" Z="0"/><Vertex X="20529" Y="21485" Z="0"/><Vertex X="20529" Y="21452" Z="0"/><Vertex X="20595" Y="21452" Z="0"/><Vertex X="20660" Y="21452" Z="0"/><Vertex X="20660" Y="21419" Z="0"/><Vertex X="20693" Y="21419" Z="0"/><Vertex X="20759" Y="21353" Z="0"/><Vertex X="20825" Y="21287" Z="0"/><Vertex X="20891" Y="21188" Z="0"/><Vertex X="20891" Y="21155" Z="0"/><Vertex X="20924" Y="21155" Z="0"/><Vertex X="20924" Y="21089" Z="0"/><Vertex X="20924" Y="20957" Z="0"/><Vertex X="20990" Y="20892" Z="0"/><Vertex X="20990" Y="20793" Z="0"/><Vertex X="20990" Y="20694" Z="0"/><Vertex X="20990" Y="20628" Z="0"/><Vertex X="21056" Y="20562" Z="0"/><Vertex X="21056" Y="20463" Z="0"/><Vertex X="21056" Y="20430" Z="0"/><Vertex X="21056" Y="20298" Z="0"/><Vertex X="21056" Y="20265" Z="0"/><Vertex X="21056" Y="20134" Z="0"/><Vertex X="21056" Y="20068" Z="0"/><Vertex X="21056" Y="20035" Z="0"/><Vertex X="21056" Y="19936" Z="0"/><Vertex X="21056" Y="19903" Z="0"/><Vertex X="21056" Y="19837" Z="0"/><Vertex X="21056" Y="19738" Z="0"/><Vertex X="21056" Y="19705" Z="0"/><Vertex X="21056" Y="19639" Z="0"/><Vertex X="21056" Y="19606" Z="0"/><Vertex X="21056" Y="19541" Z="0"/><Vertex X="21023" Y="19541" Z="0"/><Vertex X="21023" Y="19475" Z="0"/><Vertex X="21023" Y="19442" Z="0"/><Vertex X="20990" Y="19376" Z="0"/><Vertex X="20990" Y="19310" Z="0"/><Vertex X="20990" Y="19244" Z="0"/><Vertex X="20990" Y="19178" Z="0"/><Vertex X="20990" Y="19112" Z="0"/><Vertex X="20990" Y="19079" Z="0"/><Vertex X="20990" Y="19013" Z="0"/><Vertex X="20924" Y="19013" Z="0"/><Vertex X="20924" Y="18980" Z="0"/><Vertex X="20858" Y="18980" Z="0"/><Vertex X="20858" Y="18914" Z="0"/><Vertex X="20792" Y="18914" Z="0"/><Vertex X="20693" Y="18849" Z="0"/><Vertex X="20627" Y="18849" Z="0"/><Vertex X="20595" Y="18849" Z="0"/><Vertex X="20496" Y="18849" Z="0"/><Vertex X="20430" Y="18849" Z="0"/><Vertex X="20397" Y="18849" Z="0"/><Vertex X="20331" Y="18849" Z="0"/><Vertex X="20265" Y="18783" Z="0"/><Vertex X="20232" Y="18783" Z="0"/><Vertex X="20166" Y="18783" Z="0"/><Vertex X="20133" Y="18783" Z="0"/><Vertex X="20067" Y="18783" Z="0"/><Vertex X="20001" Y="18783" Z="0"/><Vertex X="19968" Y="18750" Z="0"/><Vertex X="19903" Y="18750" Z="0"/><Vertex X="19837" Y="18750" Z="0"/><Vertex X="19771" Y="18684" Z="0"/><Vertex X="19705" Y="18684" Z="0"/><Vertex X="19639" Y="18684" Z="0"/><Vertex X="19606" Y="18684" Z="0"/><Vertex X="19474" Y="18618" Z="0"/><Vertex X="19408" Y="18618" Z="0"/><Vertex X="19375" Y="18618" Z="0"/><Vertex X="19309" Y="18618" Z="0"/><Vertex X="19243" Y="18618" Z="0"/><Vertex X="19211" Y="18552" Z="0"/><Vertex X="19145" Y="18552" Z="0"/><Vertex X="19079" Y="18552" Z="0"/><Vertex X="19046" Y="18552" Z="0"/><Vertex X="18980" Y="18552" Z="0"/><Vertex X="18947" Y="18486" Z="0"/><Vertex X="18881" Y="18486" Z="0"/><Vertex X="18815" Y="18486" Z="0"/><Vertex X="18782" Y="18486" Z="0"/><Vertex X="18716" Y="18486" Z="0"/><Vertex X="18683" Y="18486" Z="0"/><Vertex X="18617" Y="18420" Z="0"/><Vertex X="18552" Y="18420" Z="0"/><Vertex X="18519" Y="18420" Z="0"/><Vertex X="18453" Y="18420" Z="0"/><Vertex X="18387" Y="18420" Z="0"/><Vertex X="18354" Y="18420" Z="0"/><Vertex X="18288" Y="18420" Z="0"/><Vertex X="18255" Y="18420" Z="0"/><Vertex X="18189" Y="18420" Z="0"/><Vertex X="18123" Y="18420" Z="0"/><Vertex X="18090" Y="18420" Z="0"/><Vertex X="18024" Y="18420" Z="0"/><Vertex X="17958" Y="18387" Z="0"/><Vertex X="17925" Y="18387" Z="0"/><Vertex X="17860" Y="18387" Z="0"/><Vertex X="17827" Y="18387" Z="0"/><Vertex X="17728" Y="18387" Z="0"/><Vertex X="17629" Y="18387" Z="0"/><Vertex X="17563" Y="18321" Z="0"/><Vertex X="17464" Y="18321" Z="0"/><Vertex X="17398" Y="18321" Z="0"/><Vertex X="17299" Y="18321" Z="0"/><Vertex X="17233" Y="18321" Z="0"/><Vertex X="17200" Y="18321" Z="0"/><Vertex X="17135" Y="18321" Z="0"/><Vertex X="17069" Y="18321" Z="0"/><Vertex X="17036" Y="18321" Z="0"/><Vertex X="16970" Y="18321" Z="0"/><Vertex X="16937" Y="18321" Z="0"/><Vertex X="16871" Y="18321" Z="0"/><Vertex X="16772" Y="18321" Z="0"/><Vertex X="16706" Y="18321" Z="0"/><Vertex X="16640" Y="18321" Z="0"/><Vertex X="16574" Y="18321" Z="0"/><Vertex X="16476" Y="18321" Z="0"/><Vertex X="16344" Y="18321" Z="0"/><Vertex X="16278" Y="18321" Z="0"/><Vertex X="16245" Y="18321" Z="0"/><Vertex X="16146" Y="18321" Z="0"/><Vertex X="16080" Y="18255" Z="0"/><Vertex X="16047" Y="18255" Z="0"/><Vertex X="15981" Y="18255" Z="0"/><Vertex X="15948" Y="18255" Z="0"/><Vertex X="15882" Y="18189" Z="0"/><Vertex X="15751" Y="18189" Z="0"/><Vertex X="15685" Y="18189" Z="0"/><Vertex X="15619" Y="18157" Z="0"/><Vertex X="15586" Y="18157" Z="0"/><Vertex X="15520" Y="18157" Z="0"/><Vertex X="15454" Y="18157" Z="0"/><Vertex X="15355" Y="18091" Z="0"/><Vertex X="15289" Y="18091" Z="0"/><Vertex X="15256" Y="18091" Z="0"/><Vertex X="15190" Y="18091" Z="0"/><Vertex X="15157" Y="18091" Z="0"/><Vertex X="15092" Y="18091" Z="0"/><Vertex X="15026" Y="18091" Z="0"/><Vertex X="14993" Y="18091" Z="0"/><Vertex X="14894" Y="18091" Z="0"/><Vertex X="14828" Y="18124" Z="0"/><Vertex X="14762" Y="18124" Z="0"/><Vertex X="14729" Y="18124" Z="0"/><Vertex X="14597" Y="18157" Z="0"/><Vertex X="14564" Y="18157" Z="0"/><Vertex X="14498" Y="18157" Z="0"/><Vertex X="14433" Y="18157" Z="0"/><Vertex X="14400" Y="18157" Z="0"/><Vertex X="14334" Y="18222" Z="0"/><Vertex X="14268" Y="18222" Z="0"/><Vertex X="14202" Y="18222" Z="0"/><Vertex X="14136" Y="18222" Z="0"/><Vertex X="14070" Y="18222" Z="0"/><Vertex X="13971" Y="18222" Z="0"/><Vertex X="13905" Y="18222" Z="0"/><Vertex X="13839" Y="18222" Z="0"/><Vertex X="13741" Y="18222" Z="0"/><Vertex X="13675" Y="18222" Z="0"/><Vertex X="13609" Y="18222" Z="0"/><Vertex X="13477" Y="18222" Z="0"/><Vertex X="13411" Y="18222" Z="0"/><Vertex X="13312" Y="18222" Z="0"/><Vertex X="13246" Y="18288" Z="0"/><Vertex X="13213" Y="18288" Z="0"/><Vertex X="13147" Y="18288" Z="0"/><Vertex X="13049" Y="18354" Z="0"/><Vertex X="12983" Y="18354" Z="0"/><Vertex X="12950" Y="18354" Z="0"/><Vertex X="12818" Y="18387" Z="0"/><Vertex X="12785" Y="18387" Z="0"/><Vertex X="12653" Y="18387" Z="0"/><Vertex X="12620" Y="18387" Z="0"/><Vertex X="12521" Y="18387" Z="0"/><Vertex X="12422" Y="18387" Z="0"/><Vertex X="12291" Y="18453" Z="0"/><Vertex X="12225" Y="18453" Z="0"/><Vertex X="12192" Y="18453" Z="0"/><Vertex X="12126" Y="18453" Z="0"/><Vertex X="12093" Y="18453" Z="0"/><Vertex X="12027" Y="18453" Z="0"/><Vertex X="11961" Y="18519" Z="0"/><Vertex X="11862" Y="18519" Z="0"/><Vertex X="11796" Y="18519" Z="0"/><Vertex X="11763" Y="18519" Z="0"/><Vertex X="11665" Y="18519" Z="0"/><Vertex X="11599" Y="18519" Z="0"/><Vertex X="11599" Y="18585" Z="0"/><Vertex X="11500" Y="18585" Z="0"/><Vertex X="11401" Y="18585" Z="0"/><Vertex X="11302" Y="18651" Z="0"/><Vertex X="11236" Y="18651" Z="0"/><Vertex X="11236" Y="18684" Z="0"/><Vertex X="11137" Y="18684" Z="0"/><Vertex X="11038" Y="18750" Z="0"/><Vertex X="11006" Y="18750" Z="0"/><Vertex X="10907" Y="18750" Z="0"/><Vertex X="10907" Y="18816" Z="0"/><Vertex X="10808" Y="18816" Z="0"/><Vertex X="10742" Y="18816" Z="0"/><Vertex X="10742" Y="18849" Z="0"/><Vertex X="10577" Y="18849" Z="0"/><Vertex X="10544" Y="18849" Z="0"/><Vertex X="10478" Y="18914" Z="0"/><Vertex X="10379" Y="18914" Z="0"/><Vertex X="10314" Y="18914" Z="0"/><Vertex X="10314" Y="18980" Z="0"/><Vertex X="10215" Y="18980" Z="0"/><Vertex X="10149" Y="19013" Z="0"/><Vertex X="10116" Y="19013" Z="0"/><Vertex X="10050" Y="19013" Z="0"/><Vertex X="10050" Y="19079" Z="0"/><Vertex X="10050" Y="19046" Z="0"/><Vertex X="10050" Y="19013" Z="0"/><Vertex X="10050" Y="18980" Z="0"/></Vertices></Region><Region Id="3" Type="0" Zoom="0.030347" Selected="0" ImageLocation="" ImageFocus="-1" Length="10251.4" Area="5815551.0" LengthMicrons="5058.1" AreaMicrons="1415758.5" Text="" NegativeROA="0" InputRegionId="0" Analyze="1" DisplayId="3"><Attributes></Attributes><Vertices><Vertex X="18024" Y="12983" Z="0"/><Vertex X="17991" Y="12983" Z="0"/><Vertex X="17958" Y="12983" Z="0"/><Vertex X="17892" Y="12983" Z="0"/><Vertex X="17860" Y="12983" Z="0"/><Vertex X="17761" Y="12983" Z="0"/><Vertex X="17629" Y="13016" Z="0"/><Vertex X="17563" Y="13016" Z="0"/><Vertex X="17530" Y="13049" Z="0"/><Vertex X="17464" Y="13049" Z="0"/><Vertex X="17398" Y="13115" Z="0"/><Vertex X="17299" Y="13214" Z="0"/><Vertex X="17200" Y="13313" Z="0"/><Vertex X="17168" Y="13411" Z="0"/><Vertex X="17168" Y="13477" Z="0"/><Vertex X="17102" Y="13477" Z="0"/><Vertex X="17102" Y="13576" Z="0"/><Vertex X="17102" Y="13675" Z="0"/><Vertex X="17102" Y="13741" Z="0"/><Vertex X="17102" Y="13840" Z="0"/><Vertex X="17102" Y="13939" Z="0"/><Vertex X="17102" Y="14005" Z="0"/><Vertex X="17102" Y="14070" Z="0"/><Vertex X="17102" Y="14136" Z="0"/><Vertex X="17102" Y="14202" Z="0"/><Vertex X="17135" Y="14268" Z="0"/><Vertex X="17135" Y="14334" Z="0"/><Vertex X="17168" Y="14334" Z="0"/><Vertex X="17168" Y="14367" Z="0"/><Vertex X="17233" Y="14367" Z="0"/><Vertex X="17299" Y="14433" Z="0"/><Vertex X="17365" Y="14433" Z="0"/><Vertex X="17431" Y="14433" Z="0"/><Vertex X="17431" Y="14499" Z="0"/><Vertex X="17530" Y="14499" Z="0"/><Vertex X="17563" Y="14499" Z="0"/><Vertex X="17629" Y="14499" Z="0"/><Vertex X="17662" Y="14499" Z="0"/><Vertex X="17794" Y="14499" Z="0"/><Vertex X="17827" Y="14532" Z="0"/><Vertex X="17892" Y="14532" Z="0"/><Vertex X="17958" Y="14532" Z="0"/><Vertex X="18057" Y="14532" Z="0"/><Vertex X="18123" Y="14532" Z="0"/><Vertex X="18189" Y="14532" Z="0"/><Vertex X="18288" Y="14598" Z="0"/><Vertex X="18354" Y="14598" Z="0"/><Vertex X="18486" Y="14598" Z="0"/><Vertex X="18486" Y="14664" Z="0"/><Vertex X="18552" Y="14664" Z="0"/><Vertex X="18650" Y="14664" Z="0"/><Vertex X="18716" Y="14664" Z="0"/><Vertex X="18815" Y="14730" Z="0"/><Vertex X="18914" Y="14730" Z="0"/><Vertex X="18980" Y="14730" Z="0"/><Vertex X="19013" Y="14730" Z="0"/><Vertex X="19079" Y="14730" Z="0"/><Vertex X="19145" Y="14730" Z="0"/><Vertex X="19178" Y="14730" Z="0"/><Vertex X="19243" Y="14730" Z="0"/><Vertex X="19276" Y="14730" Z="0"/><Vertex X="19342" Y="14730" Z="0"/><Vertex X="19408" Y="14730" Z="0"/><Vertex X="19441" Y="14730" Z="0"/><Vertex X="19507" Y="14730" Z="0"/><Vertex X="19540" Y="14730" Z="0"/><Vertex X="19639" Y="14730" Z="0"/><Vertex X="19738" Y="14730" Z="0"/><Vertex X="19804" Y="14730" Z="0"/><Vertex X="19870" Y="14730" Z="0"/><Vertex X="19968" Y="14730" Z="0"/><Vertex X="20001" Y="14730" Z="0"/><Vertex X="20067" Y="14697" Z="0"/><Vertex X="20133" Y="14697" Z="0"/><Vertex X="20166" Y="14697" Z="0"/><Vertex X="20232" Y="14631" Z="0"/><Vertex X="20331" Y="14631" Z="0"/><Vertex X="20430" Y="14565" Z="0"/><Vertex X="20496" Y="14565" Z="0"/><Vertex X="20496" Y="14532" Z="0"/><Vertex X="20595" Y="14532" Z="0"/><Vertex X="20693" Y="14466" Z="0"/><Vertex X="20792" Y="14400" Z="0"/><Vertex X="20858" Y="14301" Z="0"/><Vertex X="20957" Y="14202" Z="0"/><Vertex X="21023" Y="14103" Z="0"/><Vertex X="21023" Y="14038" Z="0"/><Vertex X="21023" Y="13972" Z="0"/><Vertex X="21023" Y="13873" Z="0"/><Vertex X="21023" Y="13807" Z="0"/><Vertex X="21023" Y="13708" Z="0"/><Vertex X="20957" Y="13609" Z="0"/><Vertex X="20858" Y="13510" Z="0"/><Vertex X="20792" Y="13510" Z="0"/><Vertex X="20693" Y="13477" Z="0"/><Vertex X="20627" Y="13411" Z="0"/><Vertex X="20562" Y="13411" Z="0"/><Vertex X="20529" Y="13346" Z="0"/><Vertex X="20463" Y="13346" Z="0"/><Vertex X="20397" Y="13247" Z="0"/><Vertex X="20331" Y="13247" Z="0"/><Vertex X="20232" Y="13247" Z="0"/><Vertex X="20232" Y="13181" Z="0"/><Vertex X="20133" Y="13181" Z="0"/><Vertex X="20067" Y="13115" Z="0"/><Vertex X="20001" Y="13115" Z="0"/><Vertex X="19935" Y="13115" Z="0"/><Vertex X="19903" Y="13115" Z="0"/><Vertex X="19837" Y="13049" Z="0"/><Vertex X="19804" Y="13049" Z="0"/><Vertex X="19738" Y="13049" Z="0"/><Vertex X="19639" Y="12983" Z="0"/><Vertex X="19606" Y="12983" Z="0"/><Vertex X="19606" Y="12950" Z="0"/><Vertex X="19507" Y="12950" Z="0"/><Vertex X="19441" Y="12950" Z="0"/><Vertex X="19408" Y="12950" Z="0"/><Vertex X="19342" Y="12950" Z="0"/><Vertex X="19309" Y="12950" Z="0"/><Vertex X="19243" Y="12950" Z="0"/><Vertex X="19178" Y="12950" Z="0"/><Vertex X="19145" Y="12950" Z="0"/><Vertex X="19079" Y="12950" Z="0"/><Vertex X="19046" Y="12950" Z="0"/><Vertex X="18947" Y="12950" Z="0"/><Vertex X="18848" Y="12950" Z="0"/><Vertex X="18815" Y="12950" Z="0"/><Vertex X="18716" Y="12950" Z="0"/><Vertex X="18617" Y="12950" Z="0"/><Vertex X="18584" Y="12950" Z="0"/><Vertex X="18519" Y="12950" Z="0"/><Vertex X="18453" Y="12950" Z="0"/><Vertex X="18420" Y="12950" Z="0"/><Vertex X="18354" Y="12950" Z="0"/><Vertex X="18321" Y="12950" Z="0"/><Vertex X="18222" Y="12950" Z="0"/><Vertex X="18156" Y="12950" Z="0"/><Vertex X="18024" Y="12983" Z="0"/></Vertices></Region><Region Id="4" Type="0" Zoom="0.062340" Selected="0" ImageLocation="" ImageFocus="-1" Length="23250.8" Area="14333968.5" LengthMicrons="11472.0" AreaMicrons="3489512.4" Text="" NegativeROA="0" InputRegionId="0" Analyze="1" DisplayId="4"><Attributes></Attributes><Vertices><Vertex X="23404" Y="7508" Z="0"/><Vertex X="23323" Y="7475" Z="0"/><Vertex X="23259" Y="7475" Z="0"/><Vertex X="23131" Y="7475" Z="0"/><Vertex X="23083" Y="7475" Z="0"/><Vertex X="23019" Y="7475" Z="0"/><Vertex X="22971" Y="7475" Z="0"/><Vertex X="22906" Y="7491" Z="0"/><Vertex X="22874" Y="7491" Z="0"/><Vertex X="22826" Y="7524" Z="0"/><Vertex X="22746" Y="7540" Z="0"/><Vertex X="22730" Y="7540" Z="0"/><Vertex X="22698" Y="7572" Z="0"/><Vertex X="22666" Y="7572" Z="0"/><Vertex X="22650" Y="7620" Z="0"/><Vertex X="22618" Y="7620" Z="0"/><Vertex X="22618" Y="7668" Z="0"/><Vertex X="22570" Y="7668" Z="0"/><Vertex X="22570" Y="7684" Z="0"/><Vertex X="22553" Y="7684" Z="0"/><Vertex X="22553" Y="7716" Z="0"/><Vertex X="22521" Y="7748" Z="0"/><Vertex X="22489" Y="7764" Z="0"/><Vertex X="22457" Y="7764" Z="0"/><Vertex X="22457" Y="7796" Z="0"/><Vertex X="22441" Y="7796" Z="0"/><Vertex X="22441" Y="7828" Z="0"/><Vertex X="22393" Y="7828" Z="0"/><Vertex X="22361" Y="7844" Z="0"/><Vertex X="22345" Y="7844" Z="0"/><Vertex X="22345" Y="7876" Z="0"/><Vertex X="22313" Y="7876" Z="0"/><Vertex X="22265" Y="7909" Z="0"/><Vertex X="22233" Y="7941" Z="0"/><Vertex X="22185" Y="7973" Z="0"/><Vertex X="22136" Y="8005" Z="0"/><Vertex X="22088" Y="8037" Z="0"/><Vertex X="22056" Y="8085" Z="0"/><Vertex X="22056" Y="8117" Z="0"/><Vertex X="22024" Y="8165" Z="0"/><Vertex X="22024" Y="8181" Z="0"/><Vertex X="22024" Y="8229" Z="0"/><Vertex X="22024" Y="8245" Z="0"/><Vertex X="22024" Y="8278" Z="0"/><Vertex X="22024" Y="8310" Z="0"/><Vertex X="22024" Y="8326" Z="0"/><Vertex X="22024" Y="8358" Z="0"/><Vertex X="22024" Y="8406" Z="0"/><Vertex X="22040" Y="8438" Z="0"/><Vertex X="22040" Y="8454" Z="0"/><Vertex X="22040" Y="8518" Z="0"/><Vertex X="22040" Y="8550" Z="0"/><Vertex X="22072" Y="8582" Z="0"/><Vertex X="22072" Y="8598" Z="0"/><Vertex X="22072" Y="8630" Z="0"/><Vertex X="22072" Y="8662" Z="0"/><Vertex X="22104" Y="8662" Z="0"/><Vertex X="22104" Y="8711" Z="0"/><Vertex X="22104" Y="8743" Z="0"/><Vertex X="22120" Y="8775" Z="0"/><Vertex X="22120" Y="8791" Z="0"/><Vertex X="22120" Y="8823" Z="0"/><Vertex X="22152" Y="8839" Z="0"/><Vertex X="22152" Y="8871" Z="0"/><Vertex X="22152" Y="8903" Z="0"/><Vertex X="22185" Y="8903" Z="0"/><Vertex X="22185" Y="8919" Z="0"/><Vertex X="22201" Y="8919" Z="0"/><Vertex X="22201" Y="8967" Z="0"/><Vertex X="22233" Y="8967" Z="0"/><Vertex X="22233" Y="8999" Z="0"/><Vertex X="22265" Y="8999" Z="0"/><Vertex X="22265" Y="9031" Z="0"/><Vertex X="22297" Y="9031" Z="0"/><Vertex X="22297" Y="9080" Z="0"/><Vertex X="22329" Y="9080" Z="0"/><Vertex X="22329" Y="9128" Z="0"/><Vertex X="22377" Y="9144" Z="0"/><Vertex X="22409" Y="9192" Z="0"/><Vertex X="22409" Y="9224" Z="0"/><Vertex X="22457" Y="9224" Z="0"/><Vertex X="22457" Y="9256" Z="0"/><Vertex X="22505" Y="9256" Z="0"/><Vertex X="22505" Y="9272" Z="0"/><Vertex X="22537" Y="9272" Z="0"/><Vertex X="22586" Y="9304" Z="0"/><Vertex X="22650" Y="9304" Z="0"/><Vertex X="22682" Y="9304" Z="0"/><Vertex X="22698" Y="9304" Z="0"/><Vertex X="22730" Y="9304" Z="0"/><Vertex X="22778" Y="9304" Z="0"/><Vertex X="22826" Y="9304" Z="0"/><Vertex X="22858" Y="9304" Z="0"/><Vertex X="22906" Y="9304" Z="0"/><Vertex X="22954" Y="9304" Z="0"/><Vertex X="22987" Y="9304" Z="0"/><Vertex X="23019" Y="9304" Z="0"/><Vertex X="23067" Y="9304" Z="0"/><Vertex X="23099" Y="9304" Z="0"/><Vertex X="23147" Y="9304" Z="0"/><Vertex X="23179" Y="9304" Z="0"/><Vertex X="23211" Y="9288" Z="0"/><Vertex X="23259" Y="9288" Z="0"/><Vertex X="23291" Y="9288" Z="0"/><Vertex X="23307" Y="9288" Z="0"/><Vertex X="23339" Y="9288" Z="0"/><Vertex X="23388" Y="9288" Z="0"/><Vertex X="23420" Y="9288" Z="0"/><Vertex X="23468" Y="9304" Z="0"/><Vertex X="23500" Y="9304" Z="0"/><Vertex X="23564" Y="9336" Z="0"/><Vertex X="23596" Y="9368" Z="0"/><Vertex X="23644" Y="9400" Z="0"/><Vertex X="23692" Y="9449" Z="0"/><Vertex X="23741" Y="9481" Z="0"/><Vertex X="23773" Y="9481" Z="0"/><Vertex X="23789" Y="9513" Z="0"/><Vertex X="23837" Y="9513" Z="0"/><Vertex X="23837" Y="9545" Z="0"/><Vertex X="23885" Y="9545" Z="0"/><Vertex X="23917" Y="9577" Z="0"/><Vertex X="23965" Y="9609" Z="0"/><Vertex X="23997" Y="9625" Z="0"/><Vertex X="24045" Y="9657" Z="0"/><Vertex X="24093" Y="9657" Z="0"/><Vertex X="24093" Y="9689" Z="0"/><Vertex X="24125" Y="9689" Z="0"/><Vertex X="24174" Y="9721" Z="0"/><Vertex X="24222" Y="9753" Z="0"/><Vertex X="24270" Y="9769" Z="0"/><Vertex X="24302" Y="9801" Z="0"/><Vertex X="24350" Y="9801" Z="0"/><Vertex X="24350" Y="9833" Z="0"/><Vertex X="24398" Y="9833" Z="0"/><Vertex X="24446" Y="9866" Z="0"/><Vertex X="24478" Y="9866" Z="0"/><Vertex X="24478" Y="9882" Z="0"/><Vertex X="24510" Y="9882" Z="0"/><Vertex X="24543" Y="9914" Z="0"/><Vertex X="24559" Y="9946" Z="0"/><Vertex X="24607" Y="9946" Z="0"/><Vertex X="24607" Y="9978" Z="0"/><Vertex X="24655" Y="9978" Z="0"/><Vertex X="24703" Y="9994" Z="0"/><Vertex X="24735" Y="10026" Z="0"/><Vertex X="24783" Y="10026" Z="0"/><Vertex X="24783" Y="10058" Z="0"/><Vertex X="24831" Y="10058" Z="0"/><Vertex X="24831" Y="10106" Z="0"/><Vertex X="24863" Y="10106" Z="0"/><Vertex X="24863" Y="10122" Z="0"/><Vertex X="24912" Y="10122" Z="0"/><Vertex X="24944" Y="10170" Z="0"/><Vertex X="24944" Y="10202" Z="0"/><Vertex X="24992" Y="10202" Z="0"/><Vertex X="24992" Y="10218" Z="0"/><Vertex X="25008" Y="10218" Z="0"/><Vertex X="25008" Y="10251" Z="0"/><Vertex X="25040" Y="10251" Z="0"/><Vertex X="25040" Y="10267" Z="0"/><Vertex X="25072" Y="10315" Z="0"/><Vertex X="25072" Y="10363" Z="0"/><Vertex X="25088" Y="10363" Z="0"/><Vertex X="25088" Y="10379" Z="0"/><Vertex X="25120" Y="10411" Z="0"/><Vertex X="25120" Y="10443" Z="0"/><Vertex X="25152" Y="10475" Z="0"/><Vertex X="25152" Y="10491" Z="0"/><Vertex X="25184" Y="10523" Z="0"/><Vertex X="25200" Y="10571" Z="0"/><Vertex X="25232" Y="10620" Z="0"/><Vertex X="25264" Y="10652" Z="0"/><Vertex X="25264" Y="10700" Z="0"/><Vertex X="25297" Y="10700" Z="0"/><Vertex X="25297" Y="10748" Z="0"/><Vertex X="25297" Y="10780" Z="0"/><Vertex X="25297" Y="10828" Z="0"/><Vertex X="25297" Y="10860" Z="0"/><Vertex X="25297" Y="10876" Z="0"/><Vertex X="25329" Y="10924" Z="0"/><Vertex X="25329" Y="10972" Z="0"/><Vertex X="25329" Y="11004" Z="0"/><Vertex X="25361" Y="11053" Z="0"/><Vertex X="25361" Y="11085" Z="0"/><Vertex X="25377" Y="11085" Z="0"/><Vertex X="25377" Y="11117" Z="0"/><Vertex X="25409" Y="11165" Z="0"/><Vertex X="25409" Y="11213" Z="0"/><Vertex X="25441" Y="11213" Z="0"/><Vertex X="25441" Y="11261" Z="0"/><Vertex X="25457" Y="11261" Z="0"/><Vertex X="25457" Y="11293" Z="0"/><Vertex X="25489" Y="11341" Z="0"/><Vertex X="25489" Y="11389" Z="0"/><Vertex X="25521" Y="11422" Z="0"/><Vertex X="25521" Y="11454" Z="0"/><Vertex X="25537" Y="11454" Z="0"/><Vertex X="25537" Y="11518" Z="0"/><Vertex X="25537" Y="11550" Z="0"/><Vertex X="25569" Y="11566" Z="0"/><Vertex X="25569" Y="11614" Z="0"/><Vertex X="25569" Y="11646" Z="0"/><Vertex X="25601" Y="11662" Z="0"/><Vertex X="25601" Y="11694" Z="0"/><Vertex X="25601" Y="11726" Z="0"/><Vertex X="25633" Y="11742" Z="0"/><Vertex X="25633" Y="11774" Z="0"/><Vertex X="25633" Y="11807" Z="0"/><Vertex X="25665" Y="11823" Z="0"/><Vertex X="25665" Y="11855" Z="0"/><Vertex X="25665" Y="11887" Z="0"/><Vertex X="25681" Y="11903" Z="0"/><Vertex X="25681" Y="11935" Z="0"/><Vertex X="25681" Y="11967" Z="0"/><Vertex X="25714" Y="11967" Z="0"/><Vertex X="25714" Y="11999" Z="0"/><Vertex X="25714" Y="12031" Z="0"/><Vertex X="25746" Y="12031" Z="0"/><Vertex X="25746" Y="12047" Z="0"/><Vertex X="25746" Y="12095" Z="0"/><Vertex X="25746" Y="12143" Z="0"/><Vertex X="25746" Y="12159" Z="0"/><Vertex X="25762" Y="12159" Z="0"/><Vertex X="25762" Y="12208" Z="0"/><Vertex X="25762" Y="12256" Z="0"/><Vertex X="25794" Y="12288" Z="0"/><Vertex X="25794" Y="12336" Z="0"/><Vertex X="25826" Y="12384" Z="0"/><Vertex X="25826" Y="12432" Z="0"/><Vertex X="25842" Y="12432" Z="0"/><Vertex X="25842" Y="12464" Z="0"/><Vertex X="25874" Y="12496" Z="0"/><Vertex X="25906" Y="12544" Z="0"/><Vertex X="25906" Y="12560" Z="0"/><Vertex X="25938" Y="12593" Z="0"/><Vertex X="25986" Y="12641" Z="0"/><Vertex X="26018" Y="12705" Z="0"/><Vertex X="26018" Y="12737" Z="0"/><Vertex X="26050" Y="12769" Z="0"/><Vertex X="26050" Y="12785" Z="0"/><Vertex X="26083" Y="12817" Z="0"/><Vertex X="26083" Y="12849" Z="0"/><Vertex X="26115" Y="12865" Z="0"/><Vertex X="26163" Y="12929" Z="0"/><Vertex X="26163" Y="12962" Z="0"/><Vertex X="26211" Y="12978" Z="0"/><Vertex X="26211" Y="13010" Z="0"/><Vertex X="26259" Y="13058" Z="0"/><Vertex X="26291" Y="13106" Z="0"/><Vertex X="26339" Y="13170" Z="0"/><Vertex X="26339" Y="13218" Z="0"/><Vertex X="26387" Y="13250" Z="0"/><Vertex X="26451" Y="13298" Z="0"/><Vertex X="26451" Y="13330" Z="0"/><Vertex X="26484" Y="13363" Z="0"/><Vertex X="26484" Y="13379" Z="0"/><Vertex X="26532" Y="13411" Z="0"/><Vertex X="26532" Y="13443" Z="0"/><Vertex X="26580" Y="13475" Z="0"/><Vertex X="26580" Y="13491" Z="0"/><Vertex X="26628" Y="13523" Z="0"/><Vertex X="26628" Y="13555" Z="0"/><Vertex X="26644" Y="13555" Z="0"/><Vertex X="26644" Y="13603" Z="0"/><Vertex X="26676" Y="13603" Z="0"/><Vertex X="26676" Y="13635" Z="0"/><Vertex X="26708" Y="13635" Z="0"/><Vertex X="26708" Y="13667" Z="0"/><Vertex X="26724" Y="13667" Z="0"/><Vertex X="26724" Y="13683" Z="0"/><Vertex X="26756" Y="13683" Z="0"/><Vertex X="26756" Y="13715" Z="0"/><Vertex X="26772" Y="13715" Z="0"/><Vertex X="26772" Y="13764" Z="0"/><Vertex X="26804" Y="13764" Z="0"/><Vertex X="26804" Y="13796" Z="0"/><Vertex X="26836" Y="13796" Z="0"/><Vertex X="26836" Y="13860" Z="0"/><Vertex X="26869" Y="13860" Z="0"/><Vertex X="26869" Y="13908" Z="0"/><Vertex X="26917" Y="13908" Z="0"/><Vertex X="26949" Y="13956" Z="0"/><Vertex X="26997" Y="13988" Z="0"/><Vertex X="27061" Y="14020" Z="0"/><Vertex X="27077" Y="14020" Z="0"/><Vertex X="27109" Y="14068" Z="0"/><Vertex X="27173" Y="14116" Z="0"/><Vertex X="27205" Y="14116" Z="0"/><Vertex X="27254" Y="14149" Z="0"/><Vertex X="27286" Y="14181" Z="0"/><Vertex X="27318" Y="14181" Z="0"/><Vertex X="27318" Y="14213" Z="0"/><Vertex X="27350" Y="14213" Z="0"/><Vertex X="27350" Y="14229" Z="0"/><Vertex X="27398" Y="14229" Z="0"/><Vertex X="27398" Y="14261" Z="0"/><Vertex X="27430" Y="14261" Z="0"/><Vertex X="27430" Y="14277" Z="0"/><Vertex X="27446" Y="14277" Z="0"/><Vertex X="27446" Y="14325" Z="0"/><Vertex X="27478" Y="14325" Z="0"/><Vertex X="27478" Y="14373" Z="0"/><Vertex X="27494" Y="14373" Z="0"/><Vertex X="27494" Y="14405" Z="0"/><Vertex X="27542" Y="14405" Z="0"/><Vertex X="27542" Y="14453" Z="0"/><Vertex X="27590" Y="14453" Z="0"/><Vertex X="27590" Y="14501" Z="0"/><Vertex X="27622" Y="14501" Z="0"/><Vertex X="27622" Y="14518" Z="0"/><Vertex X="27671" Y="14518" Z="0"/><Vertex X="27671" Y="14550" Z="0"/><Vertex X="27719" Y="14550" Z="0"/><Vertex X="27719" Y="14566" Z="0"/><Vertex X="27767" Y="14566" Z="0"/><Vertex X="27799" Y="14598" Z="0"/><Vertex X="27847" Y="14598" Z="0"/><Vertex X="27847" Y="14630" Z="0"/><Vertex X="27895" Y="14630" Z="0"/><Vertex X="27927" Y="14662" Z="0"/><Vertex X="27975" Y="14662" Z="0"/><Vertex X="28007" Y="14694" Z="0"/><Vertex X="28040" Y="14694" Z="0"/><Vertex X="28056" Y="14694" Z="0"/><Vertex X="28088" Y="14710" Z="0"/><Vertex X="28136" Y="14710" Z="0"/><Vertex X="28152" Y="14710" Z="0"/><Vertex X="28184" Y="14710" Z="0"/><Vertex X="28200" Y="14710" Z="0"/><Vertex X="28232" Y="14710" Z="0"/><Vertex X="28264" Y="14710" Z="0"/><Vertex X="28280" Y="14710" Z="0"/><Vertex X="28312" Y="14710" Z="0"/><Vertex X="28344" Y="14710" Z="0"/><Vertex X="28360" Y="14710" Z="0"/><Vertex X="28392" Y="14678" Z="0"/><Vertex X="28441" Y="14630" Z="0"/><Vertex X="28489" Y="14582" Z="0"/><Vertex X="28537" Y="14518" Z="0"/><Vertex X="28537" Y="14469" Z="0"/><Vertex X="28569" Y="14341" Z="0"/><Vertex X="28585" Y="14245" Z="0"/><Vertex X="28585" Y="14181" Z="0"/><Vertex X="28585" Y="14133" Z="0"/><Vertex X="28585" Y="14100" Z="0"/><Vertex X="28585" Y="14052" Z="0"/><Vertex X="28585" Y="14004" Z="0"/><Vertex X="28585" Y="13972" Z="0"/><Vertex X="28585" Y="13924" Z="0"/><Vertex X="28585" Y="13876" Z="0"/><Vertex X="28585" Y="13812" Z="0"/><Vertex X="28521" Y="13731" Z="0"/><Vertex X="28521" Y="13651" Z="0"/><Vertex X="28473" Y="13523" Z="0"/><Vertex X="28425" Y="13475" Z="0"/><Vertex X="28425" Y="13427" Z="0"/><Vertex X="28376" Y="13379" Z="0"/><Vertex X="28360" Y="13363" Z="0"/><Vertex X="28296" Y="13298" Z="0"/><Vertex X="28296" Y="13250" Z="0"/><Vertex X="28248" Y="13202" Z="0"/><Vertex X="28248" Y="13170" Z="0"/><Vertex X="28216" Y="13122" Z="0"/><Vertex X="28216" Y="13074" Z="0"/><Vertex X="28184" Y="13026" Z="0"/><Vertex X="28184" Y="12994" Z="0"/><Vertex X="28184" Y="12945" Z="0"/><Vertex X="28152" Y="12897" Z="0"/><Vertex X="28152" Y="12881" Z="0"/><Vertex X="28152" Y="12849" Z="0"/><Vertex X="28136" Y="12817" Z="0"/><Vertex X="28136" Y="12801" Z="0"/><Vertex X="28104" Y="12753" Z="0"/><Vertex X="28104" Y="12689" Z="0"/><Vertex X="28104" Y="12625" Z="0"/><Vertex X="28056" Y="12560" Z="0"/><Vertex X="28056" Y="12512" Z="0"/><Vertex X="28023" Y="12464" Z="0"/><Vertex X="28023" Y="12416" Z="0"/><Vertex X="27991" Y="12368" Z="0"/><Vertex X="27991" Y="12336" Z="0"/><Vertex X="27943" Y="12288" Z="0"/><Vertex X="27943" Y="12224" Z="0"/><Vertex X="27895" Y="12159" Z="0"/><Vertex X="27895" Y="12111" Z="0"/><Vertex X="27847" Y="12063" Z="0"/><Vertex X="27847" Y="12031" Z="0"/><Vertex X="27799" Y="11983" Z="0"/><Vertex X="27799" Y="11935" Z="0"/><Vertex X="27783" Y="11903" Z="0"/><Vertex X="27783" Y="11887" Z="0"/><Vertex X="27735" Y="11855" Z="0"/><Vertex X="27735" Y="11823" Z="0"/><Vertex X="27687" Y="11791" Z="0"/><Vertex X="27655" Y="11774" Z="0"/><Vertex X="27622" Y="11742" Z="0"/><Vertex X="27606" Y="11710" Z="0"/><Vertex X="27574" Y="11678" Z="0"/><Vertex X="27542" Y="11646" Z="0"/><Vertex X="27510" Y="11598" Z="0"/><Vertex X="27478" Y="11550" Z="0"/><Vertex X="27446" Y="11502" Z="0"/><Vertex X="27430" Y="11470" Z="0"/><Vertex X="27398" Y="11454" Z="0"/><Vertex X="27334" Y="11389" Z="0"/><Vertex X="27286" Y="11341" Z="0"/><Vertex X="27237" Y="11293" Z="0"/><Vertex X="27173" Y="11213" Z="0"/><Vertex X="27125" Y="11165" Z="0"/><Vertex X="27045" Y="11069" Z="0"/><Vertex X="26997" Y="11021" Z="0"/><Vertex X="26965" Y="10972" Z="0"/><Vertex X="26933" Y="10924" Z="0"/><Vertex X="26917" Y="10892" Z="0"/><Vertex X="26885" Y="10844" Z="0"/><Vertex X="26852" Y="10796" Z="0"/><Vertex X="26820" Y="10748" Z="0"/><Vertex X="26788" Y="10716" Z="0"/><Vertex X="26740" Y="10684" Z="0"/><Vertex X="26692" Y="10603" Z="0"/><Vertex X="26692" Y="10587" Z="0"/><Vertex X="26644" Y="10555" Z="0"/><Vertex X="26644" Y="10523" Z="0"/><Vertex X="26596" Y="10491" Z="0"/><Vertex X="26596" Y="10475" Z="0"/><Vertex X="26580" Y="10443" Z="0"/><Vertex X="26580" Y="10411" Z="0"/><Vertex X="26548" Y="10411" Z="0"/><Vertex X="26548" Y="10363" Z="0"/><Vertex X="26516" Y="10331" Z="0"/><Vertex X="26516" Y="10299" Z="0"/><Vertex X="26500" Y="10299" Z="0"/><Vertex X="26500" Y="10251" Z="0"/><Vertex X="26468" Y="10202" Z="0"/><Vertex X="26468" Y="10170" Z="0"/><Vertex X="26419" Y="10138" Z="0"/><Vertex X="26371" Y="10074" Z="0"/><Vertex X="26323" Y="10010" Z="0"/><Vertex X="26275" Y="9946" Z="0"/><Vertex X="26243" Y="9914" Z="0"/><Vertex X="26195" Y="9833" Z="0"/><Vertex X="26163" Y="9785" Z="0"/><Vertex X="26131" Y="9753" Z="0"/><Vertex X="26099" Y="9721" Z="0"/><Vertex X="26050" Y="9673" Z="0"/><Vertex X="26018" Y="9641" Z="0"/><Vertex X="25986" Y="9609" Z="0"/><Vertex X="25954" Y="9593" Z="0"/><Vertex X="25938" Y="9561" Z="0"/><Vertex X="25874" Y="9465" Z="0"/><Vertex X="25842" Y="9432" Z="0"/><Vertex X="25810" Y="9416" Z="0"/><Vertex X="25794" Y="9384" Z="0"/><Vertex X="25730" Y="9320" Z="0"/><Vertex X="25730" Y="9304" Z="0"/><Vertex X="25681" Y="9272" Z="0"/><Vertex X="25633" Y="9208" Z="0"/><Vertex X="25633" Y="9192" Z="0"/><Vertex X="25601" Y="9160" Z="0"/><Vertex X="25553" Y="9096" Z="0"/><Vertex X="25553" Y="9080" Z="0"/><Vertex X="25505" Y="9047" Z="0"/><Vertex X="25505" Y="9015" Z="0"/><Vertex X="25457" Y="8967" Z="0"/><Vertex X="25409" Y="8935" Z="0"/><Vertex X="25393" Y="8903" Z="0"/><Vertex X="25393" Y="8855" Z="0"/><Vertex X="25345" Y="8823" Z="0"/><Vertex X="25345" Y="8791" Z="0"/><Vertex X="25297" Y="8759" Z="0"/><Vertex X="25248" Y="8711" Z="0"/><Vertex X="25216" Y="8679" Z="0"/><Vertex X="25184" Y="8646" Z="0"/><Vertex X="25104" Y="8582" Z="0"/><Vertex X="25072" Y="8566" Z="0"/><Vertex X="25024" Y="8566" Z="0"/><Vertex X="24976" Y="8518" Z="0"/><Vertex X="24895" Y="8454" Z="0"/><Vertex X="24879" Y="8454" Z="0"/><Vertex X="24847" Y="8390" Z="0"/><Vertex X="24799" Y="8358" Z="0"/><Vertex X="24751" Y="8310" Z="0"/><Vertex X="24719" Y="8245" Z="0"/><Vertex X="24671" Y="8213" Z="0"/><Vertex X="24623" Y="8165" Z="0"/><Vertex X="24623" Y="8133" Z="0"/><Vertex X="24591" Y="8117" Z="0"/><Vertex X="24559" Y="8069" Z="0"/><Vertex X="24559" Y="8021" Z="0"/><Vertex X="24543" Y="8021" Z="0"/><Vertex X="24543" Y="7973" Z="0"/><Vertex X="24494" Y="7909" Z="0"/><Vertex X="24462" Y="7860" Z="0"/><Vertex X="24462" Y="7828" Z="0"/><Vertex X="24430" Y="7780" Z="0"/><Vertex X="24414" Y="7780" Z="0"/><Vertex X="24366" Y="7732" Z="0"/><Vertex X="24318" Y="7700" Z="0"/><Vertex X="24318" Y="7652" Z="0"/><Vertex X="24286" Y="7620" Z="0"/><Vertex X="24222" Y="7620" Z="0"/><Vertex X="24190" Y="7588" Z="0"/><Vertex X="24142" Y="7540" Z="0"/><Vertex X="24109" Y="7540" Z="0"/><Vertex X="24077" Y="7508" Z="0"/><Vertex X="24029" Y="7475" Z="0"/><Vertex X="23997" Y="7443" Z="0"/><Vertex X="23949" Y="7443" Z="0"/><Vertex X="23949" Y="7427" Z="0"/><Vertex X="23901" Y="7427" Z="0"/><Vertex X="23885" Y="7427" Z="0"/><Vertex X="23837" Y="7427" Z="0"/><Vertex X="23789" Y="7395" Z="0"/><Vertex X="23773" Y="7395" Z="0"/><Vertex X="23741" Y="7395" Z="0"/><Vertex X="23708" Y="7395" Z="0"/><Vertex X="23676" Y="7395" Z="0"/><Vertex X="23628" Y="7395" Z="0"/><Vertex X="23580" Y="7411" Z="0"/><Vertex X="23548" Y="7411" Z="0"/><Vertex X="23516" Y="7443" Z="0"/><Vertex X="23468" Y="7491" Z="0"/><Vertex X="23436" Y="7491" Z="0"/><Vertex X="23404" Y="7540" Z="0"/><Vertex X="23388" Y="7540" Z="0"/><Vertex X="23388" Y="7524" Z="0"/><Vertex X="23404" Y="7508" Z="0"/></Vertices></Region><Region Id="5" Type="0" Zoom="0.062340" Selected="0" ImageLocation="" ImageFocus="-1" Length="6309.9" Area="1943404.5" LengthMicrons="3113.3" AreaMicrons="473109.3" Text="" NegativeROA="0" InputRegionId="0" Analyze="1" DisplayId="5"><Attributes></Attributes><Vertices><Vertex X="21030" Y="1107" Z="0"/><Vertex X="20998" Y="1107" Z="0"/><Vertex X="20950" Y="1075" Z="0"/><Vertex X="20902" Y="1075" Z="0"/><Vertex X="20854" Y="1075" Z="0"/><Vertex X="20822" Y="1043" Z="0"/><Vertex X="20774" Y="1043" Z="0"/><Vertex X="20726" Y="1043" Z="0"/><Vertex X="20693" Y="1043" Z="0"/><Vertex X="20581" Y="1059" Z="0"/><Vertex X="20533" Y="1107" Z="0"/><Vertex X="20469" Y="1155" Z="0"/><Vertex X="20437" Y="1155" Z="0"/><Vertex X="20405" Y="1187" Z="0"/><Vertex X="20405" Y="1219" Z="0"/><Vertex X="20357" Y="1251" Z="0"/><Vertex X="20357" Y="1267" Z="0"/><Vertex X="20341" Y="1299" Z="0"/><Vertex X="20341" Y="1331" Z="0"/><Vertex X="20341" Y="1347" Z="0"/><Vertex X="20341" Y="1379" Z="0"/><Vertex X="20341" Y="1411" Z="0"/><Vertex X="20341" Y="1427" Z="0"/><Vertex X="20341" Y="1460" Z="0"/><Vertex X="20389" Y="1492" Z="0"/><Vertex X="20421" Y="1524" Z="0"/><Vertex X="20469" Y="1540" Z="0"/><Vertex X="20517" Y="1588" Z="0"/><Vertex X="20549" Y="1620" Z="0"/><Vertex X="20629" Y="1668" Z="0"/><Vertex X="20661" Y="1716" Z="0"/><Vertex X="20709" Y="1764" Z="0"/><Vertex X="20758" Y="1812" Z="0"/><Vertex X="20806" Y="1861" Z="0"/><Vertex X="20854" Y="1909" Z="0"/><Vertex X="20902" Y="1957" Z="0"/><Vertex X="20950" Y="2021" Z="0"/><Vertex X="20998" Y="2069" Z="0"/><Vertex X="21030" Y="2117" Z="0"/><Vertex X="21062" Y="2165" Z="0"/><Vertex X="21094" Y="2197" Z="0"/><Vertex X="21094" Y="2246" Z="0"/><Vertex X="21143" Y="2294" Z="0"/><Vertex X="21143" Y="2310" Z="0"/><Vertex X="21159" Y="2342" Z="0"/><Vertex X="21159" Y="2374" Z="0"/><Vertex X="21191" Y="2406" Z="0"/><Vertex X="21191" Y="2422" Z="0"/><Vertex X="21223" Y="2454" Z="0"/><Vertex X="21255" Y="2502" Z="0"/><Vertex X="21287" Y="2534" Z="0"/><Vertex X="21319" Y="2566" Z="0"/><Vertex X="21351" Y="2566" Z="0"/><Vertex X="21383" Y="2615" Z="0"/><Vertex X="21431" Y="2663" Z="0"/><Vertex X="21479" Y="2711" Z="0"/><Vertex X="21512" Y="2759" Z="0"/><Vertex X="21512" Y="2807" Z="0"/><Vertex X="21528" Y="2807" Z="0"/><Vertex X="21528" Y="2839" Z="0"/><Vertex X="21560" Y="2871" Z="0"/><Vertex X="21608" Y="2871" Z="0"/><Vertex X="21624" Y="2903" Z="0"/><Vertex X="21656" Y="2903" Z="0"/><Vertex X="21704" Y="2903" Z="0"/><Vertex X="21736" Y="2903" Z="0"/><Vertex X="21800" Y="2935" Z="0"/><Vertex X="21848" Y="2935" Z="0"/><Vertex X="21913" Y="2935" Z="0"/><Vertex X="21961" Y="2935" Z="0"/><Vertex X="22025" Y="2935" Z="0"/><Vertex X="22073" Y="2935" Z="0"/><Vertex X="22153" Y="2935" Z="0"/><Vertex X="22185" Y="2935" Z="0"/><Vertex X="22217" Y="2919" Z="0"/><Vertex X="22249" Y="2871" Z="0"/><Vertex X="22249" Y="2839" Z="0"/><Vertex X="22282" Y="2823" Z="0"/><Vertex X="22282" Y="2791" Z="0"/><Vertex X="22282" Y="2743" Z="0"/><Vertex X="22314" Y="2711" Z="0"/><Vertex X="22314" Y="2663" Z="0"/><Vertex X="22314" Y="2599" Z="0"/><Vertex X="22314" Y="2566" Z="0"/><Vertex X="22314" Y="2518" Z="0"/><Vertex X="22314" Y="2470" Z="0"/><Vertex X="22314" Y="2454" Z="0"/><Vertex X="22314" Y="2406" Z="0"/><Vertex X="22314" Y="2358" Z="0"/><Vertex X="22314" Y="2326" Z="0"/><Vertex X="22298" Y="2278" Z="0"/><Vertex X="22298" Y="2230" Z="0"/><Vertex X="22249" Y="2181" Z="0"/><Vertex X="22249" Y="2149" Z="0"/><Vertex X="22185" Y="2085" Z="0"/><Vertex X="22153" Y="2053" Z="0"/><Vertex X="22137" Y="2021" Z="0"/><Vertex X="22105" Y="1989" Z="0"/><Vertex X="22073" Y="1941" Z="0"/><Vertex X="22041" Y="1925" Z="0"/><Vertex X="21993" Y="1877" Z="0"/><Vertex X="21945" Y="1845" Z="0"/><Vertex X="21929" Y="1812" Z="0"/><Vertex X="21897" Y="1780" Z="0"/><Vertex X="21864" Y="1748" Z="0"/><Vertex X="21832" Y="1732" Z="0"/><Vertex X="21816" Y="1700" Z="0"/><Vertex X="21784" Y="1668" Z="0"/><Vertex X="21752" Y="1668" Z="0"/><Vertex X="21720" Y="1620" Z="0"/><Vertex X="21704" Y="1620" Z="0"/><Vertex X="21704" Y="1588" Z="0"/><Vertex X="21672" Y="1588" Z="0"/><Vertex X="21672" Y="1540" Z="0"/><Vertex X="21656" Y="1540" Z="0"/><Vertex X="21656" Y="1492" Z="0"/><Vertex X="21624" Y="1492" Z="0"/><Vertex X="21624" Y="1460" Z="0"/><Vertex X="21592" Y="1427" Z="0"/><Vertex X="21576" Y="1427" Z="0"/><Vertex X="21576" Y="1395" Z="0"/><Vertex X="21528" Y="1395" Z="0"/><Vertex X="21496" Y="1379" Z="0"/><Vertex X="21479" Y="1379" Z="0"/><Vertex X="21447" Y="1347" Z="0"/><Vertex X="21415" Y="1347" Z="0"/><Vertex X="21383" Y="1299" Z="0"/><Vertex X="21367" Y="1267" Z="0"/><Vertex X="21335" Y="1251" Z="0"/><Vertex X="21303" Y="1251" Z="0"/><Vertex X="21271" Y="1203" Z="0"/><Vertex X="21255" Y="1203" Z="0"/><Vertex X="21255" Y="1155" Z="0"/><Vertex X="21207" Y="1155" Z="0"/><Vertex X="21159" Y="1123" Z="0"/><Vertex X="21127" Y="1123" Z="0"/><Vertex X="21094" Y="1123" Z="0"/><Vertex X="21062" Y="1091" Z="0"/><Vertex X="21046" Y="1091" Z="0"/><Vertex X="21030" Y="1107" Z="0"/></Vertices></Region><Region Id="6" Type="0" Zoom="0.062340" Selected="0" ImageLocation="" ImageFocus="-1" Length="8912.1" Area="4109461.0" LengthMicrons="4397.3" AreaMicrons="1000421.8" Text="" NegativeROA="0" InputRegionId="0" Analyze="1" DisplayId="6"><Attributes></Attributes><Vertices><Vertex X="25955" Y="4908" Z="0"/><Vertex X="25891" Y="4844" Z="0"/><Vertex X="25859" Y="4828" Z="0"/><Vertex X="25843" Y="4828" Z="0"/><Vertex X="25811" Y="4796" Z="0"/><Vertex X="25778" Y="4796" Z="0"/><Vertex X="25762" Y="4796" Z="0"/><Vertex X="25730" Y="4796" Z="0"/><Vertex X="25714" Y="4796" Z="0"/><Vertex X="25682" Y="4796" Z="0"/><Vertex X="25650" Y="4796" Z="0"/><Vertex X="25634" Y="4796" Z="0"/><Vertex X="25602" Y="4796" Z="0"/><Vertex X="25602" Y="4844" Z="0"/><Vertex X="25570" Y="4892" Z="0"/><Vertex X="25570" Y="4924" Z="0"/><Vertex X="25570" Y="4957" Z="0"/><Vertex X="25570" Y="4973" Z="0"/><Vertex X="25570" Y="5021" Z="0"/><Vertex X="25570" Y="5069" Z="0"/><Vertex X="25570" Y="5101" Z="0"/><Vertex X="25570" Y="5149" Z="0"/><Vertex X="25586" Y="5197" Z="0"/><Vertex X="25618" Y="5277" Z="0"/><Vertex X="25618" Y="5325" Z="0"/><Vertex X="25666" Y="5390" Z="0"/><Vertex X="25698" Y="5438" Z="0"/><Vertex X="25746" Y="5486" Z="0"/><Vertex X="25795" Y="5534" Z="0"/><Vertex X="25843" Y="5550" Z="0"/><Vertex X="25891" Y="5582" Z="0"/><Vertex X="25955" Y="5614" Z="0"/><Vertex X="26019" Y="5646" Z="0"/><Vertex X="26083" Y="5710" Z="0"/><Vertex X="26147" Y="5743" Z="0"/><Vertex X="26212" Y="5775" Z="0"/><Vertex X="26276" Y="5807" Z="0"/><Vertex X="26324" Y="5839" Z="0"/><Vertex X="26372" Y="5871" Z="0"/><Vertex X="26420" Y="5887" Z="0"/><Vertex X="26452" Y="5935" Z="0"/><Vertex X="26500" Y="5983" Z="0"/><Vertex X="26516" Y="6031" Z="0"/><Vertex X="26516" Y="6063" Z="0"/><Vertex X="26548" Y="6079" Z="0"/><Vertex X="26548" Y="6128" Z="0"/><Vertex X="26581" Y="6160" Z="0"/><Vertex X="26581" Y="6176" Z="0"/><Vertex X="26613" Y="6208" Z="0"/><Vertex X="26613" Y="6240" Z="0"/><Vertex X="26645" Y="6288" Z="0"/><Vertex X="26645" Y="6320" Z="0"/><Vertex X="26677" Y="6352" Z="0"/><Vertex X="26677" Y="6400" Z="0"/><Vertex X="26725" Y="6432" Z="0"/><Vertex X="26757" Y="6448" Z="0"/><Vertex X="26789" Y="6480" Z="0"/><Vertex X="26805" Y="6480" Z="0"/><Vertex X="26837" Y="6529" Z="0"/><Vertex X="26885" Y="6529" Z="0"/><Vertex X="26933" Y="6577" Z="0"/><Vertex X="26998" Y="6609" Z="0"/><Vertex X="27030" Y="6609" Z="0"/><Vertex X="27062" Y="6641" Z="0"/><Vertex X="27078" Y="6641" Z="0"/><Vertex X="27110" Y="6689" Z="0"/><Vertex X="27158" Y="6721" Z="0"/><Vertex X="27206" Y="6753" Z="0"/><Vertex X="27222" Y="6753" Z="0"/><Vertex X="27222" Y="6785" Z="0"/><Vertex X="27270" Y="6785" Z="0"/><Vertex X="27270" Y="6817" Z="0"/><Vertex X="27302" Y="6817" Z="0"/><Vertex X="27302" Y="6865" Z="0"/><Vertex X="27318" Y="6865" Z="0"/><Vertex X="27318" Y="6898" Z="0"/><Vertex X="27351" Y="6898" Z="0"/><Vertex X="27351" Y="6930" Z="0"/><Vertex X="27399" Y="6930" Z="0"/><Vertex X="27399" Y="6978" Z="0"/><Vertex X="27431" Y="6978" Z="0"/><Vertex X="27463" Y="7026" Z="0"/><Vertex X="27527" Y="7058" Z="0"/><Vertex X="27575" Y="7106" Z="0"/><Vertex X="27607" Y="7122" Z="0"/><Vertex X="27623" Y="7154" Z="0"/><Vertex X="27655" Y="7154" Z="0"/><Vertex X="27655" Y="7186" Z="0"/><Vertex X="27687" Y="7186" Z="0"/><Vertex X="27719" Y="7186" Z="0"/><Vertex X="27768" Y="7186" Z="0"/><Vertex X="27832" Y="7186" Z="0"/><Vertex X="27864" Y="7170" Z="0"/><Vertex X="27880" Y="7170" Z="0"/><Vertex X="27912" Y="7122" Z="0"/><Vertex X="27944" Y="7090" Z="0"/><Vertex X="27976" Y="7074" Z="0"/><Vertex X="27992" Y="7042" Z="0"/><Vertex X="28024" Y="6994" Z="0"/><Vertex X="28056" Y="6946" Z="0"/><Vertex X="28056" Y="6914" Z="0"/><Vertex X="28104" Y="6865" Z="0"/><Vertex X="28137" Y="6753" Z="0"/><Vertex X="28137" Y="6705" Z="0"/><Vertex X="28169" Y="6673" Z="0"/><Vertex X="28169" Y="6593" Z="0"/><Vertex X="28169" Y="6577" Z="0"/><Vertex X="28201" Y="6545" Z="0"/><Vertex X="28201" Y="6464" Z="0"/><Vertex X="28201" Y="6416" Z="0"/><Vertex X="28201" Y="6368" Z="0"/><Vertex X="28201" Y="6352" Z="0"/><Vertex X="28201" Y="6304" Z="0"/><Vertex X="28217" Y="6256" Z="0"/><Vertex X="28217" Y="6208" Z="0"/><Vertex X="28217" Y="6176" Z="0"/><Vertex X="28249" Y="6128" Z="0"/><Vertex X="28249" Y="6079" Z="0"/><Vertex X="28249" Y="6063" Z="0"/><Vertex X="28249" Y="6031" Z="0"/><Vertex X="28249" Y="6015" Z="0"/><Vertex X="28249" Y="5951" Z="0"/><Vertex X="28249" Y="5919" Z="0"/><Vertex X="28249" Y="5887" Z="0"/><Vertex X="28249" Y="5839" Z="0"/><Vertex X="28217" Y="5775" Z="0"/><Vertex X="28217" Y="5743" Z="0"/><Vertex X="28185" Y="5694" Z="0"/><Vertex X="28185" Y="5646" Z="0"/><Vertex X="28137" Y="5598" Z="0"/><Vertex X="28137" Y="5566" Z="0"/><Vertex X="28088" Y="5518" Z="0"/><Vertex X="28056" Y="5470" Z="0"/><Vertex X="28024" Y="5422" Z="0"/><Vertex X="27960" Y="5325" Z="0"/><Vertex X="27944" Y="5293" Z="0"/><Vertex X="27912" Y="5245" Z="0"/><Vertex X="27848" Y="5149" Z="0"/><Vertex X="27784" Y="5085" Z="0"/><Vertex X="27752" Y="5053" Z="0"/><Vertex X="27719" Y="5021" Z="0"/><Vertex X="27687" Y="4989" Z="0"/><Vertex X="27655" Y="4957" Z="0"/><Vertex X="27623" Y="4941" Z="0"/><Vertex X="27607" Y="4908" Z="0"/><Vertex X="27575" Y="4876" Z="0"/><Vertex X="27543" Y="4876" Z="0"/><Vertex X="27511" Y="4828" Z="0"/><Vertex X="27495" Y="4828" Z="0"/><Vertex X="27463" Y="4796" Z="0"/><Vertex X="27431" Y="4796" Z="0"/><Vertex X="27431" Y="4780" Z="0"/><Vertex X="27399" Y="4780" Z="0"/><Vertex X="27399" Y="4748" Z="0"/><Vertex X="27351" Y="4748" Z="0"/><Vertex X="27318" Y="4732" Z="0"/><Vertex X="27302" Y="4732" Z="0"/><Vertex X="27270" Y="4700" Z="0"/><Vertex X="27238" Y="4700" Z="0"/><Vertex X="27222" Y="4668" Z="0"/><Vertex X="27190" Y="4668" Z="0"/><Vertex X="27158" Y="4668" Z="0"/><Vertex X="27142" Y="4636" Z="0"/><Vertex X="27110" Y="4636" Z="0"/><Vertex X="27078" Y="4636" Z="0"/><Vertex X="27062" Y="4636" Z="0"/><Vertex X="27030" Y="4636" Z="0"/><Vertex X="27014" Y="4636" Z="0"/><Vertex X="26982" Y="4636" Z="0"/><Vertex X="26949" Y="4636" Z="0"/><Vertex X="26933" Y="4636" Z="0"/><Vertex X="26901" Y="4636" Z="0"/><Vertex X="26869" Y="4604" Z="0"/><Vertex X="26853" Y="4604" Z="0"/><Vertex X="26821" Y="4604" Z="0"/><Vertex X="26789" Y="4588" Z="0"/><Vertex X="26773" Y="4588" Z="0"/><Vertex X="26741" Y="4588" Z="0"/><Vertex X="26709" Y="4556" Z="0"/><Vertex X="26693" Y="4556" Z="0"/><Vertex X="26645" Y="4556" Z="0"/><Vertex X="26597" Y="4523" Z="0"/><Vertex X="26581" Y="4523" Z="0"/><Vertex X="26548" Y="4523" Z="0"/><Vertex X="26532" Y="4523" Z="0"/><Vertex X="26500" Y="4523" Z="0"/><Vertex X="26468" Y="4523" Z="0"/><Vertex X="26420" Y="4523" Z="0"/><Vertex X="26372" Y="4588" Z="0"/><Vertex X="26308" Y="4636" Z="0"/><Vertex X="26244" Y="4700" Z="0"/><Vertex X="26228" Y="4716" Z="0"/><Vertex X="26180" Y="4748" Z="0"/><Vertex X="26147" Y="4748" Z="0"/><Vertex X="26147" Y="4780" Z="0"/><Vertex X="26131" Y="4780" Z="0"/><Vertex X="26099" Y="4812" Z="0"/><Vertex X="26067" Y="4828" Z="0"/><Vertex X="26035" Y="4860" Z="0"/><Vertex X="26035" Y="4892" Z="0"/><Vertex X="26019" Y="4892" Z="0"/><Vertex X="26019" Y="4908" Z="0"/><Vertex X="25955" Y="4908" Z="0"/></Vertices></Region></Regions><Plots></Plots></Annotation></Annotations>
